nombre,apellido,ciudad,provincia,longitud,latitud,distancia,tipo_universidad,universidad
Raimundo Llopis,Hierro,Latacunga, Cotopaxi,-78.6145758,-0.9340311,80.19,Pública,Universidad Central del Ecuador (UCE)
Benjamín Zoé,Trejo, Tosagua, Manabí,-80.2577186,-0.7755207,203.66,Pública,Universidad Central del Ecuador (UCE)
Ileana,Antón-Andrés,Sangolquí, Pichincha,-78.4483476,-0.3288822,14.03,Pública,Escuela Politécnica del Ejército (ESPE)
Demetrio,Vazquez, Balzar, Guayas,-79.9367148,-1.3062992,199.16,Pública,Universidad Central del Ecuador (UCE)
Chita del,Giménez,Jaramijó, Manabí,-80.6134583,-0.9743883,248.22,Privada,Universidad Tecnológica Equinoccial (UTE)
Dr(a). Alma Valentina,Gonzalez, Alausí, Chimborazo,-78.703566,-2.3250494,235.02,Privada,Universidad de las Américas (UDLA)
Jacinto,Ledesma,Saquisilí, Cotopaxi,-78.7312624,-0.8359835,72.67,Privada,Universidad Politécnica Salesiana (UPS)
Iván Benjamín,Caballero, Cariamanga, Loja,-79.5559525,-4.326038,471.04,Pública,Escuela Politécnica del Ejército (ESPE)
Benicio Romero,Perez, Durán, Guayas,-79.7895887,-2.2127014,263.15,Pública,Universidad Central del Ecuador (UCE)
Lupe Casanovas,Pinedo, Flavio Alfaro, Manabí,-79.844538,-0.3242859,148.59,Pública,Universidad Central del Ecuador (UCE)
Emilia del,Fernandez,San Lorenzo, Esmeraldas,-78.6869333,0.9850634,135.41,Privada,Universidad de las Américas (UDLA)
Natalio Goñi,Mancebo,Catarama, Los Ríos,-79.4750201,-1.5692196,184.28,Pública,Escuela Politécnica Nacional (EPN)
Toribio de,Pinto,Otavalo, Imbabura,-78.2454274,0.2227636,57.5,Pública,Universidad Central del Ecuador (UCE)
Leonardo Manuel Arias,Rojas, Riobamba, Chimborazo,-78.6482479,-1.6732765,162.28,Privada,Universidad Internacional del Ecuador (UIDE)
Angie Andrea,Padilla, Jujan, Guayas,-79.5495283,-1.9494337,224.21,Privada,Universidad de las Américas (UDLA)
Juan,Jimínez, Buena Fe, Los Ríos,-79.5296983,-0.7488694,127.49,Privada,Universidad de las Américas (UDLA)
Anabel Estela Aparicio,Mata,Atuntaqui, Imbabura,-78.219615,0.3316022,69.45,Pública,Universidad Central del Ecuador (UCE)
Bautista Ian Ezequiel Ortiz,Vera, Pedernales, Manabí,-79.8451737,0.0693259,151.66,Pública,Universidad Central del Ecuador (UCE)
Leonardo,Reynoso, Quevedo, Los Ríos,-79.4776812,-1.0669701,142.78,Pública,Universidad Central del Ecuador (UCE)
Clara Fernando Valentín,Tijerina, Santa Isabel, Azuay,-79.3594118,-3.1839392,342.74,Pública,Escuela Politécnica del Ejército (ESPE)
Efrain Castillo,Torres,Quinsaloma, Los Ríos,-79.3468998,-1.1460552,138.6,Pública,Escuela Politécnica Nacional (EPN)
Lic. Aurora,Arreola, Balsas, El Oro,-79.831096,-3.7742179,421.48,Privada,Pontificia Universidad Católica del Ecuador (PUCE)
Mauricio Cuesta,Roca,Machachi, Pichincha,-78.6516915,-0.4984774,34.61,Pública,Universidad Andina Simón Bolívar (UASB)
Francisca Solé,Ángel, Marcabelí, El Oro,-79.9223384,-3.7733434,425.02,Pública,Escuela Politécnica Nacional (EPN)
Ruth,González, Atacames, Esmeraldas,-79.8790841,0.7971086,189.45,Pública,Escuela Politécnica del Ejército (ESPE)
Luis Óscar,Cárdenas,Saquisilí, Cotopaxi,-78.7312624,-0.8359835,72.67,Pública,Universidad Central del Ecuador (UCE)
Johana López,Pineda, Daule, Guayas,-79.9129307,-1.9200069,244.89,Privada,Pontificia Universidad Católica del Ecuador (PUCE)
José Luis Cynthia,Tirado, Muisne, Esmeraldas,-79.8817211,0.5387247,174.09,Pública,Universidad Central del Ecuador (UCE)
Etelvina Laura Aliaga,Caparrós, La Maná, Cotopaxi,-79.1010573,-0.7841908,90.66,Pública,Escuela Politécnica Nacional (EPN)
David,Moreno, Jipijapa, Manabí,-80.6124982,-1.5158193,274.37,Privada,Universidad de las Américas (UDLA)
Pío Torre,Bayón, Guayaquil, Guayas,-80.0983887,-2.2895167,289.88,Privada,Pontificia Universidad Católica del Ecuador (PUCE)
Victoria Martín,Ulloa, Cañar, Cañar,-79.1800778,-2.4749335,261.48,Privada,Universidad Internacional del Ecuador (UIDE)
Óliver Samuel Piña,Galarza, Lomas de Sargentillo, Guayas,-80.0789495,-1.8348374,250.14,Privada,Universidad Internacional del Ecuador (UIDE)
Leonor Yuridia Niño,Quezada,San Vicente, Manabí,-80.3761409,-0.4373946,208.65,Pública,Escuela Politécnica Nacional (EPN)
Valentina Rodriguez,Gonzalez, Huaca, Carchi,-77.727333,0.7987391,143.02,Pública,Universidad Central del Ecuador (UCE)
Dr. Abraham,Batista, San Miguel de Los Bancos, Pichincha,-78.9214659,-0.0188368,50.7,Pública,Universidad Central del Ecuador (UCE)
Anastasio de,Murillo, San Miguel de Los Bancos, Pichincha,-78.9214659,-0.0188368,50.7,Pública,Escuela Politécnica Nacional (EPN)
Cándida,Lopez,Salitre, Guayas,-79.8187323,-1.8289209,230.42,Privada,Universidad Tecnológica Indoamérica (UTI)
Juan Pablo Lisandro,Cruz,Ibarra, Imbabura,-78.1329448,0.5159369,92.08,Pública,Escuela Politécnica Nacional (EPN)
Martín Micaela,Lopez, Tulcán, Carchi,-77.7172151,0.8115707,144.84,Pública,Escuela Politécnica del Ejército (ESPE)
Felicidad Roda,Reig, Marcabelí, El Oro,-79.9223384,-3.7733434,425.02,Privada,Universidad Politécnica Salesiana (UPS)
Felicitas Velazquez,Gomez, Bahía de Caráquez, Manabí,-80.423572,-0.5999649,216.67,Pública,Escuela Politécnica Nacional (EPN)
Juan Santino Lopez,Rojas, Jujan, Guayas,-79.5495283,-1.9494337,224.21,Privada,Universidad de las Américas (UDLA)
Dulce,Leiva, Píllaro, Tungurahua,-78.5423177,-1.1725302,105.95,Pública,Escuela Politécnica Nacional (EPN)
Francisca Bautista,Cordoba, Cotacachi, Imbabura,-78.4507013,0.3955234,68.8,Pública,Escuela Politécnica Nacional (EPN)
Máximo Alcolea,Bueno, Velasco Ibarra, Guayas,-79.8779821,-2.2843364,275.19,Pública,Escuela Politécnica Nacional (EPN)
Lorenzo Mercedes,Rosales, Muisne, Esmeraldas,-79.8817211,0.5387247,174.09,Pública,Universidad Central del Ecuador (UCE)
Ana María de,Anda,Pasaje, El Oro,-79.7625976,-3.3234936,372.0,Pública,Universidad Central del Ecuador (UCE)
Lucas Ezequiel Perez,Vargas,Atuntaqui, Imbabura,-78.219615,0.3316022,69.45,Pública,Universidad Central del Ecuador (UCE)
Ciro Gino Toledo,Castro, Urcuquí, Imbabura,-78.1941499,0.4172921,79.22,Pública,Universidad Central del Ecuador (UCE)
Santiago Delfina,Rodriguez, Flavio Alfaro, Manabí,-79.844538,-0.3242859,148.59,Pública,Universidad Central del Ecuador (UCE)
Amparo Ayllón,Tapia, Atacames, Esmeraldas,-79.8790841,0.7971086,189.45,Pública,Escuela Politécnica del Ejército (ESPE)
Nancy Blanco,Escamilla, Balao, Guayas,-79.7180498,-2.8852516,325.24,Pública,Universidad Central del Ecuador (UCE)
Anabel Nereida Gutierrez,Quintanilla, Bahía de Caráquez, Manabí,-80.423572,-0.5999649,216.67,Pública,Universidad Central del Ecuador (UCE)
Delia,Ariño-Bilbao,Simón Bolívar, Guayas,-79.4218634,-2.0424101,226.45,Pública,Universidad Central del Ecuador (UCE)
Dr(a). Lucas Benjamin,Diaz, Catamayo, Loja,-79.403789,-3.9912144,430.86,Pública,Escuela Politécnica Nacional (EPN)
Marcela Patricia Jaimes,Cruz, Píllaro, Tungurahua,-78.5423177,-1.1725302,105.95,Privada,Pontificia Universidad Católica del Ecuador (PUCE)
Jenaro Cabo,Beltrán, Guano, Chimborazo,-78.6578385,-1.539923,147.64,Pública,Universidad Central del Ecuador (UCE)
Mtro. César,Montes, Santa Lucía, Guayas,-80.0426304,-1.7145863,237.82,Privada,Universidad Internacional del Ecuador (UIDE)
Gil del,Cruz, Cariamanga, Loja,-79.5559525,-4.326038,471.04,Pública,Universidad Central del Ecuador (UCE)
Dr(a). Tomas,Olivera,Pasaje, El Oro,-79.7625976,-3.3234936,372.0,Pública,Escuela Politécnica del Ejército (ESPE)
Emperatriz de,Cañizares,Guaranda, Bolívar,-79.0576662,-1.4398571,148.56,Pública,Escuela Politécnica del Ejército (ESPE)
Hilda Astrid,Sánchez, Palenque, Los Ríos,-79.7182552,-1.3353343,182.63,Pública,Universidad Central del Ecuador (UCE)
Clara Diana Acevedo,Ortiz,Ventanas, Los Ríos,-79.3351558,-1.3253915,153.21,Pública,Universidad Central del Ecuador (UCE)
Mia Morena Juan Gabriel Gomez,Flores, Narcisa de Jesús, Guayas,-80.2384404,-1.6118103,246.52,Pública,Escuela Politécnica Nacional (EPN)
María,Fuentes, La Maná, Cotopaxi,-79.1010573,-0.7841908,90.66,Pública,Universidad Central del Ecuador (UCE)
Astrid Caicedo,Osorio, El Carmen, Manabí,-79.5741548,-0.4809541,121.58,Privada,Universidad Internacional del Ecuador (UIDE)
Anselmo Company,Araujo,Atuntaqui, Imbabura,-78.219615,0.3316022,69.45,Pública,Universidad Central del Ecuador (UCE)
Fernanda Gómez,Morales, Naranjito, Guayas,-79.3904646,-2.1590388,236.66,Privada,Universidad Tecnológica Equinoccial (UTE)
Clementina Iborra,Calderon, Balzar, Guayas,-79.9367148,-1.3062992,199.16,Pública,Universidad Central del Ecuador (UCE)
Gildardo Zambrano,Velandia, Rocafuerte, Manabí,-80.4012121,-0.9032437,223.34,Pública,Universidad Central del Ecuador (UCE)
Diana Liliana,Alvarado, Huaquillas, El Oro,-80.184453,-3.4756231,406.89,Privada,Universidad San Francisco de Quito (USFQ)
Lilia Yolanda Guzmán,Jaramillo,Caluma, Bolívar,-79.1963263,-1.5976675,171.01,Privada,Universidad Internacional del Ecuador (UIDE)
Juana Arellano,Rodrígez, Paute, Azuay,-78.7362416,-2.7468493,282.05,Pública,Universidad Central del Ecuador (UCE)
María Luisa Jerónimo,Magaña, Mocache, Los Ríos,-79.5512661,-1.1979,158.63,Pública,Universidad Andina Simón Bolívar (UASB)
Alberto Victoria,Espinoza,Ibarra, Imbabura,-78.1329448,0.5159369,92.08,Pública,Universidad Central del Ecuador (UCE)
Victoria Bautista Ramos,Sosa,El Ángel, Carchi,-77.9396301,0.6211998,113.17,Pública,Escuela Politécnica Nacional (EPN)
Dr(a). Luisana,Gomez, La Joya de los Sachas, Orellana,-76.8611463,-0.3161424,183.91,Privada,Universidad de las Américas (UDLA)
Nancy Castrillón,Gómez, Muisne, Esmeraldas,-79.8817211,0.5387247,174.09,Pública,Universidad Central del Ecuador (UCE)
Sebastian Josefina Juarez,Gutierrez,Guaranda, Bolívar,-79.0576662,-1.4398571,148.56,Privada,Pontificia Universidad Católica del Ecuador (PUCE)
Sr(a). Valentina,Vega, Cumandá, Chimborazo,-79.103584,-2.2108666,230.91,Pública,Universidad Central del Ecuador (UCE)
Ángela,Figueras,Saraguro, Loja,-79.3063889,-3.5269465,378.14,Pública,Universidad Central del Ecuador (UCE)
Andrés Vergara,Valencia, Chordeleg, Azuay,-78.7307218,-2.9844675,308.33,Pública,Escuela Politécnica del Ejército (ESPE)
Consuelo Milena,Álvarez, Durán, Guayas,-79.7895887,-2.2127014,263.15,Privada,Universidad de las Américas (UDLA)
Lola Juana Fernandez,Flores, Shushufindi, Sucumbíos,-76.5906945,-0.2885051,213.81,Pública,Universidad Central del Ecuador (UCE)
Mora Julieta,Molina,Ventanas, Los Ríos,-79.3351558,-1.3253915,153.21,Pública,Universidad Central del Ecuador (UCE)
Eric Cruz Ropero,Montserrat, Riobamba, Chimborazo,-78.6482479,-1.6732765,162.28,Pública,Escuela Politécnica del Ejército (ESPE)
Simon,Diaz, Puerto López, Manabí,-80.744524,-1.5440814,288.55,Pública,Universidad Central del Ecuador (UCE)
Milagros Emilia,Dominguez, Guayaquil, Guayas,-80.0983887,-2.2895167,289.88,Privada,Universidad Internacional del Ecuador (UIDE)
Amanda Janeth,Sandoval, Santa Lucía, Guayas,-80.0426304,-1.7145863,237.82,Pública,Universidad Central del Ecuador (UCE)
Concepción Alberto,Arredondo, Alamor, Loja,-80.0197281,-4.0181681,454.31,Privada,Universidad de las Américas (UDLA)
Santiago,Beltrán, Palora, Morona Santiago,-77.9675269,-1.6981449,175.15,Pública,Universidad Central del Ecuador (UCE)
Angelina,Silva, Marcabelí, El Oro,-79.9223384,-3.7733434,425.02,Pública,Escuela Politécnica del Ejército (ESPE)
Camila,Fernandez, Isidro Ayora, Guayas,-80.1463096,-1.8796754,258.94,Pública,Universidad Central del Ecuador (UCE)
Roque Rodríguez,Gilabert, Tulcán, Carchi,-77.7172151,0.8115707,144.84,Pública,Universidad Central del Ecuador (UCE)
Lic. Amador,Valdés,Arenillas, El Oro,-80.0974316,-3.5859238,413.63,Pública,Universidad Central del Ecuador (UCE)
María Eugenia Cepeda,Rivera, Palora, Morona Santiago,-77.9675269,-1.6981449,175.15,Pública,Escuela Politécnica del Ejército (ESPE)
Mario Humberto Mora,Serrano,Otavalo, Imbabura,-78.2454274,0.2227636,57.5,Pública,Universidad Central del Ecuador (UCE)
Maria Emilia Agustin,Perez, Calceta, Manabí,-80.1640382,-0.8480934,196.48,Privada,Pontificia Universidad Católica del Ecuador (PUCE)
Nicolás Mercedes Griego,Laureano,Sucúa, Morona Santiago,-78.1727383,-2.4560109,251.46,Privada,Universidad de las Américas (UDLA)
Luz Milagros Martinez,Romero,Ibarra, Imbabura,-78.1329448,0.5159369,92.08,Privada,Pontificia Universidad Católica del Ecuador (PUCE)
Carlos Guardia,Piñol,Pujilí, Cotopaxi,-78.8559205,-1.0077046,95.54,Pública,Escuela Politécnica Nacional (EPN)
Andrea Linda,Pantoja, Portoviejo, Manabí,-80.4534134,-1.05282,234.85,Pública,Universidad Central del Ecuador (UCE)
Camilo Alberto Guerrero,Espitia, Naranjito, Guayas,-79.3904646,-2.1590388,236.66,Pública,Universidad Central del Ecuador (UCE)
Fortunata,Tapia-Aguado,Catacocha, Loja,-79.6497578,-4.0503147,444.24,Pública,Universidad Central del Ecuador (UCE)
Henry,Márquez, San Miguel, Bolívar,-79.127262,-1.8120574,189.75,Pública,Universidad Central del Ecuador (UCE)
Sr(a). Pilar,Perez, El Tambo, Cañar,-78.9133964,-2.4828078,255.51,Pública,Universidad Central del Ecuador (UCE)
Francesca Carrizo,Figueroa, Archidona, Napo,-77.955042,-0.7160712,82.95,Pública,Universidad Central del Ecuador (UCE)
Carolina,Tejeda,El Triunfo, Guayas,-79.3660575,-2.2907784,249.03,Pública,Escuela Politécnica del Ejército (ESPE)
Martina Amores,Blanes, Chambo, Chimborazo,-78.5425997,-1.74403,169.48,Privada,Universidad Tecnológica Indoamérica (UTI)
Mateo Ezequiel Joaquin,Perez, Tabacundo, Pichincha,-78.2216436,0.048201,43.99,Pública,Universidad Andina Simón Bolívar (UASB)
Lorena Claudia Cuéllar,Castro, Santa Isabel, Azuay,-79.3594118,-3.1839392,342.74,Privada,Universidad Tecnológica Equinoccial (UTE)
Miguel Angel Valentin Cardozo,Rodriguez, Loreto, Orellana,-77.3252738,-0.6471884,140.27,Pública,Escuela Politécnica Nacional (EPN)
Camila Sara Arango,Gallego,Bucay, Guayas,-79.1376329,-2.2004367,230.91,Pública,Escuela Politécnica Nacional (EPN)
Alejandra Silvia,Corral,San Lorenzo, Esmeraldas,-78.6869333,0.9850634,135.41,Pública,Universidad Central del Ecuador (UCE)
Mario Yolanda,Carrero, Pelileo, Tungurahua,-78.537307,-1.3573827,126.48,Pública,Escuela Politécnica Nacional (EPN)
Francisco,Negrete,Arenillas, El Oro,-80.0974316,-3.5859238,413.63,Pública,Universidad Central del Ecuador (UCE)
Ing. Camila,Dávila, Mocache, Los Ríos,-79.5512661,-1.1979,158.63,Pública,Universidad Central del Ecuador (UCE)
Nancy Margoth,Escobar, Montalvo, Los Ríos,-79.348133,-1.8025855,198.99,Pública,Escuela Politécnica del Ejército (ESPE)
Nahiara Jazmin,Diaz,Babahoyo, Los Ríos,-79.5068917,-1.8762599,214.79,Pública,Universidad Central del Ecuador (UCE)
Hermelinda Zapata,Casárez, Camilo Ponce Enríquez, Azuay,-79.5630363,-2.9640696,326.69,Pública,Universidad Central del Ecuador (UCE)
Luisina Romero,Pellicer, Santa Rosa, El Oro,-80.154904,-3.4145538,399.35,Pública,Escuela Politécnica del Ejército (ESPE)
Miriam,Nogueira,Caluma, Bolívar,-79.1963263,-1.5976675,171.01,Pública,Universidad Central del Ecuador (UCE)
Sandra Trillo,Camacho,Ibarra, Imbabura,-78.1329448,0.5159369,92.08,Privada,Universidad Internacional del Ecuador (UIDE)
Juan Manuel Milena Vega,Benitez, Guayaquil, Guayas,-80.0983887,-2.2895167,289.88,Privada,Universidad Tecnológica Equinoccial (UTE)
Miguel Yeison Vega,Ruiz,Tena, Napo,-78.1083981,-0.9438718,92.16,Pública,Escuela Politécnica Nacional (EPN)
Germán Raya,Guerrero, Balsas, El Oro,-79.831096,-3.7742179,421.48,Pública,Universidad Central del Ecuador (UCE)
Dr(a). Alma,Aguirre, Gualaquiza, Morona Santiago,-78.706485,-3.3277138,346.22,Pública,Universidad Central del Ecuador (UCE)
Olga Mosquera,Muñoz, Bahía de Caráquez, Manabí,-80.423572,-0.5999649,216.67,Privada,Pontificia Universidad Católica del Ecuador (PUCE)
Jaime,Delgado, La Libertad, Santa Elena,-80.9077647,-2.2208117,346.98,Pública,Escuela Politécnica del Ejército (ESPE)
Fabiola Palomo,Sáenz, Riobamba, Chimborazo,-78.6482479,-1.6732765,162.28,Pública,Universidad Central del Ecuador (UCE)
Verónica,Salas,Simón Bolívar, Guayas,-79.4218634,-2.0424101,226.45,Pública,Universidad Central del Ecuador (UCE)
Catalina Diaz,Ledesma, Chambo, Chimborazo,-78.5425997,-1.74403,169.48,Privada,Universidad de las Américas (UDLA)
Felipe Sebastián,Salazar, Santo Domingo, Santo Domingo de los Tsáchilas,-79.1686724,-0.2546212,73.08,Pública,Universidad Central del Ecuador (UCE)
Hernando Fernando,Vargas, Rocafuerte, Manabí,-80.4012121,-0.9032437,223.34,Pública,Universidad Andina Simón Bolívar (UASB)
Fausto,Carreras,Simón Bolívar, Guayas,-79.4218634,-2.0424101,226.45,Pública,Universidad Central del Ecuador (UCE)
Esmeralda Maximiliano,Lebrón,Ventanas, Los Ríos,-79.3351558,-1.3253915,153.21,Pública,Escuela Politécnica Nacional (EPN)
Marta Milena,Mosquera, Gualaceo, Azuay,-78.8461586,-2.9180205,302.27,Pública,Universidad Central del Ecuador (UCE)
Sonia,Hernández, Echeandía, Bolívar,-79.2735861,-1.4469547,160.54,Pública,Escuela Politécnica Nacional (EPN)
Leonel Manzano,Cases, Pelileo, Tungurahua,-78.537307,-1.3573827,126.48,Pública,Escuela Politécnica del Ejército (ESPE)
Luna Silva,Herrera,Yaguachi, Guayas,-79.9134536,-2.2015355,269.81,Pública,Escuela Politécnica Nacional (EPN)
Santiago Isabella Acuña,Suarez, Quevedo, Los Ríos,-79.4776812,-1.0669701,142.78,Pública,Universidad Central del Ecuador (UCE)
Leandra Benavent,Baeza, Montalvo, Los Ríos,-79.348133,-1.8025855,198.99,Pública,Escuela Politécnica Nacional (EPN)
Ramón Hernán,Briones, San Miguel de Salcedo, Cotopaxi,-78.5907824,-1.043699,91.99,Pública,Escuela Politécnica del Ejército (ESPE)
Porfirio Peña,Zelaya, Tulcán, Carchi,-77.7172151,0.8115707,144.84,Pública,Universidad Central del Ecuador (UCE)
Lic. María del Carmen,Quintero, Ambato, Tungurahua,-78.6287594,-1.2422413,114.38,Privada,Universidad Tecnológica Equinoccial (UTE)
Jesús Beltrán,León, San Gabriel, Carchi,-77.835319,0.598485,118.12,Pública,Escuela Politécnica Nacional (EPN)
Matías,Galván,Azogues, Cañar,-78.8467191,-2.7380492,282.43,Pública,Escuela Politécnica del Ejército (ESPE)
Ana Andrea,García,El Triunfo, Guayas,-79.3660575,-2.2907784,249.03,Privada,Universidad Internacional del Ecuador (UIDE)
Javiera Soriano,Manuel, Esmeraldas, Esmeraldas,-79.6523847,0.9668153,183.0,Pública,Universidad Central del Ecuador (UCE)
Ernesto del,Santiago, Sucre, Manabí,-80.4199056,-0.7326786,219.63,Pública,Universidad Central del Ecuador (UCE)
Óscar del,Figuerola, Pedro Carbo, Guayas,-80.3009814,-1.8672671,270.34,Pública,Universidad Central del Ecuador (UCE)
Manuel Moreno,Bustos,Baba, Los Ríos,-79.6615818,-1.6727698,205.95,Privada,Universidad Tecnológica Equinoccial (UTE)
Ana María de Jesús,Maldonado, Durán, Guayas,-79.7895887,-2.2127014,263.15,Pública,Escuela Politécnica del Ejército (ESPE)
Luis Santiago Bermúdez,Valderrama, Guayaquil, Guayas,-80.0983887,-2.2895167,289.88,Pública,Escuela Politécnica Nacional (EPN)
Bautista,Gonzalez, El Pangui, Zamora Chinchipe,-78.5473049,-3.6253506,378.66,Pública,Universidad Central del Ecuador (UCE)
Juan Martin Benjamin Martinez,Peralta, Píllaro, Tungurahua,-78.5423177,-1.1725302,105.95,Pública,Universidad Central del Ecuador (UCE)
Luis,Arjona-Díez, Chordeleg, Azuay,-78.7307218,-2.9844675,308.33,Pública,Escuela Politécnica del Ejército (ESPE)
Dr(a). Santino Gabriel,Lopez, Shushufindi, Sucumbíos,-76.5906945,-0.2885051,213.81,Pública,Universidad Central del Ecuador (UCE)
León,Herrera, Chone, Manabí,-80.0721599,-0.3828099,174.38,Pública,Universidad Central del Ecuador (UCE)
Juan Cruz Santino Lopez,Ramirez, Marcabelí, El Oro,-79.9223384,-3.7733434,425.02,Pública,Escuela Politécnica Nacional (EPN)
Antonella Camila Coronel,Gonzalez,Santa Elena, Santa Elena,-80.8576945,-2.2270098,343.18,Pública,Universidad Central del Ecuador (UCE)
Dolores Morales,Carmona, El Guabo, El Oro,-79.7584498,-3.1629001,355.32,Pública,Universidad Central del Ecuador (UCE)
Sr(a). Milagros,Molina, Jama, Manabí,-80.2295834,-0.2149489,190.95,Pública,Universidad Central del Ecuador (UCE)
Santiago Sosa,Navarro, Daule, Guayas,-79.9129307,-1.9200069,244.89,Privada,Universidad de las Américas (UDLA)
Sofia Molina,Blanco,Piñas, El Oro,-79.7832238,-3.7106809,413.02,Pública,Instituto de Altos Estudios Nacionales (IAEN)
Juan Ignacio,Valdez, Palora, Morona Santiago,-77.9675269,-1.6981449,175.15,Pública,Universidad Central del Ecuador (UCE)
Hugo Pedro,Alcaraz, Pedernales, Manabí,-79.8451737,0.0693259,151.66,Privada,Universidad de las Américas (UDLA)
Francisco Mansilla,Gomez,Saraguro, Loja,-79.3063889,-3.5269465,378.14,Privada,Universidad de las Américas (UDLA)
Josep Manzanares,Verdú, Chordeleg, Azuay,-78.7307218,-2.9844675,308.33,Pública,Escuela Politécnica del Ejército (ESPE)
Gerardo Puentes,Vargas, Montalvo, Los Ríos,-79.348133,-1.8025855,198.99,Pública,Universidad Central del Ecuador (UCE)
Elias,Zamudio,Jaramijó, Manabí,-80.6134583,-0.9743883,248.22,Privada,Universidad Internacional del Ecuador (UIDE)
Gerónimo Pedroza,Molina, Balsas, El Oro,-79.831096,-3.7742179,421.48,Pública,Universidad Central del Ecuador (UCE)
Isabel,Jiménez, Chordeleg, Azuay,-78.7307218,-2.9844675,308.33,Pública,Universidad Central del Ecuador (UCE)
Tomàs Pilar,Romero, Atacames, Esmeraldas,-79.8790841,0.7971086,189.45,Pública,Universidad Central del Ecuador (UCE)
Paula,Aguero, Portoviejo, Manabí,-80.4534134,-1.05282,234.85,Privada,Universidad Politécnica Salesiana (UPS)
Lic. Eugenia,Partida, Atacames, Esmeraldas,-79.8790841,0.7971086,189.45,Pública,Escuela Politécnica del Ejército (ESPE)
Petrona Suárez,Piquer, Guano, Chimborazo,-78.6578385,-1.539923,147.64,Pública,Universidad Central del Ecuador (UCE)
Guillermina Martina,Gimenez, Cotacachi, Imbabura,-78.4507013,0.3955234,68.8,Pública,Universidad Central del Ecuador (UCE)
Xiomara Marina,Silva, Píllaro, Tungurahua,-78.5423177,-1.1725302,105.95,Privada,Universidad Tecnológica Equinoccial (UTE)
Joaquín Ramirez,Ferreyra, Balsas, El Oro,-79.831096,-3.7742179,421.48,Pública,Universidad Central del Ecuador (UCE)
Mariano Jaimes,Mireles,Zaruma, El Oro,-79.5131743,-3.5111939,382.47,Privada,Universidad Politécnica Salesiana (UPS)
Mia Jazmin Roldan,Mendez, Milagro, Guayas,-79.5552042,-2.1179635,240.77,Pública,Universidad Central del Ecuador (UCE)
Lucía Angelina Suarez,Rojas, Cumandá, Chimborazo,-79.103584,-2.2108666,230.91,Pública,Escuela Politécnica del Ejército (ESPE)
Maximiano del,Gordillo,El Triunfo, Guayas,-79.3660575,-2.2907784,249.03,Pública,Escuela Politécnica del Ejército (ESPE)
Ariel Cabrera,Salcedo, Palenque, Los Ríos,-79.7182552,-1.3353343,182.63,Pública,Escuela Politécnica del Ejército (ESPE)
Alicia Amalia Meléndez,Badillo, Pedro Carbo, Guayas,-80.3009814,-1.8672671,270.34,Pública,Escuela Politécnica Nacional (EPN)
Eduardo Carlos,Contreras, La Joya de los Sachas, Orellana,-76.8611463,-0.3161424,183.91,Pública,Universidad Central del Ecuador (UCE)
Delia Arcelia,Olivas, Guano, Chimborazo,-78.6578385,-1.539923,147.64,Pública,Escuela Politécnica del Ejército (ESPE)
Rodolfo,Collazo, Nueva Loja, Sucumbíos,-76.8834932,0.0850591,184.27,Pública,Universidad Central del Ecuador (UCE)
Teodoro,Hernández, Pelileo, Tungurahua,-78.537307,-1.3573827,126.48,Privada,Pontificia Universidad Católica del Ecuador (PUCE)
Vicente Tiziano Valentin Medina,Garcia, Chone, Manabí,-80.0721599,-0.3828099,174.38,Pública,Escuela Politécnica Nacional (EPN)
Margarita Montaño,Villagómez,Baba, Los Ríos,-79.6615818,-1.6727698,205.95,Pública,Escuela Politécnica del Ejército (ESPE)
Santiago Cruz,Suárez,Azogues, Cañar,-78.8467191,-2.7380492,282.43,Pública,Escuela Politécnica del Ejército (ESPE)
Santino,Alvarez, Cañar, Cañar,-79.1800778,-2.4749335,261.48,Pública,Universidad Central del Ecuador (UCE)
Darío,Jiménez,Bucay, Guayas,-79.1376329,-2.2004367,230.91,Pública,Escuela Politécnica del Ejército (ESPE)
Benjamin Santino Ezequiel Vargas,Valdez, Balsas, El Oro,-79.831096,-3.7742179,421.48,Pública,Escuela Politécnica Nacional (EPN)
Octavio Francisco Figueroa,Diaz,Jaramijó, Manabí,-80.6134583,-0.9743883,248.22,Pública,Universidad Central del Ecuador (UCE)
Mtro. Victoria,Chapa, Milagro, Guayas,-79.5552042,-2.1179635,240.77,Pública,Universidad Central del Ecuador (UCE)
Fabián Saez,Aragonés,Saraguro, Loja,-79.3063889,-3.5269465,378.14,Pública,Universidad Central del Ecuador (UCE)
María Jiménez,Cano, Urcuquí, Imbabura,-78.1941499,0.4172921,79.22,Pública,Universidad Central del Ecuador (UCE)
César Paola,Navarrete, Loreto, Orellana,-77.3252738,-0.6471884,140.27,Privada,Universidad Tecnológica Indoamérica (UTI)
Carmen Luna,Ramos,Quinsaloma, Los Ríos,-79.3468998,-1.1460552,138.6,Privada,Universidad Internacional del Ecuador (UIDE)
Roberto Felipe,García,Pujilí, Cotopaxi,-78.8559205,-1.0077046,95.54,Pública,Escuela Politécnica Nacional (EPN)
Porfirio,Navarrete, San Miguel de Salcedo, Cotopaxi,-78.5907824,-1.043699,91.99,Pública,Universidad Andina Simón Bolívar (UASB)
Adoración Lamas,Casals, Balao, Guayas,-79.7180498,-2.8852516,325.24,Privada,Pontificia Universidad Católica del Ecuador (PUCE)
Felicitas Felicitas Nuñez,Paz,Ibarra, Imbabura,-78.1329448,0.5159369,92.08,Privada,Universidad Politécnica Salesiana (UPS)
Gladys Leidy,Beltrán, Muisne, Esmeraldas,-79.8817211,0.5387247,174.09,Pública,Universidad Central del Ecuador (UCE)
Paula Yolanda Restrepo,Bermúdez, Santa Lucía, Guayas,-80.0426304,-1.7145863,237.82,Privada,Universidad Tecnológica Equinoccial (UTE)
Valentino Leiva,Sanchez, Urcuquí, Imbabura,-78.1941499,0.4172921,79.22,Privada,Universidad de las Américas (UDLA)
Catalina Paez,Fernandez, Mocache, Los Ríos,-79.5512661,-1.1979,158.63,Pública,Universidad Andina Simón Bolívar (UASB)
Felicitas Maria Emilia Leiva,Flores, Pedro Carbo, Guayas,-80.3009814,-1.8672671,270.34,Pública,Universidad Central del Ecuador (UCE)
Vanesa,Camacho, Nueva Loja, Sucumbíos,-76.8834932,0.0850591,184.27,Pública,Universidad Central del Ecuador (UCE)
Dr(a). Luisana,Garcia, Portoviejo, Manabí,-80.4534134,-1.05282,234.85,Privada,Universidad Politécnica Salesiana (UPS)
Inés Linda Ordóñez,López,Jaramijó, Manabí,-80.6134583,-0.9743883,248.22,Pública,Universidad Central del Ecuador (UCE)
Andrés Fernando,Bolaños,La Concordia, Santo Domingo de los Tsáchilas,-79.462977,-0.0441108,107.5,Pública,Escuela Politécnica Nacional (EPN)
Antonella Moreno,Luna, Shushufindi, Sucumbíos,-76.5906945,-0.2885051,213.81,Pública,Universidad Central del Ecuador (UCE)
Rubén Múgica,Hervia,Zaruma, El Oro,-79.5131743,-3.5111939,382.47,Pública,Escuela Politécnica del Ejército (ESPE)
Dr. Ángela,Urrutia, Milagro, Guayas,-79.5552042,-2.1179635,240.77,Pública,Universidad Central del Ecuador (UCE)
Dr. Eugenia,Méndez, La Maná, Cotopaxi,-79.1010573,-0.7841908,90.66,Pública,Universidad Central del Ecuador (UCE)
Sr(a). Gerónimo,Colunga, Santa Rosa, El Oro,-80.154904,-3.4145538,399.35,Pública,Universidad Central del Ecuador (UCE)
Mtro. Delia,Carmona, Narcisa de Jesús, Guayas,-80.2384404,-1.6118103,246.52,Pública,Universidad Central del Ecuador (UCE)
Adrián Palma,Gárate, Santa Ana, Manabí,-80.2631268,-1.1944701,222.78,Privada,Universidad de las Américas (UDLA)
Andrea,Martínez, Portovelo, El Oro,-79.6172038,-3.7152273,407.56,Pública,Universidad Central del Ecuador (UCE)
Sr(a). Thiago Valentin,Herrera,El Triunfo, Guayas,-79.3660575,-2.2907784,249.03,Pública,Universidad Central del Ecuador (UCE)
Lorena Martha,Garzón, Cuenca, Azuay,-79.0041726,-2.8974072,302.67,Privada,Universidad de las Américas (UDLA)
Armando José Molano,Sanabria,Manta, Manabí,-80.7191006,-0.9485853,258.39,Pública,Escuela Politécnica Nacional (EPN)
Morena Bustos,Rodriguez,Zamora, Zamora Chinchipe,-78.9577754,-4.0042008,423.67,Pública,Escuela Politécnica del Ejército (ESPE)
María Fernanda Colomer,Bastida, Pimampiro, Imbabura,-77.9402742,0.393298,93.27,Pública,Universidad Central del Ecuador (UCE)
Sofía Tania Vigil,Ulibarri, Cariamanga, Loja,-79.5559525,-4.326038,471.04,Pública,Escuela Politécnica Nacional (EPN)
Dany Contreras,Cárdenas,Salitre, Guayas,-79.8187323,-1.8289209,230.42,Pública,Escuela Politécnica Nacional (EPN)
Geronimo Gomez,Ferreyra, Cañar, Cañar,-79.1800778,-2.4749335,261.48,Pública,Universidad Central del Ecuador (UCE)
María Cristina,Gil, Baños de Agua Santa, Tungurahua,-78.4402276,-1.417407,133.37,Pública,Escuela Politécnica Nacional (EPN)
Ezequiel Camila Ojeda,Sanchez, Palora, Morona Santiago,-77.9675269,-1.6981449,175.15,Pública,Universidad Central del Ecuador (UCE)
Eduardo,Sánchez, Bahía de Caráquez, Manabí,-80.423572,-0.5999649,216.67,Pública,Universidad Central del Ecuador (UCE)
Catalina Rodriguez,Benitez, Echeandía, Bolívar,-79.2735861,-1.4469547,160.54,Pública,Universidad Central del Ecuador (UCE)
Yaneth Orozco,Londoño,Bucay, Guayas,-79.1376329,-2.2004367,230.91,Pública,Escuela Politécnica Nacional (EPN)
Adriana Xiomara,Ibarra, Cumandá, Chimborazo,-79.103584,-2.2108666,230.91,Privada,Universidad San Francisco de Quito (USFQ)
León Juarez,Sosa,Guaranda, Bolívar,-79.0576662,-1.4398571,148.56,Pública,Universidad Central del Ecuador (UCE)
Víctor Mauricio,Garrido, Colimes, Guayas,-80.0818751,-1.5161582,226.31,Privada,Pontificia Universidad Católica del Ecuador (PUCE)
Sonia Pedrero,Cardona, Guayaquil, Guayas,-80.0983887,-2.2895167,289.88,Privada,Universidad Tecnológica Indoamérica (UTI)
Lilia Rubiela Bastidas,Figueroa,Loja, Loja,-79.2016661,-3.996845,426.87,Pública,Universidad Central del Ecuador (UCE)
Áurea Máxima Lastra,Andres, Santa Ana, Manabí,-80.2631268,-1.1944701,222.78,Pública,Universidad Central del Ecuador (UCE)
Horacio Ivonne Montoya,Aguayo,Otavalo, Imbabura,-78.2454274,0.2227636,57.5,Pública,Escuela Politécnica del Ejército (ESPE)
Raúl Víctor,Pacheco, Jipijapa, Manabí,-80.6124982,-1.5158193,274.37,Privada,Universidad San Francisco de Quito (USFQ)
Raimundo Anglada,Bravo, Portoviejo, Manabí,-80.4534134,-1.05282,234.85,Pública,Escuela Politécnica Nacional (EPN)
Lourdes,Rendón, Muisne, Esmeraldas,-79.8817211,0.5387247,174.09,Pública,Escuela Politécnica del Ejército (ESPE)
Rosa Camargo,Castaño, Balao, Guayas,-79.7180498,-2.8852516,325.24,Pública,Escuela Politécnica del Ejército (ESPE)
Casemiro Criado,Ayala, Cuenca, Azuay,-79.0041726,-2.8974072,302.67,Pública,Universidad Central del Ecuador (UCE)
Ismael,Rodrigo-Torralba, Macará, Loja,-79.9154486,-4.3490358,484.84,Pública,Universidad Central del Ecuador (UCE)
Victoria,Navarro, Gualaquiza, Morona Santiago,-78.706485,-3.3277138,346.22,Pública,Universidad Central del Ecuador (UCE)
Irene Cantero,Luque, San Miguel, Bolívar,-79.127262,-1.8120574,189.75,Pública,Universidad Andina Simón Bolívar (UASB)
Dr(a). Martina,Ruiz, Atacames, Esmeraldas,-79.8790841,0.7971086,189.45,Pública,Escuela Politécnica Nacional (EPN)
Cristian Mata,Galván, Valencia, Los Ríos,-79.3211355,-0.7696521,108.72,Pública,Universidad Central del Ecuador (UCE)
Gregorio Itzel Casares,Aguilar, Velasco Ibarra, Guayas,-79.8779821,-2.2843364,275.19,Privada,Universidad Tecnológica Equinoccial (UTE)
Joaquin,Alvarez,El Ángel, Carchi,-77.9396301,0.6211998,113.17,Pública,Universidad Central del Ecuador (UCE)
Ing. Yolanda,Moreno, Junín, Manabí,-80.2054147,-0.9394745,204.54,Pública,Universidad Central del Ecuador (UCE)
Tere Arnal,Rubio, Urcuquí, Imbabura,-78.1941499,0.4172921,79.22,Pública,Universidad Central del Ecuador (UCE)
Águeda Bermejo,Millán, Chambo, Chimborazo,-78.5425997,-1.74403,169.48,Pública,Universidad Central del Ecuador (UCE)
Dr(a). Paloma,Ramirez,Atuntaqui, Imbabura,-78.219615,0.3316022,69.45,Privada,Universidad Tecnológica Equinoccial (UTE)
Ainara Morcillo,Duarte, Calceta, Manabí,-80.1640382,-0.8480934,196.48,Pública,Universidad Central del Ecuador (UCE)
Catalina Juan Gabriel Martinez,Nuñez, Cotacachi, Imbabura,-78.4507013,0.3955234,68.8,Pública,Escuela Politécnica del Ejército (ESPE)
Tomasa Menéndez,Nicolás,Jaramijó, Manabí,-80.6134583,-0.9743883,248.22,Privada,Universidad Internacional del Ecuador (UIDE)
Darío Araceli Segovia,Carrera, Machala, El Oro,-79.9512804,-3.3148937,379.46,Pública,Universidad Central del Ecuador (UCE)
Jerónimo Verónica Cordero,Gracia, Chone, Manabí,-80.0721599,-0.3828099,174.38,Pública,Universidad Andina Simón Bolívar (UASB)
Eduardo Figueroa,Durán, Tabacundo, Pichincha,-78.2216436,0.048201,43.99,Pública,Universidad Central del Ecuador (UCE)
Diana Salcido,Rivera,Yantzaza, Zamora Chinchipe,-78.7376344,-3.7146811,389.38,Pública,Universidad Central del Ecuador (UCE)
Dr(a). Santino Ezequiel,Morales, Balsas, El Oro,-79.831096,-3.7742179,421.48,Pública,Universidad Central del Ecuador (UCE)
Ángel,Rodarte,Salitre, Guayas,-79.8187323,-1.8289209,230.42,Pública,Escuela Politécnica del Ejército (ESPE)
Violeta Salvador Sosa,Rodriguez,Saquisilí, Cotopaxi,-78.7312624,-0.8359835,72.67,Pública,Universidad Central del Ecuador (UCE)
Martina,Torres,Naranjal, Guayas,-79.5325634,-2.5731305,285.16,Pública,Universidad Central del Ecuador (UCE)
Paula Francia,López,San Lorenzo, Esmeraldas,-78.6869333,0.9850634,135.41,Pública,Universidad Central del Ecuador (UCE)
Clara,Moyano, Ambato, Tungurahua,-78.6287594,-1.2422413,114.38,Pública,Universidad Central del Ecuador (UCE)
Yéssica Fabra,Montoya, Atacames, Esmeraldas,-79.8790841,0.7971086,189.45,Pública,Escuela Politécnica del Ejército (ESPE)
Sr(a). Gino,Acosta,Guaranda, Bolívar,-79.0576662,-1.4398571,148.56,Pública,Universidad Central del Ecuador (UCE)
Johana Andrea,Vargas, Riobamba, Chimborazo,-78.6482479,-1.6732765,162.28,Pública,Universidad Central del Ecuador (UCE)
Bruno,Cabrera, Palenque, Los Ríos,-79.7182552,-1.3353343,182.63,Pública,Universidad Central del Ecuador (UCE)
Andrey Jhon,Guevara,Montecristi, Manabí,-80.6606834,-1.0504072,256.09,Pública,Universidad Central del Ecuador (UCE)
Ana Sofía Murcia,Busquets, Biblián, Cañar,-78.9802821,-2.6748261,277.86,Pública,Escuela Politécnica del Ejército (ESPE)
Valentina Mia Jazmin Soto,Juarez, Tulcán, Carchi,-77.7172151,0.8115707,144.84,Pública,Universidad Central del Ecuador (UCE)
Ariadna Rodolfo Cisneros,Montez, Pedro Vicente Maldonado, Pichincha,-79.0400619,0.1612052,72.4,Pública,Instituto de Altos Estudios Nacionales (IAEN)
Carlos Blanco,García, Pimampiro, Imbabura,-77.9402742,0.393298,93.27,Pública,Universidad Central del Ecuador (UCE)
Zoe Valentina Valentina Rivero,Ponce, Guayaquil, Guayas,-80.0983887,-2.2895167,289.88,Privada,Universidad de las Américas (UDLA)
Liliana Paredes,Alfaro,Sucúa, Morona Santiago,-78.1727383,-2.4560109,251.46,Privada,Universidad Tecnológica Equinoccial (UTE)
Juan,Rojas, Pedro Vicente Maldonado, Pichincha,-79.0400619,0.1612052,72.4,Pública,Universidad Central del Ecuador (UCE)
Francisco Valentino,Rodriguez, El Pangui, Zamora Chinchipe,-78.5473049,-3.6253506,378.66,Privada,Universidad San Francisco de Quito (USFQ)
Regina,Zurita, Rocafuerte, Manabí,-80.4012121,-0.9032437,223.34,Pública,Instituto de Altos Estudios Nacionales (IAEN)
Valentina Castro,Peñas, Archidona, Napo,-77.955042,-0.7160712,82.95,Pública,Universidad Central del Ecuador (UCE)
Dolores Sofía de,Jesús, San Gabriel, Carchi,-77.835319,0.598485,118.12,Pública,Universidad Central del Ecuador (UCE)
Renata Peralta,Martinez, Santa Ana, Manabí,-80.2631268,-1.1944701,222.78,Pública,Escuela Politécnica Nacional (EPN)
Dr(a). Gonzalo,Vargas, General Villamil, Guayas,-80.4261454,-2.5937913,338.99,Privada,Pontificia Universidad Católica del Ecuador (PUCE)
Dr. Horacio,Rodarte, Valencia, Los Ríos,-79.3211355,-0.7696521,108.72,Privada,Universidad de las Américas (UDLA)
Reina Marcos Riojas,Lerma, Narcisa de Jesús, Guayas,-80.2384404,-1.6118103,246.52,Pública,Universidad Central del Ecuador (UCE)
Dr(a). Nahiara,Maldonado,Cayambe, Pichincha,-77.9889555,0.0251586,64.27,Pública,Universidad Central del Ecuador (UCE)
Amelia Tomás Rosales,Nieto, Calceta, Manabí,-80.1640382,-0.8480934,196.48,Privada,Universidad Politécnica Salesiana (UPS)
Susanita,Casanovas,El Ángel, Carchi,-77.9396301,0.6211998,113.17,Pública,Universidad Central del Ecuador (UCE)
Nidia Marcela,Espitia,Ibarra, Imbabura,-78.1329448,0.5159369,92.08,Pública,Universidad Central del Ecuador (UCE)
Aurora,Garibay, Catamayo, Loja,-79.403789,-3.9912144,430.86,Pública,Escuela Politécnica Nacional (EPN)
Isabel Renata Ruiz,Torres, Palenque, Los Ríos,-79.7182552,-1.3353343,182.63,Pública,Universidad Central del Ecuador (UCE)
Thiago Gonzalez,Soria,Ibarra, Imbabura,-78.1329448,0.5159369,92.08,Privada,Universidad de las Américas (UDLA)
Patricia Gutiérrez,Salcedo, Tabacundo, Pichincha,-78.2216436,0.048201,43.99,Privada,Universidad Politécnica Salesiana (UPS)
Marisol,Adame, Pedro Carbo, Guayas,-80.3009814,-1.8672671,270.34,Pública,Universidad Central del Ecuador (UCE)
Eduardo Garriga,Conde,Salitre, Guayas,-79.8187323,-1.8289209,230.42,Pública,Escuela Politécnica del Ejército (ESPE)
Octavio Martinez,Gomez,Azogues, Cañar,-78.8467191,-2.7380492,282.43,Pública,Escuela Politécnica del Ejército (ESPE)
Timoteo,Reyna, Quevedo, Los Ríos,-79.4776812,-1.0669701,142.78,Pública,Universidad Central del Ecuador (UCE)
Silvio Valero,Alegre, Muisne, Esmeraldas,-79.8817211,0.5387247,174.09,Pública,Universidad Central del Ecuador (UCE)
Guillermo Luis Miguel,Abreu, Celica, Loja,-79.9851762,-4.1648137,468.15,Pública,Universidad Central del Ecuador (UCE)
Alexandra Andrea Camacho,Guzmán, Valencia, Los Ríos,-79.3211355,-0.7696521,108.72,Pública,Universidad Central del Ecuador (UCE)
Virginia Luisa,Serna, Guano, Chimborazo,-78.6578385,-1.539923,147.64,Pública,Escuela Politécnica del Ejército (ESPE)
Trinidad Soriano,Arranz,Macas, Morona Santiago,-78.1175466,-2.3046252,235.9,Pública,Escuela Politécnica del Ejército (ESPE)
Valentina Benjamin Caceres,Romero, Coronel Marcelino Maridueña, Guayas,-79.3861649,-2.2333628,244.02,Pública,Universidad Central del Ecuador (UCE)
Paulina,Márquez-Cañellas, Palenque, Los Ríos,-79.7182552,-1.3353343,182.63,Privada,Universidad Internacional del Ecuador (UIDE)
Magdalena Nevado,Díez, Naranjito, Guayas,-79.3904646,-2.1590388,236.66,Privada,Universidad Tecnológica Equinoccial (UTE)
Agustín,Correa,Manta, Manabí,-80.7191006,-0.9485853,258.39,Pública,Universidad Andina Simón Bolívar (UASB)
Alicia Marcos,Fortuny, Chordeleg, Azuay,-78.7307218,-2.9844675,308.33,Pública,Universidad Central del Ecuador (UCE)
Venceslás,Arnaiz, Guano, Chimborazo,-78.6578385,-1.539923,147.64,Pública,Universidad Central del Ecuador (UCE)
Rafael,Villamil, Paute, Azuay,-78.7362416,-2.7468493,282.05,Pública,Universidad Central del Ecuador (UCE)
Martina Lara Garcia,Guzman, Narcisa de Jesús, Guayas,-80.2384404,-1.6118103,246.52,Privada,Universidad Tecnológica Indoamérica (UTI)
Elena Casanova,Pedro, Ambato, Tungurahua,-78.6287594,-1.2422413,114.38,Privada,Universidad de las Américas (UDLA)
Maria Emilia,Escobar,Loja, Loja,-79.2016661,-3.996845,426.87,Privada,Universidad Internacional del Ecuador (UIDE)
Martin Guillermina Aguirre,Blanco,Pujilí, Cotopaxi,-78.8559205,-1.0077046,95.54,Pública,Universidad Central del Ecuador (UCE)
Juliana María,Agudelo, Pedro Vicente Maldonado, Pichincha,-79.0400619,0.1612052,72.4,Pública,Universidad Central del Ecuador (UCE)
Mtro. Inés,Candelaria, Huaca, Carchi,-77.727333,0.7987391,143.02,Pública,Universidad Central del Ecuador (UCE)
Nadia Marqués,Medina, Rocafuerte, Manabí,-80.4012121,-0.9032437,223.34,Pública,Instituto de Altos Estudios Nacionales (IAEN)
Dr(a). Mateo,Acosta, Esmeraldas, Esmeraldas,-79.6523847,0.9668153,183.0,Pública,Universidad Central del Ecuador (UCE)
Ian Benjamin Bustos,Cabrera, Pedro Carbo, Guayas,-80.3009814,-1.8672671,270.34,Pública,Escuela Politécnica Nacional (EPN)
Luca Sol Rodriguez,Carrizo,El Ángel, Carchi,-77.9396301,0.6211998,113.17,Pública,Universidad Central del Ecuador (UCE)
Agustina Lautaro Ezequiel Fernandez,Gonzalez, Narcisa de Jesús, Guayas,-80.2384404,-1.6118103,246.52,Pública,Universidad Central del Ecuador (UCE)
Juan Ignacio Martinez,Moreno,Arenillas, El Oro,-80.0974316,-3.5859238,413.63,Pública,Universidad Central del Ecuador (UCE)
Rolando Gómez,Sánchez, Valdez, Esmeraldas,-78.9826345,1.2489838,171.53,Pública,Universidad Central del Ecuador (UCE)
Thiago Paulina Silva,Pereyra,Catacocha, Loja,-79.6497578,-4.0503147,444.24,Pública,Universidad Central del Ecuador (UCE)
Lara Valentina Gomez,Ponce, Chone, Manabí,-80.0721599,-0.3828099,174.38,Pública,Universidad Central del Ecuador (UCE)
Dr(a). Ian Ezequiel,Gomez, El Carmen, Manabí,-79.5741548,-0.4809541,121.58,Privada,Universidad de las Américas (UDLA)
Alberto Mario Vélez,Molano, Narcisa de Jesús, Guayas,-80.2384404,-1.6118103,246.52,Privada,Pontificia Universidad Católica del Ecuador (PUCE)
Celia Benavides,Razo, Huaca, Carchi,-77.727333,0.7987391,143.02,Privada,Universidad Tecnológica Indoamérica (UTI)
Asunción,Maya, Pedro Vicente Maldonado, Pichincha,-79.0400619,0.1612052,72.4,Privada,Universidad Tecnológica Indoamérica (UTI)
Esperanza Milena,Suárez, San Miguel, Bolívar,-79.127262,-1.8120574,189.75,Pública,Universidad Central del Ecuador (UCE)
Jos Nancy,Garrido, Paján, Manabí,-80.4212975,-1.7040791,268.83,Pública,Universidad Central del Ecuador (UCE)
Ruy,Chamorro, Chone, Manabí,-80.0721599,-0.3828099,174.38,Pública,Escuela Politécnica del Ejército (ESPE)
Aldonza,Muro, Montalvo, Los Ríos,-79.348133,-1.8025855,198.99,Privada,Universidad de las Américas (UDLA)
Rodrigo Jaime Ávila,García, Santa Lucía, Guayas,-80.0426304,-1.7145863,237.82,Pública,Escuela Politécnica del Ejército (ESPE)
Isaías Pinzón,Silva, Vinces, Los Ríos,-79.766045,-1.5235263,201.08,Pública,Universidad Andina Simón Bolívar (UASB)
Sr(a). Juan Ignacio,Sanchez,Loja, Loja,-79.2016661,-3.996845,426.87,Privada,Universidad de las Américas (UDLA)
Josefa Villar,Ocaña, Jipijapa, Manabí,-80.6124982,-1.5158193,274.37,Pública,Universidad Central del Ecuador (UCE)
Ing. Dulce,Ceballos, Biblián, Cañar,-78.9802821,-2.6748261,277.86,Pública,Universidad Andina Simón Bolívar (UASB)
Sr(a). Ludmila,Gutierrez,Manta, Manabí,-80.7191006,-0.9485853,258.39,Pública,Universidad Central del Ecuador (UCE)
Ana Betancur,Torres,Ventanas, Los Ríos,-79.3351558,-1.3253915,153.21,Pública,Universidad Central del Ecuador (UCE)
Carmen Yolanda,Caicedo, Esmeraldas, Esmeraldas,-79.6523847,0.9668153,183.0,Privada,Pontificia Universidad Católica del Ecuador (PUCE)
Sessa Oswaldo Cabán,Sandoval, Portovelo, El Oro,-79.6172038,-3.7152273,407.56,Pública,Universidad Central del Ecuador (UCE)
Ing. Cristian de la,Torre,Otavalo, Imbabura,-78.2454274,0.2227636,57.5,Pública,Escuela Politécnica Nacional (EPN)
Jessica,Gómez,Pujilí, Cotopaxi,-78.8559205,-1.0077046,95.54,Pública,Escuela Politécnica Nacional (EPN)
Dulce,Galvez-Riera, La Maná, Cotopaxi,-79.1010573,-0.7841908,90.66,Pública,Instituto de Altos Estudios Nacionales (IAEN)
Vilma Manjón,Matas, Palora, Morona Santiago,-77.9675269,-1.6981449,175.15,Pública,Universidad Central del Ecuador (UCE)
Luciana Ramiro,Garcia, Paute, Azuay,-78.7362416,-2.7468493,282.05,Privada,Universidad Internacional del Ecuador (UIDE)
Cayetano Sabater,Ricart,Guaranda, Bolívar,-79.0576662,-1.4398571,148.56,Privada,Universidad Internacional del Ecuador (UIDE)
Sofia,Juarez,Sucúa, Morona Santiago,-78.1727383,-2.4560109,251.46,Pública,Universidad Central del Ecuador (UCE)
Arturo Ramiro,Bastidas,Sangolquí, Pichincha,-78.4483476,-0.3288822,14.03,Privada,Universidad de las Américas (UDLA)
Noelia Ramiro Caraballo,Matos, La Maná, Cotopaxi,-79.1010573,-0.7841908,90.66,Pública,Universidad Andina Simón Bolívar (UASB)
Carlos,Jaramillo,Salinas, Santa Elena,-80.9237973,-2.2612497,351.24,Pública,Escuela Politécnica del Ejército (ESPE)
Valentino Isabella,Leiva,Atuntaqui, Imbabura,-78.219615,0.3316022,69.45,Pública,Universidad Central del Ecuador (UCE)
Luisina Alvaro,Correa, Jama, Manabí,-80.2295834,-0.2149489,190.95,Pública,Escuela Politécnica Nacional (EPN)
Nidia Tatiana Molina,Sierra, Portoviejo, Manabí,-80.4534134,-1.05282,234.85,Pública,Universidad Central del Ecuador (UCE)
José Esneider Mora,Parada, Pedro Vicente Maldonado, Pichincha,-79.0400619,0.1612052,72.4,Pública,Universidad Central del Ecuador (UCE)
Mtro. Amanda,Arteaga, Cotacachi, Imbabura,-78.4507013,0.3955234,68.8,Pública,Escuela Politécnica Nacional (EPN)
Orlando Elkin Sandoval,Gutiérrez, Echeandía, Bolívar,-79.2735861,-1.4469547,160.54,Pública,Universidad Central del Ecuador (UCE)
Ildefonso Cañete,Lamas, Jipijapa, Manabí,-80.6124982,-1.5158193,274.37,Pública,Instituto de Altos Estudios Nacionales (IAEN)
Manuel Castillo,Jaramillo, Cuenca, Azuay,-79.0041726,-2.8974072,302.67,Pública,Escuela Politécnica Nacional (EPN)
Perla Graciela Benavides,Olvera, Daule, Guayas,-79.9129307,-1.9200069,244.89,Pública,Universidad Central del Ecuador (UCE)
Dr(a). Antonia,Rios, Daule, Guayas,-79.9129307,-1.9200069,244.89,Privada,Universidad Politécnica Salesiana (UPS)
Atilio Prada,Perea,Santa Elena, Santa Elena,-80.8576945,-2.2270098,343.18,Privada,Universidad de las Américas (UDLA)
Henry Alberto,Palacios, Nueva Loja, Sucumbíos,-76.8834932,0.0850591,184.27,Privada,Pontificia Universidad Católica del Ecuador (PUCE)
Alejo Cerro,Mínguez, Mocache, Los Ríos,-79.5512661,-1.1979,158.63,Privada,Pontificia Universidad Católica del Ecuador (PUCE)
Dr(a). Felipe,Escobar,Saquisilí, Cotopaxi,-78.7312624,-0.8359835,72.67,Privada,Pontificia Universidad Católica del Ecuador (PUCE)
Sara Indira Curiel,Orozco, Machala, El Oro,-79.9512804,-3.3148937,379.46,Pública,Escuela Politécnica del Ejército (ESPE)
Alfonso Alfonso,Rincón, Puerto López, Manabí,-80.744524,-1.5440814,288.55,Privada,Universidad Internacional del Ecuador (UIDE)
Nicolás Manuel Gil,Puentes, Jama, Manabí,-80.2295834,-0.2149489,190.95,Pública,Escuela Politécnica del Ejército (ESPE)
Stella,Ortiz, Macará, Loja,-79.9154486,-4.3490358,484.84,Pública,Escuela Politécnica Nacional (EPN)
Rodolfo Rosado de la,Rosa, Valencia, Los Ríos,-79.3211355,-0.7696521,108.72,Privada,Pontificia Universidad Católica del Ecuador (PUCE)
Gael Emma,Silva, El Carmen, Manabí,-79.5741548,-0.4809541,121.58,Pública,Escuela Politécnica del Ejército (ESPE)
Agapito,Sainz,San Vicente, Manabí,-80.3761409,-0.4373946,208.65,Pública,Universidad Central del Ecuador (UCE)
Carlos Barrios,Peña,Machachi, Pichincha,-78.6516915,-0.4984774,34.61,Privada,Universidad de las Américas (UDLA)
Lucia Gutierrez,Castro, La Troncal, Cañar,-79.3751632,-2.433689,264.16,Pública,Universidad Central del Ecuador (UCE)
Dr(a). Josefina,Lopez, La Libertad, Santa Elena,-80.9077647,-2.2208117,346.98,Pública,Universidad Central del Ecuador (UCE)
Pedro Oswaldo,Duarte, La Troncal, Cañar,-79.3751632,-2.433689,264.16,Pública,Universidad Central del Ecuador (UCE)
Juan Antonio Velásquez,Torres,Santa Elena, Santa Elena,-80.8576945,-2.2270098,343.18,Pública,Escuela Politécnica Nacional (EPN)
Hernando,Barrios,Puyo, Pastaza,-77.9969666,-1.4854777,151.92,Pública,Universidad Central del Ecuador (UCE)
Jazmin Lucas Maidana,Muñoz, Vinces, Los Ríos,-79.766045,-1.5235263,201.08,Pública,Universidad Central del Ecuador (UCE)
Alexandra Luisa,Triana,Saquisilí, Cotopaxi,-78.7312624,-0.8359835,72.67,Privada,Universidad Tecnológica Indoamérica (UTI)
Ivan Luciana Garcia,Garcia,Baba, Los Ríos,-79.6615818,-1.6727698,205.95,Pública,Universidad Central del Ecuador (UCE)
Ángela Salamanca,Jerez, Coronel Marcelino Maridueña, Guayas,-79.3861649,-2.2333628,244.02,Pública,Escuela Politécnica del Ejército (ESPE)
Sofia Mateo Benjamin,Maidana,Macas, Morona Santiago,-78.1175466,-2.3046252,235.9,Pública,Universidad Central del Ecuador (UCE)
Luz Mena,Moreno, Balzar, Guayas,-79.9367148,-1.3062992,199.16,Pública,Universidad Central del Ecuador (UCE)
Coral,Guerrero, Puerto López, Manabí,-80.744524,-1.5440814,288.55,Pública,Escuela Politécnica del Ejército (ESPE)
Hilario Murillo,Sureda, Muisne, Esmeraldas,-79.8817211,0.5387247,174.09,Pública,Escuela Politécnica Nacional (EPN)
Abilio Cruz,Ramírez, Isidro Ayora, Guayas,-80.1463096,-1.8796754,258.94,Pública,Escuela Politécnica Nacional (EPN)
Jeremias,Navarro, Mocache, Los Ríos,-79.5512661,-1.1979,158.63,Pública,Universidad Central del Ecuador (UCE)
Jorge Andrés,Solano, El Guabo, El Oro,-79.7584498,-3.1629001,355.32,Pública,Universidad Central del Ecuador (UCE)
Sr(a). Delia,Perales, Nueva Loja, Sucumbíos,-76.8834932,0.0850591,184.27,Pública,Universidad Central del Ecuador (UCE)
Leonel Saldivar,Escamilla, Nueva Loja, Sucumbíos,-76.8834932,0.0850591,184.27,Pública,Universidad Central del Ecuador (UCE)
María,Jaramillo, Urcuquí, Imbabura,-78.1941499,0.4172921,79.22,Pública,Escuela Politécnica del Ejército (ESPE)
Elodia Santos,Zamora, Chone, Manabí,-80.0721599,-0.3828099,174.38,Privada,Universidad de las Américas (UDLA)
Mia Jazmin Valentin,Lopez, Santa Isabel, Azuay,-79.3594118,-3.1839392,342.74,Pública,Universidad Andina Simón Bolívar (UASB)
Candelas Segarra,Jimenez, Archidona, Napo,-77.955042,-0.7160712,82.95,Pública,Universidad Andina Simón Bolívar (UASB)
Iván Lucero,Vanegas, Balao, Guayas,-79.7180498,-2.8852516,325.24,Pública,Universidad Central del Ecuador (UCE)
Santiago Timoteo,Palomino, San Miguel de Los Bancos, Pichincha,-78.9214659,-0.0188368,50.7,Pública,Universidad Central del Ecuador (UCE)
Dr(a). Catalina,Carrizo, San Miguel de Los Bancos, Pichincha,-78.9214659,-0.0188368,50.7,Pública,Escuela Politécnica del Ejército (ESPE)
Mateo Irene,Guzmán,Quinsaloma, Los Ríos,-79.3468998,-1.1460552,138.6,Pública,Universidad Andina Simón Bolívar (UASB)
Gregorio,Gutiérrez-Salom, Chone, Manabí,-80.0721599,-0.3828099,174.38,Privada,Pontificia Universidad Católica del Ecuador (PUCE)
Jesús Nelson,Rodríguez,Azogues, Cañar,-78.8467191,-2.7380492,282.43,Pública,Universidad Central del Ecuador (UCE)
María Luz Suárez,Parra, Montalvo, Los Ríos,-79.348133,-1.8025855,198.99,Privada,Universidad Internacional del Ecuador (UIDE)
Yolanda Nelcy,Morales,San Lorenzo, Esmeraldas,-78.6869333,0.9850634,135.41,Pública,Escuela Politécnica Nacional (EPN)
Cecilia Mateo,Corral,Ibarra, Imbabura,-78.1329448,0.5159369,92.08,Pública,Universidad Central del Ecuador (UCE)
Dr(a). Ciro,Molina,Quinsaloma, Los Ríos,-79.3468998,-1.1460552,138.6,Pública,Escuela Politécnica Nacional (EPN)
Sr(a). Paulina,Peralta,Ventanas, Los Ríos,-79.3351558,-1.3253915,153.21,Pública,Universidad Central del Ecuador (UCE)
Itziar,Álvarez, Pedernales, Manabí,-79.8451737,0.0693259,151.66,Pública,Universidad Central del Ecuador (UCE)
Dolores Luz,Salcedo, Archidona, Napo,-77.955042,-0.7160712,82.95,Pública,Universidad Central del Ecuador (UCE)
Ing. Conchita de,Anda,Tena, Napo,-78.1083981,-0.9438718,92.16,Pública,Universidad Central del Ecuador (UCE)
Luis Alberto Orozco,López, Echeandía, Bolívar,-79.2735861,-1.4469547,160.54,Pública,Universidad Central del Ecuador (UCE)
Facundo Gutierrez,Medina, La Libertad, Santa Elena,-80.9077647,-2.2208117,346.98,Pública,Universidad Central del Ecuador (UCE)
Joaquina del,Almeida, Colimes, Guayas,-80.0818751,-1.5161582,226.31,Pública,Universidad Central del Ecuador (UCE)
Augusto Thiago Valentin Silva,Gonzalez,Salinas, Santa Elena,-80.9237973,-2.2612497,351.24,Pública,Universidad Central del Ecuador (UCE)
Luisa María,Lara,Naranjal, Guayas,-79.5325634,-2.5731305,285.16,Pública,Universidad Central del Ecuador (UCE)
Emilia Lopez,Fernandez, Cumandá, Chimborazo,-79.103584,-2.2108666,230.91,Privada,Universidad Tecnológica Indoamérica (UTI)
Samuel Olivia Aguero,Barrios, Naranjito, Guayas,-79.3904646,-2.1590388,236.66,Pública,Universidad Central del Ecuador (UCE)
Thiago Ezequiel Dominguez,Rojas, Camilo Ponce Enríquez, Azuay,-79.5630363,-2.9640696,326.69,Privada,Pontificia Universidad Católica del Ecuador (PUCE)
Andrea Alba,Contreras, San Miguel, Bolívar,-79.127262,-1.8120574,189.75,Pública,Escuela Politécnica Nacional (EPN)
Agustín Lugo,Rivas, Biblián, Cañar,-78.9802821,-2.6748261,277.86,Pública,Instituto de Altos Estudios Nacionales (IAEN)
Dr(a). Gael,Martinez, Pedernales, Manabí,-79.8451737,0.0693259,151.66,Pública,Universidad Central del Ecuador (UCE)
Marcela Cuesta,Vanegas, Jama, Manabí,-80.2295834,-0.2149489,190.95,Pública,Escuela Politécnica Nacional (EPN)
Sandalio Rius,Alcázar, Celica, Loja,-79.9851762,-4.1648137,468.15,Privada,Universidad San Francisco de Quito (USFQ)
Ángel Benito,Villegas, Puerto López, Manabí,-80.744524,-1.5440814,288.55,Privada,Universidad Internacional del Ecuador (UIDE)
María Belén Atienza,Hierro, El Guabo, El Oro,-79.7584498,-3.1629001,355.32,Pública,Universidad Central del Ecuador (UCE)
Isabel Guillén,Gaya, Valdez, Esmeraldas,-78.9826345,1.2489838,171.53,Pública,Escuela Politécnica Nacional (EPN)
José Mancebo,Guillén, Pedro Vicente Maldonado, Pichincha,-79.0400619,0.1612052,72.4,Privada,Universidad de las Américas (UDLA)
David Duván,Rengifo, Puerto López, Manabí,-80.744524,-1.5440814,288.55,Privada,Universidad Internacional del Ecuador (UIDE)
Helena,Laureano, Portovelo, El Oro,-79.6172038,-3.7152273,407.56,Pública,Escuela Politécnica Nacional (EPN)
Marta de,Roldán, Sucre, Manabí,-80.4199056,-0.7326786,219.63,Privada,Universidad de las Américas (UDLA)
Renzo Acuña,Carrizo, La Maná, Cotopaxi,-79.1010573,-0.7841908,90.66,Pública,Escuela Politécnica del Ejército (ESPE)
Diego Suárez,Díaz, La Libertad, Santa Elena,-80.9077647,-2.2208117,346.98,Pública,Universidad Central del Ecuador (UCE)
Juan Francisco Julieta,Vega, Gualaceo, Azuay,-78.8461586,-2.9180205,302.27,Privada,Universidad Politécnica Salesiana (UPS)
Lucas Martin,Castro, Atacames, Esmeraldas,-79.8790841,0.7971086,189.45,Privada,Pontificia Universidad Católica del Ecuador (PUCE)
Federico,Herrera,Guaranda, Bolívar,-79.0576662,-1.4398571,148.56,Pública,Universidad Central del Ecuador (UCE)
Vicente Arcelia Rascón,Nevárez,Atuntaqui, Imbabura,-78.219615,0.3316022,69.45,Pública,Universidad Central del Ecuador (UCE)
Paloma de,Aznar, La Joya de los Sachas, Orellana,-76.8611463,-0.3161424,183.91,Pública,Universidad Andina Simón Bolívar (UASB)
Fredy Agudelo,Arboleda,Pujilí, Cotopaxi,-78.8559205,-1.0077046,95.54,Pública,Universidad Central del Ecuador (UCE)
Ing. Esteban,Roque, Tabacundo, Pichincha,-78.2216436,0.048201,43.99,Pública,Universidad Central del Ecuador (UCE)
Hernán Adela Galarza,Espinal, San Gabriel, Carchi,-77.835319,0.598485,118.12,Pública,Universidad Central del Ecuador (UCE)
Zoraida Herrera,Fuente,Bucay, Guayas,-79.1376329,-2.2004367,230.91,Pública,Escuela Politécnica Nacional (EPN)
Nicolas Octavio,Alvarez,Loja, Loja,-79.2016661,-3.996845,426.87,Pública,Universidad Central del Ecuador (UCE)
Fernando,Molina, Valdez, Esmeraldas,-78.9826345,1.2489838,171.53,Privada,Universidad de las Américas (UDLA)
Santino,Chavez, La Libertad, Santa Elena,-80.9077647,-2.2208117,346.98,Pública,Universidad Central del Ecuador (UCE)
Uma Thiago Ramirez,Ortiz, Machala, El Oro,-79.9512804,-3.3148937,379.46,Pública,Universidad Central del Ecuador (UCE)
Adriana Francisca,Uribe, Valdez, Esmeraldas,-78.9826345,1.2489838,171.53,Pública,Universidad Central del Ecuador (UCE)
Felipe Ignacio Alvarez,Miranda, Jujan, Guayas,-79.5495283,-1.9494337,224.21,Pública,Universidad Central del Ecuador (UCE)
Dr(a). Valentina,Paz, Valdez, Esmeraldas,-78.9826345,1.2489838,171.53,Privada,Universidad San Francisco de Quito (USFQ)
Mateo,Arias, Chordeleg, Azuay,-78.7307218,-2.9844675,308.33,Pública,Universidad Central del Ecuador (UCE)
Patricio Minerva,Enríquez, Rocafuerte, Manabí,-80.4012121,-0.9032437,223.34,Privada,Pontificia Universidad Católica del Ecuador (PUCE)
Alexandra,Benavente, Cañar, Cañar,-79.1800778,-2.4749335,261.48,Pública,Universidad Central del Ecuador (UCE)
Hilario Cervantes,Guardia, Jipijapa, Manabí,-80.6124982,-1.5158193,274.37,Privada,Universidad Tecnológica Indoamérica (UTI)
Adalberto Gil,Vega, La Libertad, Santa Elena,-80.9077647,-2.2208117,346.98,Privada,Universidad Tecnológica Indoamérica (UTI)
Isabella Luca Maidana,Bustos, Pedro Vicente Maldonado, Pichincha,-79.0400619,0.1612052,72.4,Privada,Universidad Politécnica Salesiana (UPS)
Benjamin Molina,Gonzalez,Puebloviejo, Los Ríos,-79.5474126,-1.5368546,186.22,Pública,Universidad Central del Ecuador (UCE)
José,Guerra, Santa Rosa, El Oro,-80.154904,-3.4145538,399.35,Pública,Universidad Central del Ecuador (UCE)
Santino Catalina,Fernandez, Biblián, Cañar,-78.9802821,-2.6748261,277.86,Pública,Universidad Central del Ecuador (UCE)
Ing. Flavio,Moreno, Gualaceo, Azuay,-78.8461586,-2.9180205,302.27,Pública,Universidad Central del Ecuador (UCE)
Andrés Olaya,Cruz,Guaranda, Bolívar,-79.0576662,-1.4398571,148.56,Pública,Universidad Central del Ecuador (UCE)
Helena Ariadna,Aparicio, La Joya de los Sachas, Orellana,-76.8611463,-0.3161424,183.91,Pública,Escuela Politécnica del Ejército (ESPE)
Fortunata Pi,Tamarit, La Libertad, Santa Elena,-80.9077647,-2.2208117,346.98,Pública,Escuela Politécnica del Ejército (ESPE)
Pascual Donoso,Blanch, Pelileo, Tungurahua,-78.537307,-1.3573827,126.48,Pública,Escuela Politécnica del Ejército (ESPE)
Mia Valentina,Romero, Echeandía, Bolívar,-79.2735861,-1.4469547,160.54,Pública,Universidad Central del Ecuador (UCE)
Ágata,Arnau, Balzar, Guayas,-79.9367148,-1.3062992,199.16,Privada,Universidad San Francisco de Quito (USFQ)
Raquel Martín,Juárez, Balao, Guayas,-79.7180498,-2.8852516,325.24,Pública,Universidad Central del Ecuador (UCE)
Octavio Lozano,Aparicio, Nueva Loja, Sucumbíos,-76.8834932,0.0850591,184.27,Privada,Universidad de las Américas (UDLA)
Adriana Emilio Villagómez,Colón, Palenque, Los Ríos,-79.7182552,-1.3353343,182.63,Pública,Escuela Politécnica Nacional (EPN)
Juana Ortiz,Ortiz, La Maná, Cotopaxi,-79.1010573,-0.7841908,90.66,Pública,Universidad Central del Ecuador (UCE)
Dr(a). Olivia,Villalba, Balsas, El Oro,-79.831096,-3.7742179,421.48,Pública,Universidad Central del Ecuador (UCE)
Petrona,Oliva, Macará, Loja,-79.9154486,-4.3490358,484.84,Privada,Pontificia Universidad Católica del Ecuador (PUCE)
Isaías Guerra,Benitez,San Lorenzo, Esmeraldas,-78.6869333,0.9850634,135.41,Pública,Escuela Politécnica Nacional (EPN)
Erick Valencia,Acevedo, Santa Ana, Manabí,-80.2631268,-1.1944701,222.78,Pública,Escuela Politécnica del Ejército (ESPE)
Francisco,Castro, Santo Domingo, Santo Domingo de los Tsáchilas,-79.1686724,-0.2546212,73.08,Pública,Universidad Central del Ecuador (UCE)
Santiago,Nuñez, Palenque, Los Ríos,-79.7182552,-1.3353343,182.63,Pública,Escuela Politécnica del Ejército (ESPE)
Thiago Nahuel Garcia,Martinez, Santa Lucía, Guayas,-80.0426304,-1.7145863,237.82,Pública,Universidad Central del Ecuador (UCE)
Eloy Correa,Pinto, San Miguel de Los Bancos, Pichincha,-78.9214659,-0.0188368,50.7,Pública,Universidad Central del Ecuador (UCE)
Ilse,Muro,El Ángel, Carchi,-77.9396301,0.6211998,113.17,Pública,Escuela Politécnica Nacional (EPN)
Abilio Mendez,Sales, Pedro Vicente Maldonado, Pichincha,-79.0400619,0.1612052,72.4,Pública,Escuela Politécnica Nacional (EPN)
Luis,García, Daule, Guayas,-79.9129307,-1.9200069,244.89,Pública,Instituto de Altos Estudios Nacionales (IAEN)
Lautaro Benjamin,Gutierrez, Huaca, Carchi,-77.727333,0.7987391,143.02,Privada,Universidad de las Américas (UDLA)
Arsenio Otero,Buendía, Isidro Ayora, Guayas,-80.1463096,-1.8796754,258.94,Pública,Escuela Politécnica Nacional (EPN)
José Peña,Patiño,Simón Bolívar, Guayas,-79.4218634,-2.0424101,226.45,Pública,Escuela Politécnica Nacional (EPN)
Ing. Darío,Olivares,Machachi, Pichincha,-78.6516915,-0.4984774,34.61,Pública,Escuela Politécnica del Ejército (ESPE)
Gabriel Hermelinda,Jasso, Quevedo, Los Ríos,-79.4776812,-1.0669701,142.78,Pública,Universidad Central del Ecuador (UCE)
Isabella Lorenzo,Flores, Shushufindi, Sucumbíos,-76.5906945,-0.2885051,213.81,Pública,Escuela Politécnica del Ejército (ESPE)
Guadalupe Leiva,Muñoz,Loja, Loja,-79.2016661,-3.996845,426.87,Pública,Universidad Central del Ecuador (UCE)
Sr(a). Malena,Fernandez, Santa Ana, Manabí,-80.2631268,-1.1944701,222.78,Pública,Universidad Central del Ecuador (UCE)
Eva Pinto,Mur, Archidona, Napo,-77.955042,-0.7160712,82.95,Pública,Universidad Central del Ecuador (UCE)
Lorenzo Gael Ferreyra,Luna, Shushufindi, Sucumbíos,-76.5906945,-0.2885051,213.81,Pública,Universidad Central del Ecuador (UCE)
Francisco Edgar,Acosta, San Gabriel, Carchi,-77.835319,0.598485,118.12,Pública,Escuela Politécnica Nacional (EPN)
Indira,Lovato, La Maná, Cotopaxi,-79.1010573,-0.7841908,90.66,Privada,Universidad Tecnológica Equinoccial (UTE)
Sr(a). Juan Cruz,Garcia, Santo Domingo, Santo Domingo de los Tsáchilas,-79.1686724,-0.2546212,73.08,Pública,Universidad Central del Ecuador (UCE)
Juan Ignacio Lucas Luna,Molina, Lomas de Sargentillo, Guayas,-80.0789495,-1.8348374,250.14,Pública,Escuela Politécnica Nacional (EPN)
Olga Gallego,Ríos, Flavio Alfaro, Manabí,-79.844538,-0.3242859,148.59,Pública,Universidad Central del Ecuador (UCE)
Amanda Catalina,Parra, Riobamba, Chimborazo,-78.6482479,-1.6732765,162.28,Pública,Universidad Central del Ecuador (UCE)
Juan Manuel Emma,Dominguez,Quinsaloma, Los Ríos,-79.3468998,-1.1460552,138.6,Pública,Universidad Central del Ecuador (UCE)
Bautista,Olivera, Jipijapa, Manabí,-80.6124982,-1.5158193,274.37,Pública,Universidad Central del Ecuador (UCE)
Dr(a). Mateo Benjamin,Blanco, Atacames, Esmeraldas,-79.8790841,0.7971086,189.45,Pública,Universidad Central del Ecuador (UCE)
Sr(a). Sol,Sosa, Montalvo, Los Ríos,-79.348133,-1.8025855,198.99,Privada,Universidad de las Américas (UDLA)
Rodrigo Hurtado,Padilla, Vinces, Los Ríos,-79.766045,-1.5235263,201.08,Pública,Universidad Central del Ecuador (UCE)
Sr(a). Ramón,Pabón,Manta, Manabí,-80.7191006,-0.9485853,258.39,Pública,Universidad Central del Ecuador (UCE)
Luis López,Torres, Atacames, Esmeraldas,-79.8790841,0.7971086,189.45,Pública,Universidad Central del Ecuador (UCE)
José Luis,Ornelas, El Coca, Orellana,-76.9837216,-0.4721804,172.26,Pública,Universidad Central del Ecuador (UCE)
Sr(a). Lautaro,Gonzalez, Urcuquí, Imbabura,-78.1941499,0.4172921,79.22,Pública,Universidad Central del Ecuador (UCE)
Hipólito Édgar Boada,Carmona, Daule, Guayas,-79.9129307,-1.9200069,244.89,Pública,Escuela Politécnica del Ejército (ESPE)
Hugo Jacobo Reséndez,Fonseca, Mocache, Los Ríos,-79.5512661,-1.1979,158.63,Pública,Escuela Politécnica del Ejército (ESPE)
Agustin Simon Quiroga,Sanchez,Baba, Los Ríos,-79.6615818,-1.6727698,205.95,Pública,Escuela Politécnica Nacional (EPN)
Karina,González,Yantzaza, Zamora Chinchipe,-78.7376344,-3.7146811,389.38,Privada,Universidad de las Américas (UDLA)
Ruth Ana,Castrillón,La Concordia, Santo Domingo de los Tsáchilas,-79.462977,-0.0441108,107.5,Privada,Universidad Politécnica Salesiana (UPS)
Dr. Pedro,Crespo, Portoviejo, Manabí,-80.4534134,-1.05282,234.85,Pública,Escuela Politécnica del Ejército (ESPE)
Agustín Moreno,Parra, Cumandá, Chimborazo,-79.103584,-2.2108666,230.91,Pública,Escuela Politécnica del Ejército (ESPE)
Timoteo Víctor,Preciado,Baba, Los Ríos,-79.6615818,-1.6727698,205.95,Pública,Universidad Central del Ecuador (UCE)
Tiziano Benjamin Cruz,Acosta, Buena Fe, Los Ríos,-79.5296983,-0.7488694,127.49,Privada,Universidad Internacional del Ecuador (UIDE)
Benjamin,Diaz,Sangolquí, Pichincha,-78.4483476,-0.3288822,14.03,Pública,Escuela Politécnica del Ejército (ESPE)
Nancy Pilar,Montoya, Tosagua, Manabí,-80.2577186,-0.7755207,203.66,Pública,Escuela Politécnica Nacional (EPN)
Juan Luis,Camacho,Yantzaza, Zamora Chinchipe,-78.7376344,-3.7146811,389.38,Pública,Escuela Politécnica Nacional (EPN)
Dr(a). Matias,Cabrera,Sangolquí, Pichincha,-78.4483476,-0.3288822,14.03,Pública,Universidad Central del Ecuador (UCE)
Feliciana Seco,Duque, Santa Ana, Manabí,-80.2631268,-1.1944701,222.78,Pública,Universidad Central del Ecuador (UCE)
Mary Lucía,Moreno, Palestina, Guayas,-79.9273316,-1.6318981,222.24,Pública,Universidad Central del Ecuador (UCE)
Glauco Cid,Vicente,Guaranda, Bolívar,-79.0576662,-1.4398571,148.56,Pública,Escuela Politécnica Nacional (EPN)
Matias,Silva,Saquisilí, Cotopaxi,-78.7312624,-0.8359835,72.67,Pública,Universidad Central del Ecuador (UCE)
Pilar Mateo Benjamin,Ayala, Isidro Ayora, Guayas,-80.1463096,-1.8796754,258.94,Privada,Pontificia Universidad Católica del Ecuador (PUCE)
Dr. Minerva,Lomeli,Pasaje, El Oro,-79.7625976,-3.3234936,372.0,Pública,Universidad Central del Ecuador (UCE)
Ignacio María del Carmen,Avilés, Balzar, Guayas,-79.9367148,-1.3062992,199.16,Pública,Universidad Central del Ecuador (UCE)
Olga,Ramírez,Catacocha, Loja,-79.6497578,-4.0503147,444.24,Pública,Universidad Central del Ecuador (UCE)
Dr(a). Renata,Aguirre, Milagro, Guayas,-79.5552042,-2.1179635,240.77,Pública,Escuela Politécnica Nacional (EPN)
Mateo,Ortiz,Macas, Morona Santiago,-78.1175466,-2.3046252,235.9,Pública,Escuela Politécnica del Ejército (ESPE)
Alonso Gerardo Garza,Terrazas, Pedro Vicente Maldonado, Pichincha,-79.0400619,0.1612052,72.4,Pública,Universidad Central del Ecuador (UCE)
Sara Ospina,Perdomo,Jaramijó, Manabí,-80.6134583,-0.9743883,248.22,Pública,Universidad Central del Ecuador (UCE)
Sr(a). Franco,Perez,Babahoyo, Los Ríos,-79.5068917,-1.8762599,214.79,Pública,Universidad Central del Ecuador (UCE)
Mery,Mendoza,Machachi, Pichincha,-78.6516915,-0.4984774,34.61,Pública,Escuela Politécnica del Ejército (ESPE)
Benjamín,Gutiérrez, Lomas de Sargentillo, Guayas,-80.0789495,-1.8348374,250.14,Pública,Universidad Central del Ecuador (UCE)
Lorena,Romero,El Triunfo, Guayas,-79.3660575,-2.2907784,249.03,Privada,Pontificia Universidad Católica del Ecuador (PUCE)
Teresita Carpio,Gálvez, Santo Domingo, Santo Domingo de los Tsáchilas,-79.1686724,-0.2546212,73.08,Pública,Universidad Central del Ecuador (UCE)
Mtro. Santiago,Porras,Salinas, Santa Elena,-80.9237973,-2.2612497,351.24,Pública,Escuela Politécnica Nacional (EPN)
Dr. Emiliano,Fonseca,Sangolquí, Pichincha,-78.4483476,-0.3288822,14.03,Pública,Escuela Politécnica del Ejército (ESPE)
Felicia,Lucas-Diéguez, Chone, Manabí,-80.0721599,-0.3828099,174.38,Pública,Escuela Politécnica del Ejército (ESPE)
Jorge,Ortiz, Archidona, Napo,-77.955042,-0.7160712,82.95,Pública,Escuela Politécnica Nacional (EPN)
Remigio Reina,Barranco, Calceta, Manabí,-80.1640382,-0.8480934,196.48,Pública,Universidad Central del Ecuador (UCE)
Judith Hernández,Sánchez,Otavalo, Imbabura,-78.2454274,0.2227636,57.5,Privada,Universidad de las Américas (UDLA)
Mery Gladys Rincón,Escobar,Cayambe, Pichincha,-77.9889555,0.0251586,64.27,Pública,Universidad Central del Ecuador (UCE)
Eduardo García,Rosero, Camilo Ponce Enríquez, Azuay,-79.5630363,-2.9640696,326.69,Pública,Universidad Central del Ecuador (UCE)
Lola Lobo,Peinado, Loreto, Orellana,-77.3252738,-0.6471884,140.27,Pública,Universidad Central del Ecuador (UCE)
Ignacio,Gonzalez, Chordeleg, Azuay,-78.7307218,-2.9844675,308.33,Pública,Universidad Central del Ecuador (UCE)
Mercedes Palma,Barroso, Shushufindi, Sucumbíos,-76.5906945,-0.2885051,213.81,Pública,Universidad Central del Ecuador (UCE)
León Antonia,Aguirre, Santa Ana, Manabí,-80.2631268,-1.1944701,222.78,Pública,Escuela Politécnica del Ejército (ESPE)
Enrique,Escobar, Machala, El Oro,-79.9512804,-3.3148937,379.46,Pública,Escuela Politécnica Nacional (EPN)
Luciano Benjamin Paulina Gonzalez,Morales, Celica, Loja,-79.9851762,-4.1648137,468.15,Pública,Escuela Politécnica del Ejército (ESPE)
Juan Ignacio Mendez,Benitez, Urcuquí, Imbabura,-78.1941499,0.4172921,79.22,Pública,Escuela Politécnica Nacional (EPN)
Cintia Catalán,Matas, Balzar, Guayas,-79.9367148,-1.3062992,199.16,Privada,Universidad de las Américas (UDLA)
Aurelio Vanesa Muro,Henríquez, Píllaro, Tungurahua,-78.5423177,-1.1725302,105.95,Privada,Universidad San Francisco de Quito (USFQ)
Natalia Dalmau,Azorin, Flavio Alfaro, Manabí,-79.844538,-0.3242859,148.59,Pública,Universidad Central del Ecuador (UCE)
Ian Benjamin Zoe Flores,Gomez, Mocache, Los Ríos,-79.5512661,-1.1979,158.63,Pública,Escuela Politécnica Nacional (EPN)
Custodio Tapia,Bermejo, Tabacundo, Pichincha,-78.2216436,0.048201,43.99,Pública,Universidad Central del Ecuador (UCE)
Dr. Norma,Rael,Pujilí, Cotopaxi,-78.8559205,-1.0077046,95.54,Pública,Instituto de Altos Estudios Nacionales (IAEN)
Pablo Nuñez,Carreño,Arenillas, El Oro,-80.0974316,-3.5859238,413.63,Privada,Pontificia Universidad Católica del Ecuador (PUCE)
Jazmin Francisco,Gomez, Macará, Loja,-79.9154486,-4.3490358,484.84,Privada,Pontificia Universidad Católica del Ecuador (PUCE)
Faustino Pedrero,Martínez, Gualaquiza, Morona Santiago,-78.706485,-3.3277138,346.22,Pública,Escuela Politécnica del Ejército (ESPE)
Cecilia,Collazo, Paján, Manabí,-80.4212975,-1.7040791,268.83,Pública,Universidad Central del Ecuador (UCE)
Marcela,Aguirre, Narcisa de Jesús, Guayas,-80.2384404,-1.6118103,246.52,Pública,Escuela Politécnica Nacional (EPN)
Jerónimo,Gallardo, Tulcán, Carchi,-77.7172151,0.8115707,144.84,Pública,Escuela Politécnica Nacional (EPN)
Sergio,Quintero, Santa Isabel, Azuay,-79.3594118,-3.1839392,342.74,Pública,Escuela Politécnica del Ejército (ESPE)
Benito Cintrón,Castañeda, Pedernales, Manabí,-79.8451737,0.0693259,151.66,Pública,Universidad Andina Simón Bolívar (UASB)
Luisina Josefina Fernandez,Garcia,Cayambe, Pichincha,-77.9889555,0.0251586,64.27,Pública,Universidad Andina Simón Bolívar (UASB)
Leonel del,Amor,Cayambe, Pichincha,-77.9889555,0.0251586,64.27,Pública,Universidad Central del Ecuador (UCE)
Beatriz Johana Cano,Jiménez, San Gabriel, Carchi,-77.835319,0.598485,118.12,Pública,Escuela Politécnica del Ejército (ESPE)
Jose Miguel del,Capdevila, Guano, Chimborazo,-78.6578385,-1.539923,147.64,Pública,Escuela Politécnica Nacional (EPN)
Teodoro,Villegas, Paján, Manabí,-80.4212975,-1.7040791,268.83,Pública,Escuela Politécnica Nacional (EPN)
Vilma,Albero, Guano, Chimborazo,-78.6578385,-1.539923,147.64,Pública,Universidad Central del Ecuador (UCE)
Carlos Ramiro,Jaramillo, Portoviejo, Manabí,-80.4534134,-1.05282,234.85,Privada,Universidad Internacional del Ecuador (UIDE)
Nidia Pedraza,Fuentes,La Concordia, Santo Domingo de los Tsáchilas,-79.462977,-0.0441108,107.5,Pública,Instituto de Altos Estudios Nacionales (IAEN)
Anabel,Alcalá-Juárez, Gualaquiza, Morona Santiago,-78.706485,-3.3277138,346.22,Pública,Escuela Politécnica del Ejército (ESPE)
Ana María Otero,Santillán, Balao, Guayas,-79.7180498,-2.8852516,325.24,Pública,Universidad Central del Ecuador (UCE)
Alejandro Castillo,Bedoya,El Ángel, Carchi,-77.9396301,0.6211998,113.17,Pública,Universidad Central del Ecuador (UCE)
Armando Horacio Berríos,Segura,Saquisilí, Cotopaxi,-78.7312624,-0.8359835,72.67,Pública,Universidad Central del Ecuador (UCE)
Omar Itzel,Ornelas, El Pangui, Zamora Chinchipe,-78.5473049,-3.6253506,378.66,Pública,Escuela Politécnica del Ejército (ESPE)
Paco Isaías Gómez,Barco, Velasco Ibarra, Guayas,-79.8779821,-2.2843364,275.19,Pública,Escuela Politécnica Nacional (EPN)
Manuel Carrillo,Rendón, Colimes, Guayas,-80.0818751,-1.5161582,226.31,Pública,Universidad Central del Ecuador (UCE)
Nazario Raimundo Echevarría,Carreras,Sangolquí, Pichincha,-78.4483476,-0.3288822,14.03,Pública,Universidad Central del Ecuador (UCE)
Pascual Alberdi,Céspedes, Mocache, Los Ríos,-79.5512661,-1.1979,158.63,Privada,Pontificia Universidad Católica del Ecuador (PUCE)
Maximo Sofia Belen Muñoz,Lopez,San Vicente, Manabí,-80.3761409,-0.4373946,208.65,Privada,Pontificia Universidad Católica del Ecuador (PUCE)
Caridad Alta Gracia Meza,Portillo,Saquisilí, Cotopaxi,-78.7312624,-0.8359835,72.67,Privada,Universidad Tecnológica Equinoccial (UTE)
Marcela Emilce,Méndez, Sucre, Manabí,-80.4199056,-0.7326786,219.63,Privada,Universidad Internacional del Ecuador (UIDE)
Bianca,Rodriguez,Pujilí, Cotopaxi,-78.8559205,-1.0077046,95.54,Privada,Pontificia Universidad Católica del Ecuador (PUCE)
Cristina Florencia Candelaria,Vela,Puebloviejo, Los Ríos,-79.5474126,-1.5368546,186.22,Pública,Universidad Central del Ecuador (UCE)
Raimundo de,Arregui,Cayambe, Pichincha,-77.9889555,0.0251586,64.27,Privada,Universidad de las Américas (UDLA)
Alonso del,Pascual, Shushufindi, Sucumbíos,-76.5906945,-0.2885051,213.81,Pública,Universidad Andina Simón Bolívar (UASB)
Joaquin Thiago Daniel,Gonzalez, Biblián, Cañar,-78.9802821,-2.6748261,277.86,Pública,Universidad Central del Ecuador (UCE)
Juan Cruz Ciro,Muñoz,Puebloviejo, Los Ríos,-79.5474126,-1.5368546,186.22,Pública,Universidad Central del Ecuador (UCE)
Alexandra Luz,Sandoval, Esmeraldas, Esmeraldas,-79.6523847,0.9668153,183.0,Pública,Universidad Central del Ecuador (UCE)
Dani Villalobos,Arteaga,Ibarra, Imbabura,-78.1329448,0.5159369,92.08,Privada,Universidad San Francisco de Quito (USFQ)
Enzo Aguero,Ramos, San Miguel de Salcedo, Cotopaxi,-78.5907824,-1.043699,91.99,Pública,Escuela Politécnica Nacional (EPN)
Andrés Miguel,Arias, Jujan, Guayas,-79.5495283,-1.9494337,224.21,Privada,Universidad San Francisco de Quito (USFQ)
Gabriel,Vargas, Cariamanga, Loja,-79.5559525,-4.326038,471.04,Privada,Pontificia Universidad Católica del Ecuador (PUCE)
Lorenzo Sergio Ardila,Vásquez, Pelileo, Tungurahua,-78.537307,-1.3573827,126.48,Pública,Universidad Central del Ecuador (UCE)
Abraham Lucas,Alva, Cotacachi, Imbabura,-78.4507013,0.3955234,68.8,Privada,Universidad de las Américas (UDLA)
Mtro. Teresa,Aguirre, Chone, Manabí,-80.0721599,-0.3828099,174.38,Privada,Universidad San Francisco de Quito (USFQ)
Lizeth,Rivera, Echeandía, Bolívar,-79.2735861,-1.4469547,160.54,Privada,Universidad de las Américas (UDLA)
Sandra Nathalia,Guerrero, La Joya de los Sachas, Orellana,-76.8611463,-0.3161424,183.91,Pública,Escuela Politécnica Nacional (EPN)
Pelayo Losada,Buendía, Daule, Guayas,-79.9129307,-1.9200069,244.89,Privada,Universidad Tecnológica Equinoccial (UTE)
Vidal del,Perales,Salitre, Guayas,-79.8187323,-1.8289209,230.42,Pública,Escuela Politécnica del Ejército (ESPE)
Clara Gimenez,Godoy,Latacunga, Cotopaxi,-78.6145758,-0.9340311,80.19,Pública,Universidad Central del Ecuador (UCE)
Mia Rodriguez,Dominguez, Flavio Alfaro, Manabí,-79.844538,-0.3242859,148.59,Pública,Universidad Central del Ecuador (UCE)
Guillermo Francisca,Mascareñas, Bahía de Caráquez, Manabí,-80.423572,-0.5999649,216.67,Privada,Universidad de las Américas (UDLA)
Juan Cruz Victoria Rodriguez,Diaz,Jaramijó, Manabí,-80.6134583,-0.9743883,248.22,Pública,Escuela Politécnica Nacional (EPN)
Balduino Córdoba,Sancho,Montecristi, Manabí,-80.6606834,-1.0504072,256.09,Pública,Escuela Politécnica del Ejército (ESPE)
Lola Mateo Benjamin Soto,Diaz, Alamor, Loja,-80.0197281,-4.0181681,454.31,Privada,Universidad de las Américas (UDLA)
Fernando Luis Sánchez,Duque, Riobamba, Chimborazo,-78.6482479,-1.6732765,162.28,Pública,Universidad Central del Ecuador (UCE)
Silvestre,Mosquera,San Vicente, Manabí,-80.3761409,-0.4373946,208.65,Pública,Escuela Politécnica del Ejército (ESPE)
Felix Moya,Ortiz,Puebloviejo, Los Ríos,-79.5474126,-1.5368546,186.22,Privada,Universidad Tecnológica Equinoccial (UTE)
Eladio Sebastián Dávila,Anguita,Saraguro, Loja,-79.3063889,-3.5269465,378.14,Pública,Universidad Central del Ecuador (UCE)
Lautaro Benjamin,Molina, Pedro Carbo, Guayas,-80.3009814,-1.8672671,270.34,Pública,Universidad Central del Ecuador (UCE)
Aroa Chaves,Carrión, Camilo Ponce Enríquez, Azuay,-79.5630363,-2.9640696,326.69,Pública,Universidad Central del Ecuador (UCE)
Severo Girón,Castrillo, General Villamil, Guayas,-80.4261454,-2.5937913,338.99,Privada,Universidad de las Américas (UDLA)
José Emilio,Bravo, La Maná, Cotopaxi,-79.1010573,-0.7841908,90.66,Pública,Escuela Politécnica del Ejército (ESPE)
María María,Pabón,Catarama, Los Ríos,-79.4750201,-1.5692196,184.28,Pública,Escuela Politécnica del Ejército (ESPE)
Catalina Thiago Leonel,Correa, Cariamanga, Loja,-79.5559525,-4.326038,471.04,Pública,Escuela Politécnica del Ejército (ESPE)
Jerónimo Ayuso,Diéguez, Guayaquil, Guayas,-80.0983887,-2.2895167,289.88,Privada,Universidad de las Américas (UDLA)
Guillermina,Alvarez, Balao, Guayas,-79.7180498,-2.8852516,325.24,Pública,Escuela Politécnica del Ejército (ESPE)
Benicio Luz Maria,Perez, Santa Ana, Manabí,-80.2631268,-1.1944701,222.78,Pública,Universidad Central del Ecuador (UCE)
Martina Ana Paula,Martinez, Cariamanga, Loja,-79.5559525,-4.326038,471.04,Pública,Universidad Central del Ecuador (UCE)
Camilo Iván Martínez,Castro, El Coca, Orellana,-76.9837216,-0.4721804,172.26,Privada,Universidad Internacional del Ecuador (UIDE)
Elvira,Sotelo, Ambato, Tungurahua,-78.6287594,-1.2422413,114.38,Pública,Universidad Central del Ecuador (UCE)
Sr(a). Juana,Muñoz, Pedernales, Manabí,-79.8451737,0.0693259,151.66,Pública,Escuela Politécnica del Ejército (ESPE)
Dr(a). Alma,Ortiz, Cariamanga, Loja,-79.5559525,-4.326038,471.04,Pública,Escuela Politécnica Nacional (EPN)
Fernando Rodríguez,Hurtado, Cotacachi, Imbabura,-78.4507013,0.3955234,68.8,Pública,Universidad Central del Ecuador (UCE)
Ambrosio,Suarez-Ávila,El Triunfo, Guayas,-79.3660575,-2.2907784,249.03,Pública,Universidad Central del Ecuador (UCE)
Yurany Luz Hoyos,Ortiz, San Miguel, Bolívar,-79.127262,-1.8120574,189.75,Privada,Universidad de las Américas (UDLA)
Lucio del,Pacheco, Portoviejo, Manabí,-80.4534134,-1.05282,234.85,Pública,Universidad Central del Ecuador (UCE)
Eva Rosalia,Matías,Puyo, Pastaza,-77.9969666,-1.4854777,151.92,Pública,Escuela Politécnica Nacional (EPN)
Dayana,Romero,Salitre, Guayas,-79.8187323,-1.8289209,230.42,Pública,Escuela Politécnica del Ejército (ESPE)
Dr. Miguel,Torres,Bucay, Guayas,-79.1376329,-2.2004367,230.91,Pública,Universidad Central del Ecuador (UCE)
Esther López,Moreno, Paján, Manabí,-80.4212975,-1.7040791,268.83,Pública,Universidad Central del Ecuador (UCE)
Olivia Romo,Abrego, Cotacachi, Imbabura,-78.4507013,0.3955234,68.8,Privada,Universidad Internacional del Ecuador (UIDE)
Yamile Carolina Díaz,Arenas, Catamayo, Loja,-79.403789,-3.9912144,430.86,Pública,Escuela Politécnica del Ejército (ESPE)
María,Fernández,El Ángel, Carchi,-77.9396301,0.6211998,113.17,Pública,Universidad Central del Ecuador (UCE)
Olivia Nava,Beltrán,Babahoyo, Los Ríos,-79.5068917,-1.8762599,214.79,Pública,Universidad Central del Ecuador (UCE)
William Quintero,Ruiz, El Tambo, Cañar,-78.9133964,-2.4828078,255.51,Privada,Universidad Internacional del Ecuador (UIDE)
Timoteo,Ruiz, Palestina, Guayas,-79.9273316,-1.6318981,222.24,Pública,Universidad Central del Ecuador (UCE)
Sonia Londoño,Naranjo, San Miguel, Bolívar,-79.127262,-1.8120574,189.75,Pública,Universidad Central del Ecuador (UCE)
Nelly Silvia Rivera,Ardila,Arenillas, El Oro,-80.0974316,-3.5859238,413.63,Pública,Escuela Politécnica Nacional (EPN)
Andrea Rodríguez,Narváez, San Gabriel, Carchi,-77.835319,0.598485,118.12,Pública,Escuela Politécnica Nacional (EPN)
Sr(a). Joaquin,Sanchez, Cotacachi, Imbabura,-78.4507013,0.3955234,68.8,Pública,Escuela Politécnica Nacional (EPN)
Sr(a). Miriam,Cisneros,Yaguachi, Guayas,-79.9134536,-2.2015355,269.81,Privada,Universidad San Francisco de Quito (USFQ)
Paola Dina,Pérez,Saquisilí, Cotopaxi,-78.7312624,-0.8359835,72.67,Pública,Escuela Politécnica Nacional (EPN)
Itziar Alberdi,Lara, Esmeraldas, Esmeraldas,-79.6523847,0.9668153,183.0,Pública,Universidad Central del Ecuador (UCE)
Ángel Jerónimo,Hidalgo,Yantzaza, Zamora Chinchipe,-78.7376344,-3.7146811,389.38,Pública,Universidad Central del Ecuador (UCE)
Amado Polo,Ríos, Esmeraldas, Esmeraldas,-79.6523847,0.9668153,183.0,Pública,Universidad Central del Ecuador (UCE)
Antonio Morena,Alvarez,Arenillas, El Oro,-80.0974316,-3.5859238,413.63,Privada,Universidad de las Américas (UDLA)
Milena Caceres,Silva,Saraguro, Loja,-79.3063889,-3.5269465,378.14,Pública,Escuela Politécnica Nacional (EPN)
María Cristina Antonia,Aponte,Sangolquí, Pichincha,-78.4483476,-0.3288822,14.03,Pública,Escuela Politécnica del Ejército (ESPE)
Cecilia,Angarita, Chambo, Chimborazo,-78.5425997,-1.74403,169.48,Pública,Universidad Andina Simón Bolívar (UASB)
Carlota Perez,Cuevas,Tena, Napo,-78.1083981,-0.9438718,92.16,Pública,Escuela Politécnica Nacional (EPN)
Viviana de,Neira,San Lorenzo, Esmeraldas,-78.6869333,0.9850634,135.41,Pública,Universidad Central del Ecuador (UCE)
Lorenzo Ferreyra,Juarez,La Concordia, Santo Domingo de los Tsáchilas,-79.462977,-0.0441108,107.5,Pública,Universidad Central del Ecuador (UCE)
Isabella Ignacio,Bravo, Alamor, Loja,-80.0197281,-4.0181681,454.31,Pública,Escuela Politécnica del Ejército (ESPE)
Dr(a). Antonella,Garcia, Velasco Ibarra, Guayas,-79.8779821,-2.2843364,275.19,Pública,Escuela Politécnica Nacional (EPN)
Haroldo Tudela,Corral,Zamora, Zamora Chinchipe,-78.9577754,-4.0042008,423.67,Privada,Universidad Internacional del Ecuador (UIDE)
Abril Roma,Bonilla, San Miguel, Bolívar,-79.127262,-1.8120574,189.75,Privada,Universidad Politécnica Salesiana (UPS)
Alberto José Pérez,Jiménez, Durán, Guayas,-79.7895887,-2.2127014,263.15,Privada,Universidad San Francisco de Quito (USFQ)
Sonia Carlos,Mendez,Zamora, Zamora Chinchipe,-78.9577754,-4.0042008,423.67,Privada,Universidad Politécnica Salesiana (UPS)
Pilar,Dominguez,Sucúa, Morona Santiago,-78.1727383,-2.4560109,251.46,Pública,Universidad Central del Ecuador (UCE)
Gala de,Peláez, Riobamba, Chimborazo,-78.6482479,-1.6732765,162.28,Pública,Escuela Politécnica del Ejército (ESPE)
Santiago Martina Benitez,Perez,Quinsaloma, Los Ríos,-79.3468998,-1.1460552,138.6,Privada,Universidad Tecnológica Equinoccial (UTE)
Ana,Benavides, La Maná, Cotopaxi,-79.1010573,-0.7841908,90.66,Pública,Universidad Central del Ecuador (UCE)
Nicanor Núñez,Riba, Jama, Manabí,-80.2295834,-0.2149489,190.95,Privada,Universidad Internacional del Ecuador (UIDE)
Sr(a). Julia,Solorzano,Salinas, Santa Elena,-80.9237973,-2.2612497,351.24,Pública,Universidad Central del Ecuador (UCE)
Dr(a). Franco,Martinez,Puebloviejo, Los Ríos,-79.5474126,-1.5368546,186.22,Pública,Universidad Andina Simón Bolívar (UASB)
Elena Graciela,Gómez, Paján, Manabí,-80.4212975,-1.7040791,268.83,Pública,Universidad Central del Ecuador (UCE)
Marisol Delgadillo de la,Fuente, Paute, Azuay,-78.7362416,-2.7468493,282.05,Privada,Universidad Internacional del Ecuador (UIDE)
Carmen Alma,Piña, El Carmen, Manabí,-79.5741548,-0.4809541,121.58,Pública,Universidad Central del Ecuador (UCE)
Cintia Coloma,Jordá,San Lorenzo, Esmeraldas,-78.6869333,0.9850634,135.41,Pública,Escuela Politécnica Nacional (EPN)
María Yaneth,Caicedo, Loreto, Orellana,-77.3252738,-0.6471884,140.27,Pública,Universidad Central del Ecuador (UCE)
Richard José Bermúdez,Fernández, La Maná, Cotopaxi,-79.1010573,-0.7841908,90.66,Pública,Universidad Central del Ecuador (UCE)
Renata Fernandez,Nuñez, Chordeleg, Azuay,-78.7307218,-2.9844675,308.33,Pública,Universidad Central del Ecuador (UCE)
Lope Cabrero,Macias, Pedro Vicente Maldonado, Pichincha,-79.0400619,0.1612052,72.4,Privada,Universidad Tecnológica Equinoccial (UTE)
Fernando Hoyos,Córdoba, Chambo, Chimborazo,-78.5425997,-1.74403,169.48,Pública,Universidad Central del Ecuador (UCE)
Joaquin Ruiz,Rios, Lomas de Sargentillo, Guayas,-80.0789495,-1.8348374,250.14,Pública,Universidad Central del Ecuador (UCE)
Camila Lucero,Ledesma, Archidona, Napo,-77.955042,-0.7160712,82.95,Pública,Escuela Politécnica del Ejército (ESPE)
Águeda Leiva,Perales, Nueva Loja, Sucumbíos,-76.8834932,0.0850591,184.27,Pública,Universidad Central del Ecuador (UCE)
Salomé Mateo,Mercader, El Coca, Orellana,-76.9837216,-0.4721804,172.26,Pública,Escuela Politécnica del Ejército (ESPE)
Edinson Héctor Cardozo,Torres, Muisne, Esmeraldas,-79.8817211,0.5387247,174.09,Pública,Universidad Central del Ecuador (UCE)
Sergio Alexander Padilla,Calderón,Zaruma, El Oro,-79.5131743,-3.5111939,382.47,Pública,Escuela Politécnica Nacional (EPN)
Ismael,Galván,Caluma, Bolívar,-79.1963263,-1.5976675,171.01,Pública,Universidad Central del Ecuador (UCE)
Alejo,Aguero, Chordeleg, Azuay,-78.7307218,-2.9844675,308.33,Pública,Universidad Central del Ecuador (UCE)
Rosa María,Cuenca, Alamor, Loja,-80.0197281,-4.0181681,454.31,Pública,Escuela Politécnica Nacional (EPN)
Pedro José Luis Quintanilla,Cerdá,Arenillas, El Oro,-80.0974316,-3.5859238,413.63,Pública,Escuela Politécnica Nacional (EPN)
Clemente Font,Barco, Calceta, Manabí,-80.1640382,-0.8480934,196.48,Privada,Universidad San Francisco de Quito (USFQ)
María Eugenia Arteaga,Muro, Narcisa de Jesús, Guayas,-80.2384404,-1.6118103,246.52,Pública,Universidad Central del Ecuador (UCE)
José Carlos Marisol Santiago,Osorio, Flavio Alfaro, Manabí,-79.844538,-0.3242859,148.59,Pública,Universidad Central del Ecuador (UCE)
Dionisio Perales,Torrijos,Sucúa, Morona Santiago,-78.1727383,-2.4560109,251.46,Pública,Universidad Central del Ecuador (UCE)
Thiago Daniel Agustin,Molina,Pasaje, El Oro,-79.7625976,-3.3234936,372.0,Privada,Universidad Tecnológica Indoamérica (UTI)
Yuliana Muñoz,Serrano, El Guabo, El Oro,-79.7584498,-3.1629001,355.32,Pública,Universidad Central del Ecuador (UCE)
Alberto Guadalupe Ayala,Cánovas, Chambo, Chimborazo,-78.5425997,-1.74403,169.48,Pública,Universidad Central del Ecuador (UCE)
Vicente Espartaco,Fonseca,Guaranda, Bolívar,-79.0576662,-1.4398571,148.56,Privada,Pontificia Universidad Católica del Ecuador (PUCE)
Rafael Leal,Parada,Caluma, Bolívar,-79.1963263,-1.5976675,171.01,Pública,Universidad Central del Ecuador (UCE)
Zaida Catalán,Duran, Alausí, Chimborazo,-78.703566,-2.3250494,235.02,Privada,Universidad de las Américas (UDLA)
Edmundo del,Llopis, Paján, Manabí,-80.4212975,-1.7040791,268.83,Privada,Universidad Tecnológica Equinoccial (UTE)
Mia Jazmin,Medina, Tulcán, Carchi,-77.7172151,0.8115707,144.84,Pública,Universidad Central del Ecuador (UCE)
Hermelinda,Soliz, Pedernales, Manabí,-79.8451737,0.0693259,151.66,Pública,Escuela Politécnica del Ejército (ESPE)
Sr(a). Benjamin,Franco,El Ángel, Carchi,-77.9396301,0.6211998,113.17,Pública,Universidad Central del Ecuador (UCE)
Jesús,González, Pedernales, Manabí,-79.8451737,0.0693259,151.66,Pública,Escuela Politécnica Nacional (EPN)
Eliana Morcillo,Lluch, San Miguel de Los Bancos, Pichincha,-78.9214659,-0.0188368,50.7,Pública,Escuela Politécnica del Ejército (ESPE)
Juan,Delgado, Paján, Manabí,-80.4212975,-1.7040791,268.83,Pública,Universidad Central del Ecuador (UCE)
Ruby Páez,Maya,El Ángel, Carchi,-77.9396301,0.6211998,113.17,Pública,Universidad Andina Simón Bolívar (UASB)
Vanesa Salinas,Lucero,Atuntaqui, Imbabura,-78.219615,0.3316022,69.45,Pública,Universidad Central del Ecuador (UCE)
Diego Daza,Orozco, Gualaceo, Azuay,-78.8461586,-2.9180205,302.27,Pública,Universidad Andina Simón Bolívar (UASB)
Estela Oswaldo Rolón,Muñoz, Machala, El Oro,-79.9512804,-3.3148937,379.46,Pública,Escuela Politécnica Nacional (EPN)
Marisol Pardo,Díaz, El Carmen, Manabí,-79.5741548,-0.4809541,121.58,Pública,Universidad Central del Ecuador (UCE)
Belen Jordán,España, Santa Ana, Manabí,-80.2631268,-1.1944701,222.78,Pública,Universidad Central del Ecuador (UCE)
Martha Martha,Bohórquez, Durán, Guayas,-79.7895887,-2.2127014,263.15,Pública,Universidad Central del Ecuador (UCE)
Thiago Maria Victoria Medina,Gomez, Machala, El Oro,-79.9512804,-3.3148937,379.46,Privada,Universidad de las Américas (UDLA)
Marisa,Belda-Sureda,Guaranda, Bolívar,-79.0576662,-1.4398571,148.56,Pública,Universidad Central del Ecuador (UCE)
Sr(a). Juana,Tamayo, Valencia, Los Ríos,-79.3211355,-0.7696521,108.72,Pública,Universidad Central del Ecuador (UCE)
Andrés Márquez,Hernández, Samborondón, Guayas,-79.7562694,-2.0155653,242.86,Privada,Pontificia Universidad Católica del Ecuador (PUCE)
Lucas Rebeca Reyna,Collazo, Cariamanga, Loja,-79.5559525,-4.326038,471.04,Privada,Universidad Politécnica Salesiana (UPS)
Ligia Reyes,Barrera, Portoviejo, Manabí,-80.4534134,-1.05282,234.85,Pública,Universidad Central del Ecuador (UCE)
Tania Ana Luisa Acuña,Razo,Puyo, Pastaza,-77.9969666,-1.4854777,151.92,Pública,Universidad Central del Ecuador (UCE)
Mery Ana Cabrera,Rincón, Pedro Carbo, Guayas,-80.3009814,-1.8672671,270.34,Pública,Escuela Politécnica Nacional (EPN)
Marino Roura,Román, Naranjito, Guayas,-79.3904646,-2.1590388,236.66,Privada,Universidad de las Américas (UDLA)
Lucía,Alvarez,Ventanas, Los Ríos,-79.3351558,-1.3253915,153.21,Pública,Universidad Central del Ecuador (UCE)
Chus del,Alcalá, Lomas de Sargentillo, Guayas,-80.0789495,-1.8348374,250.14,Pública,Universidad Central del Ecuador (UCE)
María María Ardila,Torres,Montecristi, Manabí,-80.6606834,-1.0504072,256.09,Privada,Universidad Tecnológica Equinoccial (UTE)
Carlos,Flórez, Macará, Loja,-79.9154486,-4.3490358,484.84,Privada,Universidad Politécnica Salesiana (UPS)
María Gómez,Núñez,Zaruma, El Oro,-79.5131743,-3.5111939,382.47,Pública,Universidad Central del Ecuador (UCE)
Dr(a). Lorenzo,Castillo, Tosagua, Manabí,-80.2577186,-0.7755207,203.66,Pública,Escuela Politécnica Nacional (EPN)
Minerva Jorge Escobedo de,Anda,La Concordia, Santo Domingo de los Tsáchilas,-79.462977,-0.0441108,107.5,Pública,Universidad Central del Ecuador (UCE)
Francisco Ojeda,Fernandez, Valencia, Los Ríos,-79.3211355,-0.7696521,108.72,Pública,Escuela Politécnica Nacional (EPN)
Ligia,Dominguez-Casal, El Tambo, Cañar,-78.9133964,-2.4828078,255.51,Pública,Escuela Politécnica Nacional (EPN)
Liliana,Bedoya,Zaruma, El Oro,-79.5131743,-3.5111939,382.47,Pública,Escuela Politécnica Nacional (EPN)
Amanda Nadia Campoy,Aller,San Lorenzo, Esmeraldas,-78.6869333,0.9850634,135.41,Pública,Universidad Central del Ecuador (UCE)
Horacio Saldaña,Pinto,Yaguachi, Guayas,-79.9134536,-2.2015355,269.81,Pública,Universidad Central del Ecuador (UCE)
Dolores del,Coronado,Sangolquí, Pichincha,-78.4483476,-0.3288822,14.03,Pública,Universidad Central del Ecuador (UCE)
Hermelinda Peres,Campos, Alausí, Chimborazo,-78.703566,-2.3250494,235.02,Pública,Escuela Politécnica del Ejército (ESPE)
Laura Burbano,Molina, Chambo, Chimborazo,-78.5425997,-1.74403,169.48,Pública,Universidad Central del Ecuador (UCE)
Baudelio Ruben Camino,Valenciano, Cañar, Cañar,-79.1800778,-2.4749335,261.48,Pública,Escuela Politécnica del Ejército (ESPE)
Dr. Frida,Solorzano, Flavio Alfaro, Manabí,-79.844538,-0.3242859,148.59,Pública,Instituto de Altos Estudios Nacionales (IAEN)
Lucas Gustavo Cruz,Arenas,Catarama, Los Ríos,-79.4750201,-1.5692196,184.28,Pública,Universidad Central del Ecuador (UCE)
Luciano Jazmin,Martinez, San Miguel de Los Bancos, Pichincha,-78.9214659,-0.0188368,50.7,Pública,Escuela Politécnica Nacional (EPN)
Wilfredo Cano,Uribe, La Joya de los Sachas, Orellana,-76.8611463,-0.3161424,183.91,Pública,Escuela Politécnica Nacional (EPN)
Nayeli Benavídez,Campos, El Tambo, Cañar,-78.9133964,-2.4828078,255.51,Pública,Instituto de Altos Estudios Nacionales (IAEN)
Ángela Francia Ortiz,Martínez, Echeandía, Bolívar,-79.2735861,-1.4469547,160.54,Pública,Instituto de Altos Estudios Nacionales (IAEN)
Gregorio Murillo,Marroquín,Babahoyo, Los Ríos,-79.5068917,-1.8762599,214.79,Pública,Escuela Politécnica Nacional (EPN)
Catalina Navarro,Gonzalez, San Gabriel, Carchi,-77.835319,0.598485,118.12,Privada,Universidad de las Américas (UDLA)
Isaac Jorge,Quezada, Echeandía, Bolívar,-79.2735861,-1.4469547,160.54,Pública,Escuela Politécnica del Ejército (ESPE)
Rosa Carolina,González, Chordeleg, Azuay,-78.7307218,-2.9844675,308.33,Pública,Universidad Central del Ecuador (UCE)
Victoria,Alvarez,Tena, Napo,-78.1083981,-0.9438718,92.16,Pública,Escuela Politécnica del Ejército (ESPE)
Lara,Figueroa, General Villamil, Guayas,-80.4261454,-2.5937913,338.99,Privada,Universidad Tecnológica Equinoccial (UTE)
Pablo Barral,Cuervo, Palestina, Guayas,-79.9273316,-1.6318981,222.24,Pública,Universidad Central del Ecuador (UCE)
Zaida Tolosa,Ríos, Durán, Guayas,-79.7895887,-2.2127014,263.15,Pública,Escuela Politécnica Nacional (EPN)
Lic. Jorge,Anaya, Quevedo, Los Ríos,-79.4776812,-1.0669701,142.78,Pública,Universidad Central del Ecuador (UCE)
Micaela,Carreón,Catacocha, Loja,-79.6497578,-4.0503147,444.24,Pública,Universidad Central del Ecuador (UCE)
Isabella,Perez, Alamor, Loja,-80.0197281,-4.0181681,454.31,Pública,Universidad Central del Ecuador (UCE)
Dayana,Buitrago, Santa Isabel, Azuay,-79.3594118,-3.1839392,342.74,Privada,Universidad Politécnica Salesiana (UPS)
Norma Octavio Cadena,Prieto, Cariamanga, Loja,-79.5559525,-4.326038,471.04,Pública,Escuela Politécnica del Ejército (ESPE)
Javier,Olmos, Chambo, Chimborazo,-78.5425997,-1.74403,169.48,Pública,Escuela Politécnica del Ejército (ESPE)
Ing. Ana,Alba,Saraguro, Loja,-79.3063889,-3.5269465,378.14,Pública,Universidad Central del Ecuador (UCE)
Lic. Miguel Ángel de,Jesús,Sucúa, Morona Santiago,-78.1727383,-2.4560109,251.46,Privada,Universidad Tecnológica Equinoccial (UTE)
Estrella Hernando,Muro, Píllaro, Tungurahua,-78.5423177,-1.1725302,105.95,Pública,Escuela Politécnica Nacional (EPN)
Johana,Caicedo, Chambo, Chimborazo,-78.5425997,-1.74403,169.48,Pública,Universidad Central del Ecuador (UCE)
Augusto,Rodriguez, Colimes, Guayas,-80.0818751,-1.5161582,226.31,Pública,Universidad Central del Ecuador (UCE)
Dr(a). Catalina,Aguirre, Pimampiro, Imbabura,-77.9402742,0.393298,93.27,Pública,Universidad Central del Ecuador (UCE)
Jackeline Alicia,Rodríguez, Pelileo, Tungurahua,-78.537307,-1.3573827,126.48,Pública,Escuela Politécnica del Ejército (ESPE)
Martina,Molina,Jaramijó, Manabí,-80.6134583,-0.9743883,248.22,Privada,Universidad Internacional del Ecuador (UIDE)
María Pilar Merche Mayo,Verdugo,San Lorenzo, Esmeraldas,-78.6869333,0.9850634,135.41,Pública,Escuela Politécnica Nacional (EPN)
Jacinto,Narváez, El Coca, Orellana,-76.9837216,-0.4721804,172.26,Privada,Pontificia Universidad Católica del Ecuador (PUCE)
Telmo del,Mármol, Santo Domingo, Santo Domingo de los Tsáchilas,-79.1686724,-0.2546212,73.08,Pública,Escuela Politécnica Nacional (EPN)
Thiago Agustin Juan Ignacio Coronel,Diaz, Santo Domingo, Santo Domingo de los Tsáchilas,-79.1686724,-0.2546212,73.08,Pública,Universidad Central del Ecuador (UCE)
Néstor Ciro,Jiménez,Bucay, Guayas,-79.1376329,-2.2004367,230.91,Privada,Pontificia Universidad Católica del Ecuador (PUCE)
María Ana,Hernández,Tena, Napo,-78.1083981,-0.9438718,92.16,Pública,Escuela Politécnica Nacional (EPN)
Valentina Diaz,Gomez, Cotacachi, Imbabura,-78.4507013,0.3955234,68.8,Pública,Universidad Central del Ecuador (UCE)
Facundo Sofia Belen,Vera, Balao, Guayas,-79.7180498,-2.8852516,325.24,Pública,Escuela Politécnica del Ejército (ESPE)
Amalia Casal,Sanjuan,Macas, Morona Santiago,-78.1175466,-2.3046252,235.9,Pública,Universidad Central del Ecuador (UCE)
Sr(a). Ciro Benjamin,Gonzalez,Ventanas, Los Ríos,-79.3351558,-1.3253915,153.21,Pública,Escuela Politécnica Nacional (EPN)
Iris del,Verdugo, Valencia, Los Ríos,-79.3211355,-0.7696521,108.72,Pública,Universidad Central del Ecuador (UCE)
Dr. Carolina,Cano, Shushufindi, Sucumbíos,-76.5906945,-0.2885051,213.81,Pública,Escuela Politécnica Nacional (EPN)
Dr(a). Juan Bautista,Alvarez, Alamor, Loja,-80.0197281,-4.0181681,454.31,Pública,Universidad Central del Ecuador (UCE)
Leonel Jacobo Lozano,Regalado, Huaquillas, El Oro,-80.184453,-3.4756231,406.89,Privada,Universidad de las Américas (UDLA)
Liliana Salvador,Sepúlveda, Milagro, Guayas,-79.5552042,-2.1179635,240.77,Pública,Escuela Politécnica del Ejército (ESPE)
Guillermo Willian,Barrera, Celica, Loja,-79.9851762,-4.1648137,468.15,Pública,Universidad Central del Ecuador (UCE)
Sofía Gregorio,Montaño,Zamora, Zamora Chinchipe,-78.9577754,-4.0042008,423.67,Pública,Escuela Politécnica del Ejército (ESPE)
Nadia Patricia,Medrano, Isidro Ayora, Guayas,-80.1463096,-1.8796754,258.94,Pública,Instituto de Altos Estudios Nacionales (IAEN)
Mar Tenorio,Rincón, Durán, Guayas,-79.7895887,-2.2127014,263.15,Pública,Universidad Central del Ecuador (UCE)
Rubén Guzmán,Rodríguez,Zaruma, El Oro,-79.5131743,-3.5111939,382.47,Privada,Pontificia Universidad Católica del Ecuador (PUCE)
Yuridia Badillo,Feliciano, Quevedo, Los Ríos,-79.4776812,-1.0669701,142.78,Pública,Escuela Politécnica Nacional (EPN)
Nathalia Carrillo,Sánchez,Machachi, Pichincha,-78.6516915,-0.4984774,34.61,Pública,Universidad Andina Simón Bolívar (UASB)
Cristian Renato Antúnez,Palmer, La Joya de los Sachas, Orellana,-76.8611463,-0.3161424,183.91,Pública,Escuela Politécnica del Ejército (ESPE)
Mora Peralta,Castro, El Guabo, El Oro,-79.7584498,-3.1629001,355.32,Privada,Universidad Internacional del Ecuador (UIDE)
Lic. Eva,Segura, Pedernales, Manabí,-79.8451737,0.0693259,151.66,Pública,Escuela Politécnica del Ejército (ESPE)
Juana,Giraldo, San Miguel de Los Bancos, Pichincha,-78.9214659,-0.0188368,50.7,Pública,Universidad Central del Ecuador (UCE)
María,Vargas, Velasco Ibarra, Guayas,-79.8779821,-2.2843364,275.19,Pública,Universidad Andina Simón Bolívar (UASB)
Thiago Emanuel Federico,Moreno,El Triunfo, Guayas,-79.3660575,-2.2907784,249.03,Pública,Universidad Andina Simón Bolívar (UASB)
Guadalupe Marisol,Díaz, Huaca, Carchi,-77.727333,0.7987391,143.02,Pública,Universidad Central del Ecuador (UCE)
Chema Vilaplana,Carreras,Macas, Morona Santiago,-78.1175466,-2.3046252,235.9,Pública,Universidad Central del Ecuador (UCE)
Pedro Castro,Fernandez, Cotacachi, Imbabura,-78.4507013,0.3955234,68.8,Privada,Universidad de las Américas (UDLA)
Claudia,Blanco, San Miguel de Los Bancos, Pichincha,-78.9214659,-0.0188368,50.7,Pública,Universidad Central del Ecuador (UCE)
Cristian Medrano,Zambrano, Guano, Chimborazo,-78.6578385,-1.539923,147.64,Pública,Escuela Politécnica del Ejército (ESPE)
Soledad Nadia Mascaró,Trujillo,Macas, Morona Santiago,-78.1175466,-2.3046252,235.9,Pública,Universidad Central del Ecuador (UCE)
Socorro Cecilia,Torres, Pimampiro, Imbabura,-77.9402742,0.393298,93.27,Pública,Universidad Central del Ecuador (UCE)
Sr(a). Natalia,Crespo, Junín, Manabí,-80.2054147,-0.9394745,204.54,Pública,Universidad Central del Ecuador (UCE)
Dr(a). Catalina,Diaz, Palora, Morona Santiago,-77.9675269,-1.6981449,175.15,Pública,Instituto de Altos Estudios Nacionales (IAEN)
Isabel Jorge Luis Lozada,Gamez, Archidona, Napo,-77.955042,-0.7160712,82.95,Pública,Escuela Politécnica Nacional (EPN)
Sr(a). Juan Ignacio,Sosa, Pedro Vicente Maldonado, Pichincha,-79.0400619,0.1612052,72.4,Privada,Pontificia Universidad Católica del Ecuador (PUCE)
Ing. Federico,Arenas, El Tambo, Cañar,-78.9133964,-2.4828078,255.51,Pública,Universidad Central del Ecuador (UCE)
Aníbal Garcés,Flórez, El Coca, Orellana,-76.9837216,-0.4721804,172.26,Pública,Instituto de Altos Estudios Nacionales (IAEN)
Bertha,Pinto,Pujilí, Cotopaxi,-78.8559205,-1.0077046,95.54,Privada,Universidad Politécnica Salesiana (UPS)
Mauricio Jesús Arango,Ruiz, Atacames, Esmeraldas,-79.8790841,0.7971086,189.45,Pública,Universidad Central del Ecuador (UCE)
Celso Aguilera,Bastida,Otavalo, Imbabura,-78.2454274,0.2227636,57.5,Pública,Universidad Central del Ecuador (UCE)
Luz Bernardo,Flórez, Cariamanga, Loja,-79.5559525,-4.326038,471.04,Pública,Universidad Central del Ecuador (UCE)
Thiago Valentin Fernandez,Medina, Valencia, Los Ríos,-79.3211355,-0.7696521,108.72,Pública,Universidad Central del Ecuador (UCE)
María,Martínez, Colimes, Guayas,-80.0818751,-1.5161582,226.31,Pública,Escuela Politécnica Nacional (EPN)
Alexandra Martha,Muñoz, Naranjito, Guayas,-79.3904646,-2.1590388,236.66,Privada,Universidad Tecnológica Indoamérica (UTI)
Agustín,Benitez, Mocache, Los Ríos,-79.5512661,-1.1979,158.63,Pública,Universidad Central del Ecuador (UCE)
Nerea Carrasco,Aguado, Gualaquiza, Morona Santiago,-78.706485,-3.3277138,346.22,Pública,Escuela Politécnica del Ejército (ESPE)
Amalia,Belmonte-Pallarès, Portoviejo, Manabí,-80.4534134,-1.05282,234.85,Privada,Pontificia Universidad Católica del Ecuador (PUCE)
Rubén Olegario Mata,Bolaños,Santa Elena, Santa Elena,-80.8576945,-2.2270098,343.18,Pública,Escuela Politécnica Nacional (EPN)
Eduardo Emilio Gómez,Sánchez,Ventanas, Los Ríos,-79.3351558,-1.3253915,153.21,Pública,Escuela Politécnica Nacional (EPN)
Julio César Patricio,Lucero,Simón Bolívar, Guayas,-79.4218634,-2.0424101,226.45,Pública,Universidad Central del Ecuador (UCE)
Zoé Vicente Niño,Alba, Chambo, Chimborazo,-78.5425997,-1.74403,169.48,Pública,Universidad Central del Ecuador (UCE)
Alma Adame,Vega,Quinsaloma, Los Ríos,-79.3468998,-1.1460552,138.6,Pública,Escuela Politécnica Nacional (EPN)
Sr(a). Julieta,Cardozo,Machachi, Pichincha,-78.6516915,-0.4984774,34.61,Pública,Universidad Central del Ecuador (UCE)
Adriana Paula Molina,Pérez,El Triunfo, Guayas,-79.3660575,-2.2907784,249.03,Pública,Universidad Central del Ecuador (UCE)
Mtro. Eloisa,Carrero, Alausí, Chimborazo,-78.703566,-2.3250494,235.02,Pública,Universidad Central del Ecuador (UCE)
Sr(a). Paulina,Riojas, Cotacachi, Imbabura,-78.4507013,0.3955234,68.8,Pública,Instituto de Altos Estudios Nacionales (IAEN)
Nico Anastasio Iglesia,Cabello, Naranjito, Guayas,-79.3904646,-2.1590388,236.66,Pública,Universidad Central del Ecuador (UCE)
Lic. Isabel,Munguía, Esmeraldas, Esmeraldas,-79.6523847,0.9668153,183.0,Privada,Universidad Politécnica Salesiana (UPS)
Benito Gloria,Barrios,Salitre, Guayas,-79.8187323,-1.8289209,230.42,Privada,Pontificia Universidad Católica del Ecuador (PUCE)
Mercedes María del Carmen Méndez,Malave,Caluma, Bolívar,-79.1963263,-1.5976675,171.01,Pública,Escuela Politécnica del Ejército (ESPE)
Ing. José,Mata, Valdez, Esmeraldas,-78.9826345,1.2489838,171.53,Pública,Escuela Politécnica Nacional (EPN)
Benjamin Emma,Diaz, Rocafuerte, Manabí,-80.4012121,-0.9032437,223.34,Pública,Escuela Politécnica del Ejército (ESPE)
Giuliana Valentino Ponce,Lucero,Atuntaqui, Imbabura,-78.219615,0.3316022,69.45,Pública,Universidad Central del Ecuador (UCE)
Benicio,Sanchez, Milagro, Guayas,-79.5552042,-2.1179635,240.77,Pública,Escuela Politécnica Nacional (EPN)
Mohamed Bilbao,Lozano, Cumandá, Chimborazo,-79.103584,-2.2108666,230.91,Pública,Escuela Politécnica Nacional (EPN)
Dr. Frida,Bermúdez, La Troncal, Cañar,-79.3751632,-2.433689,264.16,Privada,Pontificia Universidad Católica del Ecuador (PUCE)
Teobaldo Vendrell,Anguita, Lomas de Sargentillo, Guayas,-80.0789495,-1.8348374,250.14,Pública,Universidad Central del Ecuador (UCE)
Sr(a). Mia Morena,Molina, Macará, Loja,-79.9154486,-4.3490358,484.84,Privada,Universidad de las Américas (UDLA)
Guadalupe Delfina,Ramos, Palora, Morona Santiago,-77.9675269,-1.6981449,175.15,Pública,Universidad Central del Ecuador (UCE)
Cristina Palacios,Medina, Huaca, Carchi,-77.727333,0.7987391,143.02,Privada,Universidad Tecnológica Equinoccial (UTE)
Teobaldo de,Vilaplana,Zaruma, El Oro,-79.5131743,-3.5111939,382.47,Pública,Universidad Central del Ecuador (UCE)
Cristobal,Duarte,Catarama, Los Ríos,-79.4750201,-1.5692196,184.28,Privada,Universidad de las Américas (UDLA)
Jorge,Arevalo, Santo Domingo, Santo Domingo de los Tsáchilas,-79.1686724,-0.2546212,73.08,Pública,Escuela Politécnica Nacional (EPN)
Esther,Barajas,Jaramijó, Manabí,-80.6134583,-0.9743883,248.22,Pública,Universidad Central del Ecuador (UCE)
David Hernán,Delgado, Rocafuerte, Manabí,-80.4012121,-0.9032437,223.34,Pública,Universidad Central del Ecuador (UCE)
Felipe Cárdenas,Gómez, El Carmen, Manabí,-79.5741548,-0.4809541,121.58,Privada,Universidad de las Américas (UDLA)
Dayana Beatriz,Salcedo, Pedro Vicente Maldonado, Pichincha,-79.0400619,0.1612052,72.4,Pública,Universidad Andina Simón Bolívar (UASB)
Liliana Rivera,Fernández, Macará, Loja,-79.9154486,-4.3490358,484.84,Pública,Escuela Politécnica del Ejército (ESPE)
Dionisia,Peñalver, Valdez, Esmeraldas,-78.9826345,1.2489838,171.53,Pública,Escuela Politécnica del Ejército (ESPE)
Lic. Jesús,Montaño,Saraguro, Loja,-79.3063889,-3.5269465,378.14,Pública,Universidad Central del Ecuador (UCE)
Angelina,Gonzalez, Archidona, Napo,-77.955042,-0.7160712,82.95,Pública,Escuela Politécnica del Ejército (ESPE)
Daniel,Godínez,Ibarra, Imbabura,-78.1329448,0.5159369,92.08,Privada,Universidad de las Américas (UDLA)
Milagros,Lucas,Babahoyo, Los Ríos,-79.5068917,-1.8762599,214.79,Pública,Universidad Central del Ecuador (UCE)
Eduardo Cristina,Nájera, Guayaquil, Guayas,-80.0983887,-2.2895167,289.88,Privada,Universidad de las Américas (UDLA)
Hipólito del,Carballo, Paján, Manabí,-80.4212975,-1.7040791,268.83,Privada,Universidad Internacional del Ecuador (UIDE)
Jazmin,Luna,Babahoyo, Los Ríos,-79.5068917,-1.8762599,214.79,Pública,Universidad Central del Ecuador (UCE)
Emma Fernandez,Luna, Pedro Carbo, Guayas,-80.3009814,-1.8672671,270.34,Pública,Universidad Central del Ecuador (UCE)
Sr(a). Renato,Contreras, Buena Fe, Los Ríos,-79.5296983,-0.7488694,127.49,Pública,Universidad Central del Ecuador (UCE)
Efraín Escolano,Villanueva, Catamayo, Loja,-79.403789,-3.9912144,430.86,Pública,Universidad Central del Ecuador (UCE)
Sr(a). Enzo,Ojeda, Chambo, Chimborazo,-78.5425997,-1.74403,169.48,Pública,Escuela Politécnica Nacional (EPN)
Sandra Angie,Ortega, Pimampiro, Imbabura,-77.9402742,0.393298,93.27,Pública,Universidad Central del Ecuador (UCE)
Delfina Renata,Fernandez, Mocache, Los Ríos,-79.5512661,-1.1979,158.63,Privada,Universidad San Francisco de Quito (USFQ)
Ing. Gabino de la,Fuente, Montalvo, Los Ríos,-79.348133,-1.8025855,198.99,Privada,Universidad de las Américas (UDLA)
Orlando Andrés Rivera,Hernández, Isidro Ayora, Guayas,-80.1463096,-1.8796754,258.94,Pública,Escuela Politécnica del Ejército (ESPE)
Juan Carlos,Varela, Paute, Azuay,-78.7362416,-2.7468493,282.05,Pública,Escuela Politécnica Nacional (EPN)
Sofía Joaquin,Mendoza, Biblián, Cañar,-78.9802821,-2.6748261,277.86,Pública,Universidad Central del Ecuador (UCE)
Lidia de,Buendía, Gualaquiza, Morona Santiago,-78.706485,-3.3277138,346.22,Pública,Universidad Central del Ecuador (UCE)
Alvaro Juan Pablo,Gonzalez,Latacunga, Cotopaxi,-78.6145758,-0.9340311,80.19,Pública,Escuela Politécnica Nacional (EPN)
Dr(a). Thiago,Gonzalez, Montalvo, Los Ríos,-79.348133,-1.8025855,198.99,Pública,Escuela Politécnica del Ejército (ESPE)
Maria Luz Jazmin,Vazquez,Saraguro, Loja,-79.3063889,-3.5269465,378.14,Privada,Pontificia Universidad Católica del Ecuador (PUCE)
Fernanda Carmen,Castañeda, Vinces, Los Ríos,-79.766045,-1.5235263,201.08,Privada,Pontificia Universidad Católica del Ecuador (PUCE)
Marcelino Urbano Real,Jiménez, Flavio Alfaro, Manabí,-79.844538,-0.3242859,148.59,Pública,Escuela Politécnica del Ejército (ESPE)
Abraham Vélez,Solorzano, Naranjito, Guayas,-79.3904646,-2.1590388,236.66,Pública,Escuela Politécnica Nacional (EPN)
Adelaida,Perez, Samborondón, Guayas,-79.7562694,-2.0155653,242.86,Privada,Pontificia Universidad Católica del Ecuador (PUCE)
Lucas Jos Carbajal,Correa,El Ángel, Carchi,-77.9396301,0.6211998,113.17,Pública,Universidad Central del Ecuador (UCE)
Dr(a). Thiago Benjamin,Rojas, San Miguel de Salcedo, Cotopaxi,-78.5907824,-1.043699,91.99,Pública,Universidad Central del Ecuador (UCE)
Reinel,Medina, Portoviejo, Manabí,-80.4534134,-1.05282,234.85,Pública,Escuela Politécnica Nacional (EPN)
Pedro,Valdés, Pedernales, Manabí,-79.8451737,0.0693259,151.66,Privada,Pontificia Universidad Católica del Ecuador (PUCE)
Thiago Lautaro Benjamin,Perez, Jujan, Guayas,-79.5495283,-1.9494337,224.21,Privada,Universidad Tecnológica Indoamérica (UTI)
Sergio Diego,Hernández,Guaranda, Bolívar,-79.0576662,-1.4398571,148.56,Pública,Universidad Central del Ecuador (UCE)
Jacinto de,Cabrera, Portoviejo, Manabí,-80.4534134,-1.05282,234.85,Privada,Universidad Internacional del Ecuador (UIDE)
Lic. Ivonne,Urbina,Santa Elena, Santa Elena,-80.8576945,-2.2270098,343.18,Pública,Universidad Central del Ecuador (UCE)
Guiomar Adadia,Bou, Camilo Ponce Enríquez, Azuay,-79.5630363,-2.9640696,326.69,Pública,Escuela Politécnica del Ejército (ESPE)
Ruby,Puga, Urcuquí, Imbabura,-78.1941499,0.4172921,79.22,Privada,Universidad Politécnica Salesiana (UPS)
Eleuterio Girona,Peláez,Montecristi, Manabí,-80.6606834,-1.0504072,256.09,Pública,Universidad Central del Ecuador (UCE)
Alma Paloma Planas,Pérez, La Libertad, Santa Elena,-80.9077647,-2.2208117,346.98,Pública,Escuela Politécnica Nacional (EPN)
Enith,Fonseca, Jipijapa, Manabí,-80.6124982,-1.5158193,274.37,Pública,Escuela Politécnica Nacional (EPN)
Benjamin,Roldan,Montecristi, Manabí,-80.6606834,-1.0504072,256.09,Pública,Universidad Central del Ecuador (UCE)
María Karen Delgado,Moreno, Alausí, Chimborazo,-78.703566,-2.3250494,235.02,Pública,Universidad Central del Ecuador (UCE)
Jorge Luis Griego,Abrego, Colimes, Guayas,-80.0818751,-1.5161582,226.31,Pública,Universidad Central del Ecuador (UCE)
Gerónimo Pabón,Morales, Echeandía, Bolívar,-79.2735861,-1.4469547,160.54,Pública,Universidad Central del Ecuador (UCE)
Maria Victoria,Gutierrez, Atacames, Esmeraldas,-79.8790841,0.7971086,189.45,Pública,Escuela Politécnica del Ejército (ESPE)
Leonardo Luís,Oliveras,Saraguro, Loja,-79.3063889,-3.5269465,378.14,Pública,Universidad Central del Ecuador (UCE)
David,Corredor, Junín, Manabí,-80.2054147,-0.9394745,204.54,Privada,Universidad Tecnológica Indoamérica (UTI)
Dante,Perez,El Ángel, Carchi,-77.9396301,0.6211998,113.17,Privada,Universidad Internacional del Ecuador (UIDE)
Sr(a). Lautaro Benjamin,Gimenez, Chone, Manabí,-80.0721599,-0.3828099,174.38,Privada,Universidad Internacional del Ecuador (UIDE)
Mariela Ivonne,Pardo, Coronel Marcelino Maridueña, Guayas,-79.3861649,-2.2333628,244.02,Privada,Universidad Internacional del Ecuador (UIDE)
Horacio Julio Fuentes,Uribe, Jujan, Guayas,-79.5495283,-1.9494337,224.21,Privada,Universidad de las Américas (UDLA)
Alfonsina,Guzman,Cayambe, Pichincha,-77.9889555,0.0251586,64.27,Pública,Universidad Central del Ecuador (UCE)
Valentina Alvarez,Caceres, Milagro, Guayas,-79.5552042,-2.1179635,240.77,Pública,Universidad Central del Ecuador (UCE)
Ignacio Liliana,Morales, Calceta, Manabí,-80.1640382,-0.8480934,196.48,Pública,Escuela Politécnica Nacional (EPN)
Edelmiro,Madrigal-Buendía,Catarama, Los Ríos,-79.4750201,-1.5692196,184.28,Pública,Universidad Central del Ecuador (UCE)
Bautista Isabel Herrera,Sosa, La Joya de los Sachas, Orellana,-76.8611463,-0.3161424,183.91,Pública,Escuela Politécnica del Ejército (ESPE)
Clemencia Carrillo,Chávez, Jujan, Guayas,-79.5495283,-1.9494337,224.21,Pública,Universidad Central del Ecuador (UCE)
Francisco Emma,Perez, Chambo, Chimborazo,-78.5425997,-1.74403,169.48,Pública,Universidad Central del Ecuador (UCE)
Felix Serafín,Moya,Salitre, Guayas,-79.8187323,-1.8289209,230.42,Pública,Universidad Central del Ecuador (UCE)
Carla Berríos,Salcedo, Guayaquil, Guayas,-80.0983887,-2.2895167,289.88,Privada,Universidad Tecnológica Equinoccial (UTE)
Alondra del,Pera, Coronel Marcelino Maridueña, Guayas,-79.3861649,-2.2333628,244.02,Pública,Escuela Politécnica Nacional (EPN)
Mateo Walter Córdoba,Castro, Píllaro, Tungurahua,-78.5423177,-1.1725302,105.95,Pública,Universidad Central del Ecuador (UCE)
Mtro. Leonel,Garibay, Tulcán, Carchi,-77.7172151,0.8115707,144.84,Pública,Universidad Central del Ecuador (UCE)
Olivia Piña,Romo, Sucre, Manabí,-80.4199056,-0.7326786,219.63,Pública,Universidad Central del Ecuador (UCE)
Fanny,Prada, Velasco Ibarra, Guayas,-79.8779821,-2.2843364,275.19,Pública,Instituto de Altos Estudios Nacionales (IAEN)
Carla,Sisneros,Catarama, Los Ríos,-79.4750201,-1.5692196,184.28,Pública,Escuela Politécnica Nacional (EPN)
Luciano Benjamin Diaz,Nuñez, Atacames, Esmeraldas,-79.8790841,0.7971086,189.45,Pública,Universidad Central del Ecuador (UCE)
Mario Fernando,Caicedo,San Vicente, Manabí,-80.3761409,-0.4373946,208.65,Privada,Universidad Internacional del Ecuador (UIDE)
Mariana Sara Montalvo,Navarrete, Machala, El Oro,-79.9512804,-3.3148937,379.46,Pública,Universidad Central del Ecuador (UCE)
Luz,Gaitán,Babahoyo, Los Ríos,-79.5068917,-1.8762599,214.79,Pública,Universidad Andina Simón Bolívar (UASB)
Guadalupe Camila Acosta,Ortiz, Balzar, Guayas,-79.9367148,-1.3062992,199.16,Pública,Universidad Central del Ecuador (UCE)
Genaro Gracia,Vaca, Flavio Alfaro, Manabí,-79.844538,-0.3242859,148.59,Pública,Escuela Politécnica Nacional (EPN)
Santiago,Figueroa,Arenillas, El Oro,-80.0974316,-3.5859238,413.63,Pública,Universidad Central del Ecuador (UCE)
Abril del,Valle,Yantzaza, Zamora Chinchipe,-78.7376344,-3.7146811,389.38,Privada,Universidad San Francisco de Quito (USFQ)
Valentino,Escobar,Jaramijó, Manabí,-80.6134583,-0.9743883,248.22,Pública,Escuela Politécnica del Ejército (ESPE)
Jesús Julio Jaramillo,Castillo, Valencia, Los Ríos,-79.3211355,-0.7696521,108.72,Pública,Escuela Politécnica Nacional (EPN)
Esmeralda Hernández,Rolón,San Vicente, Manabí,-80.3761409,-0.4373946,208.65,Pública,Escuela Politécnica Nacional (EPN)
Petrona Nadal,Juan, Tulcán, Carchi,-77.7172151,0.8115707,144.84,Pública,Escuela Politécnica del Ejército (ESPE)
Julio Eduar,Muñoz,Macas, Morona Santiago,-78.1175466,-2.3046252,235.9,Privada,Universidad de las Américas (UDLA)
Azucena Ortega,Flor, Píllaro, Tungurahua,-78.5423177,-1.1725302,105.95,Pública,Universidad Central del Ecuador (UCE)
Joaquín Irma Segovia,Saavedra,Quinsaloma, Los Ríos,-79.3468998,-1.1460552,138.6,Pública,Universidad Central del Ecuador (UCE)
Olivia Garcia,Morales, Bahía de Caráquez, Manabí,-80.423572,-0.5999649,216.67,Pública,Instituto de Altos Estudios Nacionales (IAEN)
Timoteo Iván,Pérez, Isidro Ayora, Guayas,-80.1463096,-1.8796754,258.94,Privada,Pontificia Universidad Católica del Ecuador (PUCE)
Bautista Romero,Sanchez, Quevedo, Los Ríos,-79.4776812,-1.0669701,142.78,Pública,Escuela Politécnica Nacional (EPN)
Ricardo,Medina, Cañar, Cañar,-79.1800778,-2.4749335,261.48,Privada,Universidad San Francisco de Quito (USFQ)
Lautaro Ezequiel Maximo Acosta,Lopez,Tena, Napo,-78.1083981,-0.9438718,92.16,Pública,Universidad Central del Ecuador (UCE)
Prudencio Guitart,Infante, Atacames, Esmeraldas,-79.8790841,0.7971086,189.45,Privada,Universidad de las Américas (UDLA)
Celso,Puerta, Chone, Manabí,-80.0721599,-0.3828099,174.38,Pública,Universidad Central del Ecuador (UCE)
Amílcar Sáenz,Balaguer, Samborondón, Guayas,-79.7562694,-2.0155653,242.86,Pública,Universidad Central del Ecuador (UCE)
Luciana Blanco,Calleja, Montalvo, Los Ríos,-79.348133,-1.8025855,198.99,Pública,Universidad Central del Ecuador (UCE)
María Montenegro,Giraldo, Palestina, Guayas,-79.9273316,-1.6318981,222.24,Pública,Universidad Central del Ecuador (UCE)
Gloria Margarita,Castro,Quinsaloma, Los Ríos,-79.3468998,-1.1460552,138.6,Pública,Escuela Politécnica del Ejército (ESPE)
Dr. Alicia,Aragón, El Pangui, Zamora Chinchipe,-78.5473049,-3.6253506,378.66,Pública,Universidad Andina Simón Bolívar (UASB)
León Felipe,Bohórquez,Simón Bolívar, Guayas,-79.4218634,-2.0424101,226.45,Privada,Pontificia Universidad Católica del Ecuador (PUCE)
Carlos Roger Montoya,Vega,Tena, Napo,-78.1083981,-0.9438718,92.16,Privada,Pontificia Universidad Católica del Ecuador (PUCE)
Dr(a). Bruno,Godoy, Bahía de Caráquez, Manabí,-80.423572,-0.5999649,216.67,Pública,Universidad Central del Ecuador (UCE)
Jairo David,López, Santa Lucía, Guayas,-80.0426304,-1.7145863,237.82,Pública,Escuela Politécnica Nacional (EPN)
Camilo Carlos,Rodríguez,Caluma, Bolívar,-79.1963263,-1.5976675,171.01,Pública,Escuela Politécnica del Ejército (ESPE)
Gonzalo Mariano Téllez,Aguilera, Montalvo, Los Ríos,-79.348133,-1.8025855,198.99,Pública,Universidad Central del Ecuador (UCE)
Julieta,Vazquez, Píllaro, Tungurahua,-78.5423177,-1.1725302,105.95,Pública,Universidad Central del Ecuador (UCE)
Fanny Esperanza Díaz,Nieto, La Troncal, Cañar,-79.3751632,-2.433689,264.16,Privada,Universidad Politécnica Salesiana (UPS)
Valentina,Vera, Samborondón, Guayas,-79.7562694,-2.0155653,242.86,Pública,Escuela Politécnica Nacional (EPN)
Delfina,Rodriguez, Bahía de Caráquez, Manabí,-80.423572,-0.5999649,216.67,Pública,Universidad Central del Ecuador (UCE)
Ing. Georgina,Linares, Portoviejo, Manabí,-80.4534134,-1.05282,234.85,Pública,Escuela Politécnica Nacional (EPN)
Juan García,Hernández,La Concordia, Santo Domingo de los Tsáchilas,-79.462977,-0.0441108,107.5,Pública,Universidad Central del Ecuador (UCE)
María Pilar Santamaría,Lladó, El Guabo, El Oro,-79.7584498,-3.1629001,355.32,Privada,Pontificia Universidad Católica del Ecuador (PUCE)
Juan Cruz Felipe,Martin, El Tambo, Cañar,-78.9133964,-2.4828078,255.51,Privada,Universidad Politécnica Salesiana (UPS)
Aurelio Luján,Leon, Pedernales, Manabí,-79.8451737,0.0693259,151.66,Pública,Escuela Politécnica del Ejército (ESPE)
Abril,Gonzales, Alausí, Chimborazo,-78.703566,-2.3250494,235.02,Privada,Pontificia Universidad Católica del Ecuador (PUCE)
Adrián Uriarte,Gaya,Atuntaqui, Imbabura,-78.219615,0.3316022,69.45,Pública,Universidad Andina Simón Bolívar (UASB)
Jesús Vera,Molano, Palora, Morona Santiago,-77.9675269,-1.6981449,175.15,Pública,Universidad Central del Ecuador (UCE)
Ignacio Mansilla,Duarte, Loreto, Orellana,-77.3252738,-0.6471884,140.27,Pública,Escuela Politécnica del Ejército (ESPE)
Román,Poza-Bellido, Durán, Guayas,-79.7895887,-2.2127014,263.15,Privada,Universidad Internacional del Ecuador (UIDE)
Santiago Maite,Maldonado, Puerto López, Manabí,-80.744524,-1.5440814,288.55,Pública,Escuela Politécnica del Ejército (ESPE)
Rodrigo Ibarra,Plaza, Palora, Morona Santiago,-77.9675269,-1.6981449,175.15,Pública,Escuela Politécnica del Ejército (ESPE)
Tiziano Benjamin Martina,Medina, Palenque, Los Ríos,-79.7182552,-1.3353343,182.63,Pública,Universidad Central del Ecuador (UCE)
Natalia,Galindo, Catamayo, Loja,-79.403789,-3.9912144,430.86,Pública,Escuela Politécnica del Ejército (ESPE)
Thiago Ezequiel,Sanchez,Sucúa, Morona Santiago,-78.1727383,-2.4560109,251.46,Pública,Escuela Politécnica del Ejército (ESPE)
Eugenia Gómez,Cuesta, La Troncal, Cañar,-79.3751632,-2.433689,264.16,Pública,Escuela Politécnica del Ejército (ESPE)
Jose Angel,Martín-Fiol, Cumandá, Chimborazo,-79.103584,-2.2108666,230.91,Pública,Universidad Central del Ecuador (UCE)
Yohana,Torres,Piñas, El Oro,-79.7832238,-3.7106809,413.02,Pública,Escuela Politécnica del Ejército (ESPE)
Maximiliano del,Morata, Calceta, Manabí,-80.1640382,-0.8480934,196.48,Pública,Escuela Politécnica del Ejército (ESPE)
Régulo Llorente,Carretero, Sucre, Manabí,-80.4199056,-0.7326786,219.63,Privada,Pontificia Universidad Católica del Ecuador (PUCE)
Benjamin Martina,Vargas, Colimes, Guayas,-80.0818751,-1.5161582,226.31,Pública,Universidad Andina Simón Bolívar (UASB)
Sr(a). Thiago,Gomez, El Tambo, Cañar,-78.9133964,-2.4828078,255.51,Pública,Universidad Central del Ecuador (UCE)
Aurora,Mireles, Durán, Guayas,-79.7895887,-2.2127014,263.15,Privada,Universidad de las Américas (UDLA)
Gaspar Correa,Campo,Salinas, Santa Elena,-80.9237973,-2.2612497,351.24,Pública,Universidad Central del Ecuador (UCE)
Eugenia,Mateo, Santa Ana, Manabí,-80.2631268,-1.1944701,222.78,Pública,Escuela Politécnica Nacional (EPN)
Arturo José Rivera,Vanegas,Naranjal, Guayas,-79.5325634,-2.5731305,285.16,Pública,Escuela Politécnica Nacional (EPN)
Olga,Mendoza, La Troncal, Cañar,-79.3751632,-2.433689,264.16,Pública,Universidad Central del Ecuador (UCE)
Juan Juan Romero,Ardila, La Maná, Cotopaxi,-79.1010573,-0.7841908,90.66,Privada,Universidad Tecnológica Indoamérica (UTI)
María Sánchez,Jiménez, General Villamil, Guayas,-80.4261454,-2.5937913,338.99,Privada,Universidad de las Américas (UDLA)
Daniel Sergio,Mora,Simón Bolívar, Guayas,-79.4218634,-2.0424101,226.45,Pública,Universidad Central del Ecuador (UCE)
Silvano Narváez,Griego,Pasaje, El Oro,-79.7625976,-3.3234936,372.0,Pública,Universidad Central del Ecuador (UCE)
Sofía Alba,Giraldo,Montecristi, Manabí,-80.6606834,-1.0504072,256.09,Pública,Universidad Central del Ecuador (UCE)
Sr(a). Mora,Sanchez, Vinces, Los Ríos,-79.766045,-1.5235263,201.08,Pública,Escuela Politécnica del Ejército (ESPE)
Luz Sofía,Gómez, Santa Isabel, Azuay,-79.3594118,-3.1839392,342.74,Pública,Escuela Politécnica Nacional (EPN)
Alonso Eloy,Carbajal,Guaranda, Bolívar,-79.0576662,-1.4398571,148.56,Pública,Escuela Politécnica del Ejército (ESPE)
Santino Franco,Miranda,Baba, Los Ríos,-79.6615818,-1.6727698,205.95,Pública,Universidad Central del Ecuador (UCE)
Dr(a). Isabella,Diaz, Píllaro, Tungurahua,-78.5423177,-1.1725302,105.95,Pública,Universidad Central del Ecuador (UCE)
Édgar Gallardo,Tur,Quinsaloma, Los Ríos,-79.3468998,-1.1460552,138.6,Pública,Universidad Central del Ecuador (UCE)
Rosario Barrera,Paniagua, Huaca, Carchi,-77.727333,0.7987391,143.02,Pública,Universidad Central del Ecuador (UCE)
Geronimo Isabella Rios,Pereyra, Alamor, Loja,-80.0197281,-4.0181681,454.31,Pública,Universidad Central del Ecuador (UCE)
Antonio Cándido Vives,Caballero, Palestina, Guayas,-79.9273316,-1.6318981,222.24,Privada,Universidad San Francisco de Quito (USFQ)
Juan Pablo del,Falcó, San Gabriel, Carchi,-77.835319,0.598485,118.12,Pública,Universidad Central del Ecuador (UCE)
Dr. Rebeca,Duarte, San Miguel, Bolívar,-79.127262,-1.8120574,189.75,Privada,Universidad Politécnica Salesiana (UPS)
Bautista Benjamin Silva,Peralta,Jaramijó, Manabí,-80.6134583,-0.9743883,248.22,Pública,Universidad Central del Ecuador (UCE)
Mateo Lopez,Ruiz,Machachi, Pichincha,-78.6516915,-0.4984774,34.61,Pública,Universidad Central del Ecuador (UCE)
Mónica Carvajal,Saavedra, Gualaceo, Azuay,-78.8461586,-2.9180205,302.27,Privada,Universidad Internacional del Ecuador (UIDE)
Harold Camilo,Barrera, La Libertad, Santa Elena,-80.9077647,-2.2208117,346.98,Pública,Universidad Central del Ecuador (UCE)
Blanca Sandra Castañeda,Carmona,Quinsaloma, Los Ríos,-79.3468998,-1.1460552,138.6,Pública,Escuela Politécnica del Ejército (ESPE)
Arbey Daniel,Medina, Machala, El Oro,-79.9512804,-3.3148937,379.46,Pública,Escuela Politécnica Nacional (EPN)
Marc Adán Villaverde,Cepeda, Atacames, Esmeraldas,-79.8790841,0.7971086,189.45,Pública,Universidad Central del Ecuador (UCE)
Milena,Torres, Guano, Chimborazo,-78.6578385,-1.539923,147.64,Pública,Universidad Andina Simón Bolívar (UASB)
Constanza,Barbosa, San Gabriel, Carchi,-77.835319,0.598485,118.12,Pública,Universidad Central del Ecuador (UCE)
Luz Cruz,Sánchez, Guano, Chimborazo,-78.6578385,-1.539923,147.64,Pública,Universidad Central del Ecuador (UCE)
Danilo Antonio,Muñoz, San Miguel de Los Bancos, Pichincha,-78.9214659,-0.0188368,50.7,Pública,Escuela Politécnica Nacional (EPN)
Alexandra Amparo,Rojas, Echeandía, Bolívar,-79.2735861,-1.4469547,160.54,Pública,Universidad Central del Ecuador (UCE)
Rosa María Tolosa,Duran, Naranjito, Guayas,-79.3904646,-2.1590388,236.66,Pública,Escuela Politécnica del Ejército (ESPE)
Sr(a). Mia,Garcia,Otavalo, Imbabura,-78.2454274,0.2227636,57.5,Pública,Escuela Politécnica del Ejército (ESPE)
Fausto Ayala,Romero, Cariamanga, Loja,-79.5559525,-4.326038,471.04,Pública,Universidad Andina Simón Bolívar (UASB)
Alexander,Gomez, Cuenca, Azuay,-79.0041726,-2.8974072,302.67,Privada,Universidad Internacional del Ecuador (UIDE)
Sr(a). Tania,Olivas, Baños de Agua Santa, Tungurahua,-78.4402276,-1.417407,133.37,Pública,Universidad Central del Ecuador (UCE)
Juan Francisco Alfonso Montaña,Conde, Santo Domingo, Santo Domingo de los Tsáchilas,-79.1686724,-0.2546212,73.08,Pública,Escuela Politécnica del Ejército (ESPE)
Ana Gladys Bolívar,Domínguez, Santa Lucía, Guayas,-80.0426304,-1.7145863,237.82,Privada,Universidad de las Américas (UDLA)
Inocencio del,Prado,Saquisilí, Cotopaxi,-78.7312624,-0.8359835,72.67,Pública,Universidad Central del Ecuador (UCE)
Iván Armando,Rolón,Jaramijó, Manabí,-80.6134583,-0.9743883,248.22,Pública,Universidad Central del Ecuador (UCE)
Gloria del,Blázquez, Montalvo, Los Ríos,-79.348133,-1.8025855,198.99,Privada,Universidad de las Américas (UDLA)
Dr(a). Thiago Nahuel,Fernandez,Bucay, Guayas,-79.1376329,-2.2004367,230.91,Pública,Universidad Central del Ecuador (UCE)
Rafaél,Fajardo, Alausí, Chimborazo,-78.703566,-2.3250494,235.02,Pública,Escuela Politécnica del Ejército (ESPE)
Jeremias,Diaz, La Joya de los Sachas, Orellana,-76.8611463,-0.3161424,183.91,Pública,Escuela Politécnica del Ejército (ESPE)
Angélica Gabriela,Posada, Muisne, Esmeraldas,-79.8817211,0.5387247,174.09,Pública,Universidad Central del Ecuador (UCE)
Luz Adriana,Morales, Shushufindi, Sucumbíos,-76.5906945,-0.2885051,213.81,Pública,Universidad Central del Ecuador (UCE)
Jaime Rosario Alva,Magaña, Nueva Loja, Sucumbíos,-76.8834932,0.0850591,184.27,Pública,Universidad Central del Ecuador (UCE)
Sergio Margarita Concepción,Quintana,Montecristi, Manabí,-80.6606834,-1.0504072,256.09,Pública,Escuela Politécnica del Ejército (ESPE)
Cornelio del,Costa, Loreto, Orellana,-77.3252738,-0.6471884,140.27,Pública,Universidad Central del Ecuador (UCE)
Rafael Ballester,Herrero, Tulcán, Carchi,-77.7172151,0.8115707,144.84,Pública,Escuela Politécnica Nacional (EPN)
Adela Jacobo Carranza,Magaña, Puerto López, Manabí,-80.744524,-1.5440814,288.55,Pública,Universidad Central del Ecuador (UCE)
Patricio Octavio,Holguín, Santa Rosa, El Oro,-80.154904,-3.4145538,399.35,Privada,Universidad Internacional del Ecuador (UIDE)
Sr(a). Juliana,Carrizo,Puyo, Pastaza,-77.9969666,-1.4854777,151.92,Pública,Universidad Central del Ecuador (UCE)
Sr(a). Valentina,Rodriguez,Ibarra, Imbabura,-78.1329448,0.5159369,92.08,Privada,Universidad Politécnica Salesiana (UPS)
Mtro. Ana,Rivero, Guayaquil, Guayas,-80.0983887,-2.2895167,289.88,Privada,Universidad de las Américas (UDLA)
Guillermo Linares,Palomino, Bahía de Caráquez, Manabí,-80.423572,-0.5999649,216.67,Privada,Universidad Internacional del Ecuador (UIDE)
Esteban Pomares,Guardia, Camilo Ponce Enríquez, Azuay,-79.5630363,-2.9640696,326.69,Pública,Universidad Central del Ecuador (UCE)
Sr(a). Florencia,Suarez, Camilo Ponce Enríquez, Azuay,-79.5630363,-2.9640696,326.69,Pública,Escuela Politécnica Nacional (EPN)
Conrado Valle,Seco, Quevedo, Los Ríos,-79.4776812,-1.0669701,142.78,Pública,Escuela Politécnica del Ejército (ESPE)
Duilio Ávila,Mayol, Rocafuerte, Manabí,-80.4012121,-0.9032437,223.34,Privada,Universidad de las Américas (UDLA)
Jhon Carlos Romero,Romero, Machala, El Oro,-79.9512804,-3.3148937,379.46,Pública,Escuela Politécnica del Ejército (ESPE)
Katherin Josefa Castro,Martínez, Paján, Manabí,-80.4212975,-1.7040791,268.83,Pública,Escuela Politécnica Nacional (EPN)
Giovanny Aguilar,Gómez, Milagro, Guayas,-79.5552042,-2.1179635,240.77,Pública,Universidad Central del Ecuador (UCE)
Ana Mayerly Hoyos,López,Zaruma, El Oro,-79.5131743,-3.5111939,382.47,Pública,Universidad Central del Ecuador (UCE)
Sr(a). Ciro,Silva, Palora, Morona Santiago,-77.9675269,-1.6981449,175.15,Pública,Universidad Central del Ecuador (UCE)
Nahuel Ignacio Molina,Diaz, Shushufindi, Sucumbíos,-76.5906945,-0.2885051,213.81,Pública,Escuela Politécnica Nacional (EPN)
Ing. Eloy,Chavarría, El Pangui, Zamora Chinchipe,-78.5473049,-3.6253506,378.66,Pública,Escuela Politécnica del Ejército (ESPE)
Fernanda Chávez,Fuentes,Manta, Manabí,-80.7191006,-0.9485853,258.39,Privada,Universidad de las Américas (UDLA)
Ángel Porfirio Tejada,Casanova, Baños de Agua Santa, Tungurahua,-78.4402276,-1.417407,133.37,Privada,Universidad Internacional del Ecuador (UIDE)
Clemente Alta Gracia Matos,Pedraza, Tulcán, Carchi,-77.7172151,0.8115707,144.84,Pública,Escuela Politécnica del Ejército (ESPE)
Simon Lucas Benjamin Escobar,Maidana, General Villamil, Guayas,-80.4261454,-2.5937913,338.99,Privada,Universidad Tecnológica Indoamérica (UTI)
Ligia González,Díaz,Bucay, Guayas,-79.1376329,-2.2004367,230.91,Pública,Universidad Central del Ecuador (UCE)
Stella Martha Rodríguez,García, Portovelo, El Oro,-79.6172038,-3.7152273,407.56,Pública,Universidad Andina Simón Bolívar (UASB)
Juan Bautista Sofía,Vera, Pedro Vicente Maldonado, Pichincha,-79.0400619,0.1612052,72.4,Pública,Universidad Central del Ecuador (UCE)
Jennifer Rincón,Hernández,Catacocha, Loja,-79.6497578,-4.0503147,444.24,Pública,Universidad Central del Ecuador (UCE)
Alonso Lucas,Alejandro,Manta, Manabí,-80.7191006,-0.9485853,258.39,Pública,Escuela Politécnica del Ejército (ESPE)
David Sandoval,Ramírez, Rocafuerte, Manabí,-80.4012121,-0.9032437,223.34,Pública,Universidad Central del Ecuador (UCE)
Diana Quiñones,Saiz, Samborondón, Guayas,-79.7562694,-2.0155653,242.86,Pública,Universidad Central del Ecuador (UCE)
Ariel Alejandro Guevara,Calderón, Chambo, Chimborazo,-78.5425997,-1.74403,169.48,Pública,Universidad Central del Ecuador (UCE)
Camila Luisana Silva,Rojas, Cañar, Cañar,-79.1800778,-2.4749335,261.48,Pública,Escuela Politécnica del Ejército (ESPE)
Asunción,Sanmiguel,Bucay, Guayas,-79.1376329,-2.2004367,230.91,Pública,Escuela Politécnica del Ejército (ESPE)
Enzo Martinez,Rojas, Montalvo, Los Ríos,-79.348133,-1.8025855,198.99,Pública,Universidad Central del Ecuador (UCE)
Gala de,Falcó,Azogues, Cañar,-78.8467191,-2.7380492,282.43,Pública,Universidad Central del Ecuador (UCE)
Diego Jesús Niño,Restrepo, El Guabo, El Oro,-79.7584498,-3.1629001,355.32,Pública,Universidad Central del Ecuador (UCE)
Mora Isabella Gutierrez,Fernandez, Portoviejo, Manabí,-80.4534134,-1.05282,234.85,Pública,Universidad Central del Ecuador (UCE)
Lisandro Gomez,Vargas, Tabacundo, Pichincha,-78.2216436,0.048201,43.99,Pública,Universidad Central del Ecuador (UCE)
Liliana,Mejía,Naranjal, Guayas,-79.5325634,-2.5731305,285.16,Pública,Escuela Politécnica del Ejército (ESPE)
Joaquin Luna,Vera,Catarama, Los Ríos,-79.4750201,-1.5692196,184.28,Pública,Universidad Central del Ecuador (UCE)
Aurora,Henríquez,Machachi, Pichincha,-78.6516915,-0.4984774,34.61,Privada,Pontificia Universidad Católica del Ecuador (PUCE)
Clara González,González, Santa Ana, Manabí,-80.2631268,-1.1944701,222.78,Pública,Universidad Central del Ecuador (UCE)
Catalina Lucia Ojeda,Bravo, El Guabo, El Oro,-79.7584498,-3.1629001,355.32,Pública,Universidad Central del Ecuador (UCE)
Paulina,Olivares, Alausí, Chimborazo,-78.703566,-2.3250494,235.02,Pública,Universidad Andina Simón Bolívar (UASB)
Yago Naranjo,Conesa,El Triunfo, Guayas,-79.3660575,-2.2907784,249.03,Pública,Universidad Central del Ecuador (UCE)
Diego Amelia,Perea,Saquisilí, Cotopaxi,-78.7312624,-0.8359835,72.67,Privada,Universidad de las Américas (UDLA)
Wilson,Salamanca,Montecristi, Manabí,-80.6606834,-1.0504072,256.09,Privada,Pontificia Universidad Católica del Ecuador (PUCE)
Luz Hernández,Ramírez, Tosagua, Manabí,-80.2577186,-0.7755207,203.66,Pública,Universidad Central del Ecuador (UCE)
Ángela,Ordóñez,El Triunfo, Guayas,-79.3660575,-2.2907784,249.03,Pública,Universidad Central del Ecuador (UCE)
Vera Leire Gárate,Gaya, La Maná, Cotopaxi,-79.1010573,-0.7841908,90.66,Pública,Universidad Central del Ecuador (UCE)
Renata,Rodriguez,San Lorenzo, Esmeraldas,-78.6869333,0.9850634,135.41,Pública,Universidad Central del Ecuador (UCE)
Valero del,Galiano, Biblián, Cañar,-78.9802821,-2.6748261,277.86,Pública,Universidad Central del Ecuador (UCE)
Candelario Ballesteros,Oller, Paute, Azuay,-78.7362416,-2.7468493,282.05,Pública,Universidad Central del Ecuador (UCE)
Teófilo Antúnez,Martín, San Miguel de Los Bancos, Pichincha,-78.9214659,-0.0188368,50.7,Pública,Universidad Central del Ecuador (UCE)
María Laura,Díaz,Salinas, Santa Elena,-80.9237973,-2.2612497,351.24,Privada,Universidad Tecnológica Indoamérica (UTI)
Lidia Zambrano,Mosquera, Tosagua, Manabí,-80.2577186,-0.7755207,203.66,Pública,Universidad Central del Ecuador (UCE)
Rodrigo Martínez,Moraleda,Saquisilí, Cotopaxi,-78.7312624,-0.8359835,72.67,Pública,Universidad Central del Ecuador (UCE)
Steven Uribe,Benítez,San Lorenzo, Esmeraldas,-78.6869333,0.9850634,135.41,Pública,Universidad Central del Ecuador (UCE)
Jonatan Bonifacio Carro,Llobet, Calceta, Manabí,-80.1640382,-0.8480934,196.48,Pública,Universidad Central del Ecuador (UCE)
Cristian Vélez,Ávila, Buena Fe, Los Ríos,-79.5296983,-0.7488694,127.49,Pública,Escuela Politécnica del Ejército (ESPE)
Pastora,Ángel-Bonilla, Pedro Carbo, Guayas,-80.3009814,-1.8672671,270.34,Privada,Universidad de las Américas (UDLA)
Dr(a). Pedro,Farias, El Guabo, El Oro,-79.7584498,-3.1629001,355.32,Pública,Escuela Politécnica Nacional (EPN)
Edilberto Mario,Zapata, Pedro Vicente Maldonado, Pichincha,-79.0400619,0.1612052,72.4,Pública,Universidad Central del Ecuador (UCE)
Micaela,Cruz, Junín, Manabí,-80.2054147,-0.9394745,204.54,Pública,Universidad Central del Ecuador (UCE)
Eloisa Abel Casanova,Alva, Ambato, Tungurahua,-78.6287594,-1.2422413,114.38,Pública,Escuela Politécnica del Ejército (ESPE)
Tiziano Benjamin Diaz,Cabrera, Mocache, Los Ríos,-79.5512661,-1.1979,158.63,Pública,Universidad Central del Ecuador (UCE)
Martina,Sosa, La Maná, Cotopaxi,-79.1010573,-0.7841908,90.66,Pública,Universidad Central del Ecuador (UCE)
Timoteo Ferrer,Lerma,Latacunga, Cotopaxi,-78.6145758,-0.9340311,80.19,Pública,Universidad Central del Ecuador (UCE)
Lucía Johana,Valencia, Coronel Marcelino Maridueña, Guayas,-79.3861649,-2.2333628,244.02,Privada,Universidad San Francisco de Quito (USFQ)
Olegario Mínguez,Noguera,Yantzaza, Zamora Chinchipe,-78.7376344,-3.7146811,389.38,Pública,Universidad Central del Ecuador (UCE)
Sr(a). Ludmila,Diaz, Píllaro, Tungurahua,-78.5423177,-1.1725302,105.95,Pública,Escuela Politécnica del Ejército (ESPE)
Aníbal Ernesto Jaimes,Ramos, El Guabo, El Oro,-79.7584498,-3.1629001,355.32,Pública,Universidad Central del Ecuador (UCE)
Dr(a). Malena,Correa,Yaguachi, Guayas,-79.9134536,-2.2015355,269.81,Pública,Escuela Politécnica del Ejército (ESPE)
Emperatriz,Moles,Caluma, Bolívar,-79.1963263,-1.5976675,171.01,Privada,Pontificia Universidad Católica del Ecuador (PUCE)
Luis,Mármol, La Troncal, Cañar,-79.3751632,-2.433689,264.16,Pública,Escuela Politécnica Nacional (EPN)
Dolly Isabel,Gómez,Pujilí, Cotopaxi,-78.8559205,-1.0077046,95.54,Pública,Universidad Central del Ecuador (UCE)
Sr(a). Franco,Alvarez,Catacocha, Loja,-79.6497578,-4.0503147,444.24,Pública,Escuela Politécnica del Ejército (ESPE)
Patricio Timoteo Miranda,Angulo, Buena Fe, Los Ríos,-79.5296983,-0.7488694,127.49,Pública,Universidad Central del Ecuador (UCE)
Andrés Monsalve,Arias, Jama, Manabí,-80.2295834,-0.2149489,190.95,Privada,Universidad de las Américas (UDLA)
Lina Andrea Arias,Gómez, Echeandía, Bolívar,-79.2735861,-1.4469547,160.54,Pública,Universidad Central del Ecuador (UCE)
María Santillán,Alvarado, Balzar, Guayas,-79.9367148,-1.3062992,199.16,Pública,Universidad Central del Ecuador (UCE)
Sr(a). Santiago,Blanco,Yaguachi, Guayas,-79.9134536,-2.2015355,269.81,Pública,Universidad Central del Ecuador (UCE)
Carlos Freddy,Pinto, Pelileo, Tungurahua,-78.537307,-1.3573827,126.48,Privada,Universidad Tecnológica Indoamérica (UTI)
Alejandro María Luisa,Ontiveros, Pimampiro, Imbabura,-77.9402742,0.393298,93.27,Pública,Universidad Andina Simón Bolívar (UASB)
Fabricio Arregui,Bonet,Cayambe, Pichincha,-77.9889555,0.0251586,64.27,Pública,Universidad Central del Ecuador (UCE)
Danilo Luis Castañeda,Sarmiento,Puyo, Pastaza,-77.9969666,-1.4854777,151.92,Pública,Escuela Politécnica del Ejército (ESPE)
Purificación,Miguel-Gallego,Quinsaloma, Los Ríos,-79.3468998,-1.1460552,138.6,Pública,Universidad Central del Ecuador (UCE)
Diana Isabel Ruiz,Mendoza, Urcuquí, Imbabura,-78.1941499,0.4172921,79.22,Pública,Universidad Central del Ecuador (UCE)
Carlito,Criado-Llanos, El Carmen, Manabí,-79.5741548,-0.4809541,121.58,Pública,Escuela Politécnica Nacional (EPN)
María Vilaplana,Calatayud, Archidona, Napo,-77.955042,-0.7160712,82.95,Privada,Universidad San Francisco de Quito (USFQ)
Mtro. Paulina,Matos, Macará, Loja,-79.9154486,-4.3490358,484.84,Pública,Instituto de Altos Estudios Nacionales (IAEN)
Gilma Arenas,Córdoba,Salitre, Guayas,-79.8187323,-1.8289209,230.42,Pública,Universidad Central del Ecuador (UCE)
Hugo Mireles,Toledo,San Lorenzo, Esmeraldas,-78.6869333,0.9850634,135.41,Privada,Universidad San Francisco de Quito (USFQ)
Valentino Herrera,Peralta, Catamayo, Loja,-79.403789,-3.9912144,430.86,Pública,Universidad Central del Ecuador (UCE)
Amelia Boix,Roldan,Simón Bolívar, Guayas,-79.4218634,-2.0424101,226.45,Pública,Universidad Central del Ecuador (UCE)
Federico Uma,Morales, El Coca, Orellana,-76.9837216,-0.4721804,172.26,Pública,Universidad Central del Ecuador (UCE)
Dr(a). Josefina,Maldonado,Jaramijó, Manabí,-80.6134583,-0.9743883,248.22,Pública,Instituto de Altos Estudios Nacionales (IAEN)
Margarita Catalá,Buendía, Marcabelí, El Oro,-79.9223384,-3.7733434,425.02,Pública,Escuela Politécnica del Ejército (ESPE)
Facundo Castillo,Vega, San Miguel de Salcedo, Cotopaxi,-78.5907824,-1.043699,91.99,Pública,Escuela Politécnica del Ejército (ESPE)
Francisco,Martinez, Muisne, Esmeraldas,-79.8817211,0.5387247,174.09,Privada,Universidad Internacional del Ecuador (UIDE)
Jhon Gustavo,Vergara,El Ángel, Carchi,-77.9396301,0.6211998,113.17,Pública,Universidad Central del Ecuador (UCE)
Mauricio Andrés González,Acosta, Guano, Chimborazo,-78.6578385,-1.539923,147.64,Pública,Universidad Central del Ecuador (UCE)
Jaqueline Salma Velasco,Cavazos,Guaranda, Bolívar,-79.0576662,-1.4398571,148.56,Pública,Universidad Central del Ecuador (UCE)
Salomé Campo,Moreno,San Vicente, Manabí,-80.3761409,-0.4373946,208.65,Pública,Universidad Central del Ecuador (UCE)
Juan Pablo Jerónimo Pérez,Reyes, Narcisa de Jesús, Guayas,-80.2384404,-1.6118103,246.52,Pública,Escuela Politécnica del Ejército (ESPE)
Dr. Pascual,Covarrubias, Durán, Guayas,-79.7895887,-2.2127014,263.15,Privada,Universidad Internacional del Ecuador (UIDE)
Bautista,Diaz, Mocache, Los Ríos,-79.5512661,-1.1979,158.63,Pública,Universidad Central del Ecuador (UCE)
Tiziano,Romero,Yantzaza, Zamora Chinchipe,-78.7376344,-3.7146811,389.38,Pública,Universidad Central del Ecuador (UCE)
Wilfrido Yolanda,Bernal,Zaruma, El Oro,-79.5131743,-3.5111939,382.47,Privada,Universidad de las Américas (UDLA)
Mia Medina,Castro, Alausí, Chimborazo,-78.703566,-2.3250494,235.02,Pública,Universidad Central del Ecuador (UCE)
Julieta Lola,Luna, Balao, Guayas,-79.7180498,-2.8852516,325.24,Pública,Escuela Politécnica del Ejército (ESPE)
Morena Milagros Gomez,Maldonado, Naranjito, Guayas,-79.3904646,-2.1590388,236.66,Pública,Escuela Politécnica Nacional (EPN)
Natalio Company,Santamaría, La Troncal, Cañar,-79.3751632,-2.433689,264.16,Pública,Escuela Politécnica del Ejército (ESPE)
Mario Cardona,Rojas,Pasaje, El Oro,-79.7625976,-3.3234936,372.0,Pública,Universidad Central del Ecuador (UCE)
Julián,Barreto,La Concordia, Santo Domingo de los Tsáchilas,-79.462977,-0.0441108,107.5,Pública,Universidad Central del Ecuador (UCE)
Humberto Ceballos,Cerón, Cumandá, Chimborazo,-79.103584,-2.2108666,230.91,Pública,Universidad Central del Ecuador (UCE)
Lina Graciana Castell,Mariscal, Loreto, Orellana,-77.3252738,-0.6471884,140.27,Pública,Escuela Politécnica del Ejército (ESPE)
Xiomara Baena,Abascal, Machala, El Oro,-79.9512804,-3.3148937,379.46,Privada,Universidad Politécnica Salesiana (UPS)
Gabriela Karol,Moreno, Buena Fe, Los Ríos,-79.5296983,-0.7488694,127.49,Pública,Universidad Central del Ecuador (UCE)
Luz Milagros Lola Benitez,Diaz,Santa Elena, Santa Elena,-80.8576945,-2.2270098,343.18,Pública,Universidad Central del Ecuador (UCE)
Clara,Escobedo,Latacunga, Cotopaxi,-78.6145758,-0.9340311,80.19,Pública,Universidad Central del Ecuador (UCE)
Giuliana Felipe Franco,Carrizo,Azogues, Cañar,-78.8467191,-2.7380492,282.43,Pública,Escuela Politécnica Nacional (EPN)
Angélica Alemán,Colón,Zamora, Zamora Chinchipe,-78.9577754,-4.0042008,423.67,Pública,Universidad Andina Simón Bolívar (UASB)
Martin,Fernandez,Puebloviejo, Los Ríos,-79.5474126,-1.5368546,186.22,Pública,Escuela Politécnica Nacional (EPN)
María Eugenia,Zayas, El Guabo, El Oro,-79.7584498,-3.1629001,355.32,Pública,Universidad Central del Ecuador (UCE)
Sr(a). Facundo,Flores, Balao, Guayas,-79.7180498,-2.8852516,325.24,Pública,Universidad Central del Ecuador (UCE)
Benicio,Lopez, Puerto López, Manabí,-80.744524,-1.5440814,288.55,Pública,Universidad Central del Ecuador (UCE)
Leticia,Guzmán-Valls,Santa Elena, Santa Elena,-80.8576945,-2.2270098,343.18,Pública,Universidad Central del Ecuador (UCE)
Franklin Escobar,Gómez, Macará, Loja,-79.9154486,-4.3490358,484.84,Pública,Universidad Central del Ecuador (UCE)
Julie,Pedrosa-Carbajo, Junín, Manabí,-80.2054147,-0.9394745,204.54,Privada,Universidad San Francisco de Quito (USFQ)
Valentino Ojeda,Velazquez, Balzar, Guayas,-79.9367148,-1.3062992,199.16,Pública,Escuela Politécnica Nacional (EPN)
Rafael Cristian León,Vargas,Yantzaza, Zamora Chinchipe,-78.7376344,-3.7146811,389.38,Pública,Universidad Central del Ecuador (UCE)
Rosalva del,Baena, Tosagua, Manabí,-80.2577186,-0.7755207,203.66,Privada,Universidad Politécnica Salesiana (UPS)
Cristina,Molina, Chordeleg, Azuay,-78.7307218,-2.9844675,308.33,Pública,Universidad Central del Ecuador (UCE)
Dr(a). Ciro,Campos,Pujilí, Cotopaxi,-78.8559205,-1.0077046,95.54,Privada,Pontificia Universidad Católica del Ecuador (PUCE)
Juan,Vélez,Puyo, Pastaza,-77.9969666,-1.4854777,151.92,Pública,Universidad Central del Ecuador (UCE)
Andrés,Ortega,Salinas, Santa Elena,-80.9237973,-2.2612497,351.24,Pública,Universidad Central del Ecuador (UCE)
Sr(a). Víctor,Lovato, Bahía de Caráquez, Manabí,-80.423572,-0.5999649,216.67,Privada,Universidad de las Américas (UDLA)
Jose Carlos Ariel Castañeda,Vega, Ambato, Tungurahua,-78.6287594,-1.2422413,114.38,Pública,Universidad Central del Ecuador (UCE)
Edmundo,Cazorla-Lucas, Narcisa de Jesús, Guayas,-80.2384404,-1.6118103,246.52,Pública,Universidad Central del Ecuador (UCE)
José,González,Atuntaqui, Imbabura,-78.219615,0.3316022,69.45,Pública,Instituto de Altos Estudios Nacionales (IAEN)
Dr. Victoria,Ramón, Catamayo, Loja,-79.403789,-3.9912144,430.86,Privada,Universidad de las Américas (UDLA)
Carmen Bermúdez,Reyes, Esmeraldas, Esmeraldas,-79.6523847,0.9668153,183.0,Pública,Universidad Central del Ecuador (UCE)
Anselma Codina,Correa, Jipijapa, Manabí,-80.6124982,-1.5158193,274.37,Pública,Universidad Central del Ecuador (UCE)
Milo,Martinez,Jaramijó, Manabí,-80.6134583,-0.9743883,248.22,Pública,Escuela Politécnica Nacional (EPN)
Sofia Abril,Romero,Saraguro, Loja,-79.3063889,-3.5269465,378.14,Pública,Universidad Central del Ecuador (UCE)
María Cristina,Acosta, Santa Rosa, El Oro,-80.154904,-3.4145538,399.35,Pública,Escuela Politécnica del Ejército (ESPE)
Sr(a). Olivia,Vega, Mocache, Los Ríos,-79.5512661,-1.1979,158.63,Pública,Universidad Central del Ecuador (UCE)
Felipe Tiziana Gonzalez,Blanco,Atuntaqui, Imbabura,-78.219615,0.3316022,69.45,Pública,Universidad Central del Ecuador (UCE)
Agostina,Soto, El Carmen, Manabí,-79.5741548,-0.4809541,121.58,Pública,Universidad Central del Ecuador (UCE)
Álvaro Otero,Rosales,Manta, Manabí,-80.7191006,-0.9485853,258.39,Privada,Universidad de las Américas (UDLA)
Fernando Rodrigo,Muñoz, La Joya de los Sachas, Orellana,-76.8611463,-0.3161424,183.91,Pública,Universidad Central del Ecuador (UCE)
Thiago Nahuel,Cardozo, Valdez, Esmeraldas,-78.9826345,1.2489838,171.53,Pública,Universidad Central del Ecuador (UCE)
Mtro. Zoé,Dueñas, Durán, Guayas,-79.7895887,-2.2127014,263.15,Pública,Escuela Politécnica Nacional (EPN)
Mary,Serrano, Balzar, Guayas,-79.9367148,-1.3062992,199.16,Pública,Universidad Central del Ecuador (UCE)
Ariel Zapata,Calleja,Bucay, Guayas,-79.1376329,-2.2004367,230.91,Pública,Universidad Central del Ecuador (UCE)
Delfina Emilia Lopez,Gonzalez,Arenillas, El Oro,-80.0974316,-3.5859238,413.63,Pública,Universidad Andina Simón Bolívar (UASB)
Manuel Gaya,Carro, Samborondón, Guayas,-79.7562694,-2.0155653,242.86,Privada,Universidad de las Américas (UDLA)
Tiburcio Castillo,Peña,Bucay, Guayas,-79.1376329,-2.2004367,230.91,Pública,Escuela Politécnica del Ejército (ESPE)
Dulce María Hernandes,Lozano, Samborondón, Guayas,-79.7562694,-2.0155653,242.86,Pública,Escuela Politécnica del Ejército (ESPE)
Luca Ayala,Perez, Narcisa de Jesús, Guayas,-80.2384404,-1.6118103,246.52,Privada,Pontificia Universidad Católica del Ecuador (PUCE)
Valentina Fausto Garcia,Rodriguez,Manta, Manabí,-80.7191006,-0.9485853,258.39,Pública,Universidad Central del Ecuador (UCE)
Máximo Valentina Correa,Lopez,Babahoyo, Los Ríos,-79.5068917,-1.8762599,214.79,Pública,Universidad Central del Ecuador (UCE)
Áurea Fonseca,Pozo, Palenque, Los Ríos,-79.7182552,-1.3353343,182.63,Privada,Universidad San Francisco de Quito (USFQ)
Bianca,Colón,Atuntaqui, Imbabura,-78.219615,0.3316022,69.45,Pública,Escuela Politécnica Nacional (EPN)
Mora Santino,Benitez, Valencia, Los Ríos,-79.3211355,-0.7696521,108.72,Pública,Escuela Politécnica del Ejército (ESPE)
María María,Padilla, Cotacachi, Imbabura,-78.4507013,0.3955234,68.8,Pública,Escuela Politécnica del Ejército (ESPE)
Kiara Fernandez,Godoy,Quinsaloma, Los Ríos,-79.3468998,-1.1460552,138.6,Privada,Universidad San Francisco de Quito (USFQ)
Débora Cordero,Murcia, Chone, Manabí,-80.0721599,-0.3828099,174.38,Pública,Universidad Central del Ecuador (UCE)
Sr(a). Agustina,Acuña, Pimampiro, Imbabura,-77.9402742,0.393298,93.27,Pública,Universidad Central del Ecuador (UCE)
Lorenzo,Farias, Atacames, Esmeraldas,-79.8790841,0.7971086,189.45,Pública,Escuela Politécnica del Ejército (ESPE)
Coral de,Planas, Santa Lucía, Guayas,-80.0426304,-1.7145863,237.82,Pública,Universidad Central del Ecuador (UCE)
Tiziano Maidana,Sosa, Chone, Manabí,-80.0721599,-0.3828099,174.38,Privada,Universidad de las Américas (UDLA)
Andrés Bolívar,Jaimes,Cayambe, Pichincha,-77.9889555,0.0251586,64.27,Pública,Escuela Politécnica Nacional (EPN)
Andrés Miguel,Castañeda, Balsas, El Oro,-79.831096,-3.7742179,421.48,Privada,Pontificia Universidad Católica del Ecuador (PUCE)
Perla Alfredo,Olivo,Saquisilí, Cotopaxi,-78.7312624,-0.8359835,72.67,Privada,Universidad Tecnológica Equinoccial (UTE)
Julio Bernabé Muñoz,Ruiz, Santa Ana, Manabí,-80.2631268,-1.1944701,222.78,Pública,Escuela Politécnica Nacional (EPN)
Paulina Falcó,Chaves, El Carmen, Manabí,-79.5741548,-0.4809541,121.58,Pública,Universidad Central del Ecuador (UCE)
Albano,Gómez, Valdez, Esmeraldas,-78.9826345,1.2489838,171.53,Pública,Universidad Andina Simón Bolívar (UASB)
Isabella,Rojas, Lomas de Sargentillo, Guayas,-80.0789495,-1.8348374,250.14,Pública,Universidad Central del Ecuador (UCE)
Sebastián Wilmer Cardona,Barragán, Nueva Loja, Sucumbíos,-76.8834932,0.0850591,184.27,Pública,Universidad Central del Ecuador (UCE)
Amor Nebot,Arnau, General Villamil, Guayas,-80.4261454,-2.5937913,338.99,Pública,Universidad Central del Ecuador (UCE)
Delfina Ferreyra,Pereyra, Chambo, Chimborazo,-78.5425997,-1.74403,169.48,Pública,Universidad Central del Ecuador (UCE)
Dr. Angélica,Arce, La Troncal, Cañar,-79.3751632,-2.433689,264.16,Pública,Universidad Central del Ecuador (UCE)
Úrsula,Almaraz,La Concordia, Santo Domingo de los Tsáchilas,-79.462977,-0.0441108,107.5,Pública,Universidad Central del Ecuador (UCE)
Sr(a). Emma,Moreno, Jama, Manabí,-80.2295834,-0.2149489,190.95,Privada,Pontificia Universidad Católica del Ecuador (PUCE)
Maximiano Ayllón,Meléndez,Saraguro, Loja,-79.3063889,-3.5269465,378.14,Pública,Universidad Central del Ecuador (UCE)
María Jesús Donaire,Bartolomé, Mocache, Los Ríos,-79.5512661,-1.1979,158.63,Pública,Escuela Politécnica del Ejército (ESPE)
Jose Ramón Giménez,Barroso, Echeandía, Bolívar,-79.2735861,-1.4469547,160.54,Pública,Escuela Politécnica del Ejército (ESPE)
Iván,Padilla,Tena, Napo,-78.1083981,-0.9438718,92.16,Privada,Universidad de las Américas (UDLA)
Yenifer Alexandra,Hernández,Simón Bolívar, Guayas,-79.4218634,-2.0424101,226.45,Pública,Universidad Central del Ecuador (UCE)
Rosalia Delgadillo,Meza, Guano, Chimborazo,-78.6578385,-1.539923,147.64,Pública,Universidad Central del Ecuador (UCE)
Emigdio Cid,Ribes,Arenillas, El Oro,-80.0974316,-3.5859238,413.63,Pública,Universidad Central del Ecuador (UCE)
Perla Daniel Quiñones,Guerrero,Simón Bolívar, Guayas,-79.4218634,-2.0424101,226.45,Pública,Escuela Politécnica del Ejército (ESPE)
Aureliano Peñalver,Cruz, Paján, Manabí,-80.4212975,-1.7040791,268.83,Privada,Universidad San Francisco de Quito (USFQ)
Anita Agudo,Aguilar,Azogues, Cañar,-78.8467191,-2.7380492,282.43,Pública,Universidad Central del Ecuador (UCE)
Uriel Villaseñor,Limón, Tabacundo, Pichincha,-78.2216436,0.048201,43.99,Pública,Universidad Central del Ecuador (UCE)
Helena,Diaz,La Concordia, Santo Domingo de los Tsáchilas,-79.462977,-0.0441108,107.5,Pública,Universidad Central del Ecuador (UCE)
Camilo Isaac León,Gómez, Pelileo, Tungurahua,-78.537307,-1.3573827,126.48,Pública,Escuela Politécnica Nacional (EPN)
Sara,Bueno,Puebloviejo, Los Ríos,-79.5474126,-1.5368546,186.22,Pública,Universidad Central del Ecuador (UCE)
Camilo Jaime,Ramírez,Ibarra, Imbabura,-78.1329448,0.5159369,92.08,Pública,Instituto de Altos Estudios Nacionales (IAEN)
Fidela Tere Vera,Gimenez, Ambato, Tungurahua,-78.6287594,-1.2422413,114.38,Pública,Escuela Politécnica del Ejército (ESPE)
Victoria Santiago,Figueroa,Puebloviejo, Los Ríos,-79.5474126,-1.5368546,186.22,Pública,Universidad Central del Ecuador (UCE)
Joaquin,Carrizo, Flavio Alfaro, Manabí,-79.844538,-0.3242859,148.59,Pública,Escuela Politécnica Nacional (EPN)
Mohamed Pascual,López,Loja, Loja,-79.2016661,-3.996845,426.87,Privada,Universidad Tecnológica Equinoccial (UTE)
Fidel,Mesa, Santo Domingo, Santo Domingo de los Tsáchilas,-79.1686724,-0.2546212,73.08,Privada,Universidad Internacional del Ecuador (UIDE)
Santino Rodriguez,Rojas,San Lorenzo, Esmeraldas,-78.6869333,0.9850634,135.41,Privada,Universidad de las Américas (UDLA)
Mercedes Serrato,Carrillo, Junín, Manabí,-80.2054147,-0.9394745,204.54,Pública,Universidad Central del Ecuador (UCE)
Poncio del,Moreno,Bucay, Guayas,-79.1376329,-2.2004367,230.91,Pública,Escuela Politécnica del Ejército (ESPE)
Thiago Valentin Tiziano Valentin,Martinez,El Ángel, Carchi,-77.9396301,0.6211998,113.17,Pública,Escuela Politécnica Nacional (EPN)
Corona Cabañas,Gálvez,Zaruma, El Oro,-79.5131743,-3.5111939,382.47,Pública,Escuela Politécnica Nacional (EPN)
Thiago Delfina,Herrera, Alausí, Chimborazo,-78.703566,-2.3250494,235.02,Pública,Escuela Politécnica del Ejército (ESPE)
Mateo Agustin Fernandez,Soria,Baba, Los Ríos,-79.6615818,-1.6727698,205.95,Pública,Escuela Politécnica del Ejército (ESPE)
Francesca Valentino,Muñoz,La Concordia, Santo Domingo de los Tsáchilas,-79.462977,-0.0441108,107.5,Pública,Escuela Politécnica del Ejército (ESPE)
Alberto,Hernández, Marcabelí, El Oro,-79.9223384,-3.7733434,425.02,Pública,Universidad Central del Ecuador (UCE)
Borja,Cantero-Solana, Palora, Morona Santiago,-77.9675269,-1.6981449,175.15,Pública,Universidad Central del Ecuador (UCE)
Joaquin,Romero,Piñas, El Oro,-79.7832238,-3.7106809,413.02,Pública,Escuela Politécnica del Ejército (ESPE)
Dary Henao,Ávila,El Triunfo, Guayas,-79.3660575,-2.2907784,249.03,Pública,Escuela Politécnica del Ejército (ESPE)
Ing. Estela,Briseño,Tena, Napo,-78.1083981,-0.9438718,92.16,Pública,Escuela Politécnica Nacional (EPN)
Dr(a). Morena Jazmin,Diaz, Junín, Manabí,-80.2054147,-0.9394745,204.54,Privada,Universidad de las Américas (UDLA)
Victoria,Ojeda,Baba, Los Ríos,-79.6615818,-1.6727698,205.95,Privada,Universidad Politécnica Salesiana (UPS)
Itzel Manuel,Venegas,Salitre, Guayas,-79.8187323,-1.8289209,230.42,Pública,Escuela Politécnica Nacional (EPN)
Dr. Renato,Adame, Alamor, Loja,-80.0197281,-4.0181681,454.31,Pública,Universidad Central del Ecuador (UCE)
Martina Herrera,Vazquez,Montecristi, Manabí,-80.6606834,-1.0504072,256.09,Pública,Universidad Central del Ecuador (UCE)
Luisa Prado,Tello,Baba, Los Ríos,-79.6615818,-1.6727698,205.95,Pública,Universidad Central del Ecuador (UCE)
Leocadia Hernandez,Blanco, San Miguel de Salcedo, Cotopaxi,-78.5907824,-1.043699,91.99,Privada,Pontificia Universidad Católica del Ecuador (PUCE)
Concha Cazorla,Palmer,El Triunfo, Guayas,-79.3660575,-2.2907784,249.03,Privada,Universidad de las Américas (UDLA)
Paula María Acosta,Suárez, Santa Lucía, Guayas,-80.0426304,-1.7145863,237.82,Pública,Universidad Central del Ecuador (UCE)
Sr(a). Candelaria,Medina, Chambo, Chimborazo,-78.5425997,-1.74403,169.48,Pública,Universidad Central del Ecuador (UCE)
Dulce María,Nevárez,Puebloviejo, Los Ríos,-79.5474126,-1.5368546,186.22,Pública,Escuela Politécnica Nacional (EPN)
Candela Rodriguez,Escobar, Palenque, Los Ríos,-79.7182552,-1.3353343,182.63,Pública,Escuela Politécnica Nacional (EPN)
Milena,Gallego, Cotacachi, Imbabura,-78.4507013,0.3955234,68.8,Privada,Universidad Politécnica Salesiana (UPS)
Silvano Meza,Baca,Pujilí, Cotopaxi,-78.8559205,-1.0077046,95.54,Pública,Universidad Central del Ecuador (UCE)
Luz,Morales, Calceta, Manabí,-80.1640382,-0.8480934,196.48,Pública,Universidad Central del Ecuador (UCE)
Flavia Díez,Bautista, Isidro Ayora, Guayas,-80.1463096,-1.8796754,258.94,Pública,Escuela Politécnica del Ejército (ESPE)
Israel Evelio,Tirado, Archidona, Napo,-77.955042,-0.7160712,82.95,Pública,Universidad Central del Ecuador (UCE)
Paz Gallego,Gomis, Montalvo, Los Ríos,-79.348133,-1.8025855,198.99,Pública,Universidad Andina Simón Bolívar (UASB)
Mateo César,Salazar, Urcuquí, Imbabura,-78.1941499,0.4172921,79.22,Privada,Universidad Politécnica Salesiana (UPS)
Gilberto Ojeda,Santamaria,Machachi, Pichincha,-78.6516915,-0.4984774,34.61,Privada,Universidad Internacional del Ecuador (UIDE)
Sr(a). Valentin,Rojas, Tabacundo, Pichincha,-78.2216436,0.048201,43.99,Pública,Instituto de Altos Estudios Nacionales (IAEN)
Edwin Raúl Garcés,Montes, Balao, Guayas,-79.7180498,-2.8852516,325.24,Pública,Universidad Central del Ecuador (UCE)
Victor Manuel,Seco,Sucúa, Morona Santiago,-78.1727383,-2.4560109,251.46,Pública,Universidad Central del Ecuador (UCE)
Gustavo Escamilla,Maldonado,Guaranda, Bolívar,-79.0576662,-1.4398571,148.56,Pública,Escuela Politécnica Nacional (EPN)
Celestino Llorente,Caparrós, San Gabriel, Carchi,-77.835319,0.598485,118.12,Pública,Universidad Central del Ecuador (UCE)
Cornelio,Flores,Catacocha, Loja,-79.6497578,-4.0503147,444.24,Pública,Escuela Politécnica del Ejército (ESPE)
Horacio Néstor Catalán,Sáez, La Joya de los Sachas, Orellana,-76.8611463,-0.3161424,183.91,Pública,Universidad Central del Ecuador (UCE)
Daniel Franco,Jiménez,Caluma, Bolívar,-79.1963263,-1.5976675,171.01,Privada,Universidad Internacional del Ecuador (UIDE)
Tristán Guerra,Vizcaíno, Vinces, Los Ríos,-79.766045,-1.5235263,201.08,Pública,Escuela Politécnica Nacional (EPN)
Fabián Hoyos,Mesa, Machala, El Oro,-79.9512804,-3.3148937,379.46,Privada,Universidad Internacional del Ecuador (UIDE)
Dr(a). Malena,Ortiz, Balzar, Guayas,-79.9367148,-1.3062992,199.16,Pública,Universidad Central del Ecuador (UCE)
Dary Torres,Arias, Alausí, Chimborazo,-78.703566,-2.3250494,235.02,Pública,Universidad Central del Ecuador (UCE)
Patricia,Gutiérrez,Sangolquí, Pichincha,-78.4483476,-0.3288822,14.03,Privada,Universidad Politécnica Salesiana (UPS)
Dr. Omar,Lira,Naranjal, Guayas,-79.5325634,-2.5731305,285.16,Pública,Universidad Central del Ecuador (UCE)
Yeni Cristian,Cuellar, Ambato, Tungurahua,-78.6287594,-1.2422413,114.38,Pública,Escuela Politécnica del Ejército (ESPE)
Alma Mateo,Velasco,Salitre, Guayas,-79.8187323,-1.8289209,230.42,Pública,Universidad Central del Ecuador (UCE)
Francisca,Negrón, Atacames, Esmeraldas,-79.8790841,0.7971086,189.45,Pública,Escuela Politécnica del Ejército (ESPE)
Ramiro Aldo,Mateo, Archidona, Napo,-77.955042,-0.7160712,82.95,Privada,Universidad San Francisco de Quito (USFQ)
Rosa Montoya,Pérez, Milagro, Guayas,-79.5552042,-2.1179635,240.77,Pública,Universidad Central del Ecuador (UCE)
Magda Alejandra,Sierra, Ambato, Tungurahua,-78.6287594,-1.2422413,114.38,Pública,Universidad Central del Ecuador (UCE)
Indira,Cortés, Huaquillas, El Oro,-80.184453,-3.4756231,406.89,Privada,Universidad Tecnológica Equinoccial (UTE)
Lilia del,Marqués, Chambo, Chimborazo,-78.5425997,-1.74403,169.48,Pública,Universidad Central del Ecuador (UCE)
Faustino Zoe Toledo,Carrizo, Tabacundo, Pichincha,-78.2216436,0.048201,43.99,Privada,Universidad Tecnológica Indoamérica (UTI)
Luciano Maria Paz Mendoza,Fernandez,Baba, Los Ríos,-79.6615818,-1.6727698,205.95,Privada,Pontificia Universidad Católica del Ecuador (PUCE)
Albano Herberto Giménez,Salmerón, Camilo Ponce Enríquez, Azuay,-79.5630363,-2.9640696,326.69,Pública,Universidad Central del Ecuador (UCE)
Cecilia Angie,Ramírez, Muisne, Esmeraldas,-79.8817211,0.5387247,174.09,Privada,Pontificia Universidad Católica del Ecuador (PUCE)
Elsa Agustín Botello,Tijerina, Montalvo, Los Ríos,-79.348133,-1.8025855,198.99,Pública,Universidad Andina Simón Bolívar (UASB)
Candelaria Ruiz,Aguirre, Palenque, Los Ríos,-79.7182552,-1.3353343,182.63,Pública,Universidad Central del Ecuador (UCE)
Gisela Coloma,Roma, Tabacundo, Pichincha,-78.2216436,0.048201,43.99,Pública,Escuela Politécnica del Ejército (ESPE)
Eduardo Gutiérrez,Romero,Ventanas, Los Ríos,-79.3351558,-1.3253915,153.21,Pública,Escuela Politécnica del Ejército (ESPE)
Sr(a). Delfina,Paez, General Villamil, Guayas,-80.4261454,-2.5937913,338.99,Privada,Pontificia Universidad Católica del Ecuador (PUCE)
Emilia,Cordoba, Chambo, Chimborazo,-78.5425997,-1.74403,169.48,Privada,Universidad de las Américas (UDLA)
Valentino,Nuñez, Gualaceo, Azuay,-78.8461586,-2.9180205,302.27,Pública,Escuela Politécnica Nacional (EPN)
Cristóbal Mateos,Taboada, Santo Domingo, Santo Domingo de los Tsáchilas,-79.1686724,-0.2546212,73.08,Pública,Universidad Central del Ecuador (UCE)
Liceth Elizabeth,Rivera, Biblián, Cañar,-78.9802821,-2.6748261,277.86,Privada,Universidad Politécnica Salesiana (UPS)
Micaela Llano,Ribas, Cañar, Cañar,-79.1800778,-2.4749335,261.48,Pública,Universidad Central del Ecuador (UCE)
Lic. Raquel,Chapa, Chambo, Chimborazo,-78.5425997,-1.74403,169.48,Privada,Universidad Internacional del Ecuador (UIDE)
Juana Gregorio,Urrutia, Catamayo, Loja,-79.403789,-3.9912144,430.86,Pública,Escuela Politécnica del Ejército (ESPE)
Gael Sanchez,Nuñez,Yantzaza, Zamora Chinchipe,-78.7376344,-3.7146811,389.38,Pública,Universidad Central del Ecuador (UCE)
Dr(a). Francisco,Arias,Cayambe, Pichincha,-77.9889555,0.0251586,64.27,Pública,Universidad Central del Ecuador (UCE)
Helena Timoteo Rodríquez,Castellanos, Guano, Chimborazo,-78.6578385,-1.539923,147.64,Pública,Universidad Central del Ecuador (UCE)
Juan Fajardo,Franco, Santo Domingo, Santo Domingo de los Tsáchilas,-79.1686724,-0.2546212,73.08,Pública,Universidad Central del Ecuador (UCE)
Roberto Lluch,Ureña,Sucúa, Morona Santiago,-78.1727383,-2.4560109,251.46,Pública,Universidad Central del Ecuador (UCE)
Petrona Fidela Terrón,Rubio,Cayambe, Pichincha,-77.9889555,0.0251586,64.27,Pública,Escuela Politécnica del Ejército (ESPE)
Gildardo Ferney Arias,Ardila, Quevedo, Los Ríos,-79.4776812,-1.0669701,142.78,Privada,Pontificia Universidad Católica del Ecuador (PUCE)
Ceferino,Barragán-Coll,Manta, Manabí,-80.7191006,-0.9485853,258.39,Pública,Universidad Central del Ecuador (UCE)
Samuel Carlos Pérez,Ortiz, Lomas de Sargentillo, Guayas,-80.0789495,-1.8348374,250.14,Pública,Escuela Politécnica Nacional (EPN)
Isabella Juana Godoy,Rodriguez, Puerto López, Manabí,-80.744524,-1.5440814,288.55,Pública,Universidad Central del Ecuador (UCE)
Barbara Rufino de la,Fuente, Flavio Alfaro, Manabí,-79.844538,-0.3242859,148.59,Pública,Universidad Central del Ecuador (UCE)
Arley Héctor,Suárez, Celica, Loja,-79.9851762,-4.1648137,468.15,Pública,Escuela Politécnica del Ejército (ESPE)
Mónica Gloria,Sánchez, Paute, Azuay,-78.7362416,-2.7468493,282.05,Pública,Escuela Politécnica Nacional (EPN)
Mtro. José Emilio,Rubio, Guayaquil, Guayas,-80.0983887,-2.2895167,289.88,Privada,Universidad Internacional del Ecuador (UIDE)
Mateo Valentin Mateo Diaz,Gimenez,San Lorenzo, Esmeraldas,-78.6869333,0.9850634,135.41,Privada,Universidad Internacional del Ecuador (UIDE)
Ing. Olivia,Tapia,Simón Bolívar, Guayas,-79.4218634,-2.0424101,226.45,Privada,Universidad de las Américas (UDLA)
Jimena Benito,Carnero,Ibarra, Imbabura,-78.1329448,0.5159369,92.08,Pública,Escuela Politécnica Nacional (EPN)
Mauro Montero,Marrero,Ibarra, Imbabura,-78.1329448,0.5159369,92.08,Privada,Universidad Internacional del Ecuador (UIDE)
Maribel Naranjo,Carvajal,El Ángel, Carchi,-77.9396301,0.6211998,113.17,Pública,Universidad Central del Ecuador (UCE)
Maritza Gómez,Aguilar, Junín, Manabí,-80.2054147,-0.9394745,204.54,Pública,Universidad Central del Ecuador (UCE)
Claudia Esperanza,Maldonado, San Miguel de Los Bancos, Pichincha,-78.9214659,-0.0188368,50.7,Pública,Universidad Central del Ecuador (UCE)
Catalina Arcelia,Pizarro,Pujilí, Cotopaxi,-78.8559205,-1.0077046,95.54,Pública,Universidad Central del Ecuador (UCE)
Agapito Tomé,Rosado, Tabacundo, Pichincha,-78.2216436,0.048201,43.99,Privada,Universidad Tecnológica Indoamérica (UTI)
Baltasar,Aparicio, Daule, Guayas,-79.9129307,-1.9200069,244.89,Pública,Universidad Central del Ecuador (UCE)
Azahara Isern,Aroca, Guano, Chimborazo,-78.6578385,-1.539923,147.64,Pública,Universidad Central del Ecuador (UCE)
Nazario Adelardo Bárcena,Casals, Naranjito, Guayas,-79.3904646,-2.1590388,236.66,Pública,Universidad Central del Ecuador (UCE)
Dr. Dulce María,Montoya, Valdez, Esmeraldas,-78.9826345,1.2489838,171.53,Pública,Universidad Central del Ecuador (UCE)
Camilo Lobato,Oliveras, Chambo, Chimborazo,-78.5425997,-1.74403,169.48,Pública,Escuela Politécnica Nacional (EPN)
Yadira Ocampo,Ávila,Latacunga, Cotopaxi,-78.6145758,-0.9340311,80.19,Pública,Universidad Central del Ecuador (UCE)
Sebastián Alcalá,Ángel, Huaquillas, El Oro,-80.184453,-3.4756231,406.89,Pública,Universidad Central del Ecuador (UCE)
Guillermina David,Terrazas,Montecristi, Manabí,-80.6606834,-1.0504072,256.09,Pública,Universidad Central del Ecuador (UCE)
Óscar Gargallo,Varela,Puyo, Pastaza,-77.9969666,-1.4854777,151.92,Pública,Escuela Politécnica del Ejército (ESPE)
Genaro Santiago Peralta,Gomez, Huaca, Carchi,-77.727333,0.7987391,143.02,Pública,Universidad Central del Ecuador (UCE)
Alejandro Molina,Parra, Muisne, Esmeraldas,-79.8817211,0.5387247,174.09,Pública,Universidad Central del Ecuador (UCE)
Cristina Beatriz,Zapata, Pedernales, Manabí,-79.8451737,0.0693259,151.66,Privada,Pontificia Universidad Católica del Ecuador (PUCE)
Jaime,Gómez, Montalvo, Los Ríos,-79.348133,-1.8025855,198.99,Privada,Pontificia Universidad Católica del Ecuador (PUCE)
Luis Jorge Carvajal,Álvarez, Puerto López, Manabí,-80.744524,-1.5440814,288.55,Pública,Universidad Central del Ecuador (UCE)
Nicolas Juana,Mendez,Saquisilí, Cotopaxi,-78.7312624,-0.8359835,72.67,Pública,Escuela Politécnica Nacional (EPN)
Martín Nazario,Duarte, General Villamil, Guayas,-80.4261454,-2.5937913,338.99,Pública,Escuela Politécnica Nacional (EPN)
Nerea Calzada,Prieto, San Gabriel, Carchi,-77.835319,0.598485,118.12,Pública,Escuela Politécnica del Ejército (ESPE)
Sr(a). Juan Ignacio,Ruiz,Simón Bolívar, Guayas,-79.4218634,-2.0424101,226.45,Pública,Universidad Central del Ecuador (UCE)
Anacleto Parra,Flor, Biblián, Cañar,-78.9802821,-2.6748261,277.86,Pública,Universidad Central del Ecuador (UCE)
Stella Aleida González,Velasco,Babahoyo, Los Ríos,-79.5068917,-1.8762599,214.79,Pública,Universidad Central del Ecuador (UCE)
Bautista Benjamin Bautista Benjamin Luna,Navarro, El Tambo, Cañar,-78.9133964,-2.4828078,255.51,Pública,Instituto de Altos Estudios Nacionales (IAEN)
Agustin Juan Martin Ruiz,Suarez, Sucre, Manabí,-80.4199056,-0.7326786,219.63,Pública,Escuela Politécnica Nacional (EPN)
Kelly González,Vargas, Riobamba, Chimborazo,-78.6482479,-1.6732765,162.28,Privada,Universidad San Francisco de Quito (USFQ)
Lucía Valentino,Gomez, Baños de Agua Santa, Tungurahua,-78.4402276,-1.417407,133.37,Pública,Universidad Central del Ecuador (UCE)
Josep Amor,Escamilla,Latacunga, Cotopaxi,-78.6145758,-0.9340311,80.19,Pública,Universidad Central del Ecuador (UCE)
Dr(a). Felipe,Rios, Valencia, Los Ríos,-79.3211355,-0.7696521,108.72,Pública,Universidad Central del Ecuador (UCE)
Natalio Vizcaíno,Ugarte,Pujilí, Cotopaxi,-78.8559205,-1.0077046,95.54,Pública,Universidad Central del Ecuador (UCE)
Juana Guillermina,Gimenez,Caluma, Bolívar,-79.1963263,-1.5976675,171.01,Pública,Escuela Politécnica del Ejército (ESPE)
Irene,Gómez,El Ángel, Carchi,-77.9396301,0.6211998,113.17,Pública,Universidad Andina Simón Bolívar (UASB)
Olivia Sanchez,Torres, Loreto, Orellana,-77.3252738,-0.6471884,140.27,Pública,Universidad Central del Ecuador (UCE)
Martina Castro,Guzman,Quinsaloma, Los Ríos,-79.3468998,-1.1460552,138.6,Pública,Universidad Central del Ecuador (UCE)
Esther Hernández,Becerra, Santo Domingo, Santo Domingo de los Tsáchilas,-79.1686724,-0.2546212,73.08,Privada,Universidad Tecnológica Indoamérica (UTI)
Franco Aguirre,Castro,Montecristi, Manabí,-80.6606834,-1.0504072,256.09,Pública,Escuela Politécnica Nacional (EPN)
Lucas,Fernandez, Loreto, Orellana,-77.3252738,-0.6471884,140.27,Pública,Universidad Central del Ecuador (UCE)
Dorotea Uría,Pina, Cumandá, Chimborazo,-79.103584,-2.2108666,230.91,Pública,Universidad Central del Ecuador (UCE)
Silvio Pazos,Oller,San Lorenzo, Esmeraldas,-78.6869333,0.9850634,135.41,Pública,Universidad Central del Ecuador (UCE)
Fortunata Cabanillas,Roman, Tulcán, Carchi,-77.7172151,0.8115707,144.84,Pública,Universidad Central del Ecuador (UCE)
Camilo Andrés,Vargas, Quevedo, Los Ríos,-79.4776812,-1.0669701,142.78,Pública,Universidad Central del Ecuador (UCE)
Rosalia Arturo Barraza,Magaña,Salitre, Guayas,-79.8187323,-1.8289209,230.42,Privada,Universidad Internacional del Ecuador (UIDE)
Carla Aller,Moreno, Chambo, Chimborazo,-78.5425997,-1.74403,169.48,Pública,Universidad Central del Ecuador (UCE)
Máxima Rocamora,Villa, Cumandá, Chimborazo,-79.103584,-2.2108666,230.91,Pública,Universidad Central del Ecuador (UCE)
Benjamin Valentin Gonzalez,Sanchez, Guayaquil, Guayas,-80.0983887,-2.2895167,289.88,Privada,Universidad Internacional del Ecuador (UIDE)
Franco Micaela Gomez,Peralta, Valencia, Los Ríos,-79.3211355,-0.7696521,108.72,Pública,Escuela Politécnica del Ejército (ESPE)
César Alonso Herrera,Garzón,Yaguachi, Guayas,-79.9134536,-2.2015355,269.81,Pública,Escuela Politécnica Nacional (EPN)
Alberto Acevedo,Quiroz,Sangolquí, Pichincha,-78.4483476,-0.3288822,14.03,Privada,Pontificia Universidad Católica del Ecuador (PUCE)
Clotilde del,Lara, Píllaro, Tungurahua,-78.5423177,-1.1725302,105.95,Pública,Escuela Politécnica del Ejército (ESPE)
Luciano Herberto Gonzalez,Briones, Calceta, Manabí,-80.1640382,-0.8480934,196.48,Pública,Escuela Politécnica del Ejército (ESPE)
Evangelina,Llano-Bautista,Caluma, Bolívar,-79.1963263,-1.5976675,171.01,Pública,Universidad Central del Ecuador (UCE)
Sofia,Arias, Cumandá, Chimborazo,-79.103584,-2.2108666,230.91,Pública,Universidad Central del Ecuador (UCE)
Óscar,Montoya,Salinas, Santa Elena,-80.9237973,-2.2612497,351.24,Pública,Escuela Politécnica del Ejército (ESPE)
Karla,Heredia, Narcisa de Jesús, Guayas,-80.2384404,-1.6118103,246.52,Pública,Escuela Politécnica del Ejército (ESPE)
Sr(a). Justina,Morales, La Troncal, Cañar,-79.3751632,-2.433689,264.16,Pública,Universidad Andina Simón Bolívar (UASB)
Lic. Ernesto,Robles, Urcuquí, Imbabura,-78.1941499,0.4172921,79.22,Pública,Escuela Politécnica del Ejército (ESPE)
Fidel Bonilla,Martínez, Montalvo, Los Ríos,-79.348133,-1.8025855,198.99,Privada,Universidad Internacional del Ecuador (UIDE)
María Teresa Concepción Guajardo,Corona, Paute, Azuay,-78.7362416,-2.7468493,282.05,Pública,Universidad Central del Ecuador (UCE)
Camilo Estrada,Vallejo, Tulcán, Carchi,-77.7172151,0.8115707,144.84,Pública,Universidad Central del Ecuador (UCE)
Gabriela,Llamas, Colimes, Guayas,-80.0818751,-1.5161582,226.31,Pública,Universidad Central del Ecuador (UCE)
Ruby Eugenio Palomino,Griego, Samborondón, Guayas,-79.7562694,-2.0155653,242.86,Pública,Universidad Central del Ecuador (UCE)
Clemente Amorós,Higueras, Montalvo, Los Ríos,-79.348133,-1.8025855,198.99,Pública,Escuela Politécnica Nacional (EPN)
Mauricio Ronal Salazar,Espitia, Montalvo, Los Ríos,-79.348133,-1.8025855,198.99,Pública,Universidad Central del Ecuador (UCE)
Georgina Celia,Anaya, Chambo, Chimborazo,-78.5425997,-1.74403,169.48,Privada,Universidad San Francisco de Quito (USFQ)
Álvaro,Díaz, Milagro, Guayas,-79.5552042,-2.1179635,240.77,Pública,Universidad Central del Ecuador (UCE)
Ricarda Aller,Baquero, Narcisa de Jesús, Guayas,-80.2384404,-1.6118103,246.52,Pública,Universidad Central del Ecuador (UCE)
María Cristina Martí,Bartolomé, Guayaquil, Guayas,-80.0983887,-2.2895167,289.88,Privada,Universidad de las Américas (UDLA)
Felicitas Antonio Ruiz,Mansilla, Montalvo, Los Ríos,-79.348133,-1.8025855,198.99,Privada,Pontificia Universidad Católica del Ecuador (PUCE)
Bruno Reina,Sanches, Santa Rosa, El Oro,-80.154904,-3.4145538,399.35,Privada,Universidad San Francisco de Quito (USFQ)
Natalia,Zapata, Bahía de Caráquez, Manabí,-80.423572,-0.5999649,216.67,Pública,Escuela Politécnica Nacional (EPN)
James David González,Arévalo, Alausí, Chimborazo,-78.703566,-2.3250494,235.02,Pública,Instituto de Altos Estudios Nacionales (IAEN)
Roberto Sarmiento,Rubio,Salitre, Guayas,-79.8187323,-1.8289209,230.42,Pública,Universidad Central del Ecuador (UCE)
Bernabé Delia,Gallegos,Puebloviejo, Los Ríos,-79.5474126,-1.5368546,186.22,Pública,Universidad Central del Ecuador (UCE)
Diego Jhonatan Martínez,Lozano,Zamora, Zamora Chinchipe,-78.9577754,-4.0042008,423.67,Pública,Universidad Central del Ecuador (UCE)
Magdalena Roda,Taboada, Pimampiro, Imbabura,-77.9402742,0.393298,93.27,Pública,Universidad Central del Ecuador (UCE)
Clemente Jos Roldán,Nazario, Santa Ana, Manabí,-80.2631268,-1.1944701,222.78,Pública,Escuela Politécnica del Ejército (ESPE)
Paula,Espitia, Vinces, Los Ríos,-79.766045,-1.5235263,201.08,Privada,Universidad San Francisco de Quito (USFQ)
Onofre Heras,Isern, Archidona, Napo,-77.955042,-0.7160712,82.95,Privada,Universidad Tecnológica Equinoccial (UTE)
Luca Constanza Barrios,Castillo,Guaranda, Bolívar,-79.0576662,-1.4398571,148.56,Privada,Universidad de las Américas (UDLA)
Julia,Aguilera, Santa Isabel, Azuay,-79.3594118,-3.1839392,342.74,Pública,Escuela Politécnica del Ejército (ESPE)
Julieta Santiago Nicolas Navarro,Garcia, Muisne, Esmeraldas,-79.8817211,0.5387247,174.09,Pública,Universidad Central del Ecuador (UCE)
Susana,Mateo, Narcisa de Jesús, Guayas,-80.2384404,-1.6118103,246.52,Pública,Escuela Politécnica del Ejército (ESPE)
Victoria Rodriguez,Vargas, Coronel Marcelino Maridueña, Guayas,-79.3861649,-2.2333628,244.02,Pública,Universidad Central del Ecuador (UCE)
Tiziano Benjamin,Blanco,Tena, Napo,-78.1083981,-0.9438718,92.16,Pública,Universidad Central del Ecuador (UCE)
Duván Fonseca,Bravo, El Carmen, Manabí,-79.5741548,-0.4809541,121.58,Pública,Universidad Central del Ecuador (UCE)
Gloria Karen,Guerra,La Concordia, Santo Domingo de los Tsáchilas,-79.462977,-0.0441108,107.5,Pública,Escuela Politécnica del Ejército (ESPE)
Edgar Alonso Bedoya,Díaz,Latacunga, Cotopaxi,-78.6145758,-0.9340311,80.19,Privada,Universidad de las Américas (UDLA)
Benjamin Sofia,Sanchez,Salitre, Guayas,-79.8187323,-1.8289209,230.42,Privada,Pontificia Universidad Católica del Ecuador (PUCE)
Cayetano Iborra,Villalonga, Pedernales, Manabí,-79.8451737,0.0693259,151.66,Pública,Escuela Politécnica del Ejército (ESPE)
Lic. Indira,Razo,Azogues, Cañar,-78.8467191,-2.7380492,282.43,Privada,Pontificia Universidad Católica del Ecuador (PUCE)
Thiago Benjamin Luciano,Rivero, Huaca, Carchi,-77.727333,0.7987391,143.02,Pública,Universidad Central del Ecuador (UCE)
María Rosa Medina,Rivera, El Carmen, Manabí,-79.5741548,-0.4809541,121.58,Pública,Universidad Central del Ecuador (UCE)
Agustín Valdez,Girón, Cañar, Cañar,-79.1800778,-2.4749335,261.48,Privada,Pontificia Universidad Católica del Ecuador (PUCE)
Chita Juárez,Domingo,Sucúa, Morona Santiago,-78.1727383,-2.4560109,251.46,Privada,Universidad Tecnológica Equinoccial (UTE)
María Pilar Romeu,Juan, Echeandía, Bolívar,-79.2735861,-1.4469547,160.54,Pública,Escuela Politécnica del Ejército (ESPE)
José Carlos de la Rosa,Valverde,Catarama, Los Ríos,-79.4750201,-1.5692196,184.28,Pública,Universidad Central del Ecuador (UCE)
Plinio Zaragoza,Rozas, Archidona, Napo,-77.955042,-0.7160712,82.95,Pública,Instituto de Altos Estudios Nacionales (IAEN)
Juan Ignacio,Vera, Camilo Ponce Enríquez, Azuay,-79.5630363,-2.9640696,326.69,Pública,Universidad Central del Ecuador (UCE)
Graciela Miguel Ángel Olivas,Cedillo,Caluma, Bolívar,-79.1963263,-1.5976675,171.01,Privada,Universidad de las Américas (UDLA)
Matias Jeronimo,Garcia, Loreto, Orellana,-77.3252738,-0.6471884,140.27,Privada,Pontificia Universidad Católica del Ecuador (PUCE)
Dolores,Paredes,Puyo, Pastaza,-77.9969666,-1.4854777,151.92,Pública,Universidad Central del Ecuador (UCE)
Gregorio Iglesias,Gracia, Balzar, Guayas,-79.9367148,-1.3062992,199.16,Pública,Universidad Central del Ecuador (UCE)
Thiago Ramiro,Medina,Pasaje, El Oro,-79.7625976,-3.3234936,372.0,Privada,Universidad Tecnológica Indoamérica (UTI)
Benita Morales,Puga, Cumandá, Chimborazo,-79.103584,-2.2108666,230.91,Pública,Escuela Politécnica del Ejército (ESPE)
Luisa,Zambrano, Velasco Ibarra, Guayas,-79.8779821,-2.2843364,275.19,Pública,Universidad Central del Ecuador (UCE)
Luz María,Quintero,Saraguro, Loja,-79.3063889,-3.5269465,378.14,Pública,Escuela Politécnica Nacional (EPN)
Joaquín,Zelaya, Shushufindi, Sucumbíos,-76.5906945,-0.2885051,213.81,Pública,Escuela Politécnica Nacional (EPN)
Edmundo Vargas,Piquer, Loreto, Orellana,-77.3252738,-0.6471884,140.27,Pública,Escuela Politécnica del Ejército (ESPE)
Fredy Hernández,Galindo, Coronel Marcelino Maridueña, Guayas,-79.3861649,-2.2333628,244.02,Pública,Escuela Politécnica del Ejército (ESPE)
Carmina,Juliá-Doménech, Urcuquí, Imbabura,-78.1941499,0.4172921,79.22,Pública,Universidad Central del Ecuador (UCE)
Enzo Valentino Sanchez,Pereyra, Isidro Ayora, Guayas,-80.1463096,-1.8796754,258.94,Privada,Universidad Politécnica Salesiana (UPS)
Camilo Humberto Armendáriz,Cavazos, Atacames, Esmeraldas,-79.8790841,0.7971086,189.45,Privada,Universidad Internacional del Ecuador (UIDE)
Lautaro Ezequiel Gabriel Garcia,Lucero,Salitre, Guayas,-79.8187323,-1.8289209,230.42,Pública,Universidad Central del Ecuador (UCE)
Óscar Juan,Daza, Milagro, Guayas,-79.5552042,-2.1179635,240.77,Pública,Universidad Central del Ecuador (UCE)
Lautaro Benjamin Thiago Gabriel,Godoy,Simón Bolívar, Guayas,-79.4218634,-2.0424101,226.45,Pública,Universidad Central del Ecuador (UCE)
Santiago Rodriguez,Lopez, Atacames, Esmeraldas,-79.8790841,0.7971086,189.45,Pública,Universidad Central del Ecuador (UCE)
Mateo Valentin Gomez,Escobar, Montalvo, Los Ríos,-79.348133,-1.8025855,198.99,Pública,Universidad Central del Ecuador (UCE)
Simon Olivera,Castro, Ambato, Tungurahua,-78.6287594,-1.2422413,114.38,Privada,Universidad de las Américas (UDLA)
Santino,Muñoz, Palenque, Los Ríos,-79.7182552,-1.3353343,182.63,Pública,Escuela Politécnica Nacional (EPN)
Jaqueline Cabán,Figueroa, Vinces, Los Ríos,-79.766045,-1.5235263,201.08,Pública,Universidad Central del Ecuador (UCE)
Elvira Zambrano,Pinto,Cayambe, Pichincha,-77.9889555,0.0251586,64.27,Pública,Escuela Politécnica Nacional (EPN)
Sr(a). Olivia,Vásquez, Cotacachi, Imbabura,-78.4507013,0.3955234,68.8,Privada,Universidad Internacional del Ecuador (UIDE)
Araceli,Gurule, Isidro Ayora, Guayas,-80.1463096,-1.8796754,258.94,Pública,Universidad Andina Simón Bolívar (UASB)
Angelina Gonzalez,Castillo, Esmeraldas, Esmeraldas,-79.6523847,0.9668153,183.0,Pública,Universidad Central del Ecuador (UCE)
Florentina Camino,Morales,Otavalo, Imbabura,-78.2454274,0.2227636,57.5,Pública,Universidad Central del Ecuador (UCE)
Ariadna Rincón,Rosado, Pimampiro, Imbabura,-77.9402742,0.393298,93.27,Pública,Universidad Central del Ecuador (UCE)
Mia Benjamin Valdez,Ferreyra, Loreto, Orellana,-77.3252738,-0.6471884,140.27,Pública,Escuela Politécnica del Ejército (ESPE)
Abigail Angel Gabriel Barrios,Figueroa, San Gabriel, Carchi,-77.835319,0.598485,118.12,Pública,Instituto de Altos Estudios Nacionales (IAEN)
Amanda Trinidad,Leyva, Chordeleg, Azuay,-78.7307218,-2.9844675,308.33,Pública,Universidad Central del Ecuador (UCE)
Alicia,Vásquez,Tena, Napo,-78.1083981,-0.9438718,92.16,Pública,Universidad Central del Ecuador (UCE)
Camila Lopez,Soto,San Lorenzo, Esmeraldas,-78.6869333,0.9850634,135.41,Privada,Universidad Tecnológica Equinoccial (UTE)
Benjamin Diaz,Alvarez, Cañar, Cañar,-79.1800778,-2.4749335,261.48,Pública,Universidad Central del Ecuador (UCE)
Lara Ivan Fernandez,Garcia,Manta, Manabí,-80.7191006,-0.9485853,258.39,Pública,Escuela Politécnica Nacional (EPN)
Florencia Juan Martin Sosa,Gomez,Machachi, Pichincha,-78.6516915,-0.4984774,34.61,Pública,Universidad Central del Ecuador (UCE)
Olga Lida Acosta,Londoño, Portovelo, El Oro,-79.6172038,-3.7152273,407.56,Pública,Universidad Central del Ecuador (UCE)
Matilda Correa,Cabrera, Machala, El Oro,-79.9512804,-3.3148937,379.46,Pública,Universidad Central del Ecuador (UCE)
Catalina,Gutierrez, El Pangui, Zamora Chinchipe,-78.5473049,-3.6253506,378.66,Pública,Universidad Central del Ecuador (UCE)
Lara Luz Milagros,Soria,San Vicente, Manabí,-80.3761409,-0.4373946,208.65,Pública,Escuela Politécnica Nacional (EPN)
Joaquín Isaías Bernad,Tejedor, Pedro Carbo, Guayas,-80.3009814,-1.8672671,270.34,Privada,Universidad Tecnológica Indoamérica (UTI)
Amelia Duque,Suárez,Ibarra, Imbabura,-78.1329448,0.5159369,92.08,Pública,Universidad Central del Ecuador (UCE)
Lic. Gustavo,Varela, Celica, Loja,-79.9851762,-4.1648137,468.15,Pública,Escuela Politécnica del Ejército (ESPE)
Angélica de,Vilanova, Pedro Vicente Maldonado, Pichincha,-79.0400619,0.1612052,72.4,Privada,Universidad de las Américas (UDLA)
Imelda,Rey,El Ángel, Carchi,-77.9396301,0.6211998,113.17,Pública,Universidad Central del Ecuador (UCE)
Nadia Isern,Padilla, Pelileo, Tungurahua,-78.537307,-1.3573827,126.48,Pública,Universidad Central del Ecuador (UCE)
Kelly María,Mena, Shushufindi, Sucumbíos,-76.5906945,-0.2885051,213.81,Pública,Escuela Politécnica del Ejército (ESPE)
Maia Valentina Jazmin,Gonzalez, Riobamba, Chimborazo,-78.6482479,-1.6732765,162.28,Pública,Escuela Politécnica del Ejército (ESPE)
Josefina Lisandro Navarro,Acosta,Catacocha, Loja,-79.6497578,-4.0503147,444.24,Pública,Escuela Politécnica Nacional (EPN)
Jader Freddy,Díaz,Loja, Loja,-79.2016661,-3.996845,426.87,Pública,Escuela Politécnica del Ejército (ESPE)
Salma Huerta,Caraballo, Paute, Azuay,-78.7362416,-2.7468493,282.05,Pública,Escuela Politécnica Nacional (EPN)
Sr(a). Benjamin,Gomez, Santo Domingo, Santo Domingo de los Tsáchilas,-79.1686724,-0.2546212,73.08,Pública,Universidad Andina Simón Bolívar (UASB)
María Luisa,Palacios, La Joya de los Sachas, Orellana,-76.8611463,-0.3161424,183.91,Pública,Escuela Politécnica Nacional (EPN)
Ana Paula Martin Sosa,Peralta, El Carmen, Manabí,-79.5741548,-0.4809541,121.58,Pública,Escuela Politécnica del Ejército (ESPE)
Catalina Valentino Lopez,Maldonado, El Tambo, Cañar,-78.9133964,-2.4828078,255.51,Pública,Universidad Central del Ecuador (UCE)
Enrique Rosales,Colunga, Palenque, Los Ríos,-79.7182552,-1.3353343,182.63,Pública,Universidad Central del Ecuador (UCE)
Socorro,Tijerina, Samborondón, Guayas,-79.7562694,-2.0155653,242.86,Pública,Universidad Central del Ecuador (UCE)
Hermelinda Rivas,Cordero, Gualaceo, Azuay,-78.8461586,-2.9180205,302.27,Pública,Universidad Central del Ecuador (UCE)
Benjamin,Lopez, Portovelo, El Oro,-79.6172038,-3.7152273,407.56,Pública,Escuela Politécnica Nacional (EPN)
Mercedes,Rodríguez,Catarama, Los Ríos,-79.4750201,-1.5692196,184.28,Privada,Universidad Internacional del Ecuador (UIDE)
Marisol Herrera,Fortuny, Santa Lucía, Guayas,-80.0426304,-1.7145863,237.82,Pública,Escuela Politécnica Nacional (EPN)
Andrés Rodríguez,Méndez, La Libertad, Santa Elena,-80.9077647,-2.2208117,346.98,Privada,Universidad de las Américas (UDLA)
Juan Francisco,Ponce,Ventanas, Los Ríos,-79.3351558,-1.3253915,153.21,Pública,Universidad Central del Ecuador (UCE)
Olga,Reyes,Salitre, Guayas,-79.8187323,-1.8289209,230.42,Pública,Universidad Central del Ecuador (UCE)
Thiago Agustin Bruno,Flores, Riobamba, Chimborazo,-78.6482479,-1.6732765,162.28,Pública,Universidad Andina Simón Bolívar (UASB)
Marcela Camila,Campo,Baba, Los Ríos,-79.6615818,-1.6727698,205.95,Pública,Universidad Central del Ecuador (UCE)
María Ángeles Oliver,Sanabria,Caluma, Bolívar,-79.1963263,-1.5976675,171.01,Pública,Universidad Central del Ecuador (UCE)
Mateo Ojeda,Herrera,Ibarra, Imbabura,-78.1329448,0.5159369,92.08,Pública,Escuela Politécnica Nacional (EPN)
Bianca Salvador,Castillo, Bahía de Caráquez, Manabí,-80.423572,-0.5999649,216.67,Pública,Escuela Politécnica Nacional (EPN)
Lautaro Nicolas Lisandro,Alvarez, Huaquillas, El Oro,-80.184453,-3.4756231,406.89,Pública,Universidad Central del Ecuador (UCE)
Violeta Juan Farias,Rios,Caluma, Bolívar,-79.1963263,-1.5976675,171.01,Pública,Universidad Central del Ecuador (UCE)
Nelly Patricia,Ramírez, Jujan, Guayas,-79.5495283,-1.9494337,224.21,Privada,Universidad de las Américas (UDLA)
Geronimo Leiva,Aguirre, Jama, Manabí,-80.2295834,-0.2149489,190.95,Pública,Universidad Andina Simón Bolívar (UASB)
Porfirio Amanda,Almanza, Jama, Manabí,-80.2295834,-0.2149489,190.95,Pública,Universidad Central del Ecuador (UCE)
Javier,Sánchez, San Miguel de Los Bancos, Pichincha,-78.9214659,-0.0188368,50.7,Pública,Universidad Central del Ecuador (UCE)
Florentino Ros,Carbonell, Nueva Loja, Sucumbíos,-76.8834932,0.0850591,184.27,Pública,Universidad Central del Ecuador (UCE)
Ramiro Garrido,Ruiz, Narcisa de Jesús, Guayas,-80.2384404,-1.6118103,246.52,Pública,Universidad Central del Ecuador (UCE)
Stiven Hugo,Fuentes, Pedernales, Manabí,-79.8451737,0.0693259,151.66,Pública,Escuela Politécnica del Ejército (ESPE)
Graciela Arboleda,Agudelo, Echeandía, Bolívar,-79.2735861,-1.4469547,160.54,Pública,Universidad Central del Ecuador (UCE)
Isidoro Sebastián,Cantero, Archidona, Napo,-77.955042,-0.7160712,82.95,Pública,Universidad Central del Ecuador (UCE)
María Jesús Ricarda Cal,Arnaiz, Montalvo, Los Ríos,-79.348133,-1.8025855,198.99,Privada,Universidad Internacional del Ecuador (UIDE)
Maxi Carranza,Fuertes,San Vicente, Manabí,-80.3761409,-0.4373946,208.65,Pública,Universidad Central del Ecuador (UCE)
Juliana Toro,Castellanos, Pedernales, Manabí,-79.8451737,0.0693259,151.66,Pública,Universidad Central del Ecuador (UCE)
Felipe Torres,Maldonado,Sucúa, Morona Santiago,-78.1727383,-2.4560109,251.46,Pública,Escuela Politécnica del Ejército (ESPE)
Isidoro,Ricart, Tosagua, Manabí,-80.2577186,-0.7755207,203.66,Pública,Escuela Politécnica del Ejército (ESPE)
Silvestre del,Noguera,Salitre, Guayas,-79.8187323,-1.8289209,230.42,Pública,Escuela Politécnica del Ejército (ESPE)
María Arias,Tovar, Pedernales, Manabí,-79.8451737,0.0693259,151.66,Pública,Escuela Politécnica del Ejército (ESPE)
Ana Leonor Salazar,Torres, Pimampiro, Imbabura,-77.9402742,0.393298,93.27,Pública,Escuela Politécnica Nacional (EPN)
Bastian,Mendoza,Pasaje, El Oro,-79.7625976,-3.3234936,372.0,Pública,Universidad Central del Ecuador (UCE)
Inés,Fuentes, Daule, Guayas,-79.9129307,-1.9200069,244.89,Pública,Escuela Politécnica del Ejército (ESPE)
Fortunato Miranda,Querol, Valencia, Los Ríos,-79.3211355,-0.7696521,108.72,Pública,Escuela Politécnica del Ejército (ESPE)
Anel,Orozco,Otavalo, Imbabura,-78.2454274,0.2227636,57.5,Privada,Universidad Politécnica Salesiana (UPS)
Vito Barco,Vizcaíno,Jaramijó, Manabí,-80.6134583,-0.9743883,248.22,Privada,Universidad Internacional del Ecuador (UIDE)
Diego Duarte,Cortés, Cariamanga, Loja,-79.5559525,-4.326038,471.04,Privada,Universidad de las Américas (UDLA)
Wilmar José,Castro, Quevedo, Los Ríos,-79.4776812,-1.0669701,142.78,Pública,Escuela Politécnica del Ejército (ESPE)
Marisela,Flórez,Puebloviejo, Los Ríos,-79.5474126,-1.5368546,186.22,Pública,Escuela Politécnica Nacional (EPN)
Tomas Benjamin Sofia Belen Ruiz,Diaz, Camilo Ponce Enríquez, Azuay,-79.5630363,-2.9640696,326.69,Pública,Instituto de Altos Estudios Nacionales (IAEN)
María Claudia,Bonilla, La Libertad, Santa Elena,-80.9077647,-2.2208117,346.98,Pública,Universidad Central del Ecuador (UCE)
Ing. Gloria,Gallardo,Guaranda, Bolívar,-79.0576662,-1.4398571,148.56,Privada,Universidad de las Américas (UDLA)
Mamen,Miguel,Pasaje, El Oro,-79.7625976,-3.3234936,372.0,Pública,Universidad Central del Ecuador (UCE)
María Naranjo,Montoya, Tulcán, Carchi,-77.7172151,0.8115707,144.84,Pública,Escuela Politécnica del Ejército (ESPE)
Marta Lucía Salazar,Mora,Puyo, Pastaza,-77.9969666,-1.4854777,151.92,Privada,Universidad de las Américas (UDLA)
Dora Vera,Pablo,Ventanas, Los Ríos,-79.3351558,-1.3253915,153.21,Pública,Universidad Central del Ecuador (UCE)
Reyes Casanovas,Sanchez, Cariamanga, Loja,-79.5559525,-4.326038,471.04,Pública,Instituto de Altos Estudios Nacionales (IAEN)
Lorena,Riascos,Quinsaloma, Los Ríos,-79.3468998,-1.1460552,138.6,Pública,Universidad Central del Ecuador (UCE)
Helena Gloria Vega,Cintrón, Guayaquil, Guayas,-80.0983887,-2.2895167,289.88,Privada,Universidad Politécnica Salesiana (UPS)
Sr(a). Santino,Gutierrez, Jama, Manabí,-80.2295834,-0.2149489,190.95,Pública,Universidad Central del Ecuador (UCE)
María Elena Berta Contreras,Pizarro,San Vicente, Manabí,-80.3761409,-0.4373946,208.65,Pública,Escuela Politécnica del Ejército (ESPE)
Catalina Flores,Fernandez, Camilo Ponce Enríquez, Azuay,-79.5630363,-2.9640696,326.69,Pública,Universidad Central del Ecuador (UCE)
Araceli,Negrón, Santa Isabel, Azuay,-79.3594118,-3.1839392,342.74,Pública,Escuela Politécnica del Ejército (ESPE)
Dr(a). Luna,Nuñez, Mocache, Los Ríos,-79.5512661,-1.1979,158.63,Pública,Escuela Politécnica del Ejército (ESPE)
Luciano,Duarte, Guayaquil, Guayas,-80.0983887,-2.2895167,289.88,Privada,Universidad de las Américas (UDLA)
Felipe Juan Ignacio,Vega,Tena, Napo,-78.1083981,-0.9438718,92.16,Pública,Universidad Central del Ecuador (UCE)
Ing. Caridad,Galindo,Saquisilí, Cotopaxi,-78.7312624,-0.8359835,72.67,Privada,Universidad de las Américas (UDLA)
Martina,Fernandez, Loreto, Orellana,-77.3252738,-0.6471884,140.27,Privada,Universidad San Francisco de Quito (USFQ)
Karen Adriana,González,Latacunga, Cotopaxi,-78.6145758,-0.9340311,80.19,Pública,Escuela Politécnica del Ejército (ESPE)
Lina,González, La Libertad, Santa Elena,-80.9077647,-2.2208117,346.98,Privada,Pontificia Universidad Católica del Ecuador (PUCE)
Jesús Mauricio,Mercado,Puyo, Pastaza,-77.9969666,-1.4854777,151.92,Pública,Escuela Politécnica Nacional (EPN)
Lic. Amanda,Magaña, Tabacundo, Pichincha,-78.2216436,0.048201,43.99,Pública,Universidad Central del Ecuador (UCE)
Andrea Eliana Rodríguez,Vásquez, La Troncal, Cañar,-79.3751632,-2.433689,264.16,Privada,Universidad Politécnica Salesiana (UPS)
Horacio Teruel,Menendez, Lomas de Sargentillo, Guayas,-80.0789495,-1.8348374,250.14,Pública,Universidad Andina Simón Bolívar (UASB)
Sofia Belen Agustin Muñoz,Juarez, El Pangui, Zamora Chinchipe,-78.5473049,-3.6253506,378.66,Pública,Universidad Central del Ecuador (UCE)
Lic. María del Carmen,Rangel,Arenillas, El Oro,-80.0974316,-3.5859238,413.63,Pública,Universidad Central del Ecuador (UCE)
Augusto Sofía Parra,Ontiveros, Santa Isabel, Azuay,-79.3594118,-3.1839392,342.74,Pública,Universidad Central del Ecuador (UCE)
Ivonne,Toledo,Quinsaloma, Los Ríos,-79.3468998,-1.1460552,138.6,Pública,Universidad Central del Ecuador (UCE)
Paulina Lobato,Borrego, El Coca, Orellana,-76.9837216,-0.4721804,172.26,Pública,Universidad Central del Ecuador (UCE)
Reina Mares,Valentín, Jujan, Guayas,-79.5495283,-1.9494337,224.21,Privada,Universidad de las Américas (UDLA)
Anselma de,Baena,San Vicente, Manabí,-80.3761409,-0.4373946,208.65,Pública,Universidad Central del Ecuador (UCE)
Nadia,Almaraz, Jipijapa, Manabí,-80.6124982,-1.5158193,274.37,Pública,Universidad Central del Ecuador (UCE)
Carolina de,Llopis,San Lorenzo, Esmeraldas,-78.6869333,0.9850634,135.41,Pública,Universidad Central del Ecuador (UCE)
Ricardo María,Bravo, Balsas, El Oro,-79.831096,-3.7742179,421.48,Pública,Escuela Politécnica Nacional (EPN)
William Rincón,Saavedra, Guayaquil, Guayas,-80.0983887,-2.2895167,289.88,Privada,Universidad de las Américas (UDLA)
Juan Rodríguez,Silva, Cuenca, Azuay,-79.0041726,-2.8974072,302.67,Privada,Universidad Politécnica Salesiana (UPS)
Catalina Giovanni Rojas,Garcia,Saquisilí, Cotopaxi,-78.7312624,-0.8359835,72.67,Pública,Escuela Politécnica Nacional (EPN)
Augusto Cristian Maldonado,Pantoja,Naranjal, Guayas,-79.5325634,-2.5731305,285.16,Pública,Universidad Central del Ecuador (UCE)
Sessa Melgar,Durán,Ventanas, Los Ríos,-79.3351558,-1.3253915,153.21,Pública,Universidad Central del Ecuador (UCE)
Eustaquio Porta,Cabeza, Pimampiro, Imbabura,-77.9402742,0.393298,93.27,Pública,Escuela Politécnica del Ejército (ESPE)
Adriana Valencia,Rivera, Portovelo, El Oro,-79.6172038,-3.7152273,407.56,Pública,Universidad Andina Simón Bolívar (UASB)
Cosme Heras,Guzmán,Ventanas, Los Ríos,-79.3351558,-1.3253915,153.21,Pública,Universidad Central del Ecuador (UCE)
Dr(a). Santino Agustin,Perez,Catacocha, Loja,-79.6497578,-4.0503147,444.24,Pública,Universidad Central del Ecuador (UCE)
Jaime Andrés Gómez,Barrera,Babahoyo, Los Ríos,-79.5068917,-1.8762599,214.79,Pública,Universidad Central del Ecuador (UCE)
Leonel,Cadenas-Hoz, La Maná, Cotopaxi,-79.1010573,-0.7841908,90.66,Pública,Escuela Politécnica Nacional (EPN)
Raquel Lorenzo Ramírez,Botello, Paute, Azuay,-78.7362416,-2.7468493,282.05,Pública,Universidad Central del Ecuador (UCE)
José Luis Paola de la,Garza, El Pangui, Zamora Chinchipe,-78.5473049,-3.6253506,378.66,Pública,Universidad Central del Ecuador (UCE)
Lic. Pilar,Razo, La Libertad, Santa Elena,-80.9077647,-2.2208117,346.98,Pública,Escuela Politécnica Nacional (EPN)
Santos Sobrino,Mancebo,Zaruma, El Oro,-79.5131743,-3.5111939,382.47,Privada,Universidad Internacional del Ecuador (UIDE)
Ana María Rosario,Laboy, Bahía de Caráquez, Manabí,-80.423572,-0.5999649,216.67,Pública,Universidad Central del Ecuador (UCE)
Jhan Benítez,Rojas,Sangolquí, Pichincha,-78.4483476,-0.3288822,14.03,Pública,Universidad Central del Ecuador (UCE)
Ana,Lozano, Milagro, Guayas,-79.5552042,-2.1179635,240.77,Pública,Universidad Central del Ecuador (UCE)
Arsenio Hector Casado,Chaves, Samborondón, Guayas,-79.7562694,-2.0155653,242.86,Privada,Universidad de las Américas (UDLA)
Alberto Mora,Meneses,Saquisilí, Cotopaxi,-78.7312624,-0.8359835,72.67,Pública,Universidad Central del Ecuador (UCE)
Evelio,Toro,Machachi, Pichincha,-78.6516915,-0.4984774,34.61,Pública,Escuela Politécnica del Ejército (ESPE)
Vanessa Cecilia Rojas,Bustos,Guaranda, Bolívar,-79.0576662,-1.4398571,148.56,Pública,Universidad Central del Ecuador (UCE)
Tania,Hernández, Santa Lucía, Guayas,-80.0426304,-1.7145863,237.82,Privada,Universidad San Francisco de Quito (USFQ)
Juanita Adela Agustí,Durán, Biblián, Cañar,-78.9802821,-2.6748261,277.86,Privada,Universidad Tecnológica Equinoccial (UTE)
Dr(a). Paulina,Rojas, Sucre, Manabí,-80.4199056,-0.7326786,219.63,Pública,Universidad Central del Ecuador (UCE)
Ale del,Casal,Macas, Morona Santiago,-78.1175466,-2.3046252,235.9,Pública,Universidad Central del Ecuador (UCE)
Arley Mosquera,Díaz,Quinsaloma, Los Ríos,-79.3468998,-1.1460552,138.6,Pública,Universidad Central del Ecuador (UCE)
Jerónimo Pellicer,Ferrando,Cayambe, Pichincha,-77.9889555,0.0251586,64.27,Pública,Escuela Politécnica del Ejército (ESPE)
Delfina Gonzalez,Garcia, Portoviejo, Manabí,-80.4534134,-1.05282,234.85,Pública,Escuela Politécnica del Ejército (ESPE)
María Viviana Suárez,Becerra, Biblián, Cañar,-78.9802821,-2.6748261,277.86,Pública,Escuela Politécnica Nacional (EPN)
Jos,Arce,Salitre, Guayas,-79.8187323,-1.8289209,230.42,Pública,Universidad Central del Ecuador (UCE)
Joaquín Guillermo Rojas,Ramírez, Chone, Manabí,-80.0721599,-0.3828099,174.38,Pública,Escuela Politécnica Nacional (EPN)
Tiziana Ortiz,Aguirre, Palenque, Los Ríos,-79.7182552,-1.3353343,182.63,Privada,Pontificia Universidad Católica del Ecuador (PUCE)
Ing. Raúl del,Río, Huaquillas, El Oro,-80.184453,-3.4756231,406.89,Pública,Universidad Central del Ecuador (UCE)
Belen,Bas-Castejón, Macará, Loja,-79.9154486,-4.3490358,484.84,Pública,Universidad Central del Ecuador (UCE)
Carmenza Dora Castro,Miranda, Huaca, Carchi,-77.727333,0.7987391,143.02,Pública,Universidad Central del Ecuador (UCE)
María Luisa del,Santiago, Machala, El Oro,-79.9512804,-3.3148937,379.46,Pública,Escuela Politécnica del Ejército (ESPE)
Miguela Azorin,Moraleda, Santa Lucía, Guayas,-80.0426304,-1.7145863,237.82,Pública,Universidad Central del Ecuador (UCE)
Victoria,Peralta, El Coca, Orellana,-76.9837216,-0.4721804,172.26,Pública,Universidad Central del Ecuador (UCE)
Guadalupe,Coronel,Ibarra, Imbabura,-78.1329448,0.5159369,92.08,Privada,Pontificia Universidad Católica del Ecuador (PUCE)
Germán Peres,Tejada, San Miguel de Salcedo, Cotopaxi,-78.5907824,-1.043699,91.99,Privada,Universidad Tecnológica Equinoccial (UTE)
Benjamin Santiago Rodriguez,Silva,Saraguro, Loja,-79.3063889,-3.5269465,378.14,Pública,Escuela Politécnica del Ejército (ESPE)
Onofre del,Benavente, Tosagua, Manabí,-80.2577186,-0.7755207,203.66,Pública,Universidad Central del Ecuador (UCE)
Daniel Isaac,Márquez, Guano, Chimborazo,-78.6578385,-1.539923,147.64,Pública,Universidad Central del Ecuador (UCE)
Alberto Tena,Rosales,Cayambe, Pichincha,-77.9889555,0.0251586,64.27,Privada,Universidad de las Américas (UDLA)
Rosalva,Múñiz-Ibáñez, Narcisa de Jesús, Guayas,-80.2384404,-1.6118103,246.52,Privada,Universidad Tecnológica Equinoccial (UTE)
Mario Griego,Molina,Catarama, Los Ríos,-79.4750201,-1.5692196,184.28,Pública,Escuela Politécnica Nacional (EPN)
Loreto Guzmán,Beltran, Guayaquil, Guayas,-80.0983887,-2.2895167,289.88,Privada,Universidad Internacional del Ecuador (UIDE)
Lucía Silva,Rodriguez, Bahía de Caráquez, Manabí,-80.423572,-0.5999649,216.67,Pública,Escuela Politécnica Nacional (EPN)
Gonzalo Millán,Bas, Balao, Guayas,-79.7180498,-2.8852516,325.24,Pública,Universidad Central del Ecuador (UCE)
Margarita Baca,Madera, Samborondón, Guayas,-79.7562694,-2.0155653,242.86,Pública,Escuela Politécnica del Ejército (ESPE)
Santino Rodriguez,Rodriguez, Naranjito, Guayas,-79.3904646,-2.1590388,236.66,Privada,Universidad Internacional del Ecuador (UIDE)
Catalina,Cardozo, Junín, Manabí,-80.2054147,-0.9394745,204.54,Pública,Universidad Central del Ecuador (UCE)
Ing. Adalberto,Rendón,Quinsaloma, Los Ríos,-79.3468998,-1.1460552,138.6,Privada,Universidad de las Américas (UDLA)
Violeta,Lucero, Guayaquil, Guayas,-80.0983887,-2.2895167,289.88,Privada,Universidad Internacional del Ecuador (UIDE)
Modesta Amo,Santiago, Balzar, Guayas,-79.9367148,-1.3062992,199.16,Pública,Escuela Politécnica del Ejército (ESPE)
Luz María Forero,Vega, La Troncal, Cañar,-79.3751632,-2.433689,264.16,Pública,Universidad Central del Ecuador (UCE)
Dr. Teodoro,Saucedo, Urcuquí, Imbabura,-78.1941499,0.4172921,79.22,Pública,Escuela Politécnica del Ejército (ESPE)
Camilo Nelson,Marín,Otavalo, Imbabura,-78.2454274,0.2227636,57.5,Pública,Escuela Politécnica del Ejército (ESPE)
Alvaro Ana María,Cavazos,Ventanas, Los Ríos,-79.3351558,-1.3253915,153.21,Pública,Universidad Central del Ecuador (UCE)
Alfonso Arango,Mosquera, Vinces, Los Ríos,-79.766045,-1.5235263,201.08,Pública,Universidad Central del Ecuador (UCE)
Mariano Horacio,Zavala, Pedro Vicente Maldonado, Pichincha,-79.0400619,0.1612052,72.4,Pública,Universidad Central del Ecuador (UCE)
Manuel,Rodríguez,Saquisilí, Cotopaxi,-78.7312624,-0.8359835,72.67,Pública,Escuela Politécnica Nacional (EPN)
Eva Sarabia,Valdivia, Santa Lucía, Guayas,-80.0426304,-1.7145863,237.82,Pública,Universidad Central del Ecuador (UCE)
Fabiola Ferrán,Fonseca, Buena Fe, Los Ríos,-79.5296983,-0.7488694,127.49,Pública,Universidad Central del Ecuador (UCE)
Jacinto Esparza,Rolón, Marcabelí, El Oro,-79.9223384,-3.7733434,425.02,Pública,Universidad Central del Ecuador (UCE)
Dr(a). Mia Jazmin,Ortiz, Flavio Alfaro, Manabí,-79.844538,-0.3242859,148.59,Pública,Escuela Politécnica Nacional (EPN)
Camilo,Pérez, Colimes, Guayas,-80.0818751,-1.5161582,226.31,Pública,Universidad Central del Ecuador (UCE)
Guillermina Ayala,Godoy, Archidona, Napo,-77.955042,-0.7160712,82.95,Privada,Pontificia Universidad Católica del Ecuador (PUCE)
Sofía,Gallardo, La Troncal, Cañar,-79.3751632,-2.433689,264.16,Pública,Universidad Central del Ecuador (UCE)
Isabel,Núñez, Píllaro, Tungurahua,-78.5423177,-1.1725302,105.95,Pública,Universidad Central del Ecuador (UCE)
Dulce María,Aguayo, Guano, Chimborazo,-78.6578385,-1.539923,147.64,Privada,Universidad Politécnica Salesiana (UPS)
María,Gómez,Cayambe, Pichincha,-77.9889555,0.0251586,64.27,Pública,Universidad Central del Ecuador (UCE)
Espiridión Sacristán,Ferreras,Tena, Napo,-78.1083981,-0.9438718,92.16,Pública,Escuela Politécnica del Ejército (ESPE)
Tulia,Ramírez, Pelileo, Tungurahua,-78.537307,-1.3573827,126.48,Pública,Escuela Politécnica Nacional (EPN)
Sandra Muñoz,Pérez,Sangolquí, Pichincha,-78.4483476,-0.3288822,14.03,Privada,Universidad Internacional del Ecuador (UIDE)
Elsa Agustín del,Valle,Babahoyo, Los Ríos,-79.5068917,-1.8762599,214.79,Pública,Escuela Politécnica Nacional (EPN)
María Ruth,Rivera, Isidro Ayora, Guayas,-80.1463096,-1.8796754,258.94,Pública,Universidad Central del Ecuador (UCE)
Clementina Mayol,Sastre,Otavalo, Imbabura,-78.2454274,0.2227636,57.5,Pública,Universidad Central del Ecuador (UCE)
José Emilio Virginia de la Torre,Soto, Loreto, Orellana,-77.3252738,-0.6471884,140.27,Pública,Escuela Politécnica Nacional (EPN)
Juan Ignacio Cruz,Fernandez,Pujilí, Cotopaxi,-78.8559205,-1.0077046,95.54,Pública,Universidad Central del Ecuador (UCE)
Óscar José María,Noriega,El Ángel, Carchi,-77.9396301,0.6211998,113.17,Pública,Escuela Politécnica Nacional (EPN)
Elmer Vargas,Gómez, Puerto López, Manabí,-80.744524,-1.5440814,288.55,Pública,Universidad Central del Ecuador (UCE)
Mtro. Conchita,Menchaca,Jaramijó, Manabí,-80.6134583,-0.9743883,248.22,Pública,Escuela Politécnica del Ejército (ESPE)
Sonia Lemus,Castro, General Villamil, Guayas,-80.4261454,-2.5937913,338.99,Privada,Universidad Internacional del Ecuador (UIDE)
Ian Benjamin Martín,Arias, San Miguel, Bolívar,-79.127262,-1.8120574,189.75,Pública,Universidad Central del Ecuador (UCE)
José Manuel Pons,Verdú, La Libertad, Santa Elena,-80.9077647,-2.2208117,346.98,Pública,Universidad Central del Ecuador (UCE)
Rafael Juan Amaya,Silva, Milagro, Guayas,-79.5552042,-2.1179635,240.77,Pública,Escuela Politécnica del Ejército (ESPE)
Agustin,Nuñez, Alamor, Loja,-80.0197281,-4.0181681,454.31,Pública,Escuela Politécnica del Ejército (ESPE)
Damián,Franco, Guayaquil, Guayas,-80.0983887,-2.2895167,289.88,Privada,Universidad Internacional del Ecuador (UIDE)
Camila Julieta,Paez, Muisne, Esmeraldas,-79.8817211,0.5387247,174.09,Pública,Escuela Politécnica del Ejército (ESPE)
Florencia Paulina Bravo,Cervantes,Zaruma, El Oro,-79.5131743,-3.5111939,382.47,Privada,Pontificia Universidad Católica del Ecuador (PUCE)
Iván Juan Antonio Ortiz,Grau, San Miguel de Los Bancos, Pichincha,-78.9214659,-0.0188368,50.7,Pública,Universidad Central del Ecuador (UCE)
Loida Navarrete,Rojas, Chambo, Chimborazo,-78.5425997,-1.74403,169.48,Privada,Universidad Tecnológica Equinoccial (UTE)
Lorenzo,Torres, Chambo, Chimborazo,-78.5425997,-1.74403,169.48,Pública,Escuela Politécnica del Ejército (ESPE)
Victoria Benjamin Benitez,Perez, Gualaceo, Azuay,-78.8461586,-2.9180205,302.27,Pública,Escuela Politécnica Nacional (EPN)
Xiomara Blanca,Mariño, Cuenca, Azuay,-79.0041726,-2.8974072,302.67,Pública,Escuela Politécnica del Ejército (ESPE)
Danilo,Cabello-Carrasco, Alausí, Chimborazo,-78.703566,-2.3250494,235.02,Privada,Universidad de las Américas (UDLA)
Alma Fonseca,Múgica, Jujan, Guayas,-79.5495283,-1.9494337,224.21,Pública,Escuela Politécnica del Ejército (ESPE)
Fidel Hermelinda Laureano,Espino, Tosagua, Manabí,-80.2577186,-0.7755207,203.66,Pública,Universidad Central del Ecuador (UCE)
Mtro. Abril,Luna, Santo Domingo, Santo Domingo de los Tsáchilas,-79.1686724,-0.2546212,73.08,Pública,Universidad Central del Ecuador (UCE)
Stiven Diego,Parra,Caluma, Bolívar,-79.1963263,-1.5976675,171.01,Privada,Universidad de las Américas (UDLA)
Montserrat Vila,Company, Chambo, Chimborazo,-78.5425997,-1.74403,169.48,Pública,Universidad Central del Ecuador (UCE)
Francisco Lautaro Ezequiel,Herrera, Nueva Loja, Sucumbíos,-76.8834932,0.0850591,184.27,Pública,Universidad Central del Ecuador (UCE)
Alma,Rodriguez, Shushufindi, Sucumbíos,-76.5906945,-0.2885051,213.81,Pública,Universidad Central del Ecuador (UCE)
Lorena,Fuentes,Salinas, Santa Elena,-80.9237973,-2.2612497,351.24,Pública,Universidad Central del Ecuador (UCE)
Elena,Gonzalez,Babahoyo, Los Ríos,-79.5068917,-1.8762599,214.79,Pública,Universidad Central del Ecuador (UCE)
Dr. Hilda,Aguirre,Sucúa, Morona Santiago,-78.1727383,-2.4560109,251.46,Pública,Universidad Central del Ecuador (UCE)
Alma Ciro Castillo,Ruiz, Pedernales, Manabí,-79.8451737,0.0693259,151.66,Pública,Universidad Central del Ecuador (UCE)
William Julián,Gómez, San Miguel de Los Bancos, Pichincha,-78.9214659,-0.0188368,50.7,Pública,Universidad Central del Ecuador (UCE)
Isabel Raquel,Zavala, Urcuquí, Imbabura,-78.1941499,0.4172921,79.22,Pública,Escuela Politécnica del Ejército (ESPE)
Sofia,Alvarez, El Tambo, Cañar,-78.9133964,-2.4828078,255.51,Pública,Escuela Politécnica del Ejército (ESPE)
Agustin Ignacio,Soto, Santa Isabel, Azuay,-79.3594118,-3.1839392,342.74,Pública,Escuela Politécnica del Ejército (ESPE)
Andrea Gladys,Díaz, Paute, Azuay,-78.7362416,-2.7468493,282.05,Pública,Universidad Central del Ecuador (UCE)
Santiago Rodriguez,Soto,Salitre, Guayas,-79.8187323,-1.8289209,230.42,Pública,Escuela Politécnica del Ejército (ESPE)
Martha Sofía García,Martínez, Cotacachi, Imbabura,-78.4507013,0.3955234,68.8,Privada,Universidad de las Américas (UDLA)
Fernando Reig,Portillo, Pimampiro, Imbabura,-77.9402742,0.393298,93.27,Pública,Universidad Central del Ecuador (UCE)
Catalina Terán,Peralta, Coronel Marcelino Maridueña, Guayas,-79.3861649,-2.2333628,244.02,Pública,Universidad Central del Ecuador (UCE)
Francesca Barrios,Diaz,San Vicente, Manabí,-80.3761409,-0.4373946,208.65,Pública,Escuela Politécnica del Ejército (ESPE)
Magdalena Wendolin Roldán,Covarrubias, Paján, Manabí,-80.4212975,-1.7040791,268.83,Pública,Universidad Central del Ecuador (UCE)
Tatiana Nubia Castro,Rodríguez,Latacunga, Cotopaxi,-78.6145758,-0.9340311,80.19,Pública,Universidad Central del Ecuador (UCE)
Andrea,Ozuna, Huaca, Carchi,-77.727333,0.7987391,143.02,Pública,Universidad Central del Ecuador (UCE)
Mtro. Rebeca,Salas,Salinas, Santa Elena,-80.9237973,-2.2612497,351.24,Pública,Escuela Politécnica del Ejército (ESPE)
Dante,Ponce, Palora, Morona Santiago,-77.9675269,-1.6981449,175.15,Privada,Universidad Internacional del Ecuador (UIDE)
Javier Marco Mercado,Giraldo, Junín, Manabí,-80.2054147,-0.9394745,204.54,Pública,Universidad Central del Ecuador (UCE)
Felix,Duarte,Saquisilí, Cotopaxi,-78.7312624,-0.8359835,72.67,Privada,Universidad Internacional del Ecuador (UIDE)
Olivia,Dominguez, Rocafuerte, Manabí,-80.4012121,-0.9032437,223.34,Pública,Universidad Central del Ecuador (UCE)
Octavia Arranz,Heras,Simón Bolívar, Guayas,-79.4218634,-2.0424101,226.45,Pública,Escuela Politécnica Nacional (EPN)
Soledad Pablo Lovato,Barrera, Santo Domingo, Santo Domingo de los Tsáchilas,-79.1686724,-0.2546212,73.08,Pública,Universidad Central del Ecuador (UCE)
Lilia,Uribe,Babahoyo, Los Ríos,-79.5068917,-1.8762599,214.79,Pública,Escuela Politécnica del Ejército (ESPE)
Angélica Calzada,Vargas,Machachi, Pichincha,-78.6516915,-0.4984774,34.61,Pública,Universidad Central del Ecuador (UCE)
Daniel Muñoz,Mora,Quinsaloma, Los Ríos,-79.3468998,-1.1460552,138.6,Privada,Universidad San Francisco de Quito (USFQ)
Bautista Ledesma,Cardozo,Tena, Napo,-78.1083981,-0.9438718,92.16,Pública,Universidad Central del Ecuador (UCE)
Thiago Valentin Ian Ruiz,Gonzalez, Vinces, Los Ríos,-79.766045,-1.5235263,201.08,Pública,Universidad Central del Ecuador (UCE)
Fernando Simó,Tormo, Shushufindi, Sucumbíos,-76.5906945,-0.2885051,213.81,Pública,Universidad Central del Ecuador (UCE)
Catalina Ferreyra,Vera, El Coca, Orellana,-76.9837216,-0.4721804,172.26,Pública,Universidad Central del Ecuador (UCE)
Agustin Victoria,Lopez, Alamor, Loja,-80.0197281,-4.0181681,454.31,Pública,Universidad Central del Ecuador (UCE)
Armida Carmen Mariscal,Casanova,Ventanas, Los Ríos,-79.3351558,-1.3253915,153.21,Privada,Universidad Politécnica Salesiana (UPS)
Bautista Paulina,Peralta, Quevedo, Los Ríos,-79.4776812,-1.0669701,142.78,Pública,Universidad Central del Ecuador (UCE)
Jorge,Domínguez,Salinas, Santa Elena,-80.9237973,-2.2612497,351.24,Pública,Escuela Politécnica Nacional (EPN)
Zeferino Tejada,Gálvez,Ibarra, Imbabura,-78.1329448,0.5159369,92.08,Privada,Universidad Politécnica Salesiana (UPS)
Luana Correa,Moreno, Narcisa de Jesús, Guayas,-80.2384404,-1.6118103,246.52,Pública,Universidad Central del Ecuador (UCE)
Nuria Mendez,Saldaña, Tabacundo, Pichincha,-78.2216436,0.048201,43.99,Privada,Universidad San Francisco de Quito (USFQ)
Adela Amanda Pi,Franch, Bahía de Caráquez, Manabí,-80.423572,-0.5999649,216.67,Privada,Universidad San Francisco de Quito (USFQ)
Evelio Elvira Bustos,Alemán, Cumandá, Chimborazo,-79.103584,-2.2108666,230.91,Privada,Pontificia Universidad Católica del Ecuador (PUCE)
Juan Sebastian Romero,Lopez, San Miguel de Los Bancos, Pichincha,-78.9214659,-0.0188368,50.7,Pública,Escuela Politécnica del Ejército (ESPE)
Valero de,Diez, La Joya de los Sachas, Orellana,-76.8611463,-0.3161424,183.91,Pública,Universidad Central del Ecuador (UCE)
Linda Sepúlveda,Cardenas,Salinas, Santa Elena,-80.9237973,-2.2612497,351.24,Pública,Universidad Central del Ecuador (UCE)
Julio Juan,Rojas, Alausí, Chimborazo,-78.703566,-2.3250494,235.02,Pública,Escuela Politécnica del Ejército (ESPE)
Juan Ignacio,Diaz, Coronel Marcelino Maridueña, Guayas,-79.3861649,-2.2333628,244.02,Pública,Universidad Central del Ecuador (UCE)
Juan Diego,Ruiz, Catamayo, Loja,-79.403789,-3.9912144,430.86,Pública,Universidad Central del Ecuador (UCE)
Malena Bautista,Maldonado,Puyo, Pastaza,-77.9969666,-1.4854777,151.92,Pública,Universidad Central del Ecuador (UCE)
María,Torres, Colimes, Guayas,-80.0818751,-1.5161582,226.31,Privada,Universidad Politécnica Salesiana (UPS)
Argemiro Luis Lozano,Cerón,Simón Bolívar, Guayas,-79.4218634,-2.0424101,226.45,Pública,Escuela Politécnica del Ejército (ESPE)
Barbara Ruby Meléndez,Oquendo, Chambo, Chimborazo,-78.5425997,-1.74403,169.48,Pública,Universidad Central del Ecuador (UCE)
Delia Teresa Matías,Rosario, Loreto, Orellana,-77.3252738,-0.6471884,140.27,Pública,Escuela Politécnica Nacional (EPN)
Agustina Sanchez,Piñeiro, Lomas de Sargentillo, Guayas,-80.0789495,-1.8348374,250.14,Pública,Escuela Politécnica del Ejército (ESPE)
Ing. Adán,Gonzales, Nueva Loja, Sucumbíos,-76.8834932,0.0850591,184.27,Privada,Universidad de las Américas (UDLA)
Purificación Viviana Casanova,Mendizábal, Cotacachi, Imbabura,-78.4507013,0.3955234,68.8,Privada,Universidad de las Américas (UDLA)
Federico,Bétancourt,Latacunga, Cotopaxi,-78.6145758,-0.9340311,80.19,Pública,Escuela Politécnica Nacional (EPN)
Glauco Valenzuela,Martin, Biblián, Cañar,-78.9802821,-2.6748261,277.86,Pública,Escuela Politécnica del Ejército (ESPE)
José Manuél Emilia,Archuleta, San Miguel de Los Bancos, Pichincha,-78.9214659,-0.0188368,50.7,Privada,Universidad Tecnológica Equinoccial (UTE)
Lic. Isaac,Cervantes, Jama, Manabí,-80.2295834,-0.2149489,190.95,Pública,Universidad Central del Ecuador (UCE)
Armando Fabio,Guzmán, Cotacachi, Imbabura,-78.4507013,0.3955234,68.8,Privada,Universidad de las Américas (UDLA)
Gonzalo Francisco Ponce,Romero, Pedernales, Manabí,-79.8451737,0.0693259,151.66,Pública,Universidad Central del Ecuador (UCE)
Sr(a). Wendolin,Guzmán, Echeandía, Bolívar,-79.2735861,-1.4469547,160.54,Pública,Universidad Central del Ecuador (UCE)
Lic. Nicolás,Medina, El Coca, Orellana,-76.9837216,-0.4721804,172.26,Pública,Universidad Central del Ecuador (UCE)
Sonia,Aguayo, Cotacachi, Imbabura,-78.4507013,0.3955234,68.8,Privada,Universidad Politécnica Salesiana (UPS)
Anastasia Fernández,Azorin, Baños de Agua Santa, Tungurahua,-78.4402276,-1.417407,133.37,Privada,Universidad de las Américas (UDLA)
Carmen Aurora,Delgadillo, Biblián, Cañar,-78.9802821,-2.6748261,277.86,Pública,Escuela Politécnica del Ejército (ESPE)
Natividad Arcelia,Polanco,Cayambe, Pichincha,-77.9889555,0.0251586,64.27,Privada,Pontificia Universidad Católica del Ecuador (PUCE)
Mateo Santiago Flores,Juarez, Muisne, Esmeraldas,-79.8817211,0.5387247,174.09,Pública,Escuela Politécnica Nacional (EPN)
Fabián,Bolaños, La Libertad, Santa Elena,-80.9077647,-2.2208117,346.98,Privada,Universidad de las Américas (UDLA)
Mauricio Arcelia Murillo,Otero, Atacames, Esmeraldas,-79.8790841,0.7971086,189.45,Pública,Universidad Central del Ecuador (UCE)
Agustin Ciro,Cabrera, El Pangui, Zamora Chinchipe,-78.5473049,-3.6253506,378.66,Pública,Universidad Central del Ecuador (UCE)
Tobias Geronimo,Gonzalez,Saraguro, Loja,-79.3063889,-3.5269465,378.14,Pública,Universidad Andina Simón Bolívar (UASB)
Ian,Navarro, Echeandía, Bolívar,-79.2735861,-1.4469547,160.54,Pública,Escuela Politécnica del Ejército (ESPE)
Yaneth Díaz,Flórez, Esmeraldas, Esmeraldas,-79.6523847,0.9668153,183.0,Pública,Universidad Central del Ecuador (UCE)
Jorge Julio Ramos,Quintero,Caluma, Bolívar,-79.1963263,-1.5976675,171.01,Pública,Universidad Central del Ecuador (UCE)
Felipe Santiago,Gonzalez,Machachi, Pichincha,-78.6516915,-0.4984774,34.61,Pública,Escuela Politécnica del Ejército (ESPE)
Diego Camilo Medina,Villamizar, Durán, Guayas,-79.7895887,-2.2127014,263.15,Pública,Universidad Central del Ecuador (UCE)
Julieta,Olivera,Baba, Los Ríos,-79.6615818,-1.6727698,205.95,Privada,Universidad de las Américas (UDLA)
Vicenta Arias,Casanova,Saquisilí, Cotopaxi,-78.7312624,-0.8359835,72.67,Pública,Universidad Central del Ecuador (UCE)
Sr(a). Santiago,Benitez, El Guabo, El Oro,-79.7584498,-3.1629001,355.32,Pública,Escuela Politécnica del Ejército (ESPE)
Alfonso Mauricio,Pacheco, Guayaquil, Guayas,-80.0983887,-2.2895167,289.88,Privada,Universidad de las Américas (UDLA)
Ángeles Rodrigo,Huerta,Saquisilí, Cotopaxi,-78.7312624,-0.8359835,72.67,Pública,Universidad Central del Ecuador (UCE)
Aldo,Nájera, Velasco Ibarra, Guayas,-79.8779821,-2.2843364,275.19,Pública,Escuela Politécnica del Ejército (ESPE)
Eladio Sarabia,Colom,Ibarra, Imbabura,-78.1329448,0.5159369,92.08,Pública,Universidad Central del Ecuador (UCE)
Karen Delia Sepúlveda,Rodríguez, Balsas, El Oro,-79.831096,-3.7742179,421.48,Pública,Universidad Central del Ecuador (UCE)
Gisela Bernat,Villegas,Bucay, Guayas,-79.1376329,-2.2004367,230.91,Pública,Universidad Central del Ecuador (UCE)
Daniel,Ponce, Portovelo, El Oro,-79.6172038,-3.7152273,407.56,Privada,Universidad Tecnológica Equinoccial (UTE)
César,Lozano,Naranjal, Guayas,-79.5325634,-2.5731305,285.16,Pública,Universidad Central del Ecuador (UCE)
Dr(a). Abril,Cardozo, La Maná, Cotopaxi,-79.1010573,-0.7841908,90.66,Pública,Instituto de Altos Estudios Nacionales (IAEN)
Maximino Ocaña,Clavero, Quevedo, Los Ríos,-79.4776812,-1.0669701,142.78,Privada,Universidad San Francisco de Quito (USFQ)
Antonia Alejandra Álvarez,Ospino, Calceta, Manabí,-80.1640382,-0.8480934,196.48,Pública,Universidad Central del Ecuador (UCE)
Catalina Ramos,Ramirez,Jaramijó, Manabí,-80.6134583,-0.9743883,248.22,Pública,Instituto de Altos Estudios Nacionales (IAEN)
Maria Paz Joaquin Torres,Vega, Portoviejo, Manabí,-80.4534134,-1.05282,234.85,Privada,Pontificia Universidad Católica del Ecuador (PUCE)
Dulce,Sandoval, Pelileo, Tungurahua,-78.537307,-1.3573827,126.48,Pública,Universidad Central del Ecuador (UCE)
Margarita Garcia,Estevez,Puebloviejo, Los Ríos,-79.5474126,-1.5368546,186.22,Pública,Universidad Central del Ecuador (UCE)
Dulce Espinosa,Huerta, Huaquillas, El Oro,-80.184453,-3.4756231,406.89,Privada,Pontificia Universidad Católica del Ecuador (PUCE)
Lucía,Morales, Balao, Guayas,-79.7180498,-2.8852516,325.24,Pública,Universidad Central del Ecuador (UCE)
Guadalupe Briones,Ocasio, Calceta, Manabí,-80.1640382,-0.8480934,196.48,Pública,Universidad Central del Ecuador (UCE)
Amílcar,Nogués-Andreu, Tabacundo, Pichincha,-78.2216436,0.048201,43.99,Pública,Universidad Central del Ecuador (UCE)
Mercedes,Campos, Sucre, Manabí,-80.4199056,-0.7326786,219.63,Pública,Escuela Politécnica del Ejército (ESPE)
Eliseo Aguilar,Arnaiz,Otavalo, Imbabura,-78.2454274,0.2227636,57.5,Pública,Universidad Central del Ecuador (UCE)
Juan Carlos,Aguilar,Salitre, Guayas,-79.8187323,-1.8289209,230.42,Privada,Universidad Tecnológica Indoamérica (UTI)
Dr(a). Paula,Herrera, Tosagua, Manabí,-80.2577186,-0.7755207,203.66,Pública,Universidad Central del Ecuador (UCE)
Enrique Carrillo,Herrera, Samborondón, Guayas,-79.7562694,-2.0155653,242.86,Pública,Universidad Central del Ecuador (UCE)
Nelcy Nelly Rivera,Martínez,La Concordia, Santo Domingo de los Tsáchilas,-79.462977,-0.0441108,107.5,Pública,Universidad Central del Ecuador (UCE)
Roberto José,Polo, Sucre, Manabí,-80.4199056,-0.7326786,219.63,Privada,Universidad de las Américas (UDLA)
Benjamin Juan Ignacio,Pereyra,Latacunga, Cotopaxi,-78.6145758,-0.9340311,80.19,Pública,Universidad Central del Ecuador (UCE)
María Cristina Serafín Roldán,Serrato, Calceta, Manabí,-80.1640382,-0.8480934,196.48,Privada,Universidad Politécnica Salesiana (UPS)
Benjamin Luca,Acuña, San Miguel, Bolívar,-79.127262,-1.8120574,189.75,Pública,Escuela Politécnica del Ejército (ESPE)
Valentina,Arboleda, Puerto López, Manabí,-80.744524,-1.5440814,288.55,Pública,Universidad Andina Simón Bolívar (UASB)
David Jairo Mena,Alzate,Saquisilí, Cotopaxi,-78.7312624,-0.8359835,72.67,Pública,Universidad Central del Ecuador (UCE)
Saúl Ibarra,Acosta, Loreto, Orellana,-77.3252738,-0.6471884,140.27,Pública,Escuela Politécnica del Ejército (ESPE)
Emilia Ferrero,Clemente, Camilo Ponce Enríquez, Azuay,-79.5630363,-2.9640696,326.69,Pública,Universidad Central del Ecuador (UCE)
Jose Ramón Bonet,Mata,Zaruma, El Oro,-79.5131743,-3.5111939,382.47,Pública,Universidad Central del Ecuador (UCE)
Kiara Ivan,Suarez, Colimes, Guayas,-80.0818751,-1.5161582,226.31,Pública,Escuela Politécnica del Ejército (ESPE)
Eric David,Burgos, Chordeleg, Azuay,-78.7307218,-2.9844675,308.33,Pública,Escuela Politécnica Nacional (EPN)
Otilia Andres,Cueto, Vinces, Los Ríos,-79.766045,-1.5235263,201.08,Pública,Universidad Central del Ecuador (UCE)
Brayan Torres,Muñoz, Rocafuerte, Manabí,-80.4012121,-0.9032437,223.34,Pública,Universidad Central del Ecuador (UCE)
Vicente Ayala,Godoy,La Concordia, Santo Domingo de los Tsáchilas,-79.462977,-0.0441108,107.5,Pública,Universidad Central del Ecuador (UCE)
Violeta Romero,Martinez, San Gabriel, Carchi,-77.835319,0.598485,118.12,Pública,Escuela Politécnica Nacional (EPN)
Florinda Pizarro,Rueda, El Guabo, El Oro,-79.7584498,-3.1629001,355.32,Pública,Universidad Central del Ecuador (UCE)
Francisco Javier Camilo,López,Ventanas, Los Ríos,-79.3351558,-1.3253915,153.21,Pública,Instituto de Altos Estudios Nacionales (IAEN)
Arsenio Nieto,Fabra, Santa Rosa, El Oro,-80.154904,-3.4145538,399.35,Pública,Universidad Central del Ecuador (UCE)
Flor,Castejón-Millán, Jipijapa, Manabí,-80.6124982,-1.5158193,274.37,Privada,Pontificia Universidad Católica del Ecuador (PUCE)
Sr(a). Josefina,Luna, Samborondón, Guayas,-79.7562694,-2.0155653,242.86,Pública,Universidad Central del Ecuador (UCE)
Luisa,Maya, Riobamba, Chimborazo,-78.6482479,-1.6732765,162.28,Pública,Universidad Central del Ecuador (UCE)
Beatriz Agudelo,Torres, Cotacachi, Imbabura,-78.4507013,0.3955234,68.8,Pública,Universidad Central del Ecuador (UCE)
Mateo Benjamin Medina,Fernandez, Vinces, Los Ríos,-79.766045,-1.5235263,201.08,Pública,Escuela Politécnica Nacional (EPN)
Tatiana Ángela Agudelo,Sánchez, Echeandía, Bolívar,-79.2735861,-1.4469547,160.54,Pública,Escuela Politécnica del Ejército (ESPE)
Esther Esmeralda Vallés,Casal, Shushufindi, Sucumbíos,-76.5906945,-0.2885051,213.81,Pública,Escuela Politécnica del Ejército (ESPE)
Víctor Alberto Jiménez,Parada, San Miguel de Salcedo, Cotopaxi,-78.5907824,-1.043699,91.99,Pública,Escuela Politécnica del Ejército (ESPE)
Calista Galvez,Gomila, Jipijapa, Manabí,-80.6124982,-1.5158193,274.37,Privada,Universidad Tecnológica Equinoccial (UTE)
Tiburcio Torrent,Pou, Buena Fe, Los Ríos,-79.5296983,-0.7488694,127.49,Pública,Universidad Central del Ecuador (UCE)
Aleida Vásquez,Quintero, La Troncal, Cañar,-79.3751632,-2.433689,264.16,Privada,Universidad Politécnica Salesiana (UPS)
Matilda Francesca Pereyra,Garcia, Vinces, Los Ríos,-79.766045,-1.5235263,201.08,Pública,Universidad Central del Ecuador (UCE)
Lic. Beatriz,Ceja,Macas, Morona Santiago,-78.1175466,-2.3046252,235.9,Pública,Universidad Central del Ecuador (UCE)
Miriam,Blanco, Balsas, El Oro,-79.831096,-3.7742179,421.48,Pública,Universidad Central del Ecuador (UCE)
Dante Simon,Suarez,Atuntaqui, Imbabura,-78.219615,0.3316022,69.45,Privada,Pontificia Universidad Católica del Ecuador (PUCE)
Esteban Elsa,Aguirre, Sucre, Manabí,-80.4199056,-0.7326786,219.63,Privada,Pontificia Universidad Católica del Ecuador (PUCE)
Ruth Candelaria,Sánchez, Baños de Agua Santa, Tungurahua,-78.4402276,-1.417407,133.37,Pública,Universidad Andina Simón Bolívar (UASB)
Gabriel Catalina,Bravo,Montecristi, Manabí,-80.6606834,-1.0504072,256.09,Privada,Pontificia Universidad Católica del Ecuador (PUCE)
Caridad Serrato,Mireles, Loreto, Orellana,-77.3252738,-0.6471884,140.27,Privada,Universidad de las Américas (UDLA)
Lucía Lola,Gonzalez, El Carmen, Manabí,-79.5741548,-0.4809541,121.58,Privada,Universidad Internacional del Ecuador (UIDE)
Minerva,Madrid, Chambo, Chimborazo,-78.5425997,-1.74403,169.48,Pública,Universidad Central del Ecuador (UCE)
Yuridia,Burgos,Pujilí, Cotopaxi,-78.8559205,-1.0077046,95.54,Pública,Universidad Central del Ecuador (UCE)
Victoria,Ferreyra,Baba, Los Ríos,-79.6615818,-1.6727698,205.95,Pública,Universidad Central del Ecuador (UCE)
Luz,García, El Guabo, El Oro,-79.7584498,-3.1629001,355.32,Pública,Universidad Central del Ecuador (UCE)
Sr(a). Benjamin,Silva,Macas, Morona Santiago,-78.1175466,-2.3046252,235.9,Pública,Universidad Central del Ecuador (UCE)
Juliana Catalina Luna,Alvarez,Pasaje, El Oro,-79.7625976,-3.3234936,372.0,Pública,Escuela Politécnica del Ejército (ESPE)
Franco Santino Rodriguez,Bustos, Santa Lucía, Guayas,-80.0426304,-1.7145863,237.82,Pública,Escuela Politécnica Nacional (EPN)
Alejandra,Orta, San Gabriel, Carchi,-77.835319,0.598485,118.12,Privada,Pontificia Universidad Católica del Ecuador (PUCE)
Maximo Nuñez,Vera,Cayambe, Pichincha,-77.9889555,0.0251586,64.27,Privada,Pontificia Universidad Católica del Ecuador (PUCE)
Narciso,Carpio, Cotacachi, Imbabura,-78.4507013,0.3955234,68.8,Privada,Pontificia Universidad Católica del Ecuador (PUCE)
Dr. Abigail,Vaca, Huaca, Carchi,-77.727333,0.7987391,143.02,Pública,Escuela Politécnica del Ejército (ESPE)
Juan Ignacio Valentino Diaz,Lopez, Palora, Morona Santiago,-77.9675269,-1.6981449,175.15,Pública,Universidad Central del Ecuador (UCE)
María,González, San Miguel, Bolívar,-79.127262,-1.8120574,189.75,Pública,Universidad Central del Ecuador (UCE)
Horacio Juan,Rendón, Rocafuerte, Manabí,-80.4012121,-0.9032437,223.34,Privada,Universidad Politécnica Salesiana (UPS)
Eutimio de,Vives, Coronel Marcelino Maridueña, Guayas,-79.3861649,-2.2333628,244.02,Privada,Universidad Internacional del Ecuador (UIDE)
Carlos Mauricio Álvarez,Vallejo,Babahoyo, Los Ríos,-79.5068917,-1.8762599,214.79,Pública,Universidad Central del Ecuador (UCE)
Nubia Vanessa Gómez,Gómez,Yantzaza, Zamora Chinchipe,-78.7376344,-3.7146811,389.38,Pública,Universidad Central del Ecuador (UCE)
Esmeralda Cecilia Zarate,Urías, Cañar, Cañar,-79.1800778,-2.4749335,261.48,Pública,Escuela Politécnica del Ejército (ESPE)
Mtro. Germán,Cazares, Buena Fe, Los Ríos,-79.5296983,-0.7488694,127.49,Pública,Escuela Politécnica del Ejército (ESPE)
Nicolas Perez,Ferreyra,Guaranda, Bolívar,-79.0576662,-1.4398571,148.56,Pública,Escuela Politécnica Nacional (EPN)
María Eugenia,Botello, Jama, Manabí,-80.2295834,-0.2149489,190.95,Pública,Universidad Central del Ecuador (UCE)
Marcos Sánchez,Ramírez, El Tambo, Cañar,-78.9133964,-2.4828078,255.51,Privada,Universidad Internacional del Ecuador (UIDE)
Edith Blanca Jaimes,Molina,Sucúa, Morona Santiago,-78.1727383,-2.4560109,251.46,Pública,Universidad Andina Simón Bolívar (UASB)
Cristian,Mata, Narcisa de Jesús, Guayas,-80.2384404,-1.6118103,246.52,Pública,Universidad Andina Simón Bolívar (UASB)
Benjamin,Juarez,Zaruma, El Oro,-79.5131743,-3.5111939,382.47,Pública,Universidad Central del Ecuador (UCE)
Bernabé,Canet-Ramírez, El Coca, Orellana,-76.9837216,-0.4721804,172.26,Pública,Escuela Politécnica del Ejército (ESPE)
Micaela Borrell,Parejo, Echeandía, Bolívar,-79.2735861,-1.4469547,160.54,Privada,Universidad de las Américas (UDLA)
Carlos,Bautista, El Pangui, Zamora Chinchipe,-78.5473049,-3.6253506,378.66,Pública,Universidad Central del Ecuador (UCE)
Luz,Gonzáles,Yantzaza, Zamora Chinchipe,-78.7376344,-3.7146811,389.38,Pública,Escuela Politécnica Nacional (EPN)
Bernardo,Castañeda, Gualaceo, Azuay,-78.8461586,-2.9180205,302.27,Pública,Universidad Central del Ecuador (UCE)
Mtro. Rolando,Saiz,Cayambe, Pichincha,-77.9889555,0.0251586,64.27,Pública,Escuela Politécnica del Ejército (ESPE)
Febe,Luján, Santa Rosa, El Oro,-80.154904,-3.4145538,399.35,Pública,Universidad Central del Ecuador (UCE)
Yésica Andrea,Monroy, Bahía de Caráquez, Manabí,-80.423572,-0.5999649,216.67,Pública,Universidad Central del Ecuador (UCE)
Lautaro Thiago Nicolas,Martin, Narcisa de Jesús, Guayas,-80.2384404,-1.6118103,246.52,Pública,Escuela Politécnica del Ejército (ESPE)
Mia,Perez, Huaquillas, El Oro,-80.184453,-3.4756231,406.89,Pública,Escuela Politécnica del Ejército (ESPE)
Claudio José María,Vanegas, Valdez, Esmeraldas,-78.9826345,1.2489838,171.53,Pública,Universidad Central del Ecuador (UCE)
Matilde,Henao, Ambato, Tungurahua,-78.6287594,-1.2422413,114.38,Privada,Pontificia Universidad Católica del Ecuador (PUCE)
Ruth Laura Cruz,Mendoza,Otavalo, Imbabura,-78.2454274,0.2227636,57.5,Pública,Escuela Politécnica Nacional (EPN)
César Fernando Osorio,Ibarra,Pasaje, El Oro,-79.7625976,-3.3234936,372.0,Pública,Universidad Central del Ecuador (UCE)
Teresa Asunción Magaña,Palomo, Balzar, Guayas,-79.9367148,-1.3062992,199.16,Pública,Universidad Andina Simón Bolívar (UASB)
Yolanda María,Moreno,San Lorenzo, Esmeraldas,-78.6869333,0.9850634,135.41,Pública,Escuela Politécnica del Ejército (ESPE)
Lucio Barceló,Blazquez, La Libertad, Santa Elena,-80.9077647,-2.2208117,346.98,Pública,Universidad Central del Ecuador (UCE)
Rubén José Núñez,Buitrago, El Carmen, Manabí,-79.5741548,-0.4809541,121.58,Pública,Universidad Central del Ecuador (UCE)
Miriam,Serrato,Naranjal, Guayas,-79.5325634,-2.5731305,285.16,Pública,Universidad Central del Ecuador (UCE)
Adoración Falcón,Aguilar, Pelileo, Tungurahua,-78.537307,-1.3573827,126.48,Pública,Escuela Politécnica del Ejército (ESPE)
Dr(a). Emma,Ponce, Bahía de Caráquez, Manabí,-80.423572,-0.5999649,216.67,Pública,Universidad Central del Ecuador (UCE)
Jacinta Carla Zabaleta,Gomila,Simón Bolívar, Guayas,-79.4218634,-2.0424101,226.45,Privada,Pontificia Universidad Católica del Ecuador (PUCE)
Josefina Cepeda,Serrano, Biblián, Cañar,-78.9802821,-2.6748261,277.86,Pública,Universidad Central del Ecuador (UCE)
Laura,Rivera,Cayambe, Pichincha,-77.9889555,0.0251586,64.27,Pública,Escuela Politécnica Nacional (EPN)
Claudia Ruth,Roa,Simón Bolívar, Guayas,-79.4218634,-2.0424101,226.45,Pública,Universidad Central del Ecuador (UCE)
Eutimio Jose Antonio Marin,Landa, Colimes, Guayas,-80.0818751,-1.5161582,226.31,Pública,Universidad Central del Ecuador (UCE)
Susana Varela,Orta, San Gabriel, Carchi,-77.835319,0.598485,118.12,Pública,Escuela Politécnica del Ejército (ESPE)
Trinidad Noelia Aranda,Rivas,Zamora, Zamora Chinchipe,-78.9577754,-4.0042008,423.67,Pública,Escuela Politécnica del Ejército (ESPE)
Benicio Cabrera,Romero, Junín, Manabí,-80.2054147,-0.9394745,204.54,Pública,Escuela Politécnica del Ejército (ESPE)
María Mabel,Díaz, Montalvo, Los Ríos,-79.348133,-1.8025855,198.99,Pública,Universidad Central del Ecuador (UCE)
Luz,Rincón, San Miguel de Los Bancos, Pichincha,-78.9214659,-0.0188368,50.7,Pública,Universidad Central del Ecuador (UCE)
Lola,Corral, Palestina, Guayas,-79.9273316,-1.6318981,222.24,Pública,Escuela Politécnica Nacional (EPN)
Ian Ezequiel Gonzalez,Vazquez, Jama, Manabí,-80.2295834,-0.2149489,190.95,Pública,Universidad Central del Ecuador (UCE)
Leidy Liliana Morales,Galindo, El Coca, Orellana,-76.9837216,-0.4721804,172.26,Pública,Escuela Politécnica del Ejército (ESPE)
Mirian Teresa,Mendoza, Huaca, Carchi,-77.727333,0.7987391,143.02,Pública,Escuela Politécnica Nacional (EPN)
Manuel Abigail Muñoz,Farías,Yantzaza, Zamora Chinchipe,-78.7376344,-3.7146811,389.38,Pública,Universidad Central del Ecuador (UCE)
Erasmo,Arjona,Piñas, El Oro,-79.7832238,-3.7106809,413.02,Pública,Escuela Politécnica del Ejército (ESPE)
Lucía,Meraz, Samborondón, Guayas,-79.7562694,-2.0155653,242.86,Privada,Universidad Tecnológica Indoamérica (UTI)
Nazario Flor,Tello,Sangolquí, Pichincha,-78.4483476,-0.3288822,14.03,Pública,Universidad Central del Ecuador (UCE)
Laura Esperanza,Vera, Ambato, Tungurahua,-78.6287594,-1.2422413,114.38,Pública,Universidad Central del Ecuador (UCE)
Leonor Mónica Ordóñez,Ceja, Nueva Loja, Sucumbíos,-76.8834932,0.0850591,184.27,Pública,Universidad Central del Ecuador (UCE)
Ruy Almazán,Cases,El Triunfo, Guayas,-79.3660575,-2.2907784,249.03,Privada,Pontificia Universidad Católica del Ecuador (PUCE)
Mónica Adán Granado,Ávila, Colimes, Guayas,-80.0818751,-1.5161582,226.31,Privada,Universidad de las Américas (UDLA)
Adalberto Daza,Mejía, Paute, Azuay,-78.7362416,-2.7468493,282.05,Privada,Universidad Internacional del Ecuador (UIDE)
Mauricio,Ochoa, Urcuquí, Imbabura,-78.1941499,0.4172921,79.22,Pública,Universidad Andina Simón Bolívar (UASB)
Dr. Nayeli,Escobar,Yaguachi, Guayas,-79.9134536,-2.2015355,269.81,Pública,Universidad Central del Ecuador (UCE)
Camila Frida Gutiérrez,Portillo, Cuenca, Azuay,-79.0041726,-2.8974072,302.67,Privada,Universidad de las Américas (UDLA)
Benjamín,Sandoval, Paute, Azuay,-78.7362416,-2.7468493,282.05,Pública,Escuela Politécnica Nacional (EPN)
Rosa Sonia,Córdova,Saquisilí, Cotopaxi,-78.7312624,-0.8359835,72.67,Pública,Universidad Central del Ecuador (UCE)
César Pacheco,Arellano, Portovelo, El Oro,-79.6172038,-3.7152273,407.56,Pública,Escuela Politécnica del Ejército (ESPE)
Margoth Fernanda Garzón,López, Isidro Ayora, Guayas,-80.1463096,-1.8796754,258.94,Pública,Universidad Central del Ecuador (UCE)
Griselda Zapata,Medina,Puebloviejo, Los Ríos,-79.5474126,-1.5368546,186.22,Pública,Universidad Central del Ecuador (UCE)
Iván Luis,Roque, General Villamil, Guayas,-80.4261454,-2.5937913,338.99,Pública,Universidad Central del Ecuador (UCE)
Inmaculada,Aznar, Catamayo, Loja,-79.403789,-3.9912144,430.86,Pública,Escuela Politécnica del Ejército (ESPE)
Marcela Isabel,Romero, Valdez, Esmeraldas,-78.9826345,1.2489838,171.53,Pública,Universidad Central del Ecuador (UCE)
Juan Cruz Isabella,Gonzalez, Isidro Ayora, Guayas,-80.1463096,-1.8796754,258.94,Pública,Escuela Politécnica del Ejército (ESPE)
Cloe Machado,Suarez,Saraguro, Loja,-79.3063889,-3.5269465,378.14,Pública,Universidad Central del Ecuador (UCE)
Fernanda Carmen,Rincón, Loreto, Orellana,-77.3252738,-0.6471884,140.27,Pública,Universidad Central del Ecuador (UCE)
Luis,Camacho, Archidona, Napo,-77.955042,-0.7160712,82.95,Pública,Universidad Central del Ecuador (UCE)
Jorge Luis Jos Villalpando,Tafoya, Muisne, Esmeraldas,-79.8817211,0.5387247,174.09,Privada,Universidad Tecnológica Indoamérica (UTI)
Camila Sandra Flórez,Murcia, San Miguel de Salcedo, Cotopaxi,-78.5907824,-1.043699,91.99,Pública,Escuela Politécnica del Ejército (ESPE)
Sr(a). Alma,Villa, Daule, Guayas,-79.9129307,-1.9200069,244.89,Privada,Universidad de las Américas (UDLA)
Marisela Berta,Benavídez, Junín, Manabí,-80.2054147,-0.9394745,204.54,Pública,Universidad Central del Ecuador (UCE)
Nelson,Cerón,Babahoyo, Los Ríos,-79.5068917,-1.8762599,214.79,Pública,Universidad Central del Ecuador (UCE)
Dr. Alvaro,Cavazos, Santo Domingo, Santo Domingo de los Tsáchilas,-79.1686724,-0.2546212,73.08,Pública,Universidad Central del Ecuador (UCE)
Paulina,Hernádez, San Gabriel, Carchi,-77.835319,0.598485,118.12,Privada,Pontificia Universidad Católica del Ecuador (PUCE)
Daniel Humberto,Vallejo, El Pangui, Zamora Chinchipe,-78.5473049,-3.6253506,378.66,Pública,Escuela Politécnica del Ejército (ESPE)
Hortensia Zabaleta,Vara, Guayaquil, Guayas,-80.0983887,-2.2895167,289.88,Privada,Universidad Tecnológica Indoamérica (UTI)
Marcelino Lledó,Castelló, Celica, Loja,-79.9851762,-4.1648137,468.15,Pública,Universidad Central del Ecuador (UCE)
Magaly,Martínez, Cuenca, Azuay,-79.0041726,-2.8974072,302.67,Pública,Universidad Central del Ecuador (UCE)
Miguel Ángel,Tejada, Samborondón, Guayas,-79.7562694,-2.0155653,242.86,Pública,Escuela Politécnica del Ejército (ESPE)
Isidoro Vergara,Plana,Arenillas, El Oro,-80.0974316,-3.5859238,413.63,Pública,Escuela Politécnica del Ejército (ESPE)
Sofía,Diaz, Valencia, Los Ríos,-79.3211355,-0.7696521,108.72,Privada,Universidad de las Américas (UDLA)
Lucho Gibert,Agullo,Pujilí, Cotopaxi,-78.8559205,-1.0077046,95.54,Pública,Universidad Central del Ecuador (UCE)
Dr(a). Julieta,Diaz,Pasaje, El Oro,-79.7625976,-3.3234936,372.0,Pública,Universidad Central del Ecuador (UCE)
Andrea María,Moreno, Alausí, Chimborazo,-78.703566,-2.3250494,235.02,Pública,Universidad Central del Ecuador (UCE)
Vasco Lobato,Cañas, San Miguel, Bolívar,-79.127262,-1.8120574,189.75,Privada,Universidad de las Américas (UDLA)
Angélica,Vargas, Rocafuerte, Manabí,-80.4012121,-0.9032437,223.34,Pública,Universidad Central del Ecuador (UCE)
Sr(a). Abel,Montenegro, Coronel Marcelino Maridueña, Guayas,-79.3861649,-2.2333628,244.02,Privada,Universidad Internacional del Ecuador (UIDE)
Andrés Hernando,Caicedo, Tosagua, Manabí,-80.2577186,-0.7755207,203.66,Pública,Universidad Central del Ecuador (UCE)
Sara,Lozano,Machachi, Pichincha,-78.6516915,-0.4984774,34.61,Pública,Universidad Central del Ecuador (UCE)
Eugenia,Rodríguez, Vinces, Los Ríos,-79.766045,-1.5235263,201.08,Pública,Universidad Central del Ecuador (UCE)
Dora Isabel Muñoz,Rodríguez, Valdez, Esmeraldas,-78.9826345,1.2489838,171.53,Pública,Escuela Politécnica del Ejército (ESPE)
Montserrat Jiménez,Fábregas, Tabacundo, Pichincha,-78.2216436,0.048201,43.99,Pública,Escuela Politécnica del Ejército (ESPE)
Juan Cruz Sofia,Morales, Pelileo, Tungurahua,-78.537307,-1.3573827,126.48,Privada,Universidad Internacional del Ecuador (UIDE)
Tomàs Sebastian,Benitez, Gualaquiza, Morona Santiago,-78.706485,-3.3277138,346.22,Pública,Universidad Central del Ecuador (UCE)
Aurelio,Saldivar, Rocafuerte, Manabí,-80.4012121,-0.9032437,223.34,Pública,Universidad Andina Simón Bolívar (UASB)
Dulce María del,Valle,Baba, Los Ríos,-79.6615818,-1.6727698,205.95,Pública,Universidad Central del Ecuador (UCE)
Lic. Dolores,Lerma,Tena, Napo,-78.1083981,-0.9438718,92.16,Pública,Universidad Central del Ecuador (UCE)
Ceferino Venceslás Elías,Prado, La Maná, Cotopaxi,-79.1010573,-0.7841908,90.66,Pública,Universidad Central del Ecuador (UCE)
Claudio Becerra,Polanco,El Ángel, Carchi,-77.9396301,0.6211998,113.17,Pública,Universidad Central del Ecuador (UCE)
Verónica,Padrón, Lomas de Sargentillo, Guayas,-80.0789495,-1.8348374,250.14,Pública,Universidad Central del Ecuador (UCE)
Bernardita,Albero, Calceta, Manabí,-80.1640382,-0.8480934,196.48,Pública,Escuela Politécnica del Ejército (ESPE)
Fátima Almansa,Canet,Bucay, Guayas,-79.1376329,-2.2004367,230.91,Pública,Escuela Politécnica Nacional (EPN)
Blas Hurtado,Blanes, Portovelo, El Oro,-79.6172038,-3.7152273,407.56,Pública,Universidad Central del Ecuador (UCE)
Yudy Carvajal,Mercado, Pimampiro, Imbabura,-77.9402742,0.393298,93.27,Pública,Escuela Politécnica del Ejército (ESPE)
Kike Nevado,Blázquez, Durán, Guayas,-79.7895887,-2.2127014,263.15,Privada,Universidad de las Américas (UDLA)
Mauro Ramón,Quiroz, El Pangui, Zamora Chinchipe,-78.5473049,-3.6253506,378.66,Pública,Universidad Central del Ecuador (UCE)
Isabel Mauro Correa,Guerrero,Salinas, Santa Elena,-80.9237973,-2.2612497,351.24,Pública,Universidad Central del Ecuador (UCE)
Nydia del,Casal, Chambo, Chimborazo,-78.5425997,-1.74403,169.48,Pública,Escuela Politécnica Nacional (EPN)
Aurelio Martin,Calderon, Pedro Vicente Maldonado, Pichincha,-79.0400619,0.1612052,72.4,Privada,Universidad de las Américas (UDLA)
Benjamin Francisco,Martinez, El Coca, Orellana,-76.9837216,-0.4721804,172.26,Pública,Universidad Central del Ecuador (UCE)
Benicio Emilia,Ayala, Esmeraldas, Esmeraldas,-79.6523847,0.9668153,183.0,Pública,Escuela Politécnica Nacional (EPN)
Morena Olivera,Martinez,Piñas, El Oro,-79.7832238,-3.7106809,413.02,Pública,Escuela Politécnica Nacional (EPN)
Andrés Enrique,Mosquera, Riobamba, Chimborazo,-78.6482479,-1.6732765,162.28,Privada,Universidad Internacional del Ecuador (UIDE)
Marciano Corbacho,Enríquez, Pedro Vicente Maldonado, Pichincha,-79.0400619,0.1612052,72.4,Pública,Universidad Central del Ecuador (UCE)
Dr(a). Matias,Peralta, Coronel Marcelino Maridueña, Guayas,-79.3861649,-2.2333628,244.02,Pública,Universidad Central del Ecuador (UCE)
Sofía Gonzalo Montero,Cano,Latacunga, Cotopaxi,-78.6145758,-0.9340311,80.19,Pública,Universidad Central del Ecuador (UCE)
Álvaro Junior Arrieta,Amaya, El Pangui, Zamora Chinchipe,-78.5473049,-3.6253506,378.66,Pública,Universidad Central del Ecuador (UCE)
Tomás Comas,Collado, El Coca, Orellana,-76.9837216,-0.4721804,172.26,Pública,Universidad Andina Simón Bolívar (UASB)
Elena Camargo,Serna, Sucre, Manabí,-80.4199056,-0.7326786,219.63,Pública,Universidad Central del Ecuador (UCE)
Santino Flores,Ojeda,Zamora, Zamora Chinchipe,-78.9577754,-4.0042008,423.67,Pública,Universidad Central del Ecuador (UCE)
Irene Cavazos,Echeverría, Durán, Guayas,-79.7895887,-2.2127014,263.15,Pública,Escuela Politécnica del Ejército (ESPE)
Juan Cruz Pedro Ledesma,Ramirez, General Villamil, Guayas,-80.4261454,-2.5937913,338.99,Pública,Universidad Central del Ecuador (UCE)
Yenny Arango,Vargas, Tulcán, Carchi,-77.7172151,0.8115707,144.84,Privada,Pontificia Universidad Católica del Ecuador (PUCE)
Dr(a). Mateo Benjamin,Aguirre, Milagro, Guayas,-79.5552042,-2.1179635,240.77,Privada,Universidad Politécnica Salesiana (UPS)
Armando,Vera, Guano, Chimborazo,-78.6578385,-1.539923,147.64,Pública,Escuela Politécnica del Ejército (ESPE)
Sr(a). Federico,Martinez,Ibarra, Imbabura,-78.1329448,0.5159369,92.08,Pública,Escuela Politécnica Nacional (EPN)
Teodoro,Alemany,Arenillas, El Oro,-80.0974316,-3.5859238,413.63,Pública,Universidad Central del Ecuador (UCE)
Nilson Darwin Martínez,Romero, Mocache, Los Ríos,-79.5512661,-1.1979,158.63,Pública,Universidad Central del Ecuador (UCE)
María Luisa Claudio Ureña,Pérez, Loreto, Orellana,-77.3252738,-0.6471884,140.27,Pública,Escuela Politécnica del Ejército (ESPE)
Esparta Anabel,Chavarría, El Carmen, Manabí,-79.5741548,-0.4809541,121.58,Pública,Universidad Central del Ecuador (UCE)
Gonzalo Amo,Rodriguez, Paján, Manabí,-80.4212975,-1.7040791,268.83,Privada,Universidad de las Américas (UDLA)
Judith,Vergara, Cumandá, Chimborazo,-79.103584,-2.2108666,230.91,Pública,Escuela Politécnica del Ejército (ESPE)
Socorro Cruz,Andrés,Bucay, Guayas,-79.1376329,-2.2004367,230.91,Pública,Universidad Central del Ecuador (UCE)
Claudia Arcelia Guevara,Bermúdez, Biblián, Cañar,-78.9802821,-2.6748261,277.86,Privada,Universidad San Francisco de Quito (USFQ)
Selena,Rico-Conde, Narcisa de Jesús, Guayas,-80.2384404,-1.6118103,246.52,Pública,Universidad Central del Ecuador (UCE)
Clara,Suárez,Zamora, Zamora Chinchipe,-78.9577754,-4.0042008,423.67,Pública,Universidad Central del Ecuador (UCE)
Camilo Enrique Ocampo,Vélez, Cañar, Cañar,-79.1800778,-2.4749335,261.48,Pública,Universidad Central del Ecuador (UCE)
Ana Edna,Gómez, Buena Fe, Los Ríos,-79.5296983,-0.7488694,127.49,Pública,Escuela Politécnica del Ejército (ESPE)
Dr. Adalberto,Ortiz, Ambato, Tungurahua,-78.6287594,-1.2422413,114.38,Pública,Universidad Central del Ecuador (UCE)
Lautaro Benjamin,Rivero,Ibarra, Imbabura,-78.1329448,0.5159369,92.08,Pública,Universidad Central del Ecuador (UCE)
Laura Ana Quiroz,Guzmán, Paján, Manabí,-80.4212975,-1.7040791,268.83,Pública,Escuela Politécnica Nacional (EPN)
Karla Serafín,Badillo, Naranjito, Guayas,-79.3904646,-2.1590388,236.66,Pública,Escuela Politécnica Nacional (EPN)
Dulce María,Valdivia, Catamayo, Loja,-79.403789,-3.9912144,430.86,Pública,Universidad Andina Simón Bolívar (UASB)
Judith Millán,Quirós, San Gabriel, Carchi,-77.835319,0.598485,118.12,Privada,Universidad Internacional del Ecuador (UIDE)
Isabella Thiago,Flores,Zaruma, El Oro,-79.5131743,-3.5111939,382.47,Pública,Universidad Central del Ecuador (UCE)
Luz Rosa,Patiño, Cotacachi, Imbabura,-78.4507013,0.3955234,68.8,Pública,Universidad Andina Simón Bolívar (UASB)
Paola,Pérez, San Miguel, Bolívar,-79.127262,-1.8120574,189.75,Pública,Escuela Politécnica Nacional (EPN)
Curro Alba,Mendoza, Santa Lucía, Guayas,-80.0426304,-1.7145863,237.82,Pública,Universidad Central del Ecuador (UCE)
Dr. Teodoro,Apodaca,Babahoyo, Los Ríos,-79.5068917,-1.8762599,214.79,Pública,Universidad Central del Ecuador (UCE)
Arturo Rebeca Vallejo,Armendáriz,Cayambe, Pichincha,-77.9889555,0.0251586,64.27,Privada,Universidad Politécnica Salesiana (UPS)
Isabella Gomez,Sanchez, Santo Domingo, Santo Domingo de los Tsáchilas,-79.1686724,-0.2546212,73.08,Pública,Universidad Central del Ecuador (UCE)
Tomás,Sierra, Pedro Vicente Maldonado, Pichincha,-79.0400619,0.1612052,72.4,Pública,Escuela Politécnica Nacional (EPN)
Nelson Quiroz,Narváez,Bucay, Guayas,-79.1376329,-2.2004367,230.91,Privada,Universidad Internacional del Ecuador (UIDE)
Griselda Vara,Cabrero,Naranjal, Guayas,-79.5325634,-2.5731305,285.16,Privada,Universidad de las Américas (UDLA)
Rodrigo Olivas,Romero, Cotacachi, Imbabura,-78.4507013,0.3955234,68.8,Pública,Escuela Politécnica Nacional (EPN)
Cecilio Carlos Sierra,Bermúdez, Píllaro, Tungurahua,-78.5423177,-1.1725302,105.95,Pública,Universidad Central del Ecuador (UCE)
Vasco de,Chico, Junín, Manabí,-80.2054147,-0.9394745,204.54,Pública,Universidad Central del Ecuador (UCE)
Ing. Sandra,Solorzano,Quinsaloma, Los Ríos,-79.3468998,-1.1460552,138.6,Pública,Universidad Central del Ecuador (UCE)
Stiven Enrique Mosquera,Ordóñez, El Tambo, Cañar,-78.9133964,-2.4828078,255.51,Pública,Universidad Central del Ecuador (UCE)
Mateo Agustin Ramos,Alvarez, Daule, Guayas,-79.9129307,-1.9200069,244.89,Pública,Escuela Politécnica del Ejército (ESPE)
Ing. Antonio,Corral, Biblián, Cañar,-78.9802821,-2.6748261,277.86,Pública,Escuela Politécnica del Ejército (ESPE)
Luciana Fernandez,Aguero, Pedro Vicente Maldonado, Pichincha,-79.0400619,0.1612052,72.4,Pública,Escuela Politécnica del Ejército (ESPE)
Arcelia Sanz,Mir, Lomas de Sargentillo, Guayas,-80.0789495,-1.8348374,250.14,Pública,Universidad Central del Ecuador (UCE)
Cynthia Ángel Lemus,Velázquez, Tabacundo, Pichincha,-78.2216436,0.048201,43.99,Pública,Universidad Central del Ecuador (UCE)
Luis Juan,Fuentes, Loreto, Orellana,-77.3252738,-0.6471884,140.27,Pública,Universidad Central del Ecuador (UCE)
Eider Alonso Marín,Salgado, Alausí, Chimborazo,-78.703566,-2.3250494,235.02,Pública,Escuela Politécnica del Ejército (ESPE)
Lara,Ariño-Parra, Daule, Guayas,-79.9129307,-1.9200069,244.89,Pública,Escuela Politécnica del Ejército (ESPE)
Diego Beltrán,Duarte,Yantzaza, Zamora Chinchipe,-78.7376344,-3.7146811,389.38,Privada,Universidad Politécnica Salesiana (UPS)
Agustina Julian Sanchez,Rodriguez, Sucre, Manabí,-80.4199056,-0.7326786,219.63,Privada,Pontificia Universidad Católica del Ecuador (PUCE)
Dr(a). Thiago Benjamin,Hernandez, San Miguel, Bolívar,-79.127262,-1.8120574,189.75,Pública,Universidad Central del Ecuador (UCE)
Milagros Amparo Hierro,Aguiló, Flavio Alfaro, Manabí,-79.844538,-0.3242859,148.59,Pública,Universidad Central del Ecuador (UCE)
Gregorio Núñez,Covarrubias, Macará, Loja,-79.9154486,-4.3490358,484.84,Pública,Universidad Central del Ecuador (UCE)
Delfina Hernandez,Carrizo,Arenillas, El Oro,-80.0974316,-3.5859238,413.63,Pública,Universidad Central del Ecuador (UCE)
Felipe Sebastián Figueroa,González, San Miguel, Bolívar,-79.127262,-1.8120574,189.75,Pública,Universidad Andina Simón Bolívar (UASB)
Leonel Prieto,Feliciano, Coronel Marcelino Maridueña, Guayas,-79.3861649,-2.2333628,244.02,Privada,Universidad de las Américas (UDLA)
Bautista Alma Juarez,Diaz, Sucre, Manabí,-80.4199056,-0.7326786,219.63,Pública,Universidad Central del Ecuador (UCE)
Victoria Gonzalez,Fernandez,Salinas, Santa Elena,-80.9237973,-2.2612497,351.24,Privada,Universidad de las Américas (UDLA)
Santino Benjamin Juan Cruz,Gonzalez,Pujilí, Cotopaxi,-78.8559205,-1.0077046,95.54,Pública,Escuela Politécnica del Ejército (ESPE)
Santiago Nicolas Sosa,Flores, Pedro Carbo, Guayas,-80.3009814,-1.8672671,270.34,Pública,Escuela Politécnica Nacional (EPN)
Isabella Joaquina,Moyano,Pasaje, El Oro,-79.7625976,-3.3234936,372.0,Pública,Escuela Politécnica Nacional (EPN)
Valentina Joaquin Fernandez,Perez, Portoviejo, Manabí,-80.4534134,-1.05282,234.85,Privada,Universidad Tecnológica Equinoccial (UTE)
Ulises Pelayo Sanmiguel,Rivas, Celica, Loja,-79.9851762,-4.1648137,468.15,Privada,Pontificia Universidad Católica del Ecuador (PUCE)
Dulce María Ana Caballero,Porras, Pedernales, Manabí,-79.8451737,0.0693259,151.66,Pública,Escuela Politécnica Nacional (EPN)
Carlos,Romero, San Miguel de Los Bancos, Pichincha,-78.9214659,-0.0188368,50.7,Pública,Universidad Central del Ecuador (UCE)
Agustin,Ledesma,Macas, Morona Santiago,-78.1175466,-2.3046252,235.9,Pública,Universidad Central del Ecuador (UCE)
Joaquín,Vásquez, Gualaceo, Azuay,-78.8461586,-2.9180205,302.27,Pública,Escuela Politécnica del Ejército (ESPE)
Lucas Escobar,Diaz, El Carmen, Manabí,-79.5741548,-0.4809541,121.58,Pública,Escuela Politécnica del Ejército (ESPE)
Wendolin Ilse Alcaraz,Corona, Santo Domingo, Santo Domingo de los Tsáchilas,-79.1686724,-0.2546212,73.08,Privada,Pontificia Universidad Católica del Ecuador (PUCE)
Guillermina Josefina,Arias, La Joya de los Sachas, Orellana,-76.8611463,-0.3161424,183.91,Pública,Universidad Central del Ecuador (UCE)
Maximo Benjamin Acosta,Miranda, Pelileo, Tungurahua,-78.537307,-1.3573827,126.48,Pública,Universidad Central del Ecuador (UCE)
Timoteo,Véliz, Esmeraldas, Esmeraldas,-79.6523847,0.9668153,183.0,Pública,Universidad Central del Ecuador (UCE)
César Expósito,Rivera, Milagro, Guayas,-79.5552042,-2.1179635,240.77,Privada,Universidad de las Américas (UDLA)
Lic. Esmeralda,Montero,Catarama, Los Ríos,-79.4750201,-1.5692196,184.28,Pública,Universidad Central del Ecuador (UCE)
Reynaldo Adela,Nevárez, Bahía de Caráquez, Manabí,-80.423572,-0.5999649,216.67,Privada,Universidad de las Américas (UDLA)
Lucía,Suárez, El Carmen, Manabí,-79.5741548,-0.4809541,121.58,Privada,Universidad Politécnica Salesiana (UPS)
Mirta Sarmiento,Riba,Saraguro, Loja,-79.3063889,-3.5269465,378.14,Pública,Universidad Central del Ecuador (UCE)
Lautaro Juan Pablo Pereyra,Coronel, Samborondón, Guayas,-79.7562694,-2.0155653,242.86,Privada,Universidad de las Américas (UDLA)
Jenaro Romero,Perea, Valencia, Los Ríos,-79.3211355,-0.7696521,108.72,Pública,Universidad Central del Ecuador (UCE)
Ing. Dalia,Torres,Yaguachi, Guayas,-79.9134536,-2.2015355,269.81,Pública,Escuela Politécnica del Ejército (ESPE)
Emilia,Dominguez, Archidona, Napo,-77.955042,-0.7160712,82.95,Pública,Universidad Central del Ecuador (UCE)
Constanza Maria Luz Barrios,Gomez, General Villamil, Guayas,-80.4261454,-2.5937913,338.99,Pública,Universidad Central del Ecuador (UCE)
Arsenio Alegre,Reina, El Coca, Orellana,-76.9837216,-0.4721804,172.26,Privada,Pontificia Universidad Católica del Ecuador (PUCE)
Pilar Cabo,Saldaña,Ventanas, Los Ríos,-79.3351558,-1.3253915,153.21,Pública,Escuela Politécnica del Ejército (ESPE)
Teodosio Humberto Galán,Gisbert, Alamor, Loja,-80.0197281,-4.0181681,454.31,Pública,Universidad Central del Ecuador (UCE)
Dr(a). Juan Ignacio,Mendez, Pedro Carbo, Guayas,-80.3009814,-1.8672671,270.34,Pública,Escuela Politécnica del Ejército (ESPE)
Rosalina Simó,Rey,Yantzaza, Zamora Chinchipe,-78.7376344,-3.7146811,389.38,Pública,Universidad Andina Simón Bolívar (UASB)
Luisana Vargas,Gimenez, Flavio Alfaro, Manabí,-79.844538,-0.3242859,148.59,Privada,Universidad Politécnica Salesiana (UPS)
Jesús,Pabón,La Concordia, Santo Domingo de los Tsáchilas,-79.462977,-0.0441108,107.5,Pública,Escuela Politécnica Nacional (EPN)
Benjamin Nahuel,Gonzalez,Salinas, Santa Elena,-80.9237973,-2.2612497,351.24,Pública,Universidad Central del Ecuador (UCE)
Ruperto Perelló,Villena, Pedernales, Manabí,-79.8451737,0.0693259,151.66,Pública,Universidad Central del Ecuador (UCE)
Juan Julián,Osorio, Lomas de Sargentillo, Guayas,-80.0789495,-1.8348374,250.14,Pública,Instituto de Altos Estudios Nacionales (IAEN)
Mora Francesca,Rodriguez, El Pangui, Zamora Chinchipe,-78.5473049,-3.6253506,378.66,Pública,Universidad Central del Ecuador (UCE)
Luisana Francesca,Ojeda, Palestina, Guayas,-79.9273316,-1.6318981,222.24,Pública,Universidad Central del Ecuador (UCE)
Agustina Lorenzo Gomez,Figueroa,Zamora, Zamora Chinchipe,-78.9577754,-4.0042008,423.67,Pública,Escuela Politécnica Nacional (EPN)
Rita,Pou-Juan, Pedernales, Manabí,-79.8451737,0.0693259,151.66,Pública,Universidad Central del Ecuador (UCE)
Emilia Aurelio Cabán,Alvarez, San Miguel de Los Bancos, Pichincha,-78.9214659,-0.0188368,50.7,Pública,Escuela Politécnica Nacional (EPN)
Agustín Luna,Gonzalez, Shushufindi, Sucumbíos,-76.5906945,-0.2885051,213.81,Pública,Escuela Politécnica Nacional (EPN)
Francisca,Amaya-Castrillo, Vinces, Los Ríos,-79.766045,-1.5235263,201.08,Pública,Universidad Central del Ecuador (UCE)
Santiago Jeremias Diaz,Diaz, Portovelo, El Oro,-79.6172038,-3.7152273,407.56,Pública,Escuela Politécnica del Ejército (ESPE)
Francisca,Ávalos,San Lorenzo, Esmeraldas,-78.6869333,0.9850634,135.41,Privada,Pontificia Universidad Católica del Ecuador (PUCE)
Nury Eugenia,Henao, Píllaro, Tungurahua,-78.5423177,-1.1725302,105.95,Privada,Pontificia Universidad Católica del Ecuador (PUCE)
Jeremías Casado,Campo, Santa Ana, Manabí,-80.2631268,-1.1944701,222.78,Pública,Universidad Central del Ecuador (UCE)
Frida Dolores Cabán,Bernal, Huaca, Carchi,-77.727333,0.7987391,143.02,Pública,Escuela Politécnica Nacional (EPN)
Ian Ezequiel Sofia Gomez,Arias, San Miguel, Bolívar,-79.127262,-1.8120574,189.75,Pública,Escuela Politécnica del Ejército (ESPE)
Pilar Morales,Diaz, Muisne, Esmeraldas,-79.8817211,0.5387247,174.09,Pública,Universidad Central del Ecuador (UCE)
Mateo Agustin,Godoy, Bahía de Caráquez, Manabí,-80.423572,-0.5999649,216.67,Pública,Escuela Politécnica Nacional (EPN)
Joaquin Benjamin,Lopez, Paján, Manabí,-80.4212975,-1.7040791,268.83,Privada,Universidad de las Américas (UDLA)
Francisco Javier Oliver,Tomé, Camilo Ponce Enríquez, Azuay,-79.5630363,-2.9640696,326.69,Pública,Escuela Politécnica del Ejército (ESPE)
Juan Carlos Iñiguez,Carro, Bahía de Caráquez, Manabí,-80.423572,-0.5999649,216.67,Pública,Universidad Central del Ecuador (UCE)
Sr(a). Omar,Altamirano, El Coca, Orellana,-76.9837216,-0.4721804,172.26,Privada,Universidad San Francisco de Quito (USFQ)
José Camila,Gamboa, Narcisa de Jesús, Guayas,-80.2384404,-1.6118103,246.52,Pública,Universidad Central del Ecuador (UCE)
Bernardita Gimeno,Blanco, Balao, Guayas,-79.7180498,-2.8852516,325.24,Pública,Universidad Central del Ecuador (UCE)
Gerardo Mauricio Feliciano,Caballero,La Concordia, Santo Domingo de los Tsáchilas,-79.462977,-0.0441108,107.5,Privada,Universidad Internacional del Ecuador (UIDE)
Felipe,Montes, Urcuquí, Imbabura,-78.1941499,0.4172921,79.22,Pública,Escuela Politécnica del Ejército (ESPE)
Dr(a). Thiago Gabriel,Martinez, Ambato, Tungurahua,-78.6287594,-1.2422413,114.38,Pública,Universidad Central del Ecuador (UCE)
Laura Benjamín Vergara,Villagómez,Sucúa, Morona Santiago,-78.1727383,-2.4560109,251.46,Privada,Universidad Tecnológica Indoamérica (UTI)
Catalina Posada,Reyes, Lomas de Sargentillo, Guayas,-80.0789495,-1.8348374,250.14,Pública,Universidad Central del Ecuador (UCE)
Matias,Perez,Zaruma, El Oro,-79.5131743,-3.5111939,382.47,Pública,Universidad Central del Ecuador (UCE)
Angie Fernanda,Ospina, San Miguel de Los Bancos, Pichincha,-78.9214659,-0.0188368,50.7,Pública,Universidad Central del Ecuador (UCE)
Lorena Hilda,Bustos,Zaruma, El Oro,-79.5131743,-3.5111939,382.47,Pública,Escuela Politécnica del Ejército (ESPE)
Jorge Niño,Franco, Pelileo, Tungurahua,-78.537307,-1.3573827,126.48,Pública,Universidad Central del Ecuador (UCE)
José Díaz,Ruiz,Azogues, Cañar,-78.8467191,-2.7380492,282.43,Pública,Escuela Politécnica del Ejército (ESPE)
Felipe Antonia Galván,Nieto, La Troncal, Cañar,-79.3751632,-2.433689,264.16,Pública,Escuela Politécnica del Ejército (ESPE)
Ligia González,Ruiz,Baba, Los Ríos,-79.6615818,-1.6727698,205.95,Privada,Universidad Tecnológica Indoamérica (UTI)
Clotilde Solana,Montoya, Balzar, Guayas,-79.9367148,-1.3062992,199.16,Pública,Universidad Central del Ecuador (UCE)
Sr(a). Judith,Limón, Celica, Loja,-79.9851762,-4.1648137,468.15,Pública,Escuela Politécnica Nacional (EPN)
Dr. Benjamín,Valentín, Valdez, Esmeraldas,-78.9826345,1.2489838,171.53,Pública,Escuela Politécnica del Ejército (ESPE)
Alexandra Paula,Carrillo, San Gabriel, Carchi,-77.835319,0.598485,118.12,Privada,Universidad de las Américas (UDLA)
Zoe Valentina Sofia Rodriguez,Aguirre, El Carmen, Manabí,-79.5741548,-0.4809541,121.58,Pública,Escuela Politécnica Nacional (EPN)
Humberto,Carreras-Casanova, Gualaceo, Azuay,-78.8461586,-2.9180205,302.27,Pública,Universidad Central del Ecuador (UCE)
Juan Martin Salvador,Martinez, Naranjito, Guayas,-79.3904646,-2.1590388,236.66,Pública,Universidad Central del Ecuador (UCE)
Agapito Modesto Acuña,Serrano, Santa Isabel, Azuay,-79.3594118,-3.1839392,342.74,Privada,Universidad de las Américas (UDLA)
Marisol Castillo,Triana, Daule, Guayas,-79.9129307,-1.9200069,244.89,Pública,Universidad Central del Ecuador (UCE)
Mireia Alegre,Baños,Sangolquí, Pichincha,-78.4483476,-0.3288822,14.03,Pública,Universidad Central del Ecuador (UCE)
Milena Ramirez,Sanchez, Píllaro, Tungurahua,-78.5423177,-1.1725302,105.95,Pública,Universidad Central del Ecuador (UCE)
Diego Jaime,Álvarez, El Tambo, Cañar,-78.9133964,-2.4828078,255.51,Pública,Escuela Politécnica Nacional (EPN)
Emma Santos,Uriarte, Montalvo, Los Ríos,-79.348133,-1.8025855,198.99,Pública,Universidad Central del Ecuador (UCE)
María Pilar Calderon,Andres, Gualaquiza, Morona Santiago,-78.706485,-3.3277138,346.22,Pública,Universidad Central del Ecuador (UCE)
Adalberto Chávez,Cantú, Vinces, Los Ríos,-79.766045,-1.5235263,201.08,Pública,Universidad Central del Ecuador (UCE)
David López,Vanegas, Pimampiro, Imbabura,-77.9402742,0.393298,93.27,Pública,Universidad Central del Ecuador (UCE)
Yuli,Salas, Durán, Guayas,-79.7895887,-2.2127014,263.15,Pública,Escuela Politécnica Nacional (EPN)
Luz,Erazo, Cotacachi, Imbabura,-78.4507013,0.3955234,68.8,Pública,Universidad Central del Ecuador (UCE)
Fidel,Pino-Lerma,San Vicente, Manabí,-80.3761409,-0.4373946,208.65,Pública,Escuela Politécnica Nacional (EPN)
Rodolfo María Luisa,Casares, Gualaceo, Azuay,-78.8461586,-2.9180205,302.27,Privada,Pontificia Universidad Católica del Ecuador (PUCE)
Concepción Rocío Pedraza,Ramón,Sangolquí, Pichincha,-78.4483476,-0.3288822,14.03,Privada,Universidad Politécnica Salesiana (UPS)
Lucía,Hernandez,Atuntaqui, Imbabura,-78.219615,0.3316022,69.45,Pública,Universidad Central del Ecuador (UCE)
Candelaria,Sanchez, Machala, El Oro,-79.9512804,-3.3148937,379.46,Pública,Universidad Central del Ecuador (UCE)
Catalina Bautista Benjamin,Vera, Daule, Guayas,-79.9129307,-1.9200069,244.89,Pública,Escuela Politécnica Nacional (EPN)
Sofía Aura Rojas,García, Huaca, Carchi,-77.727333,0.7987391,143.02,Pública,Universidad Central del Ecuador (UCE)
Delfina Carrizo,Herrera, San Miguel de Salcedo, Cotopaxi,-78.5907824,-1.043699,91.99,Privada,Universidad San Francisco de Quito (USFQ)
Pilar Alma,Correa, San Gabriel, Carchi,-77.835319,0.598485,118.12,Pública,Escuela Politécnica Nacional (EPN)
Guillermo,Hoyos, Jipijapa, Manabí,-80.6124982,-1.5158193,274.37,Pública,Universidad Central del Ecuador (UCE)
Damián Parra,Pol, Tulcán, Carchi,-77.7172151,0.8115707,144.84,Pública,Universidad Central del Ecuador (UCE)
Sr(a). Fausto,Lopez, Palestina, Guayas,-79.9273316,-1.6318981,222.24,Pública,Universidad Central del Ecuador (UCE)
Carlos Suárez,Polo, Cañar, Cañar,-79.1800778,-2.4749335,261.48,Pública,Escuela Politécnica del Ejército (ESPE)
Jerónimo Campo,Canet,Catarama, Los Ríos,-79.4750201,-1.5692196,184.28,Pública,Escuela Politécnica Nacional (EPN)
María Luisa Escobar,Jaramillo, Camilo Ponce Enríquez, Azuay,-79.5630363,-2.9640696,326.69,Pública,Universidad Central del Ecuador (UCE)
Nadia Santamaría,Ortiz, Junín, Manabí,-80.2054147,-0.9394745,204.54,Pública,Universidad Central del Ecuador (UCE)
Juana María,Mejía, Palestina, Guayas,-79.9273316,-1.6318981,222.24,Pública,Escuela Politécnica Nacional (EPN)
Nadia,Prado, Huaca, Carchi,-77.727333,0.7987391,143.02,Pública,Escuela Politécnica del Ejército (ESPE)
Inés,Arias,Atuntaqui, Imbabura,-78.219615,0.3316022,69.45,Pública,Universidad Central del Ecuador (UCE)
Patricia Rocamora,Ferrera, Tosagua, Manabí,-80.2577186,-0.7755207,203.66,Pública,Universidad Central del Ecuador (UCE)
Alejandra Stella Contreras,Rincón, Cotacachi, Imbabura,-78.4507013,0.3955234,68.8,Pública,Escuela Politécnica del Ejército (ESPE)
Thiago Ezequiel Moreno,Campos, Quevedo, Los Ríos,-79.4776812,-1.0669701,142.78,Pública,Universidad Central del Ecuador (UCE)
Ana Aranda,Velásquez,El Triunfo, Guayas,-79.3660575,-2.2907784,249.03,Pública,Universidad Central del Ecuador (UCE)
María Luz Torres,Beltrán, Lomas de Sargentillo, Guayas,-80.0789495,-1.8348374,250.14,Privada,Universidad Tecnológica Indoamérica (UTI)
Francesca,Diaz,Simón Bolívar, Guayas,-79.4218634,-2.0424101,226.45,Pública,Escuela Politécnica Nacional (EPN)
Alberto Stiven Romero,Gutiérrez, Gualaquiza, Morona Santiago,-78.706485,-3.3277138,346.22,Pública,Universidad Central del Ecuador (UCE)
Luz,Mora,Ibarra, Imbabura,-78.1329448,0.5159369,92.08,Pública,Universidad Central del Ecuador (UCE)
Elena Luciano Lopez,Castillo,Arenillas, El Oro,-80.0974316,-3.5859238,413.63,Pública,Universidad Central del Ecuador (UCE)
Isabela María Eugenia,Collado,Piñas, El Oro,-79.7832238,-3.7106809,413.02,Pública,Universidad Central del Ecuador (UCE)
Inés Múñiz,Almansa,Montecristi, Manabí,-80.6606834,-1.0504072,256.09,Pública,Escuela Politécnica del Ejército (ESPE)
Araceli David Aguirre,Villegas,Saraguro, Loja,-79.3063889,-3.5269465,378.14,Pública,Universidad Central del Ecuador (UCE)
Dario Mauricio Vargas,González,Bucay, Guayas,-79.1376329,-2.2004367,230.91,Privada,Universidad San Francisco de Quito (USFQ)
Nieves,Manso-Gracia, Paute, Azuay,-78.7362416,-2.7468493,282.05,Pública,Escuela Politécnica del Ejército (ESPE)
Barbara Benito,Maestas,Naranjal, Guayas,-79.5325634,-2.5731305,285.16,Privada,Pontificia Universidad Católica del Ecuador (PUCE)
Mauricio Javier Vásquez,Vergara, Lomas de Sargentillo, Guayas,-80.0789495,-1.8348374,250.14,Pública,Universidad Central del Ecuador (UCE)
Miguel Arley,Suárez, Bahía de Caráquez, Manabí,-80.423572,-0.5999649,216.67,Pública,Universidad Central del Ecuador (UCE)
Luis Héctor Padilla,Rodríguez,San Vicente, Manabí,-80.3761409,-0.4373946,208.65,Privada,Universidad Tecnológica Equinoccial (UTE)
Milagros Valentino,Aguirre, Jama, Manabí,-80.2295834,-0.2149489,190.95,Pública,Escuela Politécnica del Ejército (ESPE)
Lic. Jorge Luis,Fonseca,Latacunga, Cotopaxi,-78.6145758,-0.9340311,80.19,Pública,Universidad Central del Ecuador (UCE)
Édgar,Pina,Salitre, Guayas,-79.8187323,-1.8289209,230.42,Privada,Universidad San Francisco de Quito (USFQ)
Valentín,Sancho-Águila, Alamor, Loja,-80.0197281,-4.0181681,454.31,Pública,Universidad Central del Ecuador (UCE)
Jaqueline Isabel Ornelas,Villalpando, Echeandía, Bolívar,-79.2735861,-1.4469547,160.54,Pública,Escuela Politécnica del Ejército (ESPE)
Josefina Martina Gutierrez,Romero, Lomas de Sargentillo, Guayas,-80.0789495,-1.8348374,250.14,Pública,Universidad Central del Ecuador (UCE)
Rosalinda Sanz,Oliver,Puebloviejo, Los Ríos,-79.5474126,-1.5368546,186.22,Pública,Universidad Central del Ecuador (UCE)
Marly Tatiana,Duque,Salitre, Guayas,-79.8187323,-1.8289209,230.42,Pública,Escuela Politécnica del Ejército (ESPE)
Bruno Emilia,Castro,Pujilí, Cotopaxi,-78.8559205,-1.0077046,95.54,Pública,Universidad Central del Ecuador (UCE)
Micaela Graciela Barragán,Lozano,Puyo, Pastaza,-77.9969666,-1.4854777,151.92,Pública,Universidad Central del Ecuador (UCE)
Almudena Gelabert,Luna, San Miguel de Salcedo, Cotopaxi,-78.5907824,-1.043699,91.99,Pública,Universidad Central del Ecuador (UCE)
Jose Ignacio Maza,Adadia, Urcuquí, Imbabura,-78.1941499,0.4172921,79.22,Privada,Pontificia Universidad Católica del Ecuador (PUCE)
Milagros Benjamin Martinez,Sosa, Santa Lucía, Guayas,-80.0426304,-1.7145863,237.82,Pública,Universidad Central del Ecuador (UCE)
Virginia Amaya,Sánchez, Narcisa de Jesús, Guayas,-80.2384404,-1.6118103,246.52,Pública,Escuela Politécnica del Ejército (ESPE)
Rocío,Blanco,Sangolquí, Pichincha,-78.4483476,-0.3288822,14.03,Privada,Pontificia Universidad Católica del Ecuador (PUCE)
María Liceth Vargas,Buitrago, Puerto López, Manabí,-80.744524,-1.5440814,288.55,Privada,Pontificia Universidad Católica del Ecuador (PUCE)
Camila,Barrios, La Joya de los Sachas, Orellana,-76.8611463,-0.3161424,183.91,Pública,Escuela Politécnica Nacional (EPN)
Orlando,Pérez, Marcabelí, El Oro,-79.9223384,-3.7733434,425.02,Pública,Universidad Central del Ecuador (UCE)
Luciana Valentino Vazquez,Martinez, Urcuquí, Imbabura,-78.1941499,0.4172921,79.22,Pública,Universidad Central del Ecuador (UCE)
Sr(a). Julieta,Rodriguez, Chone, Manabí,-80.0721599,-0.3828099,174.38,Pública,Escuela Politécnica Nacional (EPN)
Sr(a). Thiago,Hernandez,Tena, Napo,-78.1083981,-0.9438718,92.16,Privada,Universidad Tecnológica Equinoccial (UTE)
Valentino Benitez,Sanchez,Puyo, Pastaza,-77.9969666,-1.4854777,151.92,Pública,Escuela Politécnica Nacional (EPN)
Javier Felipe Salamanca,Restrepo,Otavalo, Imbabura,-78.2454274,0.2227636,57.5,Privada,Universidad San Francisco de Quito (USFQ)
Anunciación Checa,Mate,Caluma, Bolívar,-79.1963263,-1.5976675,171.01,Pública,Universidad Central del Ecuador (UCE)
Ing. José Luis,Cavazos, Cumandá, Chimborazo,-79.103584,-2.2108666,230.91,Pública,Universidad Andina Simón Bolívar (UASB)
Myriam,Medina, Sucre, Manabí,-80.4199056,-0.7326786,219.63,Pública,Universidad Central del Ecuador (UCE)
Malena Coronel,Gutierrez,Ventanas, Los Ríos,-79.3351558,-1.3253915,153.21,Pública,Escuela Politécnica del Ejército (ESPE)
Amaro León,Campo,Babahoyo, Los Ríos,-79.5068917,-1.8762599,214.79,Pública,Universidad Central del Ecuador (UCE)
Lucy Amparo,Barrios,Piñas, El Oro,-79.7832238,-3.7106809,413.02,Pública,Escuela Politécnica del Ejército (ESPE)
Raimundo Vicente,Baena,Salitre, Guayas,-79.8187323,-1.8289209,230.42,Pública,Escuela Politécnica Nacional (EPN)
Dr. Ramiro,Saldivar, Loreto, Orellana,-77.3252738,-0.6471884,140.27,Pública,Escuela Politécnica del Ejército (ESPE)
Zeferino Timoteo,Correa, El Tambo, Cañar,-78.9133964,-2.4828078,255.51,Pública,Universidad Central del Ecuador (UCE)
Humberto,Rubio, Palora, Morona Santiago,-77.9675269,-1.6981449,175.15,Pública,Universidad Central del Ecuador (UCE)
Sr(a). Juan Ignacio,Gonzalez,Catarama, Los Ríos,-79.4750201,-1.5692196,184.28,Pública,Escuela Politécnica Nacional (EPN)
Ariadna,Huertas, Valencia, Los Ríos,-79.3211355,-0.7696521,108.72,Pública,Escuela Politécnica del Ejército (ESPE)
Mario Alvarado,Santiago, Palestina, Guayas,-79.9273316,-1.6318981,222.24,Privada,Universidad de las Américas (UDLA)
Isabella,Gomez,Bucay, Guayas,-79.1376329,-2.2004367,230.91,Pública,Universidad Andina Simón Bolívar (UASB)
Lautaro Nahuel,Maldonado, Paján, Manabí,-80.4212975,-1.7040791,268.83,Pública,Escuela Politécnica del Ejército (ESPE)
Edinson Mario Mejía,Acevedo, Velasco Ibarra, Guayas,-79.8779821,-2.2843364,275.19,Privada,Pontificia Universidad Católica del Ecuador (PUCE)
Víctor Fabiola de la,Rosa, La Maná, Cotopaxi,-79.1010573,-0.7841908,90.66,Pública,Escuela Politécnica del Ejército (ESPE)
Mauro,Longoria,Quinsaloma, Los Ríos,-79.3468998,-1.1460552,138.6,Privada,Universidad Internacional del Ecuador (UIDE)
Carol Esther,Soto,Tena, Napo,-78.1083981,-0.9438718,92.16,Pública,Universidad Central del Ecuador (UCE)
Genaro,Gomez, Ambato, Tungurahua,-78.6287594,-1.2422413,114.38,Pública,Universidad Central del Ecuador (UCE)
Felipe,Garcia, Isidro Ayora, Guayas,-80.1463096,-1.8796754,258.94,Pública,Escuela Politécnica Nacional (EPN)
Gema,Alba-Mateo, Pimampiro, Imbabura,-77.9402742,0.393298,93.27,Pública,Escuela Politécnica Nacional (EPN)
Isidora Alondra Pacheco,Chaparro, Mocache, Los Ríos,-79.5512661,-1.1979,158.63,Pública,Universidad Central del Ecuador (UCE)
Victoria,Chavez,La Concordia, Santo Domingo de los Tsáchilas,-79.462977,-0.0441108,107.5,Pública,Escuela Politécnica Nacional (EPN)
Carolina Sonia Giraldo,Martínez, Junín, Manabí,-80.2054147,-0.9394745,204.54,Pública,Escuela Politécnica Nacional (EPN)
Vanesa Ramón Mojica,Rico, Valdez, Esmeraldas,-78.9826345,1.2489838,171.53,Pública,Escuela Politécnica Nacional (EPN)
Victoria Hernán Orta,Barreto, Balzar, Guayas,-79.9367148,-1.3062992,199.16,Pública,Universidad Central del Ecuador (UCE)
Luisina,Juarez,El Ángel, Carchi,-77.9396301,0.6211998,113.17,Pública,Escuela Politécnica del Ejército (ESPE)
Ing. Victoria,Sotelo,Atuntaqui, Imbabura,-78.219615,0.3316022,69.45,Privada,Pontificia Universidad Católica del Ecuador (PUCE)
Doris Fernández,Murillo,Sucúa, Morona Santiago,-78.1727383,-2.4560109,251.46,Pública,Universidad Central del Ecuador (UCE)
Martina Roldan,Fernandez,Sucúa, Morona Santiago,-78.1727383,-2.4560109,251.46,Pública,Universidad Central del Ecuador (UCE)
Josep Tamayo,Morales, Shushufindi, Sucumbíos,-76.5906945,-0.2885051,213.81,Pública,Universidad Central del Ecuador (UCE)
Bernardo Delia,Olivo, Tabacundo, Pichincha,-78.2216436,0.048201,43.99,Privada,Universidad Tecnológica Equinoccial (UTE)
Isabella Martinez,Gonzalez,Otavalo, Imbabura,-78.2454274,0.2227636,57.5,Privada,Pontificia Universidad Católica del Ecuador (PUCE)
Rafaela Perelló,Andreu,Saraguro, Loja,-79.3063889,-3.5269465,378.14,Pública,Escuela Politécnica del Ejército (ESPE)
Bianca María del Carmen Ocasio,Cepeda, Pimampiro, Imbabura,-77.9402742,0.393298,93.27,Pública,Universidad Central del Ecuador (UCE)
Flavio Mitzy,Quezada,Manta, Manabí,-80.7191006,-0.9485853,258.39,Pública,Universidad Central del Ecuador (UCE)
Diana Ana Aguilar,Montes,Manta, Manabí,-80.7191006,-0.9485853,258.39,Pública,Instituto de Altos Estudios Nacionales (IAEN)
Rodolfo Alva,Caldera, La Libertad, Santa Elena,-80.9077647,-2.2208117,346.98,Pública,Escuela Politécnica del Ejército (ESPE)
Clara Adame,Murillo, Santa Isabel, Azuay,-79.3594118,-3.1839392,342.74,Pública,Universidad Central del Ecuador (UCE)
Sr(a). Alma,Castillo, Cuenca, Azuay,-79.0041726,-2.8974072,302.67,Pública,Universidad Central del Ecuador (UCE)
Zoe Jazmin Franco,Herrera, Pedernales, Manabí,-79.8451737,0.0693259,151.66,Pública,Universidad Central del Ecuador (UCE)
Edwin Julio,Hernández, Santa Ana, Manabí,-80.2631268,-1.1944701,222.78,Pública,Universidad Central del Ecuador (UCE)
Inmaculada Peñalver,Belda, San Miguel de Los Bancos, Pichincha,-78.9214659,-0.0188368,50.7,Privada,Universidad Politécnica Salesiana (UPS)
Rosendo Villar,Martí, Catamayo, Loja,-79.403789,-3.9912144,430.86,Pública,Escuela Politécnica del Ejército (ESPE)
Josep Gual,Aznar, Huaquillas, El Oro,-80.184453,-3.4756231,406.89,Pública,Universidad Central del Ecuador (UCE)
Martha,Ibarra, Coronel Marcelino Maridueña, Guayas,-79.3861649,-2.2333628,244.02,Pública,Escuela Politécnica del Ejército (ESPE)
Hernando García,Bohórquez, La Troncal, Cañar,-79.3751632,-2.433689,264.16,Pública,Escuela Politécnica Nacional (EPN)
Mónica Paola,Delgado, Ambato, Tungurahua,-78.6287594,-1.2422413,114.38,Pública,Universidad Central del Ecuador (UCE)
Edwin Vásquez,Galindo, Vinces, Los Ríos,-79.766045,-1.5235263,201.08,Pública,Universidad Central del Ecuador (UCE)
Jeremias Martina Flores,Diaz, Santa Lucía, Guayas,-80.0426304,-1.7145863,237.82,Pública,Escuela Politécnica Nacional (EPN)
Cristian Murcia,Barrios, Pedro Carbo, Guayas,-80.3009814,-1.8672671,270.34,Pública,Universidad Central del Ecuador (UCE)
Antonia,Valle, Cotacachi, Imbabura,-78.4507013,0.3955234,68.8,Pública,Universidad Central del Ecuador (UCE)
Andrea Rico,Berrocal, Archidona, Napo,-77.955042,-0.7160712,82.95,Pública,Universidad Central del Ecuador (UCE)
Victoria Martina,Gonzalez, Chone, Manabí,-80.0721599,-0.3828099,174.38,Pública,Universidad Central del Ecuador (UCE)
Luis Manuel Mateo Madrigal,Gil, Tulcán, Carchi,-77.7172151,0.8115707,144.84,Privada,Universidad Politécnica Salesiana (UPS)
Albert Ferrández,Pinilla,Yantzaza, Zamora Chinchipe,-78.7376344,-3.7146811,389.38,Pública,Universidad Central del Ecuador (UCE)
Juliana de,Pombo, Marcabelí, El Oro,-79.9223384,-3.7733434,425.02,Pública,Universidad Central del Ecuador (UCE)
Pedro Pedro,Fernandez,Baba, Los Ríos,-79.6615818,-1.6727698,205.95,Pública,Escuela Politécnica del Ejército (ESPE)
Alfonsina Chavez,Torres, Palestina, Guayas,-79.9273316,-1.6318981,222.24,Pública,Escuela Politécnica del Ejército (ESPE)
Marco Antonio Ana Luisa Granados,Gómez, Balao, Guayas,-79.7180498,-2.8852516,325.24,Pública,Universidad Andina Simón Bolívar (UASB)
Adelina,Gordillo-Rey,Pujilí, Cotopaxi,-78.8559205,-1.0077046,95.54,Pública,Universidad Central del Ecuador (UCE)
Ulises Iborra,Barberá, Cariamanga, Loja,-79.5559525,-4.326038,471.04,Privada,Universidad de las Américas (UDLA)
Bernardino Ródenas,Escribano, Sucre, Manabí,-80.4199056,-0.7326786,219.63,Pública,Universidad Central del Ecuador (UCE)
Lucía,Agudelo, Chambo, Chimborazo,-78.5425997,-1.74403,169.48,Privada,Universidad de las Américas (UDLA)
Catalina Samuel Otero,Roque, Pimampiro, Imbabura,-77.9402742,0.393298,93.27,Pública,Escuela Politécnica del Ejército (ESPE)
Antonio Ibáñez,Fuster, Rocafuerte, Manabí,-80.4012121,-0.9032437,223.34,Pública,Universidad Central del Ecuador (UCE)
Alfonsina Alma Mia Acosta,Sanchez, Montalvo, Los Ríos,-79.348133,-1.8025855,198.99,Pública,Universidad Central del Ecuador (UCE)
Ignacio,Vargas, Vinces, Los Ríos,-79.766045,-1.5235263,201.08,Pública,Universidad Central del Ecuador (UCE)
Gustavo César,Martínez, Valdez, Esmeraldas,-78.9826345,1.2489838,171.53,Pública,Universidad Central del Ecuador (UCE)
Dr(a). Victoria,Diaz, La Troncal, Cañar,-79.3751632,-2.433689,264.16,Pública,Escuela Politécnica del Ejército (ESPE)
Dr. Hilda,Uribe,Macas, Morona Santiago,-78.1175466,-2.3046252,235.9,Pública,Universidad Central del Ecuador (UCE)
José Emilio Collado,Aranda, Píllaro, Tungurahua,-78.5423177,-1.1725302,105.95,Pública,Universidad Central del Ecuador (UCE)
Violeta,Rendón,San Vicente, Manabí,-80.3761409,-0.4373946,208.65,Privada,Pontificia Universidad Católica del Ecuador (PUCE)
Josep Aragón,León, Tulcán, Carchi,-77.7172151,0.8115707,144.84,Pública,Universidad Central del Ecuador (UCE)
Jesús Paz,Martínez, Marcabelí, El Oro,-79.9223384,-3.7733434,425.02,Pública,Universidad Central del Ecuador (UCE)
Benjamin,Alvarez, Paján, Manabí,-80.4212975,-1.7040791,268.83,Pública,Escuela Politécnica Nacional (EPN)
Francisco Alvarez,Dominguez, Esmeraldas, Esmeraldas,-79.6523847,0.9668153,183.0,Pública,Universidad Central del Ecuador (UCE)
Alcides Kike Oliveras,Amo,Piñas, El Oro,-79.7832238,-3.7106809,413.02,Pública,Escuela Politécnica Nacional (EPN)
Anderson,Vega, Samborondón, Guayas,-79.7562694,-2.0155653,242.86,Pública,Escuela Politécnica del Ejército (ESPE)
Paola Roura,Roma, La Libertad, Santa Elena,-80.9077647,-2.2208117,346.98,Privada,Universidad Tecnológica Equinoccial (UTE)
Leonel Pons,Madrigal, Durán, Guayas,-79.7895887,-2.2127014,263.15,Pública,Universidad Andina Simón Bolívar (UASB)
Franco,Ortiz, Pelileo, Tungurahua,-78.537307,-1.3573827,126.48,Pública,Universidad Central del Ecuador (UCE)
Yeimy Correa,Ángel, Calceta, Manabí,-80.1640382,-0.8480934,196.48,Privada,Universidad de las Américas (UDLA)
Adela Gilberto,Lara,Atuntaqui, Imbabura,-78.219615,0.3316022,69.45,Pública,Universidad Central del Ecuador (UCE)
Rogelio del,Nebot, Flavio Alfaro, Manabí,-79.844538,-0.3242859,148.59,Privada,Universidad Tecnológica Equinoccial (UTE)
Mora Sosa,Dominguez,Naranjal, Guayas,-79.5325634,-2.5731305,285.16,Pública,Universidad Andina Simón Bolívar (UASB)
Fabio Montesinos,Lamas,Quinsaloma, Los Ríos,-79.3468998,-1.1460552,138.6,Pública,Escuela Politécnica del Ejército (ESPE)
María Teresa,Alfaro, Pedro Carbo, Guayas,-80.3009814,-1.8672671,270.34,Pública,Universidad Central del Ecuador (UCE)
Valentin Martin,Suarez,Loja, Loja,-79.2016661,-3.996845,426.87,Pública,Universidad Andina Simón Bolívar (UASB)
Ana Luisa,Venegas, Calceta, Manabí,-80.1640382,-0.8480934,196.48,Pública,Universidad Central del Ecuador (UCE)
Vidal,Miralles-Baró, San Miguel de Los Bancos, Pichincha,-78.9214659,-0.0188368,50.7,Pública,Universidad Central del Ecuador (UCE)
Valentina Maia,Perez, San Gabriel, Carchi,-77.835319,0.598485,118.12,Privada,Pontificia Universidad Católica del Ecuador (PUCE)
Francisco Joaquin,Hernandez, Bahía de Caráquez, Manabí,-80.423572,-0.5999649,216.67,Pública,Universidad Central del Ecuador (UCE)
Baudelio de,Espinosa, Cuenca, Azuay,-79.0041726,-2.8974072,302.67,Pública,Universidad Central del Ecuador (UCE)
Dr(a). Martina,Vera, La Troncal, Cañar,-79.3751632,-2.433689,264.16,Pública,Universidad Central del Ecuador (UCE)
Eduardo,Alegre-Osuna,Pasaje, El Oro,-79.7625976,-3.3234936,372.0,Pública,Universidad Central del Ecuador (UCE)
Custodia Felicia Canales,Berenguer, Loreto, Orellana,-77.3252738,-0.6471884,140.27,Pública,Escuela Politécnica Nacional (EPN)
Bianca Martinez,Romero, Urcuquí, Imbabura,-78.1941499,0.4172921,79.22,Pública,Escuela Politécnica del Ejército (ESPE)
Andrés Osorio,Gutiérrez,Puebloviejo, Los Ríos,-79.5474126,-1.5368546,186.22,Privada,Universidad San Francisco de Quito (USFQ)
María Dolores Palomino,Naranjo, Velasco Ibarra, Guayas,-79.8779821,-2.2843364,275.19,Pública,Universidad Central del Ecuador (UCE)
Agustin Renzo Rios,Fernandez, Bahía de Caráquez, Manabí,-80.423572,-0.5999649,216.67,Pública,Escuela Politécnica del Ejército (ESPE)
Carlito Xavier Amigó,Camino, Huaca, Carchi,-77.727333,0.7987391,143.02,Privada,Universidad Tecnológica Equinoccial (UTE)
Nayeli Nancy Verdugo,Montañez, Flavio Alfaro, Manabí,-79.844538,-0.3242859,148.59,Pública,Universidad Central del Ecuador (UCE)
Rodolfo,Apodaca,Jaramijó, Manabí,-80.6134583,-0.9743883,248.22,Pública,Universidad Central del Ecuador (UCE)
Violeta,Berríos, Colimes, Guayas,-80.0818751,-1.5161582,226.31,Pública,Universidad Central del Ecuador (UCE)
Lorenzo del,Carrión, Gualaquiza, Morona Santiago,-78.706485,-3.3277138,346.22,Pública,Universidad Central del Ecuador (UCE)
Jovita Mónica Zamorano,Viña,Bucay, Guayas,-79.1376329,-2.2004367,230.91,Privada,Universidad San Francisco de Quito (USFQ)
Thiago Benjamin Miguel Angel Garcia,Martinez,Latacunga, Cotopaxi,-78.6145758,-0.9340311,80.19,Pública,Escuela Politécnica del Ejército (ESPE)
Esther María Eugenia Mascareñas,Carrillo,Puyo, Pastaza,-77.9969666,-1.4854777,151.92,Pública,Universidad Central del Ecuador (UCE)
Lucas,Nájera, San Miguel, Bolívar,-79.127262,-1.8120574,189.75,Privada,Universidad Politécnica Salesiana (UPS)
Manuelita Vega,Benito, Santo Domingo, Santo Domingo de los Tsáchilas,-79.1686724,-0.2546212,73.08,Privada,Universidad Tecnológica Equinoccial (UTE)
Ricardo Daniel Guerrero,Jaramillo, Cariamanga, Loja,-79.5559525,-4.326038,471.04,Pública,Escuela Politécnica del Ejército (ESPE)
Dr. Lorenzo,Viera, Calceta, Manabí,-80.1640382,-0.8480934,196.48,Pública,Universidad Central del Ecuador (UCE)
Mtro. Gonzalo,Mondragón,Simón Bolívar, Guayas,-79.4218634,-2.0424101,226.45,Pública,Escuela Politécnica del Ejército (ESPE)
María Laura,Castrillón, Coronel Marcelino Maridueña, Guayas,-79.3861649,-2.2333628,244.02,Pública,Universidad Central del Ecuador (UCE)
Tiziano Valentin Thiago Lionel,Gonzalez, San Miguel de Los Bancos, Pichincha,-78.9214659,-0.0188368,50.7,Pública,Universidad Central del Ecuador (UCE)
Dorotea Soriano,Cabrero,Salinas, Santa Elena,-80.9237973,-2.2612497,351.24,Pública,Universidad Central del Ecuador (UCE)
Luis Manuel Alva de la,Crúz,Tena, Napo,-78.1083981,-0.9438718,92.16,Pública,Universidad Central del Ecuador (UCE)
José Ángel Ávila,Pons,Sangolquí, Pichincha,-78.4483476,-0.3288822,14.03,Pública,Escuela Politécnica Nacional (EPN)
Juan Ignacio Genaro Martinez,Garcia,Sangolquí, Pichincha,-78.4483476,-0.3288822,14.03,Pública,Universidad Central del Ecuador (UCE)
William Mario,Portilla,Pasaje, El Oro,-79.7625976,-3.3234936,372.0,Pública,Universidad Central del Ecuador (UCE)
Rafael Pacheco,Sanchez, Velasco Ibarra, Guayas,-79.8779821,-2.2843364,275.19,Pública,Universidad Central del Ecuador (UCE)
Thiago Nicolas,Benitez,Cayambe, Pichincha,-77.9889555,0.0251586,64.27,Pública,Escuela Politécnica Nacional (EPN)
Maria Paz Lisandro,Nuñez, Píllaro, Tungurahua,-78.5423177,-1.1725302,105.95,Pública,Universidad Central del Ecuador (UCE)
Victorino Aguilera,Pelayo, Pedro Vicente Maldonado, Pichincha,-79.0400619,0.1612052,72.4,Pública,Escuela Politécnica del Ejército (ESPE)
Juan Cruz,Lopez, Palestina, Guayas,-79.9273316,-1.6318981,222.24,Pública,Universidad Central del Ecuador (UCE)
Martha Esther,Martínez, Bahía de Caráquez, Manabí,-80.423572,-0.5999649,216.67,Pública,Universidad Central del Ecuador (UCE)
Juan Cruz Juan Cruz Lopez,Fernandez,Loja, Loja,-79.2016661,-3.996845,426.87,Pública,Universidad Central del Ecuador (UCE)
Norma,Ledesma, Tabacundo, Pichincha,-78.2216436,0.048201,43.99,Pública,Universidad Central del Ecuador (UCE)
Carolina Ana,Gutiérrez,Puebloviejo, Los Ríos,-79.5474126,-1.5368546,186.22,Pública,Universidad Central del Ecuador (UCE)
Delfina,Lopez,Puyo, Pastaza,-77.9969666,-1.4854777,151.92,Privada,Pontificia Universidad Católica del Ecuador (PUCE)
Lucila Nelly,Hernández, Junín, Manabí,-80.2054147,-0.9394745,204.54,Pública,Universidad Andina Simón Bolívar (UASB)
Ing. Darío,Amaya,Sucúa, Morona Santiago,-78.1727383,-2.4560109,251.46,Pública,Escuela Politécnica Nacional (EPN)
Lupita de,Agudo,Saraguro, Loja,-79.3063889,-3.5269465,378.14,Pública,Universidad Central del Ecuador (UCE)
Thiago Garcia,Duarte,Saraguro, Loja,-79.3063889,-3.5269465,378.14,Pública,Universidad Central del Ecuador (UCE)
Maximo,Rivero, General Villamil, Guayas,-80.4261454,-2.5937913,338.99,Pública,Escuela Politécnica del Ejército (ESPE)
Clara Matilde,González, Samborondón, Guayas,-79.7562694,-2.0155653,242.86,Pública,Universidad Central del Ecuador (UCE)
Thiago Benjamin,Guzman, Bahía de Caráquez, Manabí,-80.423572,-0.5999649,216.67,Pública,Universidad Central del Ecuador (UCE)
Yeny Mariela,Sarmiento, Coronel Marcelino Maridueña, Guayas,-79.3861649,-2.2333628,244.02,Pública,Escuela Politécnica del Ejército (ESPE)
Itzel Cortez,Sarabia, La Libertad, Santa Elena,-80.9077647,-2.2208117,346.98,Privada,Universidad Internacional del Ecuador (UIDE)
Daniel,Galvis, Celica, Loja,-79.9851762,-4.1648137,468.15,Pública,Universidad Central del Ecuador (UCE)
Violeta Arenas,Rosselló, Velasco Ibarra, Guayas,-79.8779821,-2.2843364,275.19,Pública,Universidad Central del Ecuador (UCE)
Ester,Falcón, Cotacachi, Imbabura,-78.4507013,0.3955234,68.8,Pública,Universidad Central del Ecuador (UCE)
Donato Cerro,Peñalver, Chambo, Chimborazo,-78.5425997,-1.74403,169.48,Privada,Universidad Internacional del Ecuador (UIDE)
Gabino Mariano,Coronado, Palenque, Los Ríos,-79.7182552,-1.3353343,182.63,Privada,Universidad de las Américas (UDLA)
Maria Paz Emilia,Diaz, Huaquillas, El Oro,-80.184453,-3.4756231,406.89,Pública,Universidad Central del Ecuador (UCE)
Tatiana,Gargallo,Bucay, Guayas,-79.1376329,-2.2004367,230.91,Pública,Universidad Central del Ecuador (UCE)
Anabel Trujillo,Gallardo,Atuntaqui, Imbabura,-78.219615,0.3316022,69.45,Pública,Universidad Central del Ecuador (UCE)
Lourdes Irizarry,Olivares,San Vicente, Manabí,-80.3761409,-0.4373946,208.65,Pública,Universidad Andina Simón Bolívar (UASB)
Maximiliano Olga Dueñas,Macías, San Miguel de Los Bancos, Pichincha,-78.9214659,-0.0188368,50.7,Pública,Escuela Politécnica del Ejército (ESPE)
Yolanda Mercedes Saiz,Orosco,Caluma, Bolívar,-79.1963263,-1.5976675,171.01,Pública,Escuela Politécnica Nacional (EPN)
Jesús Alberto Corredor,Triana,El Ángel, Carchi,-77.9396301,0.6211998,113.17,Pública,Universidad Central del Ecuador (UCE)
Eugenio Valencia,Durán, Balsas, El Oro,-79.831096,-3.7742179,421.48,Pública,Universidad Central del Ecuador (UCE)
Jesús Montaña,Carballo, Camilo Ponce Enríquez, Azuay,-79.5630363,-2.9640696,326.69,Pública,Universidad Central del Ecuador (UCE)
Hernando Perdomo,Ramos, Huaca, Carchi,-77.727333,0.7987391,143.02,Privada,Universidad de las Américas (UDLA)
Dr(a). Luciano,Gonzalez,Catarama, Los Ríos,-79.4750201,-1.5692196,184.28,Privada,Universidad Tecnológica Indoamérica (UTI)
Hilda Socorro Martínez,Fuentes, Palenque, Los Ríos,-79.7182552,-1.3353343,182.63,Pública,Universidad Central del Ecuador (UCE)
Camilo Anderson,Salazar, Jujan, Guayas,-79.5495283,-1.9494337,224.21,Privada,Universidad Internacional del Ecuador (UIDE)
Marcela,Padilla,Catacocha, Loja,-79.6497578,-4.0503147,444.24,Privada,Pontificia Universidad Católica del Ecuador (PUCE)
Lucía,Peña, Jipijapa, Manabí,-80.6124982,-1.5158193,274.37,Pública,Escuela Politécnica Nacional (EPN)
Dr. Socorro,Carmona, Baños de Agua Santa, Tungurahua,-78.4402276,-1.417407,133.37,Pública,Universidad Central del Ecuador (UCE)
Angie Rodríguez,Camargo, Huaca, Carchi,-77.727333,0.7987391,143.02,Pública,Universidad Central del Ecuador (UCE)
Fausto Romero,Sosa, El Coca, Orellana,-76.9837216,-0.4721804,172.26,Pública,Universidad Central del Ecuador (UCE)
Juan Antonio Galvez,Paredes, Velasco Ibarra, Guayas,-79.8779821,-2.2843364,275.19,Pública,Escuela Politécnica del Ejército (ESPE)
Omar Leonardo,Girón,Macas, Morona Santiago,-78.1175466,-2.3046252,235.9,Pública,Universidad Central del Ecuador (UCE)
Yasmín Quintero,Rojas, Celica, Loja,-79.9851762,-4.1648137,468.15,Pública,Escuela Politécnica del Ejército (ESPE)
Alejandro Almonte,Soto,El Triunfo, Guayas,-79.3660575,-2.2907784,249.03,Privada,Universidad Politécnica Salesiana (UPS)
Gisela,Toro, Balsas, El Oro,-79.831096,-3.7742179,421.48,Pública,Universidad Central del Ecuador (UCE)
Epifanio Mata,Amador, Narcisa de Jesús, Guayas,-80.2384404,-1.6118103,246.52,Privada,Universidad Politécnica Salesiana (UPS)
Aldo Georgina,Castañeda,Montecristi, Manabí,-80.6606834,-1.0504072,256.09,Pública,Universidad Central del Ecuador (UCE)
Valentino,Villalba, Alamor, Loja,-80.0197281,-4.0181681,454.31,Pública,Universidad Andina Simón Bolívar (UASB)
María Johana,Narváez, Santa Ana, Manabí,-80.2631268,-1.1944701,222.78,Pública,Universidad Central del Ecuador (UCE)
Benjamin Rivero,Juarez,Simón Bolívar, Guayas,-79.4218634,-2.0424101,226.45,Pública,Universidad Central del Ecuador (UCE)
Rolando Ornelas,Esquibel,El Triunfo, Guayas,-79.3660575,-2.2907784,249.03,Pública,Universidad Central del Ecuador (UCE)
Alejandro Alfredo,Suárez, Jama, Manabí,-80.2295834,-0.2149489,190.95,Pública,Universidad Central del Ecuador (UCE)
Santino Faustino,Silva, El Carmen, Manabí,-79.5741548,-0.4809541,121.58,Privada,Universidad Tecnológica Indoamérica (UTI)
Pedro Delfina Ramirez,Garcia, Paute, Azuay,-78.7362416,-2.7468493,282.05,Pública,Universidad Central del Ecuador (UCE)
Liliana Azucena Padilla,Angarita, Catamayo, Loja,-79.403789,-3.9912144,430.86,Pública,Escuela Politécnica Nacional (EPN)
Consuelo Amat,Puerta, Catamayo, Loja,-79.403789,-3.9912144,430.86,Pública,Universidad Central del Ecuador (UCE)
José Eduardo,Romero, Palora, Morona Santiago,-77.9675269,-1.6981449,175.15,Pública,Universidad Andina Simón Bolívar (UASB)
Flavio Calixto Blanes,Bustos,Latacunga, Cotopaxi,-78.6145758,-0.9340311,80.19,Pública,Universidad Central del Ecuador (UCE)
Minerva Rosalia,Haro,La Concordia, Santo Domingo de los Tsáchilas,-79.462977,-0.0441108,107.5,Pública,Universidad Central del Ecuador (UCE)
Heriberto Sáenz,Zabala, Santa Ana, Manabí,-80.2631268,-1.1944701,222.78,Pública,Universidad Central del Ecuador (UCE)
Miguel Hernádez,Patiño, Puerto López, Manabí,-80.744524,-1.5440814,288.55,Pública,Escuela Politécnica Nacional (EPN)
Wilmer José,Barrios,Yantzaza, Zamora Chinchipe,-78.7376344,-3.7146811,389.38,Pública,Universidad Central del Ecuador (UCE)
Thiago Benjamin Diaz,Ortiz, Valencia, Los Ríos,-79.3211355,-0.7696521,108.72,Pública,Universidad Central del Ecuador (UCE)
Dr(a). Josefina,Ferreyra, Flavio Alfaro, Manabí,-79.844538,-0.3242859,148.59,Pública,Universidad Central del Ecuador (UCE)
Guillermo Rafael Andrade,Ángel,Guaranda, Bolívar,-79.0576662,-1.4398571,148.56,Privada,Universidad San Francisco de Quito (USFQ)
Ibán Berenguer,Peña, Portoviejo, Manabí,-80.4534134,-1.05282,234.85,Pública,Universidad Central del Ecuador (UCE)
Cynthia Solís,Casas,Pujilí, Cotopaxi,-78.8559205,-1.0077046,95.54,Privada,Universidad Internacional del Ecuador (UIDE)
Marcela Camila,Arellano, Valdez, Esmeraldas,-78.9826345,1.2489838,171.53,Pública,Universidad Central del Ecuador (UCE)
Joaquin,Cordoba, Atacames, Esmeraldas,-79.8790841,0.7971086,189.45,Privada,Universidad Tecnológica Equinoccial (UTE)
Lautaro Ezequiel Manuel,Ruiz,Loja, Loja,-79.2016661,-3.996845,426.87,Pública,Escuela Politécnica del Ejército (ESPE)
Marina Milena,Caballero, Chordeleg, Azuay,-78.7307218,-2.9844675,308.33,Pública,Universidad Central del Ecuador (UCE)
Mario Manuel,Bernal, Esmeraldas, Esmeraldas,-79.6523847,0.9668153,183.0,Privada,Pontificia Universidad Católica del Ecuador (PUCE)
Octavio Emilia Nieto,Solano, Jujan, Guayas,-79.5495283,-1.9494337,224.21,Pública,Universidad Central del Ecuador (UCE)
Miguel Willian Carmona,Pinzón, Biblián, Cañar,-78.9802821,-2.6748261,277.86,Pública,Universidad Central del Ecuador (UCE)
Ofelia Mario,Alarcón, Santa Isabel, Azuay,-79.3594118,-3.1839392,342.74,Pública,Universidad Central del Ecuador (UCE)
Juan Correa,Chacón,Baba, Los Ríos,-79.6615818,-1.6727698,205.95,Privada,Universidad San Francisco de Quito (USFQ)
Pascual Ciríaco Flores,Burgos, Palenque, Los Ríos,-79.7182552,-1.3353343,182.63,Pública,Universidad Central del Ecuador (UCE)
Catalina Lucía Luna,Rodriguez, Rocafuerte, Manabí,-80.4012121,-0.9032437,223.34,Pública,Escuela Politécnica del Ejército (ESPE)
Soledad Adela Espinoza,Laureano,Atuntaqui, Imbabura,-78.219615,0.3316022,69.45,Privada,Pontificia Universidad Católica del Ecuador (PUCE)
Dario Suárez,Pineda, San Miguel de Los Bancos, Pichincha,-78.9214659,-0.0188368,50.7,Privada,Universidad San Francisco de Quito (USFQ)
Lucas Santino Benjamin Diaz,Luna, Junín, Manabí,-80.2054147,-0.9394745,204.54,Pública,Universidad Central del Ecuador (UCE)
Enrique,Escalona, Valdez, Esmeraldas,-78.9826345,1.2489838,171.53,Pública,Universidad Central del Ecuador (UCE)
Patricia Beatriz,Franco, Esmeraldas, Esmeraldas,-79.6523847,0.9668153,183.0,Pública,Universidad Central del Ecuador (UCE)
Dante Elena Juarez,Martin, Gualaceo, Azuay,-78.8461586,-2.9180205,302.27,Pública,Universidad Central del Ecuador (UCE)
Mateo Sofia Belen,Olivera, Jama, Manabí,-80.2295834,-0.2149489,190.95,Pública,Universidad Central del Ecuador (UCE)
Brunilda Bienvenida Cózar,Talavera, Santo Domingo, Santo Domingo de los Tsáchilas,-79.1686724,-0.2546212,73.08,Pública,Escuela Politécnica Nacional (EPN)
Angélica Azorin,Cerro, Píllaro, Tungurahua,-78.5423177,-1.1725302,105.95,Privada,Universidad Tecnológica Indoamérica (UTI)
Vicente,Romero, Gualaquiza, Morona Santiago,-78.706485,-3.3277138,346.22,Pública,Universidad Central del Ecuador (UCE)
Lino del,Pi, Montalvo, Los Ríos,-79.348133,-1.8025855,198.99,Pública,Universidad Central del Ecuador (UCE)
Benicio,Mansilla, Palenque, Los Ríos,-79.7182552,-1.3353343,182.63,Pública,Universidad Central del Ecuador (UCE)
Mayra Piedad,Pedraza,Guaranda, Bolívar,-79.0576662,-1.4398571,148.56,Pública,Universidad Central del Ecuador (UCE)
Mireya Londoño,Rincón, Píllaro, Tungurahua,-78.5423177,-1.1725302,105.95,Pública,Universidad Central del Ecuador (UCE)
Yaneth Marina,Romero,El Triunfo, Guayas,-79.3660575,-2.2907784,249.03,Privada,Universidad Politécnica Salesiana (UPS)
Tania Solano,Oliva, Chordeleg, Azuay,-78.7307218,-2.9844675,308.33,Pública,Instituto de Altos Estudios Nacionales (IAEN)
Ana Paula Thiago Lionel,Ayala, Tabacundo, Pichincha,-78.2216436,0.048201,43.99,Privada,Universidad Tecnológica Indoamérica (UTI)
José Luis,Duarte, Milagro, Guayas,-79.5552042,-2.1179635,240.77,Pública,Universidad Central del Ecuador (UCE)
Ismael,Paniagua, Santa Isabel, Azuay,-79.3594118,-3.1839392,342.74,Privada,Universidad Tecnológica Equinoccial (UTE)
Rodrigo Marín,Méndez, Valencia, Los Ríos,-79.3211355,-0.7696521,108.72,Privada,Universidad San Francisco de Quito (USFQ)
Zoraida Izaguirre,Valverde,Tena, Napo,-78.1083981,-0.9438718,92.16,Pública,Universidad Central del Ecuador (UCE)
Elena Alexandra Llopis,Tejero,Simón Bolívar, Guayas,-79.4218634,-2.0424101,226.45,Pública,Universidad Central del Ecuador (UCE)
Jeronimo Vega,Perez, Sucre, Manabí,-80.4199056,-0.7326786,219.63,Pública,Escuela Politécnica del Ejército (ESPE)
Sandra,Anglada-Sotelo, Archidona, Napo,-77.955042,-0.7160712,82.95,Pública,Universidad Central del Ecuador (UCE)
Joaquin,Cardozo,Simón Bolívar, Guayas,-79.4218634,-2.0424101,226.45,Privada,Pontificia Universidad Católica del Ecuador (PUCE)
Gil Andres,Coronado, Mocache, Los Ríos,-79.5512661,-1.1979,158.63,Privada,Universidad Internacional del Ecuador (UIDE)
Armando Lourdes,Casares, Vinces, Los Ríos,-79.766045,-1.5235263,201.08,Pública,Escuela Politécnica Nacional (EPN)
Merche Barrios,Miralles, Narcisa de Jesús, Guayas,-80.2384404,-1.6118103,246.52,Pública,Universidad Central del Ecuador (UCE)
Eligia de,Alegria,Simón Bolívar, Guayas,-79.4218634,-2.0424101,226.45,Pública,Escuela Politécnica del Ejército (ESPE)
Efrain Juan,Rengifo, Píllaro, Tungurahua,-78.5423177,-1.1725302,105.95,Pública,Escuela Politécnica Nacional (EPN)
Heidy,Castillo, Santo Domingo, Santo Domingo de los Tsáchilas,-79.1686724,-0.2546212,73.08,Pública,Escuela Politécnica Nacional (EPN)
Clemente Valls,Coloma, La Libertad, Santa Elena,-80.9077647,-2.2208117,346.98,Pública,Universidad Central del Ecuador (UCE)
Andrea María,León, Tosagua, Manabí,-80.2577186,-0.7755207,203.66,Pública,Escuela Politécnica Nacional (EPN)
Juan Manuel Maite,Acuña, El Pangui, Zamora Chinchipe,-78.5473049,-3.6253506,378.66,Pública,Universidad Central del Ecuador (UCE)
Julio,González, Archidona, Napo,-77.955042,-0.7160712,82.95,Pública,Universidad Central del Ecuador (UCE)
Sr(a). Tiziano,Medina,Montecristi, Manabí,-80.6606834,-1.0504072,256.09,Pública,Universidad Central del Ecuador (UCE)
Ciriaco Boix,Estevez,Zaruma, El Oro,-79.5131743,-3.5111939,382.47,Pública,Universidad Central del Ecuador (UCE)
Jenny,Angulo, General Villamil, Guayas,-80.4261454,-2.5937913,338.99,Pública,Escuela Politécnica Nacional (EPN)
María Luisa Ariadna Gurule,Manzanares,Zaruma, El Oro,-79.5131743,-3.5111939,382.47,Pública,Universidad Central del Ecuador (UCE)
Horacio Ana,Ojeda, La Troncal, Cañar,-79.3751632,-2.433689,264.16,Pública,Universidad Central del Ecuador (UCE)
Isabel Ospina,Peña, El Carmen, Manabí,-79.5741548,-0.4809541,121.58,Pública,Universidad Central del Ecuador (UCE)
Elvira Diana Lucero,Huerta,Tena, Napo,-78.1083981,-0.9438718,92.16,Pública,Instituto de Altos Estudios Nacionales (IAEN)
Catalina Benicio Torres,Ramos, Palestina, Guayas,-79.9273316,-1.6318981,222.24,Pública,Universidad Central del Ecuador (UCE)
Martina Miguel Angel,Alvarez, Valencia, Los Ríos,-79.3211355,-0.7696521,108.72,Pública,Escuela Politécnica Nacional (EPN)
Javier,Lomeli, Samborondón, Guayas,-79.7562694,-2.0155653,242.86,Pública,Universidad Central del Ecuador (UCE)
Nadia Pedro Jiménez,Bustamante, Santa Ana, Manabí,-80.2631268,-1.1944701,222.78,Pública,Universidad Central del Ecuador (UCE)
Esteban Mayte Ibarra,Aparicio, Gualaceo, Azuay,-78.8461586,-2.9180205,302.27,Pública,Universidad Andina Simón Bolívar (UASB)
Mónica,Estrada, Pedro Vicente Maldonado, Pichincha,-79.0400619,0.1612052,72.4,Pública,Universidad Central del Ecuador (UCE)
Valentin Juan Cruz,Ortiz,El Triunfo, Guayas,-79.3660575,-2.2907784,249.03,Pública,Universidad Central del Ecuador (UCE)
Odalys Calvo,Palmer,Machachi, Pichincha,-78.6516915,-0.4984774,34.61,Pública,Escuela Politécnica Nacional (EPN)
Humberto Talavera,Nadal,Zamora, Zamora Chinchipe,-78.9577754,-4.0042008,423.67,Privada,Universidad de las Américas (UDLA)
Andrea Gloria,Pérez, Huaquillas, El Oro,-80.184453,-3.4756231,406.89,Pública,Escuela Politécnica del Ejército (ESPE)
Marcela Reyes,Villaseñor,Pujilí, Cotopaxi,-78.8559205,-1.0077046,95.54,Privada,Universidad Internacional del Ecuador (UIDE)
Agustin,Martinez,Catacocha, Loja,-79.6497578,-4.0503147,444.24,Pública,Universidad Central del Ecuador (UCE)
Jairo Diego,Gómez, Colimes, Guayas,-80.0818751,-1.5161582,226.31,Pública,Universidad Central del Ecuador (UCE)
Sr(a). Lucía,Polanco, Paute, Azuay,-78.7362416,-2.7468493,282.05,Privada,Universidad de las Américas (UDLA)
Orlando Pérez,Pérez, Calceta, Manabí,-80.1640382,-0.8480934,196.48,Privada,Universidad Tecnológica Equinoccial (UTE)
Damaris Amparo Hernández,Vergara,Atuntaqui, Imbabura,-78.219615,0.3316022,69.45,Pública,Escuela Politécnica Nacional (EPN)
Fabián Cid,Oliva, Samborondón, Guayas,-79.7562694,-2.0155653,242.86,Pública,Universidad Central del Ecuador (UCE)
Mateo,Gonzalez, Cuenca, Azuay,-79.0041726,-2.8974072,302.67,Pública,Universidad Central del Ecuador (UCE)
Débora Hermelinda,Maldonado,Ventanas, Los Ríos,-79.3351558,-1.3253915,153.21,Privada,Universidad San Francisco de Quito (USFQ)
Desiderio Frutos,Rueda, Guayaquil, Guayas,-80.0983887,-2.2895167,289.88,Privada,Universidad Internacional del Ecuador (UIDE)
Carmelo del,Adadia, Huaquillas, El Oro,-80.184453,-3.4756231,406.89,Pública,Universidad Central del Ecuador (UCE)
Lautaro Agustin,Castillo, Lomas de Sargentillo, Guayas,-80.0789495,-1.8348374,250.14,Pública,Universidad Central del Ecuador (UCE)
Yolanda,Ocampo,El Triunfo, Guayas,-79.3660575,-2.2907784,249.03,Pública,Universidad Central del Ecuador (UCE)
Paulina Catalina,Fernandez, Santa Ana, Manabí,-80.2631268,-1.1944701,222.78,Pública,Escuela Politécnica Nacional (EPN)
Itzel,Leyva, Cuenca, Azuay,-79.0041726,-2.8974072,302.67,Privada,Universidad Tecnológica Indoamérica (UTI)
Dr(a). Mateo Benjamin,Sosa, Santo Domingo, Santo Domingo de los Tsáchilas,-79.1686724,-0.2546212,73.08,Pública,Universidad Central del Ecuador (UCE)
Venceslás de,Gutierrez, Buena Fe, Los Ríos,-79.5296983,-0.7488694,127.49,Pública,Escuela Politécnica Nacional (EPN)
Enrique Emilio,León, Tosagua, Manabí,-80.2577186,-0.7755207,203.66,Pública,Universidad Central del Ecuador (UCE)
Mia Valentina Fernandez,Lopez,Yaguachi, Guayas,-79.9134536,-2.2015355,269.81,Privada,Pontificia Universidad Católica del Ecuador (PUCE)
Manuel Aurelio Mojica,Olivo, Balao, Guayas,-79.7180498,-2.8852516,325.24,Pública,Universidad Central del Ecuador (UCE)
Cornelio,Linares, Santa Isabel, Azuay,-79.3594118,-3.1839392,342.74,Privada,Universidad Politécnica Salesiana (UPS)
Pedro Ramos,Muñoz, Paute, Azuay,-78.7362416,-2.7468493,282.05,Pública,Universidad Central del Ecuador (UCE)
Mateo Thiago Ezequiel,Miranda, Chone, Manabí,-80.0721599,-0.3828099,174.38,Pública,Universidad Central del Ecuador (UCE)
Lautaro Ponce,Ferreyra, Archidona, Napo,-77.955042,-0.7160712,82.95,Pública,Universidad Central del Ecuador (UCE)
Mateo Fernandez,Gimenez, Velasco Ibarra, Guayas,-79.8779821,-2.2843364,275.19,Privada,Universidad de las Américas (UDLA)
Pilar Campos,Ruiz, San Gabriel, Carchi,-77.835319,0.598485,118.12,Privada,Universidad de las Américas (UDLA)
Ibán Efraín Carmona,Sanjuan, Naranjito, Guayas,-79.3904646,-2.1590388,236.66,Pública,Escuela Politécnica Nacional (EPN)
Esteban Elkin Domínguez,González, Muisne, Esmeraldas,-79.8817211,0.5387247,174.09,Privada,Universidad de las Américas (UDLA)
Óscar,Olivera,Otavalo, Imbabura,-78.2454274,0.2227636,57.5,Privada,Universidad San Francisco de Quito (USFQ)
Abraham Navas,Jordá, Huaquillas, El Oro,-80.184453,-3.4756231,406.89,Pública,Universidad Central del Ecuador (UCE)
Ing. María Elena,Puga, Valencia, Los Ríos,-79.3211355,-0.7696521,108.72,Pública,Universidad Central del Ecuador (UCE)
Elisabet Ariño,Carrión, Guayaquil, Guayas,-80.0983887,-2.2895167,289.88,Privada,Pontificia Universidad Católica del Ecuador (PUCE)
Guadalupe,Paez,Jaramijó, Manabí,-80.6134583,-0.9743883,248.22,Pública,Universidad Central del Ecuador (UCE)
Alejandro,Gil, Cariamanga, Loja,-79.5559525,-4.326038,471.04,Privada,Universidad de las Américas (UDLA)
Débora de,Marcos, Huaquillas, El Oro,-80.184453,-3.4756231,406.89,Pública,Universidad Central del Ecuador (UCE)
José Valencia,Acevedo,Manta, Manabí,-80.7191006,-0.9485853,258.39,Pública,Escuela Politécnica Nacional (EPN)
Patricia Arce,Prieto, Portoviejo, Manabí,-80.4534134,-1.05282,234.85,Pública,Escuela Politécnica Nacional (EPN)
Arturo Oswaldo,Cabrera,El Triunfo, Guayas,-79.3660575,-2.2907784,249.03,Pública,Universidad Central del Ecuador (UCE)
Tania Miguel,Prado, Valdez, Esmeraldas,-78.9826345,1.2489838,171.53,Pública,Universidad Central del Ecuador (UCE)
Yamid Santiago,Vargas, Biblián, Cañar,-78.9802821,-2.6748261,277.86,Pública,Universidad Central del Ecuador (UCE)
Bautista Torres,Fernandez, La Troncal, Cañar,-79.3751632,-2.433689,264.16,Pública,Universidad Central del Ecuador (UCE)
Loida Bermúdez,Nebot,Catacocha, Loja,-79.6497578,-4.0503147,444.24,Pública,Universidad Central del Ecuador (UCE)
Diego Díaz,Cano, Santa Ana, Manabí,-80.2631268,-1.1944701,222.78,Pública,Escuela Politécnica del Ejército (ESPE)
Azahar Feliu,Julián,Yantzaza, Zamora Chinchipe,-78.7376344,-3.7146811,389.38,Pública,Universidad Central del Ecuador (UCE)
Erika María Córdoba,Rojas,Bucay, Guayas,-79.1376329,-2.2004367,230.91,Pública,Universidad Central del Ecuador (UCE)
Thiago Valentin Santiago Benjamin Garcia,Carrizo, Catamayo, Loja,-79.403789,-3.9912144,430.86,Pública,Universidad Central del Ecuador (UCE)
Agostina Victoria,Ramirez,Azogues, Cañar,-78.8467191,-2.7380492,282.43,Privada,Universidad de las Américas (UDLA)
Máxima Castilla,Llobet, El Guabo, El Oro,-79.7584498,-3.1629001,355.32,Pública,Escuela Politécnica Nacional (EPN)
Francisco Misael Ruiz,Torres,Bucay, Guayas,-79.1376329,-2.2004367,230.91,Pública,Universidad Central del Ecuador (UCE)
Consuela Bartolomé,Maestre,Tena, Napo,-78.1083981,-0.9438718,92.16,Pública,Universidad Central del Ecuador (UCE)
Dr(a). Juan Manuel,Romero,El Triunfo, Guayas,-79.3660575,-2.2907784,249.03,Pública,Escuela Politécnica Nacional (EPN)
Alexander,Gonzalez, Buena Fe, Los Ríos,-79.5296983,-0.7488694,127.49,Pública,Universidad Central del Ecuador (UCE)
Javier Daniel,Restrepo, Cuenca, Azuay,-79.0041726,-2.8974072,302.67,Privada,Universidad San Francisco de Quito (USFQ)
Julia Mateo,Alvarez, Echeandía, Bolívar,-79.2735861,-1.4469547,160.54,Pública,Universidad Central del Ecuador (UCE)
Antonella Ortiz,Rodriguez,Yaguachi, Guayas,-79.9134536,-2.2015355,269.81,Pública,Universidad Central del Ecuador (UCE)
Dr(a). Catalina,Cardozo, Santa Rosa, El Oro,-80.154904,-3.4145538,399.35,Privada,Universidad Internacional del Ecuador (UIDE)
Jorge,Álvarez, Cumandá, Chimborazo,-79.103584,-2.2108666,230.91,Pública,Universidad Central del Ecuador (UCE)
Felipe Nuñez,Rios, Pedro Carbo, Guayas,-80.3009814,-1.8672671,270.34,Pública,Universidad Central del Ecuador (UCE)
Jeronimo,Gonzalez, Guano, Chimborazo,-78.6578385,-1.539923,147.64,Pública,Universidad Central del Ecuador (UCE)
Cristobal Eduardo Montoya,Rivera, Calceta, Manabí,-80.1640382,-0.8480934,196.48,Pública,Universidad Central del Ecuador (UCE)
Hector Gil,Galván, Valdez, Esmeraldas,-78.9826345,1.2489838,171.53,Pública,Escuela Politécnica Nacional (EPN)
Ema,Escalona-Cuenca,Guaranda, Bolívar,-79.0576662,-1.4398571,148.56,Pública,Escuela Politécnica del Ejército (ESPE)
Dr(a). Lautaro,Diaz, Cotacachi, Imbabura,-78.4507013,0.3955234,68.8,Privada,Universidad Tecnológica Indoamérica (UTI)
Hugo Víctor,Vergara,Ibarra, Imbabura,-78.1329448,0.5159369,92.08,Pública,Escuela Politécnica Nacional (EPN)
David Parra,Tovar,Pasaje, El Oro,-79.7625976,-3.3234936,372.0,Pública,Universidad Central del Ecuador (UCE)
Carlos Segundo Castillo,Rodríguez, Jujan, Guayas,-79.5495283,-1.9494337,224.21,Pública,Universidad Central del Ecuador (UCE)
Pablo Héctor López,Murillo, Paute, Azuay,-78.7362416,-2.7468493,282.05,Pública,Universidad Central del Ecuador (UCE)
Renata,Godoy, Atacames, Esmeraldas,-79.8790841,0.7971086,189.45,Pública,Universidad Central del Ecuador (UCE)
Santiago Silvano,Santacruz, La Troncal, Cañar,-79.3751632,-2.433689,264.16,Pública,Universidad Central del Ecuador (UCE)
Marianela Patricia Rebollo,Alsina,El Triunfo, Guayas,-79.3660575,-2.2907784,249.03,Pública,Escuela Politécnica del Ejército (ESPE)
Ana Eugenia Duque,Angarita, Rocafuerte, Manabí,-80.4012121,-0.9032437,223.34,Pública,Universidad Central del Ecuador (UCE)
Verónica Rosa Porras,Vidal, Píllaro, Tungurahua,-78.5423177,-1.1725302,105.95,Pública,Universidad Central del Ecuador (UCE)
María José José Carlos,Grijalva, El Carmen, Manabí,-79.5741548,-0.4809541,121.58,Privada,Pontificia Universidad Católica del Ecuador (PUCE)
Elvira,Medrano, Puerto López, Manabí,-80.744524,-1.5440814,288.55,Pública,Escuela Politécnica del Ejército (ESPE)
Andrés Alta Gracia Fonseca,Vélez,Saraguro, Loja,-79.3063889,-3.5269465,378.14,Privada,Universidad Internacional del Ecuador (UIDE)
Emma,Juarez, Balsas, El Oro,-79.831096,-3.7742179,421.48,Pública,Escuela Politécnica Nacional (EPN)
María Teresa Mónica,Carranza,San Vicente, Manabí,-80.3761409,-0.4373946,208.65,Pública,Universidad Central del Ecuador (UCE)
Paola Camargo,García, Colimes, Guayas,-80.0818751,-1.5161582,226.31,Pública,Escuela Politécnica del Ejército (ESPE)
Teresita Vizcaíno,Soriano, Daule, Guayas,-79.9129307,-1.9200069,244.89,Pública,Universidad Central del Ecuador (UCE)
Sofia Belen Campos,Cruz, Santa Rosa, El Oro,-80.154904,-3.4145538,399.35,Pública,Escuela Politécnica del Ejército (ESPE)
Miriam Luna Alvarez,Ródenas, Valdez, Esmeraldas,-78.9826345,1.2489838,171.53,Pública,Universidad Central del Ecuador (UCE)
Juana Ruiz,Paz, Vinces, Los Ríos,-79.766045,-1.5235263,201.08,Pública,Universidad Central del Ecuador (UCE)
Gloria Vidal,Sacristán, Alausí, Chimborazo,-78.703566,-2.3250494,235.02,Pública,Universidad Central del Ecuador (UCE)
Santino Farias,Navarro, Palora, Morona Santiago,-77.9675269,-1.6981449,175.15,Privada,Universidad San Francisco de Quito (USFQ)
Gervasio Rey,Nicolás, El Tambo, Cañar,-78.9133964,-2.4828078,255.51,Pública,Universidad Central del Ecuador (UCE)
Maximiliano Enrique,Jaime, Chordeleg, Azuay,-78.7307218,-2.9844675,308.33,Privada,Universidad Tecnológica Equinoccial (UTE)
Miguela Benavent,Sedano, Tabacundo, Pichincha,-78.2216436,0.048201,43.99,Pública,Universidad Central del Ecuador (UCE)
Matilda Alma,Ledesma, Junín, Manabí,-80.2054147,-0.9394745,204.54,Pública,Universidad Central del Ecuador (UCE)
Gustavo Julián Hurtado,Castellanos, Cañar, Cañar,-79.1800778,-2.4749335,261.48,Pública,Universidad Central del Ecuador (UCE)
Mtro. Aldonza,García,Saquisilí, Cotopaxi,-78.7312624,-0.8359835,72.67,Pública,Universidad Central del Ecuador (UCE)
Esteban Jesús,Becerra, Durán, Guayas,-79.7895887,-2.2127014,263.15,Privada,Universidad Internacional del Ecuador (UIDE)
Esteban Fredy Sánchez,Cifuentes, Tabacundo, Pichincha,-78.2216436,0.048201,43.99,Pública,Universidad Central del Ecuador (UCE)
Sandra Guillermo,Olivo,Salinas, Santa Elena,-80.9237973,-2.2612497,351.24,Pública,Escuela Politécnica Nacional (EPN)
María Sandra Suárez,Orozco, Urcuquí, Imbabura,-78.1941499,0.4172921,79.22,Pública,Universidad Central del Ecuador (UCE)
Humberto Omar,Orjuela, Riobamba, Chimborazo,-78.6482479,-1.6732765,162.28,Pública,Universidad Andina Simón Bolívar (UASB)
Ana Paula,Lopez,Atuntaqui, Imbabura,-78.219615,0.3316022,69.45,Pública,Escuela Politécnica Nacional (EPN)
Margarita Sierra,Guzmán,La Concordia, Santo Domingo de los Tsáchilas,-79.462977,-0.0441108,107.5,Pública,Escuela Politécnica del Ejército (ESPE)
Lara,Aguero, Valencia, Los Ríos,-79.3211355,-0.7696521,108.72,Pública,Universidad Central del Ecuador (UCE)
Pilar Olivia,Carrizo,Simón Bolívar, Guayas,-79.4218634,-2.0424101,226.45,Pública,Universidad Central del Ecuador (UCE)
Coral Mendoza,Fábregas, San Miguel de Los Bancos, Pichincha,-78.9214659,-0.0188368,50.7,Pública,Universidad Central del Ecuador (UCE)
Germán Sandra,Casares, Santa Rosa, El Oro,-80.154904,-3.4145538,399.35,Pública,Universidad Central del Ecuador (UCE)
Modesto María Luisa Vargas,Alcala, Jama, Manabí,-80.2295834,-0.2149489,190.95,Pública,Escuela Politécnica del Ejército (ESPE)
José Wendolin,Apodaca,Puebloviejo, Los Ríos,-79.5474126,-1.5368546,186.22,Pública,Universidad Central del Ecuador (UCE)
Oriana Gimenez,Perez,Otavalo, Imbabura,-78.2454274,0.2227636,57.5,Pública,Universidad Central del Ecuador (UCE)
Jacinto Yáñez,Huguet, Pelileo, Tungurahua,-78.537307,-1.3573827,126.48,Pública,Escuela Politécnica del Ejército (ESPE)
Dulce Uriel Guevara,Gil,Loja, Loja,-79.2016661,-3.996845,426.87,Pública,Universidad Central del Ecuador (UCE)
Martina Tomas,Molina, Calceta, Manabí,-80.1640382,-0.8480934,196.48,Pública,Escuela Politécnica Nacional (EPN)
Quique,Bartolomé, Camilo Ponce Enríquez, Azuay,-79.5630363,-2.9640696,326.69,Pública,Universidad Central del Ecuador (UCE)
Mtro. Anel,Franco, Marcabelí, El Oro,-79.9223384,-3.7733434,425.02,Pública,Escuela Politécnica del Ejército (ESPE)
Rocío Roberto,Romero,Yaguachi, Guayas,-79.9134536,-2.2015355,269.81,Pública,Universidad Central del Ecuador (UCE)
Mateo Benjamin Vargas,Sanchez, Archidona, Napo,-77.955042,-0.7160712,82.95,Pública,Universidad Central del Ecuador (UCE)
Jorge,Carnero, Chone, Manabí,-80.0721599,-0.3828099,174.38,Privada,Universidad Internacional del Ecuador (UIDE)
Agustin Gomez,Nuñez, Huaca, Carchi,-77.727333,0.7987391,143.02,Privada,Universidad Tecnológica Indoamérica (UTI)
Franco Clara Guzman,Gomez,Ibarra, Imbabura,-78.1329448,0.5159369,92.08,Pública,Universidad Central del Ecuador (UCE)
Salvador Juan Manuel,Navarro,Zaruma, El Oro,-79.5131743,-3.5111939,382.47,Pública,Universidad Central del Ecuador (UCE)
René,Ramírez-Lillo,Baba, Los Ríos,-79.6615818,-1.6727698,205.95,Pública,Escuela Politécnica Nacional (EPN)
Ignacio Pilar,Garcia,Zaruma, El Oro,-79.5131743,-3.5111939,382.47,Pública,Escuela Politécnica del Ejército (ESPE)
Oswaldo,Vargas, Nueva Loja, Sucumbíos,-76.8834932,0.0850591,184.27,Privada,Universidad Politécnica Salesiana (UPS)
John,González, San Miguel de Los Bancos, Pichincha,-78.9214659,-0.0188368,50.7,Pública,Instituto de Altos Estudios Nacionales (IAEN)
Abraham,Matos, Naranjito, Guayas,-79.3904646,-2.1590388,236.66,Pública,Universidad Central del Ecuador (UCE)
Mateo,Rodriguez, San Miguel de Salcedo, Cotopaxi,-78.5907824,-1.043699,91.99,Pública,Universidad Central del Ecuador (UCE)
Catalina Morena Jazmin Romero,Castillo, El Tambo, Cañar,-78.9133964,-2.4828078,255.51,Pública,Escuela Politécnica Nacional (EPN)
Bianca Esther,Gallardo, Sucre, Manabí,-80.4199056,-0.7326786,219.63,Pública,Escuela Politécnica del Ejército (ESPE)
Alexander,Contreras, Muisne, Esmeraldas,-79.8817211,0.5387247,174.09,Privada,Pontificia Universidad Católica del Ecuador (PUCE)
Marcos Cruz Cortes,Morante,El Ángel, Carchi,-77.9396301,0.6211998,113.17,Pública,Universidad Central del Ecuador (UCE)
Leonardo David,Cotto, Pedernales, Manabí,-79.8451737,0.0693259,151.66,Pública,Escuela Politécnica del Ejército (ESPE)
Noemí Mario Yáñez,Peña, Gualaceo, Azuay,-78.8461586,-2.9180205,302.27,Pública,Universidad Central del Ecuador (UCE)
Liceth Leidy Zuluaga,Suárez, Quevedo, Los Ríos,-79.4776812,-1.0669701,142.78,Pública,Universidad Central del Ecuador (UCE)
Isabela Joaquín Mascareñas,Rascón, San Miguel, Bolívar,-79.127262,-1.8120574,189.75,Privada,Universidad Internacional del Ecuador (UIDE)
Julio Castellanos,Rodríguez, Jujan, Guayas,-79.5495283,-1.9494337,224.21,Pública,Universidad Central del Ecuador (UCE)
León Sosa,Cordoba, Santa Lucía, Guayas,-80.0426304,-1.7145863,237.82,Pública,Escuela Politécnica Nacional (EPN)
Benjamin Federico Diaz,Vera,Tena, Napo,-78.1083981,-0.9438718,92.16,Pública,Universidad Central del Ecuador (UCE)
José Alejandro,Flórez, Bahía de Caráquez, Manabí,-80.423572,-0.5999649,216.67,Pública,Escuela Politécnica Nacional (EPN)
Serafín Nadia,Quiñónez, Guano, Chimborazo,-78.6578385,-1.539923,147.64,Pública,Escuela Politécnica Nacional (EPN)
María Ana,Vanegas, Baños de Agua Santa, Tungurahua,-78.4402276,-1.417407,133.37,Pública,Universidad Central del Ecuador (UCE)
Fausto Alvarez,Campos, Chone, Manabí,-80.0721599,-0.3828099,174.38,Privada,Universidad Internacional del Ecuador (UIDE)
Emilia Sofía,Torres, Quevedo, Los Ríos,-79.4776812,-1.0669701,142.78,Pública,Universidad Central del Ecuador (UCE)
Miguel Noriega,Llorente,Loja, Loja,-79.2016661,-3.996845,426.87,Pública,Universidad Central del Ecuador (UCE)
Giovanni Luis Hernández,Zambrano, Huaca, Carchi,-77.727333,0.7987391,143.02,Pública,Universidad Central del Ecuador (UCE)
Yeison Pulido,Fernández,Jaramijó, Manabí,-80.6134583,-0.9743883,248.22,Pública,Universidad Central del Ecuador (UCE)
Sr(a). Marcela,Guillen, Pedro Carbo, Guayas,-80.3009814,-1.8672671,270.34,Privada,Universidad Internacional del Ecuador (UIDE)
Jaime,Figueroa, El Carmen, Manabí,-79.5741548,-0.4809541,121.58,Pública,Escuela Politécnica del Ejército (ESPE)
Rolando Bayo,Mir,Azogues, Cañar,-78.8467191,-2.7380492,282.43,Pública,Escuela Politécnica Nacional (EPN)
Omar Alberto Ruiz,Torres, Píllaro, Tungurahua,-78.5423177,-1.1725302,105.95,Pública,Escuela Politécnica del Ejército (ESPE)
Alberto Israel,Muñoz,Saraguro, Loja,-79.3063889,-3.5269465,378.14,Privada,Pontificia Universidad Católica del Ecuador (PUCE)
Benito Reig,Roma, Tosagua, Manabí,-80.2577186,-0.7755207,203.66,Pública,Universidad Central del Ecuador (UCE)
Lourdes,Rivero,Arenillas, El Oro,-80.0974316,-3.5859238,413.63,Pública,Universidad Central del Ecuador (UCE)
Florentina,Alegre,Zamora, Zamora Chinchipe,-78.9577754,-4.0042008,423.67,Pública,Universidad Central del Ecuador (UCE)
Rafael Hernandez,Romero,Sangolquí, Pichincha,-78.4483476,-0.3288822,14.03,Pública,Universidad Central del Ecuador (UCE)
Dante Juan Manuel Ponce,Ortiz,Saraguro, Loja,-79.3063889,-3.5269465,378.14,Pública,Escuela Politécnica Nacional (EPN)
Candela de,Solís, Gualaceo, Azuay,-78.8461586,-2.9180205,302.27,Pública,Instituto de Altos Estudios Nacionales (IAEN)
Luis Manuel Lebrón,Rivero,El Triunfo, Guayas,-79.3660575,-2.2907784,249.03,Privada,Universidad de las Américas (UDLA)
Jeremias Bautista,Moreno, Vinces, Los Ríos,-79.766045,-1.5235263,201.08,Pública,Universidad Central del Ecuador (UCE)
Cristian Edgar Fonseca,Mejía,Catarama, Los Ríos,-79.4750201,-1.5692196,184.28,Privada,Universidad Politécnica Salesiana (UPS)
Maricela Marin,Agudo, Lomas de Sargentillo, Guayas,-80.0789495,-1.8348374,250.14,Pública,Universidad Central del Ecuador (UCE)
Benjamin Sanchez,Fernandez, Biblián, Cañar,-78.9802821,-2.6748261,277.86,Pública,Escuela Politécnica del Ejército (ESPE)
Mtro. Óscar,Reyna,Zamora, Zamora Chinchipe,-78.9577754,-4.0042008,423.67,Privada,Universidad San Francisco de Quito (USFQ)
Mtro. Reynaldo,Corral, Palestina, Guayas,-79.9273316,-1.6318981,222.24,Pública,Universidad Andina Simón Bolívar (UASB)
Emiliano Homero,Durán,Montecristi, Manabí,-80.6606834,-1.0504072,256.09,Privada,Pontificia Universidad Católica del Ecuador (PUCE)
Juanito Ariza,Castejón, Marcabelí, El Oro,-79.9223384,-3.7733434,425.02,Pública,Escuela Politécnica Nacional (EPN)
Claudia Cecilia,Torres, Balsas, El Oro,-79.831096,-3.7742179,421.48,Pública,Universidad Central del Ecuador (UCE)
Hernán Dalia,Pineda, El Tambo, Cañar,-78.9133964,-2.4828078,255.51,Privada,Universidad Internacional del Ecuador (UIDE)
Vilma Sandra Mosquera,Hernández, Celica, Loja,-79.9851762,-4.1648137,468.15,Pública,Universidad Central del Ecuador (UCE)
Zoe Jazmin Torres,Acosta, Biblián, Cañar,-78.9802821,-2.6748261,277.86,Pública,Universidad Central del Ecuador (UCE)
Amador,Ramón, Archidona, Napo,-77.955042,-0.7160712,82.95,Pública,Universidad Central del Ecuador (UCE)
Sofia,Vazquez, Cariamanga, Loja,-79.5559525,-4.326038,471.04,Privada,Universidad Internacional del Ecuador (UIDE)
Chucho Velázquez,Villalonga, Cotacachi, Imbabura,-78.4507013,0.3955234,68.8,Pública,Escuela Politécnica del Ejército (ESPE)
Reyes Gallego,Carreño, Huaca, Carchi,-77.727333,0.7987391,143.02,Pública,Escuela Politécnica Nacional (EPN)
Dr(a). Lautaro Ezequiel,Sanchez,El Triunfo, Guayas,-79.3660575,-2.2907784,249.03,Pública,Escuela Politécnica Nacional (EPN)
Aurora Natividad,Murillo,El Triunfo, Guayas,-79.3660575,-2.2907784,249.03,Privada,Universidad de las Américas (UDLA)
Bianca Rosario Gonzalez,Alvarez,Arenillas, El Oro,-80.0974316,-3.5859238,413.63,Privada,Universidad San Francisco de Quito (USFQ)
Thiago Daniel,Gomez,Caluma, Bolívar,-79.1963263,-1.5976675,171.01,Pública,Universidad Central del Ecuador (UCE)
Gerardo,Mejía, San Miguel, Bolívar,-79.127262,-1.8120574,189.75,Pública,Escuela Politécnica del Ejército (ESPE)
Catherine María Franco,Giraldo,Azogues, Cañar,-78.8467191,-2.7380492,282.43,Pública,Escuela Politécnica del Ejército (ESPE)
Oriana Perez,Moreno,Piñas, El Oro,-79.7832238,-3.7106809,413.02,Pública,Universidad Central del Ecuador (UCE)
Patricia,Vargas, La Joya de los Sachas, Orellana,-76.8611463,-0.3161424,183.91,Pública,Escuela Politécnica del Ejército (ESPE)
Juan Antonio Cortés,Checa, Pimampiro, Imbabura,-77.9402742,0.393298,93.27,Pública,Universidad Central del Ecuador (UCE)
Isabella Figueroa,Aguero,El Ángel, Carchi,-77.9396301,0.6211998,113.17,Pública,Universidad Central del Ecuador (UCE)
Edwin Emilio,Guerrero, Santa Isabel, Azuay,-79.3594118,-3.1839392,342.74,Pública,Universidad Central del Ecuador (UCE)
Dr. Yolanda,Durán, Tulcán, Carchi,-77.7172151,0.8115707,144.84,Pública,Universidad Central del Ecuador (UCE)
Ingrid María,Ramírez, Rocafuerte, Manabí,-80.4012121,-0.9032437,223.34,Pública,Escuela Politécnica del Ejército (ESPE)
Nahuel Thiago Benjamin Sanchez,Vargas, San Miguel, Bolívar,-79.127262,-1.8120574,189.75,Pública,Universidad Central del Ecuador (UCE)
Hilda,Gómez,Manta, Manabí,-80.7191006,-0.9485853,258.39,Pública,Universidad Central del Ecuador (UCE)
Amalia,Tirado, Macará, Loja,-79.9154486,-4.3490358,484.84,Pública,Escuela Politécnica Nacional (EPN)
Sr(a). Mateo,Gonzalez, Urcuquí, Imbabura,-78.1941499,0.4172921,79.22,Pública,Escuela Politécnica Nacional (EPN)
Lourdes Barraza,Carreón, Coronel Marcelino Maridueña, Guayas,-79.3861649,-2.2333628,244.02,Pública,Escuela Politécnica del Ejército (ESPE)
Lautaro Nahuel,Mendez, Jama, Manabí,-80.2295834,-0.2149489,190.95,Pública,Escuela Politécnica Nacional (EPN)
Jazmín Alma Valentina,Gonzalez,Santa Elena, Santa Elena,-80.8576945,-2.2270098,343.18,Privada,Universidad San Francisco de Quito (USFQ)
Tiziano Valentin,Perez, Portovelo, El Oro,-79.6172038,-3.7152273,407.56,Pública,Universidad Central del Ecuador (UCE)
Eduard Hernán,López,Salinas, Santa Elena,-80.9237973,-2.2612497,351.24,Pública,Universidad Central del Ecuador (UCE)
Sr(a). Juan Ignacio,Gutierrez, San Miguel, Bolívar,-79.127262,-1.8120574,189.75,Pública,Universidad Central del Ecuador (UCE)
Victoria Armando,Cadena, Milagro, Guayas,-79.5552042,-2.1179635,240.77,Pública,Universidad Central del Ecuador (UCE)
Angelina Santino Martinez,Lopez,Santa Elena, Santa Elena,-80.8576945,-2.2270098,343.18,Pública,Escuela Politécnica Nacional (EPN)
Guillermo Miguel,Vega, Esmeraldas, Esmeraldas,-79.6523847,0.9668153,183.0,Privada,Pontificia Universidad Católica del Ecuador (PUCE)
Claudia Rivera,Sánchez,Puebloviejo, Los Ríos,-79.5474126,-1.5368546,186.22,Pública,Escuela Politécnica Nacional (EPN)
Melania Asensio,Figuerola, Tulcán, Carchi,-77.7172151,0.8115707,144.84,Pública,Universidad Central del Ecuador (UCE)
Claudio Aponte,Granados,Tena, Napo,-78.1083981,-0.9438718,92.16,Pública,Universidad Central del Ecuador (UCE)
Irene,Alba,Santa Elena, Santa Elena,-80.8576945,-2.2270098,343.18,Pública,Universidad Central del Ecuador (UCE)
Jazmín,Lopez, Quevedo, Los Ríos,-79.4776812,-1.0669701,142.78,Pública,Escuela Politécnica del Ejército (ESPE)
Samuel,Acosta, Santa Isabel, Azuay,-79.3594118,-3.1839392,342.74,Pública,Escuela Politécnica Nacional (EPN)
Luis Jorge Solano,Salgado,Catarama, Los Ríos,-79.4750201,-1.5692196,184.28,Pública,Escuela Politécnica del Ejército (ESPE)
Carmen Arévalo,Reyes, Santo Domingo, Santo Domingo de los Tsáchilas,-79.1686724,-0.2546212,73.08,Privada,Universidad de las Américas (UDLA)
Valentina Romero,Gutierrez, Guano, Chimborazo,-78.6578385,-1.539923,147.64,Pública,Instituto de Altos Estudios Nacionales (IAEN)
Inmaculada Amigó,Cases, El Pangui, Zamora Chinchipe,-78.5473049,-3.6253506,378.66,Pública,Universidad Central del Ecuador (UCE)
Jenaro de,Carreño, Gualaceo, Azuay,-78.8461586,-2.9180205,302.27,Pública,Universidad Central del Ecuador (UCE)
Shirley Suárez,Mejía,Yaguachi, Guayas,-79.9134536,-2.2015355,269.81,Pública,Instituto de Altos Estudios Nacionales (IAEN)
Casandra,Puga,El Ángel, Carchi,-77.9396301,0.6211998,113.17,Privada,Pontificia Universidad Católica del Ecuador (PUCE)
Estela Adriana,Farías, San Miguel de Salcedo, Cotopaxi,-78.5907824,-1.043699,91.99,Pública,Escuela Politécnica Nacional (EPN)
Blanca Contreras,Gómez, Alausí, Chimborazo,-78.703566,-2.3250494,235.02,Privada,Universidad de las Américas (UDLA)
Erika Leticia Pérez,Pérez,Yaguachi, Guayas,-79.9134536,-2.2015355,269.81,Pública,Escuela Politécnica Nacional (EPN)
Dr. Cornelio,Toledo, Biblián, Cañar,-78.9802821,-2.6748261,277.86,Pública,Escuela Politécnica del Ejército (ESPE)
Victoria Rafael,Duarte,Baba, Los Ríos,-79.6615818,-1.6727698,205.95,Privada,Pontificia Universidad Católica del Ecuador (PUCE)
Leandro Cardozo,Santos,Arenillas, El Oro,-80.0974316,-3.5859238,413.63,Pública,Escuela Politécnica Nacional (EPN)
Valentino Maria Luz Gonzalez,Martinez, Pedernales, Manabí,-79.8451737,0.0693259,151.66,Privada,Universidad de las Américas (UDLA)
Esmeralda Viviana Olaya,Martínez, Tulcán, Carchi,-77.7172151,0.8115707,144.84,Pública,Escuela Politécnica Nacional (EPN)
Felipe Gael,Coronel,Arenillas, El Oro,-80.0974316,-3.5859238,413.63,Pública,Universidad Central del Ecuador (UCE)
Cristobal,Perea, Pedro Carbo, Guayas,-80.3009814,-1.8672671,270.34,Privada,Universidad de las Américas (UDLA)
Sr(a). Valentina,Sosa,Ventanas, Los Ríos,-79.3351558,-1.3253915,153.21,Pública,Universidad Central del Ecuador (UCE)
Clara Karla Castañeda,Vigil, Balzar, Guayas,-79.9367148,-1.3062992,199.16,Privada,Universidad de las Américas (UDLA)
María Claudia,Leal, Riobamba, Chimborazo,-78.6482479,-1.6732765,162.28,Privada,Universidad Tecnológica Equinoccial (UTE)
Yolanda,Guzmán, Pedro Carbo, Guayas,-80.3009814,-1.8672671,270.34,Pública,Universidad Central del Ecuador (UCE)
Jovita Cristina Ríos,Martín, Santa Lucía, Guayas,-80.0426304,-1.7145863,237.82,Pública,Universidad Central del Ecuador (UCE)
Perlita del,Corral, Cañar, Cañar,-79.1800778,-2.4749335,261.48,Privada,Pontificia Universidad Católica del Ecuador (PUCE)
Valentina Lladó,Armas, Archidona, Napo,-77.955042,-0.7160712,82.95,Pública,Universidad Central del Ecuador (UCE)
Santino Valentin Nuñez,Hernandez, La Maná, Cotopaxi,-79.1010573,-0.7841908,90.66,Pública,Escuela Politécnica del Ejército (ESPE)
Francisco Santino Franco,Juarez, Quevedo, Los Ríos,-79.4776812,-1.0669701,142.78,Pública,Universidad Andina Simón Bolívar (UASB)
Edilma Vanessa Perea,Corredor,Sucúa, Morona Santiago,-78.1727383,-2.4560109,251.46,Pública,Universidad Central del Ecuador (UCE)
Luca Guzman,Garcia, Alausí, Chimborazo,-78.703566,-2.3250494,235.02,Pública,Escuela Politécnica del Ejército (ESPE)
Leonardo,Valencia, Milagro, Guayas,-79.5552042,-2.1179635,240.77,Pública,Universidad Central del Ecuador (UCE)
Andrés Luis,Arévalo, Ambato, Tungurahua,-78.6287594,-1.2422413,114.38,Pública,Universidad Central del Ecuador (UCE)
Lic. Estela,Villareal, Archidona, Napo,-77.955042,-0.7160712,82.95,Pública,Escuela Politécnica Nacional (EPN)
Santino Fausto Vega,Castro, Esmeraldas, Esmeraldas,-79.6523847,0.9668153,183.0,Pública,Universidad Central del Ecuador (UCE)
Dr(a). Martina,Gomez,Yaguachi, Guayas,-79.9134536,-2.2015355,269.81,Pública,Escuela Politécnica Nacional (EPN)
Arcelia,Carpio-Gómez,Zaruma, El Oro,-79.5131743,-3.5111939,382.47,Privada,Universidad Tecnológica Equinoccial (UTE)
Nicolás Pinzón,Gómez,Piñas, El Oro,-79.7832238,-3.7106809,413.02,Pública,Universidad Central del Ecuador (UCE)
Franco,Pereyra,El Triunfo, Guayas,-79.3660575,-2.2907784,249.03,Pública,Escuela Politécnica del Ejército (ESPE)
Valentina,Gonzalez, Camilo Ponce Enríquez, Azuay,-79.5630363,-2.9640696,326.69,Pública,Escuela Politécnica del Ejército (ESPE)
Sonia Méndez,Camacho, El Pangui, Zamora Chinchipe,-78.5473049,-3.6253506,378.66,Pública,Universidad Central del Ecuador (UCE)
Rodrigo Padilla,Gaitán, Jujan, Guayas,-79.5495283,-1.9494337,224.21,Pública,Escuela Politécnica Nacional (EPN)
Ferney Javier,Quiroz, San Miguel, Bolívar,-79.127262,-1.8120574,189.75,Privada,Pontificia Universidad Católica del Ecuador (PUCE)
Marisela Amanda Meléndez,Reynoso,Ibarra, Imbabura,-78.1329448,0.5159369,92.08,Privada,Universidad Tecnológica Indoamérica (UTI)
Sandra Fuentes,Vásquez,San Lorenzo, Esmeraldas,-78.6869333,0.9850634,135.41,Pública,Escuela Politécnica Nacional (EPN)
Germán Ocampo,Pérez, Tulcán, Carchi,-77.7172151,0.8115707,144.84,Pública,Universidad Central del Ecuador (UCE)
Ignacio Rios,Villalba, Muisne, Esmeraldas,-79.8817211,0.5387247,174.09,Pública,Universidad Central del Ecuador (UCE)
Hilda Benito Bustamante,Palomino, Atacames, Esmeraldas,-79.8790841,0.7971086,189.45,Pública,Escuela Politécnica Nacional (EPN)
Leonardo Henry Ramírez,Ordóñez, Cuenca, Azuay,-79.0041726,-2.8974072,302.67,Pública,Universidad Central del Ecuador (UCE)
Alma Simon Sosa,Fernandez, Durán, Guayas,-79.7895887,-2.2127014,263.15,Pública,Universidad Central del Ecuador (UCE)
Adriana Bruno Espinal,Verdugo,Babahoyo, Los Ríos,-79.5068917,-1.8762599,214.79,Pública,Universidad Central del Ecuador (UCE)
Henry,Montoya, Cuenca, Azuay,-79.0041726,-2.8974072,302.67,Privada,Pontificia Universidad Católica del Ecuador (PUCE)
Sr(a). Sofia,Gomez, Portovelo, El Oro,-79.6172038,-3.7152273,407.56,Pública,Universidad Central del Ecuador (UCE)
Felipe Alma Sosa,Fernandez,Salitre, Guayas,-79.8187323,-1.8289209,230.42,Pública,Universidad Central del Ecuador (UCE)
Juan Gabriel Ponce,Lucero, San Miguel de Salcedo, Cotopaxi,-78.5907824,-1.043699,91.99,Privada,Universidad de las Américas (UDLA)
Cecilia Martha,Luna, Calceta, Manabí,-80.1640382,-0.8480934,196.48,Pública,Escuela Politécnica Nacional (EPN)
Dr. Yeni,Lara, Rocafuerte, Manabí,-80.4012121,-0.9032437,223.34,Pública,Universidad Central del Ecuador (UCE)
Consuelo Gilabert,Higueras, Santo Domingo, Santo Domingo de los Tsáchilas,-79.1686724,-0.2546212,73.08,Pública,Universidad Central del Ecuador (UCE)
Vicente,Gálvez, Guano, Chimborazo,-78.6578385,-1.539923,147.64,Pública,Universidad Central del Ecuador (UCE)
Gustavo Guerrero,Alonso, Guayaquil, Guayas,-80.0983887,-2.2895167,289.88,Privada,Universidad Internacional del Ecuador (UIDE)
Renata,Molina, Velasco Ibarra, Guayas,-79.8779821,-2.2843364,275.19,Pública,Universidad Central del Ecuador (UCE)
Eduardo,Solano,Ventanas, Los Ríos,-79.3351558,-1.3253915,153.21,Pública,Universidad Central del Ecuador (UCE)
Dr(a). Thiago Valentin,Vega, Mocache, Los Ríos,-79.5512661,-1.1979,158.63,Pública,Universidad Central del Ecuador (UCE)
Alejandro,Morales, Biblián, Cañar,-78.9802821,-2.6748261,277.86,Privada,Universidad Politécnica Salesiana (UPS)
Paola Jonás Bermúdez,Cervantes, Flavio Alfaro, Manabí,-79.844538,-0.3242859,148.59,Pública,Escuela Politécnica del Ejército (ESPE)
Catalina Nancy López,Alarcón, Camilo Ponce Enríquez, Azuay,-79.5630363,-2.9640696,326.69,Pública,Escuela Politécnica del Ejército (ESPE)
Dr(a). Santino,Rivero,Ibarra, Imbabura,-78.1329448,0.5159369,92.08,Pública,Escuela Politécnica Nacional (EPN)
Verónica Perla Garrido,Rivero,San Lorenzo, Esmeraldas,-78.6869333,0.9850634,135.41,Pública,Escuela Politécnica Nacional (EPN)
Ángela,Mendoza, Pimampiro, Imbabura,-77.9402742,0.393298,93.27,Pública,Universidad Central del Ecuador (UCE)
Benjamin Alejandro Lopez,Castro, Rocafuerte, Manabí,-80.4012121,-0.9032437,223.34,Pública,Escuela Politécnica Nacional (EPN)
Judith Coloma,Bartolomé,Otavalo, Imbabura,-78.2454274,0.2227636,57.5,Pública,Universidad Central del Ecuador (UCE)
Paulina Isabel,Vargas, Balao, Guayas,-79.7180498,-2.8852516,325.24,Pública,Escuela Politécnica Nacional (EPN)
Leandra Irene Cañellas,Prieto,Latacunga, Cotopaxi,-78.6145758,-0.9340311,80.19,Privada,Universidad Politécnica Salesiana (UPS)
Horacio,Tijerina,Naranjal, Guayas,-79.5325634,-2.5731305,285.16,Pública,Universidad Central del Ecuador (UCE)
David Raúl,Palacios,Naranjal, Guayas,-79.5325634,-2.5731305,285.16,Pública,Universidad Central del Ecuador (UCE)
Bautista Benjamin Giovanni,Nuñez,Atuntaqui, Imbabura,-78.219615,0.3316022,69.45,Pública,Universidad Central del Ecuador (UCE)
Amelia Olivia Palma,Carretero, Sucre, Manabí,-80.4199056,-0.7326786,219.63,Privada,Universidad Internacional del Ecuador (UIDE)
Ana Belén Luisa Riba,Cuéllar, Rocafuerte, Manabí,-80.4012121,-0.9032437,223.34,Pública,Escuela Politécnica Nacional (EPN)
Ruby Diego,Durán,Latacunga, Cotopaxi,-78.6145758,-0.9340311,80.19,Pública,Escuela Politécnica del Ejército (ESPE)
Pastora Carreras,Mármol, Tosagua, Manabí,-80.2577186,-0.7755207,203.66,Pública,Universidad Central del Ecuador (UCE)
Heriberto Ponce,Ramón,Jaramijó, Manabí,-80.6134583,-0.9743883,248.22,Pública,Escuela Politécnica del Ejército (ESPE)
Valentino,Romero, Colimes, Guayas,-80.0818751,-1.5161582,226.31,Pública,Universidad Central del Ecuador (UCE)
Galo Chus Ros,Iniesta, El Pangui, Zamora Chinchipe,-78.5473049,-3.6253506,378.66,Pública,Escuela Politécnica del Ejército (ESPE)
Santiago Ruiz,Martinez,Arenillas, El Oro,-80.0974316,-3.5859238,413.63,Pública,Universidad Central del Ecuador (UCE)
Jennifer Burgos,Zabaleta, Cuenca, Azuay,-79.0041726,-2.8974072,302.67,Pública,Universidad Central del Ecuador (UCE)
Estella,Martínez, Pelileo, Tungurahua,-78.537307,-1.3573827,126.48,Pública,Escuela Politécnica Nacional (EPN)
Arcelia Domingo,Abellán, Guayaquil, Guayas,-80.0983887,-2.2895167,289.88,Privada,Universidad San Francisco de Quito (USFQ)
Fernando Planas,Medina,Piñas, El Oro,-79.7832238,-3.7106809,413.02,Privada,Universidad Tecnológica Indoamérica (UTI)
Marcela,Perera-Baños, Santa Isabel, Azuay,-79.3594118,-3.1839392,342.74,Privada,Universidad de las Américas (UDLA)
Teresa Silvano,Samaniego, Pedro Carbo, Guayas,-80.3009814,-1.8672671,270.34,Pública,Universidad Central del Ecuador (UCE)
Dr. Jaime,Calderón, Riobamba, Chimborazo,-78.6482479,-1.6732765,162.28,Pública,Escuela Politécnica del Ejército (ESPE)
Mtro. Renato,Díaz,Salinas, Santa Elena,-80.9237973,-2.2612497,351.24,Pública,Universidad Central del Ecuador (UCE)
Bianca Zoe Valentina,Acosta, Alamor, Loja,-80.0197281,-4.0181681,454.31,Privada,Universidad Internacional del Ecuador (UIDE)
Victoria de,Mesa, Bahía de Caráquez, Manabí,-80.423572,-0.5999649,216.67,Pública,Universidad Central del Ecuador (UCE)
Carolina Andrea,Delgado, Píllaro, Tungurahua,-78.5423177,-1.1725302,105.95,Pública,Universidad Central del Ecuador (UCE)
Celia Cortina,Navas, Milagro, Guayas,-79.5552042,-2.1179635,240.77,Privada,Universidad Politécnica Salesiana (UPS)
Dr(a). Martín,Leiva, Velasco Ibarra, Guayas,-79.8779821,-2.2843364,275.19,Privada,Universidad San Francisco de Quito (USFQ)
Delia Pavón,Cid, Alamor, Loja,-80.0197281,-4.0181681,454.31,Pública,Universidad Central del Ecuador (UCE)
Elena,Páez, Chordeleg, Azuay,-78.7307218,-2.9844675,308.33,Pública,Universidad Central del Ecuador (UCE)
América Tenorio,Cabeza,San Lorenzo, Esmeraldas,-78.6869333,0.9850634,135.41,Pública,Escuela Politécnica del Ejército (ESPE)
Zaida Águila,Vélez, Vinces, Los Ríos,-79.766045,-1.5235263,201.08,Pública,Universidad Central del Ecuador (UCE)
Sr(a). Emilia,Fernandez, Huaquillas, El Oro,-80.184453,-3.4756231,406.89,Pública,Escuela Politécnica del Ejército (ESPE)
Socorro Luis Páez,Puga, Pelileo, Tungurahua,-78.537307,-1.3573827,126.48,Privada,Pontificia Universidad Católica del Ecuador (PUCE)
Morena Aguirre,Sanchez, Santo Domingo, Santo Domingo de los Tsáchilas,-79.1686724,-0.2546212,73.08,Pública,Escuela Politécnica Nacional (EPN)
Dr(a). Julieta,Toledo, Chambo, Chimborazo,-78.5425997,-1.74403,169.48,Pública,Escuela Politécnica del Ejército (ESPE)
Lina,Gómez,Baba, Los Ríos,-79.6615818,-1.6727698,205.95,Pública,Escuela Politécnica Nacional (EPN)
Victor Manuel Lázaro Durán,Mir, Guayaquil, Guayas,-80.0983887,-2.2895167,289.88,Privada,Pontificia Universidad Católica del Ecuador (PUCE)
Albina de,Mateo, Esmeraldas, Esmeraldas,-79.6523847,0.9668153,183.0,Pública,Escuela Politécnica Nacional (EPN)
Lautaro Mateo Benjamin,Paz, Montalvo, Los Ríos,-79.348133,-1.8025855,198.99,Pública,Universidad Central del Ecuador (UCE)
Sr(a). Bianca,Castillo,Quinsaloma, Los Ríos,-79.3468998,-1.1460552,138.6,Pública,Universidad Central del Ecuador (UCE)
Augusto,Sebastián, Riobamba, Chimborazo,-78.6482479,-1.6732765,162.28,Pública,Instituto de Altos Estudios Nacionales (IAEN)
Indira Antonia,Figueroa, Vinces, Los Ríos,-79.766045,-1.5235263,201.08,Pública,Escuela Politécnica del Ejército (ESPE)
Franco Mora,Gonzalez,Zaruma, El Oro,-79.5131743,-3.5111939,382.47,Privada,Universidad Internacional del Ecuador (UIDE)
Santino Nicolas Juan Ignacio,Garcia, Santa Isabel, Azuay,-79.3594118,-3.1839392,342.74,Privada,Pontificia Universidad Católica del Ecuador (PUCE)
Diana Julio Gil,Nieto,Quinsaloma, Los Ríos,-79.3468998,-1.1460552,138.6,Pública,Universidad Central del Ecuador (UCE)
Felipe Juarez,Rios, La Troncal, Cañar,-79.3751632,-2.433689,264.16,Pública,Universidad Central del Ecuador (UCE)
Pedro Blanco,Pabón, Camilo Ponce Enríquez, Azuay,-79.5630363,-2.9640696,326.69,Privada,Universidad Internacional del Ecuador (UIDE)
Heidy Teresa Caro,Peña,Loja, Loja,-79.2016661,-3.996845,426.87,Pública,Escuela Politécnica del Ejército (ESPE)
Sandra Riba,Pi, Puerto López, Manabí,-80.744524,-1.5440814,288.55,Privada,Universidad Internacional del Ecuador (UIDE)
Maribel Olga Carvajal,Pineda, Urcuquí, Imbabura,-78.1941499,0.4172921,79.22,Pública,Escuela Politécnica del Ejército (ESPE)
Juliana Acosta,Dominguez, Palenque, Los Ríos,-79.7182552,-1.3353343,182.63,Pública,Universidad Central del Ecuador (UCE)
Teodoro Carrero,Carrillo,Macas, Morona Santiago,-78.1175466,-2.3046252,235.9,Pública,Universidad Central del Ecuador (UCE)
Ángel,Elizondo, Junín, Manabí,-80.2054147,-0.9394745,204.54,Pública,Universidad Central del Ecuador (UCE)
Gilma Muñoz,Duarte, San Miguel, Bolívar,-79.127262,-1.8120574,189.75,Pública,Universidad Central del Ecuador (UCE)
Mateo Benjamin Emilia Ortiz,Gomez, Píllaro, Tungurahua,-78.5423177,-1.1725302,105.95,Privada,Universidad de las Américas (UDLA)
Sandra Franch,Bolaños,Pasaje, El Oro,-79.7625976,-3.3234936,372.0,Pública,Universidad Andina Simón Bolívar (UASB)
Juan Ignacio Jeronimo,Herrera, San Miguel de Los Bancos, Pichincha,-78.9214659,-0.0188368,50.7,Pública,Universidad Central del Ecuador (UCE)
Darío Arellano,Pons, El Guabo, El Oro,-79.7584498,-3.1629001,355.32,Pública,Escuela Politécnica del Ejército (ESPE)
Ángel Guardado,Pulido, San Gabriel, Carchi,-77.835319,0.598485,118.12,Pública,Universidad Central del Ecuador (UCE)
Gabriel Óscar Solano,Vergara, Santa Lucía, Guayas,-80.0426304,-1.7145863,237.82,Privada,Universidad Tecnológica Indoamérica (UTI)
Ilse Alvaro,Varela, Balzar, Guayas,-79.9367148,-1.3062992,199.16,Pública,Universidad Central del Ecuador (UCE)
Francisco Iglesia,Echevarría, Baños de Agua Santa, Tungurahua,-78.4402276,-1.417407,133.37,Pública,Escuela Politécnica del Ejército (ESPE)
Alberto Armando Giraldo,Sánchez,Puyo, Pastaza,-77.9969666,-1.4854777,151.92,Pública,Universidad Central del Ecuador (UCE)
Martha Eugenia,Quintero, Narcisa de Jesús, Guayas,-80.2384404,-1.6118103,246.52,Pública,Escuela Politécnica del Ejército (ESPE)
Luna Rodriguez,Martinez,Sucúa, Morona Santiago,-78.1727383,-2.4560109,251.46,Pública,Escuela Politécnica del Ejército (ESPE)
Patricia Alfonso,Martínez, Balzar, Guayas,-79.9367148,-1.3062992,199.16,Pública,Universidad Central del Ecuador (UCE)
Lorenza Alemany,Doménech,Zaruma, El Oro,-79.5131743,-3.5111939,382.47,Privada,Universidad de las Américas (UDLA)
José Jhoan,Duque,Otavalo, Imbabura,-78.2454274,0.2227636,57.5,Pública,Universidad Central del Ecuador (UCE)
Abril Barragán,Ponce,Atuntaqui, Imbabura,-78.219615,0.3316022,69.45,Pública,Escuela Politécnica del Ejército (ESPE)
Rico de,Benavent, La Libertad, Santa Elena,-80.9077647,-2.2208117,346.98,Pública,Universidad Central del Ecuador (UCE)
Marianela Polo,Lumbreras,Yantzaza, Zamora Chinchipe,-78.7376344,-3.7146811,389.38,Pública,Universidad Central del Ecuador (UCE)
Nahuel,Martinez, Pedro Vicente Maldonado, Pichincha,-79.0400619,0.1612052,72.4,Pública,Universidad Central del Ecuador (UCE)
Dr(a). Lautaro,Olivera, San Miguel, Bolívar,-79.127262,-1.8120574,189.75,Privada,Universidad de las Américas (UDLA)
Alma Jazmin,Fernandez, General Villamil, Guayas,-80.4261454,-2.5937913,338.99,Pública,Escuela Politécnica del Ejército (ESPE)
Patricia Yolanda Pérez,Parada, San Miguel, Bolívar,-79.127262,-1.8120574,189.75,Pública,Universidad Central del Ecuador (UCE)
Rosa Rodríguez,Cifuentes, Naranjito, Guayas,-79.3904646,-2.1590388,236.66,Pública,Escuela Politécnica Nacional (EPN)
María Luisa Partida,Toro, San Gabriel, Carchi,-77.835319,0.598485,118.12,Pública,Escuela Politécnica del Ejército (ESPE)
Carmen,Morales,Baba, Los Ríos,-79.6615818,-1.6727698,205.95,Pública,Universidad Central del Ecuador (UCE)
Lucía,Perales,Salitre, Guayas,-79.8187323,-1.8289209,230.42,Pública,Escuela Politécnica Nacional (EPN)
Simon,Alvarez, Riobamba, Chimborazo,-78.6482479,-1.6732765,162.28,Privada,Universidad de las Américas (UDLA)
Alexander Diego,Vanegas, Portovelo, El Oro,-79.6172038,-3.7152273,407.56,Pública,Escuela Politécnica Nacional (EPN)
Esteban Elias,Varela,Cayambe, Pichincha,-77.9889555,0.0251586,64.27,Pública,Universidad Central del Ecuador (UCE)
Mtro. Marisol,Ulibarri,Salinas, Santa Elena,-80.9237973,-2.2612497,351.24,Pública,Escuela Politécnica Nacional (EPN)
Mia Valentina Delfina Fernandez,Gomez,Babahoyo, Los Ríos,-79.5068917,-1.8762599,214.79,Privada,Pontificia Universidad Católica del Ecuador (PUCE)
Florencia Maximiliano Aguero,Ramirez, General Villamil, Guayas,-80.4261454,-2.5937913,338.99,Pública,Universidad Central del Ecuador (UCE)
Iván Pedro,Cortez, Coronel Marcelino Maridueña, Guayas,-79.3861649,-2.2333628,244.02,Pública,Escuela Politécnica Nacional (EPN)
Dr(a). Joaquin,Acosta, Huaca, Carchi,-77.727333,0.7987391,143.02,Pública,Universidad Central del Ecuador (UCE)
Raquel de,León, Pimampiro, Imbabura,-77.9402742,0.393298,93.27,Privada,Universidad San Francisco de Quito (USFQ)
Angélica Córdoba,Meneses, El Guabo, El Oro,-79.7584498,-3.1629001,355.32,Pública,Universidad Central del Ecuador (UCE)
Ilse,Rocha, Junín, Manabí,-80.2054147,-0.9394745,204.54,Pública,Escuela Politécnica Nacional (EPN)
Micaela Ignacio,Tamez,Latacunga, Cotopaxi,-78.6145758,-0.9340311,80.19,Pública,Universidad Central del Ecuador (UCE)
Rubén Bas,Boada, Shushufindi, Sucumbíos,-76.5906945,-0.2885051,213.81,Pública,Escuela Politécnica Nacional (EPN)
Édgar Baena,Muñoz, Gualaquiza, Morona Santiago,-78.706485,-3.3277138,346.22,Pública,Universidad Central del Ecuador (UCE)
Íngrid Palacios,Franco, Archidona, Napo,-77.955042,-0.7160712,82.95,Pública,Universidad Central del Ecuador (UCE)
Homero Andrés,Naranjo, La Troncal, Cañar,-79.3751632,-2.433689,264.16,Pública,Universidad Central del Ecuador (UCE)
Felipe Hernando Gutiérrez,López, Riobamba, Chimborazo,-78.6482479,-1.6732765,162.28,Pública,Escuela Politécnica del Ejército (ESPE)
Dalia Linda,Casanova, Tosagua, Manabí,-80.2577186,-0.7755207,203.66,Pública,Universidad Central del Ecuador (UCE)
Lucas Agustín,Quiroga, Pedro Vicente Maldonado, Pichincha,-79.0400619,0.1612052,72.4,Pública,Escuela Politécnica del Ejército (ESPE)
Yenifer Vanessa Sánchez,Marín, Palora, Morona Santiago,-77.9675269,-1.6981449,175.15,Pública,Escuela Politécnica del Ejército (ESPE)
Valerio Piquer,Suárez,Saquisilí, Cotopaxi,-78.7312624,-0.8359835,72.67,Privada,Universidad de las Américas (UDLA)
Joaquin,Gonzalez,Saquisilí, Cotopaxi,-78.7312624,-0.8359835,72.67,Privada,Universidad Internacional del Ecuador (UIDE)
Dario Juan Santos,Manrique,El Ángel, Carchi,-77.9396301,0.6211998,113.17,Privada,Universidad de las Américas (UDLA)
Ovidio Vicente,García,Ventanas, Los Ríos,-79.3351558,-1.3253915,153.21,Pública,Universidad Central del Ecuador (UCE)
Mtro. Zoé,Orta, Gualaceo, Azuay,-78.8461586,-2.9180205,302.27,Pública,Escuela Politécnica Nacional (EPN)
Yolanda Estrada,Mayorga, Guayaquil, Guayas,-80.0983887,-2.2895167,289.88,Privada,Universidad San Francisco de Quito (USFQ)
Gloria Nathalia,Zapata,Otavalo, Imbabura,-78.2454274,0.2227636,57.5,Pública,Escuela Politécnica Nacional (EPN)
Guadalupe Valentina,Gutierrez, Atacames, Esmeraldas,-79.8790841,0.7971086,189.45,Pública,Universidad Central del Ecuador (UCE)
Esther Diaz,Azorin, Montalvo, Los Ríos,-79.348133,-1.8025855,198.99,Pública,Universidad Central del Ecuador (UCE)
Frida Marisol Prieto,Miranda,Montecristi, Manabí,-80.6606834,-1.0504072,256.09,Pública,Universidad Central del Ecuador (UCE)
Reinaldo,Sedano-Bernat, Portoviejo, Manabí,-80.4534134,-1.05282,234.85,Pública,Escuela Politécnica Nacional (EPN)
Patricia,Mantilla, Huaquillas, El Oro,-80.184453,-3.4756231,406.89,Privada,Universidad Internacional del Ecuador (UIDE)
Agustina,Mate-Pintor, Echeandía, Bolívar,-79.2735861,-1.4469547,160.54,Pública,Escuela Politécnica Nacional (EPN)
Juan,Oquendo,La Concordia, Santo Domingo de los Tsáchilas,-79.462977,-0.0441108,107.5,Pública,Universidad Central del Ecuador (UCE)
Pablo,Perez-Narváez, Rocafuerte, Manabí,-80.4012121,-0.9032437,223.34,Pública,Universidad Central del Ecuador (UCE)
Diego Herrera,Valderrama,Naranjal, Guayas,-79.5325634,-2.5731305,285.16,Pública,Universidad Central del Ecuador (UCE)
Olga Marcela Caro,Prada, Samborondón, Guayas,-79.7562694,-2.0155653,242.86,Pública,Universidad Central del Ecuador (UCE)
Tere Verdú,Carballo,Zaruma, El Oro,-79.5131743,-3.5111939,382.47,Privada,Pontificia Universidad Católica del Ecuador (PUCE)
Samuel Campo,Herrero, Pimampiro, Imbabura,-77.9402742,0.393298,93.27,Privada,Universidad Politécnica Salesiana (UPS)
Glauco Bas,Correa, Huaca, Carchi,-77.727333,0.7987391,143.02,Pública,Escuela Politécnica del Ejército (ESPE)
Antonio Aguirre,Alcántar, Chambo, Chimborazo,-78.5425997,-1.74403,169.48,Pública,Universidad Central del Ecuador (UCE)
Ana Eugenia,Bohórquez, Camilo Ponce Enríquez, Azuay,-79.5630363,-2.9640696,326.69,Privada,Pontificia Universidad Católica del Ecuador (PUCE)
Maia Santino Gomez,Vega, Paute, Azuay,-78.7362416,-2.7468493,282.05,Pública,Universidad Central del Ecuador (UCE)
Eduardo Bustos,Bustos, Valdez, Esmeraldas,-78.9826345,1.2489838,171.53,Pública,Escuela Politécnica del Ejército (ESPE)
Rosa María Guijarro,Gallo, Velasco Ibarra, Guayas,-79.8779821,-2.2843364,275.19,Pública,Universidad Central del Ecuador (UCE)
Guillermo Montes,Ávila, Cumandá, Chimborazo,-79.103584,-2.2108666,230.91,Pública,Escuela Politécnica del Ejército (ESPE)
Elvia,Saldivar, Calceta, Manabí,-80.1640382,-0.8480934,196.48,Pública,Universidad Central del Ecuador (UCE)
Graciela,Villarreal, Durán, Guayas,-79.7895887,-2.2127014,263.15,Pública,Universidad Central del Ecuador (UCE)
Catalina Vera,Aguado, Biblián, Cañar,-78.9802821,-2.6748261,277.86,Pública,Escuela Politécnica del Ejército (ESPE)
Conrado Lago,Cobo, Pelileo, Tungurahua,-78.537307,-1.3573827,126.48,Pública,Universidad Central del Ecuador (UCE)
Antonio Escobedo,Escobar, Guano, Chimborazo,-78.6578385,-1.539923,147.64,Pública,Escuela Politécnica Nacional (EPN)
Ana Yolanda Vega,Agudelo,Latacunga, Cotopaxi,-78.6145758,-0.9340311,80.19,Pública,Universidad Central del Ecuador (UCE)
Fernanda Jessica Galvis,Contreras,Piñas, El Oro,-79.7832238,-3.7106809,413.02,Pública,Universidad Central del Ecuador (UCE)
Henry,Martínez, Lomas de Sargentillo, Guayas,-80.0789495,-1.8348374,250.14,Pública,Universidad Central del Ecuador (UCE)
Fabiola Barrena,Ropero, Atacames, Esmeraldas,-79.8790841,0.7971086,189.45,Pública,Escuela Politécnica Nacional (EPN)
Adora Borja,Montalbán, Baños de Agua Santa, Tungurahua,-78.4402276,-1.417407,133.37,Pública,Escuela Politécnica Nacional (EPN)
Amparo Juliana,Ruiz,San Lorenzo, Esmeraldas,-78.6869333,0.9850634,135.41,Pública,Universidad Central del Ecuador (UCE)
Manuel Jesús Reyes,Vásquez, Esmeraldas, Esmeraldas,-79.6523847,0.9668153,183.0,Privada,Universidad Tecnológica Indoamérica (UTI)
Rodrigo David,Arias,Babahoyo, Los Ríos,-79.5068917,-1.8762599,214.79,Pública,Universidad Central del Ecuador (UCE)
Miguel Restrepo,Salgado, Rocafuerte, Manabí,-80.4012121,-0.9032437,223.34,Pública,Universidad Central del Ecuador (UCE)
Joaquina,Medina, Flavio Alfaro, Manabí,-79.844538,-0.3242859,148.59,Pública,Universidad Central del Ecuador (UCE)
Judith Lourdes,Alvarado, Santo Domingo, Santo Domingo de los Tsáchilas,-79.1686724,-0.2546212,73.08,Pública,Universidad Central del Ecuador (UCE)
Juana Susana Córdova,Pabón, Shushufindi, Sucumbíos,-76.5906945,-0.2885051,213.81,Pública,Universidad Central del Ecuador (UCE)
Marina,Figueroa, Portoviejo, Manabí,-80.4534134,-1.05282,234.85,Pública,Instituto de Altos Estudios Nacionales (IAEN)
Rosalia Dulce María,Gamboa,Latacunga, Cotopaxi,-78.6145758,-0.9340311,80.19,Pública,Universidad Central del Ecuador (UCE)
Gustavo Sureda,Conde, Calceta, Manabí,-80.1640382,-0.8480934,196.48,Pública,Universidad Central del Ecuador (UCE)
Alberto César,Sánchez, Echeandía, Bolívar,-79.2735861,-1.4469547,160.54,Pública,Universidad Central del Ecuador (UCE)
Diana Angie Sierra,Mejía, Shushufindi, Sucumbíos,-76.5906945,-0.2885051,213.81,Pública,Escuela Politécnica Nacional (EPN)
Wendolin,Balderas, Muisne, Esmeraldas,-79.8817211,0.5387247,174.09,Privada,Universidad Tecnológica Equinoccial (UTE)
María Cecilia,Acosta,El Triunfo, Guayas,-79.3660575,-2.2907784,249.03,Pública,Universidad Central del Ecuador (UCE)
Paola Barbosa,Arenas, Santa Lucía, Guayas,-80.0426304,-1.7145863,237.82,Pública,Universidad Central del Ecuador (UCE)
Benjamin,Sanchez, Palenque, Los Ríos,-79.7182552,-1.3353343,182.63,Pública,Universidad Central del Ecuador (UCE)
Sonia Hugo Portillo,Casas, Paján, Manabí,-80.4212975,-1.7040791,268.83,Pública,Universidad Central del Ecuador (UCE)
Mtro. Jacinto,Niño, Jama, Manabí,-80.2295834,-0.2149489,190.95,Pública,Universidad Central del Ecuador (UCE)
Raúl Mario Barajas,Almanza, La Joya de los Sachas, Orellana,-76.8611463,-0.3161424,183.91,Privada,Pontificia Universidad Católica del Ecuador (PUCE)
Ciro Sofia Romero,Martinez, Loreto, Orellana,-77.3252738,-0.6471884,140.27,Pública,Universidad Central del Ecuador (UCE)
Kevin Jaime Escobar,Valencia, Nueva Loja, Sucumbíos,-76.8834932,0.0850591,184.27,Pública,Universidad Central del Ecuador (UCE)
Inés Susana,Vega,Piñas, El Oro,-79.7832238,-3.7106809,413.02,Pública,Universidad Central del Ecuador (UCE)
Ing. Eva,Haro, Riobamba, Chimborazo,-78.6482479,-1.6732765,162.28,Privada,Universidad Tecnológica Indoamérica (UTI)
Dr(a). Mateo Agustin,Sanchez, Paján, Manabí,-80.4212975,-1.7040791,268.83,Privada,Universidad Tecnológica Equinoccial (UTE)
Pili Colomer,Montoya, Puerto López, Manabí,-80.744524,-1.5440814,288.55,Pública,Universidad Central del Ecuador (UCE)
Leandra,Sevillano, El Pangui, Zamora Chinchipe,-78.5473049,-3.6253506,378.66,Pública,Universidad Central del Ecuador (UCE)
Lorena Ligia,Mercado, Naranjito, Guayas,-79.3904646,-2.1590388,236.66,Pública,Universidad Central del Ecuador (UCE)
Rosa Castaño,Ortega, La Maná, Cotopaxi,-79.1010573,-0.7841908,90.66,Pública,Universidad Central del Ecuador (UCE)
Itzel Moya,Rosas, San Gabriel, Carchi,-77.835319,0.598485,118.12,Pública,Escuela Politécnica Nacional (EPN)
Indira Mercedes Martínez,Zedillo, Shushufindi, Sucumbíos,-76.5906945,-0.2885051,213.81,Pública,Universidad Central del Ecuador (UCE)
Rubén Salma,Casárez, Urcuquí, Imbabura,-78.1941499,0.4172921,79.22,Pública,Escuela Politécnica del Ejército (ESPE)
Aura,Ramírez, Píllaro, Tungurahua,-78.5423177,-1.1725302,105.95,Pública,Escuela Politécnica del Ejército (ESPE)
Dary Laura Figueroa,Rodríguez,El Ángel, Carchi,-77.9396301,0.6211998,113.17,Privada,Pontificia Universidad Católica del Ecuador (PUCE)
Patricia María Arango,Castellanos,Otavalo, Imbabura,-78.2454274,0.2227636,57.5,Pública,Universidad Central del Ecuador (UCE)
Josefa Coloma,Salom, Cotacachi, Imbabura,-78.4507013,0.3955234,68.8,Privada,Universidad de las Américas (UDLA)
Sr(a). Mia,Navarro,Salinas, Santa Elena,-80.9237973,-2.2612497,351.24,Pública,Universidad Central del Ecuador (UCE)
Javier,Llorente-Figuerola, Pedernales, Manabí,-79.8451737,0.0693259,151.66,Pública,Universidad Central del Ecuador (UCE)
Mateo Valentino Moyano,Gomez, San Miguel de Salcedo, Cotopaxi,-78.5907824,-1.043699,91.99,Privada,Universidad de las Américas (UDLA)
Manuel Alexander Camargo,Caicedo, Durán, Guayas,-79.7895887,-2.2127014,263.15,Privada,Universidad Tecnológica Equinoccial (UTE)
Camila Juan Cruz Miranda,Gonzalez, Baños de Agua Santa, Tungurahua,-78.4402276,-1.417407,133.37,Pública,Universidad Central del Ecuador (UCE)
Julián Julián,Nieto,Puebloviejo, Los Ríos,-79.5474126,-1.5368546,186.22,Pública,Universidad Central del Ecuador (UCE)
Jose Ramón Bartolomé,Bayo,Atuntaqui, Imbabura,-78.219615,0.3316022,69.45,Pública,Escuela Politécnica Nacional (EPN)
Benjamín Octavio,Dávila, Santa Rosa, El Oro,-80.154904,-3.4145538,399.35,Privada,Universidad San Francisco de Quito (USFQ)
Jorge Luis Munguía,Mireles, Cotacachi, Imbabura,-78.4507013,0.3955234,68.8,Pública,Universidad Central del Ecuador (UCE)
Fabiana Baños,Ugarte,El Ángel, Carchi,-77.9396301,0.6211998,113.17,Pública,Escuela Politécnica del Ejército (ESPE)
Sr(a). Bruno,Moreno, Esmeraldas, Esmeraldas,-79.6523847,0.9668153,183.0,Pública,Universidad Central del Ecuador (UCE)
Manuel Catalina,Diaz,Montecristi, Manabí,-80.6606834,-1.0504072,256.09,Pública,Universidad Central del Ecuador (UCE)
Francisca Gaytán,Grijalva, Bahía de Caráquez, Manabí,-80.423572,-0.5999649,216.67,Pública,Universidad Central del Ecuador (UCE)
Aitana de,Gomis, Riobamba, Chimborazo,-78.6482479,-1.6732765,162.28,Pública,Universidad Central del Ecuador (UCE)
Martina Navarro,Duarte, Valencia, Los Ríos,-79.3211355,-0.7696521,108.72,Pública,Escuela Politécnica del Ejército (ESPE)
Mtro. Irene,Ontiveros, Huaca, Carchi,-77.727333,0.7987391,143.02,Pública,Escuela Politécnica Nacional (EPN)
Bianca Garcia,Gonzalez, Macará, Loja,-79.9154486,-4.3490358,484.84,Pública,Escuela Politécnica del Ejército (ESPE)
Sr(a). Martina,Nuñez, Gualaquiza, Morona Santiago,-78.706485,-3.3277138,346.22,Pública,Universidad Central del Ecuador (UCE)
Rodolfo Mitzy,Aguilar, Cuenca, Azuay,-79.0041726,-2.8974072,302.67,Pública,Universidad Central del Ecuador (UCE)
Nancy Rosa,Burbano,Puebloviejo, Los Ríos,-79.5474126,-1.5368546,186.22,Pública,Universidad Central del Ecuador (UCE)
Eric,Coronado,Bucay, Guayas,-79.1376329,-2.2004367,230.91,Pública,Universidad Central del Ecuador (UCE)
Elisabet Débora Perelló,Vicente,Salitre, Guayas,-79.8187323,-1.8289209,230.42,Pública,Escuela Politécnica Nacional (EPN)
Miguel Angel Zoe,Perez, Balao, Guayas,-79.7180498,-2.8852516,325.24,Pública,Escuela Politécnica del Ejército (ESPE)
Francisca Laura Casares,Lira, San Miguel, Bolívar,-79.127262,-1.8120574,189.75,Pública,Universidad Central del Ecuador (UCE)
Tomàs Martin,Carrizo,Loja, Loja,-79.2016661,-3.996845,426.87,Privada,Universidad Internacional del Ecuador (UIDE)
Santiago Martina,Cordoba, Montalvo, Los Ríos,-79.348133,-1.8025855,198.99,Pública,Universidad Central del Ecuador (UCE)
Rebeca Héctor,Gallegos, Tulcán, Carchi,-77.7172151,0.8115707,144.84,Pública,Universidad Central del Ecuador (UCE)
Miguel Augusto,Torres, Pimampiro, Imbabura,-77.9402742,0.393298,93.27,Privada,Universidad de las Américas (UDLA)
Rocío Lucía Rojas,Díaz, Buena Fe, Los Ríos,-79.5296983,-0.7488694,127.49,Privada,Universidad de las Américas (UDLA)
Tatiana Consuelo Pinzón,Cruz, Palestina, Guayas,-79.9273316,-1.6318981,222.24,Privada,Universidad de las Américas (UDLA)
Sr(a). Mateo Valentin,Suarez, Santa Rosa, El Oro,-80.154904,-3.4145538,399.35,Pública,Universidad Central del Ecuador (UCE)
María Luz Rodríguez,Gómez, Balzar, Guayas,-79.9367148,-1.3062992,199.16,Pública,Universidad Central del Ecuador (UCE)
Emigdio Abad,Mateos,Pasaje, El Oro,-79.7625976,-3.3234936,372.0,Pública,Universidad Central del Ecuador (UCE)
Sebastian,Soto, Shushufindi, Sucumbíos,-76.5906945,-0.2885051,213.81,Pública,Escuela Politécnica Nacional (EPN)
Gerónimo Garrido,Farré,Guaranda, Bolívar,-79.0576662,-1.4398571,148.56,Pública,Universidad Central del Ecuador (UCE)
Bautista Ciro Gonzalez,Vazquez,Bucay, Guayas,-79.1376329,-2.2004367,230.91,Pública,Universidad Andina Simón Bolívar (UASB)
Calisto Eleuterio Saura,Fuentes,Ventanas, Los Ríos,-79.3351558,-1.3253915,153.21,Pública,Universidad Central del Ecuador (UCE)
Valerio Tamayo,Díaz, Tabacundo, Pichincha,-78.2216436,0.048201,43.99,Pública,Universidad Central del Ecuador (UCE)
Armando Guitart,Sarabia, San Miguel, Bolívar,-79.127262,-1.8120574,189.75,Pública,Universidad Central del Ecuador (UCE)
José,Londoño,Tena, Napo,-78.1083981,-0.9438718,92.16,Pública,Universidad Central del Ecuador (UCE)
Cándido Bas,Puga, Mocache, Los Ríos,-79.5512661,-1.1979,158.63,Pública,Escuela Politécnica del Ejército (ESPE)
Martina Benitez,Medina, Shushufindi, Sucumbíos,-76.5906945,-0.2885051,213.81,Pública,Universidad Central del Ecuador (UCE)
Reynaldo Armendáriz,Barajas, San Gabriel, Carchi,-77.835319,0.598485,118.12,Pública,Escuela Politécnica del Ejército (ESPE)
Humberto,Ramírez, Samborondón, Guayas,-79.7562694,-2.0155653,242.86,Pública,Escuela Politécnica del Ejército (ESPE)
Mary,Corredor, Lomas de Sargentillo, Guayas,-80.0789495,-1.8348374,250.14,Pública,Universidad Central del Ecuador (UCE)
Marisol Abel,Armendáriz,Sangolquí, Pichincha,-78.4483476,-0.3288822,14.03,Pública,Universidad Central del Ecuador (UCE)
Dr(a). Sol,Vera, San Gabriel, Carchi,-77.835319,0.598485,118.12,Pública,Escuela Politécnica Nacional (EPN)
Germán Arsenio Pedrero,Sastre,Zamora, Zamora Chinchipe,-78.9577754,-4.0042008,423.67,Pública,Universidad Central del Ecuador (UCE)
Sr(a). Thiago,Mendoza, Paján, Manabí,-80.4212975,-1.7040791,268.83,Pública,Escuela Politécnica Nacional (EPN)
Timoteo Javier Palomo,Delgado, Cotacachi, Imbabura,-78.4507013,0.3955234,68.8,Pública,Universidad Central del Ecuador (UCE)
Valentin Lautaro Garcia,Correa, Paute, Azuay,-78.7362416,-2.7468493,282.05,Pública,Universidad Central del Ecuador (UCE)
Dr(a). Benicio,Benitez, Biblián, Cañar,-78.9802821,-2.6748261,277.86,Pública,Universidad Central del Ecuador (UCE)
Claudia Mosquera,Correa,El Triunfo, Guayas,-79.3660575,-2.2907784,249.03,Pública,Universidad Central del Ecuador (UCE)
Jacobo Santillán,Colunga, La Troncal, Cañar,-79.3751632,-2.433689,264.16,Privada,Universidad Tecnológica Equinoccial (UTE)
Manuela Córdoba,Rendón,Yantzaza, Zamora Chinchipe,-78.7376344,-3.7146811,389.38,Privada,Universidad de las Américas (UDLA)
Ariadna,Perea, Atacames, Esmeraldas,-79.8790841,0.7971086,189.45,Pública,Escuela Politécnica del Ejército (ESPE)
Macaria,Arnaiz,Machachi, Pichincha,-78.6516915,-0.4984774,34.61,Pública,Universidad Central del Ecuador (UCE)
Adela,Iñiguez-Cózar, Chone, Manabí,-80.0721599,-0.3828099,174.38,Pública,Universidad Central del Ecuador (UCE)
Minerva Camilo Melgar,Niño, Paján, Manabí,-80.4212975,-1.7040791,268.83,Pública,Universidad Central del Ecuador (UCE)
Dr(a). Delfina,Sosa, Velasco Ibarra, Guayas,-79.8779821,-2.2843364,275.19,Pública,Universidad Central del Ecuador (UCE)
Francisco Moreno,Fernandez,Manta, Manabí,-80.7191006,-0.9485853,258.39,Pública,Universidad Central del Ecuador (UCE)
Natalia Cardenas,Saldivar,Macas, Morona Santiago,-78.1175466,-2.3046252,235.9,Pública,Universidad Central del Ecuador (UCE)
Hilda Guardado,Palomino,Atuntaqui, Imbabura,-78.219615,0.3316022,69.45,Pública,Escuela Politécnica del Ejército (ESPE)
Luisa Luz Aguilar,Rodríguez, San Miguel de Los Bancos, Pichincha,-78.9214659,-0.0188368,50.7,Pública,Universidad Central del Ecuador (UCE)
Benito Cristóbal Estevez,Bellido, Guano, Chimborazo,-78.6578385,-1.539923,147.64,Privada,Universidad Internacional del Ecuador (UIDE)
Jaime,Carrera-Roca, Echeandía, Bolívar,-79.2735861,-1.4469547,160.54,Pública,Escuela Politécnica del Ejército (ESPE)
José Carvajal,Herrera, El Tambo, Cañar,-78.9133964,-2.4828078,255.51,Pública,Escuela Politécnica Nacional (EPN)
Lucía Natalia Villegas,Acevedo,Bucay, Guayas,-79.1376329,-2.2004367,230.91,Pública,Universidad Central del Ecuador (UCE)
Alejandra Valero,Montenegro,Babahoyo, Los Ríos,-79.5068917,-1.8762599,214.79,Pública,Universidad Central del Ecuador (UCE)
Carmen,Ortega, Buena Fe, Los Ríos,-79.5296983,-0.7488694,127.49,Privada,Universidad Tecnológica Equinoccial (UTE)
Sr(a). Ciro,Nuñez, Quevedo, Los Ríos,-79.4776812,-1.0669701,142.78,Privada,Universidad Internacional del Ecuador (UIDE)
Dany Eduardo Corredor,Uribe, Gualaceo, Azuay,-78.8461586,-2.9180205,302.27,Pública,Universidad Central del Ecuador (UCE)
Dolores Briones,Blanch, Esmeraldas, Esmeraldas,-79.6523847,0.9668153,183.0,Privada,Pontificia Universidad Católica del Ecuador (PUCE)
María Elena Ojeda,Miranda, Rocafuerte, Manabí,-80.4012121,-0.9032437,223.34,Pública,Escuela Politécnica del Ejército (ESPE)
Lic. Aldo,Medrano,Atuntaqui, Imbabura,-78.219615,0.3316022,69.45,Pública,Universidad Central del Ecuador (UCE)
Alberto Camilo Rodríguez,Hernández, Huaca, Carchi,-77.727333,0.7987391,143.02,Privada,Universidad Tecnológica Indoamérica (UTI)
Isidora,Bayón, Buena Fe, Los Ríos,-79.5296983,-0.7488694,127.49,Pública,Universidad Central del Ecuador (UCE)
Gerardo,Vallejo, Pedro Carbo, Guayas,-80.3009814,-1.8672671,270.34,Pública,Escuela Politécnica del Ejército (ESPE)
Sr(a). Valentina,Gomez,Otavalo, Imbabura,-78.2454274,0.2227636,57.5,Pública,Universidad Central del Ecuador (UCE)
Alvaro Juana,Lopez, Santa Isabel, Azuay,-79.3594118,-3.1839392,342.74,Pública,Universidad Central del Ecuador (UCE)
Alejandro Santiago,Tamayo, Macará, Loja,-79.9154486,-4.3490358,484.84,Pública,Escuela Politécnica del Ejército (ESPE)
Jose Angel,Torre, El Carmen, Manabí,-79.5741548,-0.4809541,121.58,Privada,Pontificia Universidad Católica del Ecuador (PUCE)
Julia del Valle,Ocampo, Quevedo, Los Ríos,-79.4776812,-1.0669701,142.78,Pública,Universidad Central del Ecuador (UCE)
Ciriaco Dani Nieto,Uriarte,Saquisilí, Cotopaxi,-78.7312624,-0.8359835,72.67,Pública,Universidad Central del Ecuador (UCE)
Camilo,Campos, Cariamanga, Loja,-79.5559525,-4.326038,471.04,Pública,Universidad Central del Ecuador (UCE)
César Salma,Valladares,Catarama, Los Ríos,-79.4750201,-1.5692196,184.28,Pública,Universidad Central del Ecuador (UCE)
Leonor Pazos,Ropero, Daule, Guayas,-79.9129307,-1.9200069,244.89,Pública,Escuela Politécnica Nacional (EPN)
Viviana,Pedrosa, San Miguel de Los Bancos, Pichincha,-78.9214659,-0.0188368,50.7,Pública,Universidad Central del Ecuador (UCE)
Juana Aragonés,Lorenzo, La Maná, Cotopaxi,-79.1010573,-0.7841908,90.66,Pública,Universidad Central del Ecuador (UCE)
Dr(a). Bautista,Rodriguez, San Miguel de Los Bancos, Pichincha,-78.9214659,-0.0188368,50.7,Pública,Universidad Central del Ecuador (UCE)
Diego Jaider Fajardo,Pardo,Catarama, Los Ríos,-79.4750201,-1.5692196,184.28,Pública,Escuela Politécnica Nacional (EPN)
Cecilio Boix,Estévez, Tosagua, Manabí,-80.2577186,-0.7755207,203.66,Pública,Escuela Politécnica Nacional (EPN)
Victoria,Treviño, Pimampiro, Imbabura,-77.9402742,0.393298,93.27,Pública,Universidad Central del Ecuador (UCE)
Jairo,Domínguez, El Pangui, Zamora Chinchipe,-78.5473049,-3.6253506,378.66,Privada,Universidad de las Américas (UDLA)
Lic. Camilo,Valencia,Salitre, Guayas,-79.8187323,-1.8289209,230.42,Pública,Escuela Politécnica del Ejército (ESPE)
Cosme de,Mas,Zamora, Zamora Chinchipe,-78.9577754,-4.0042008,423.67,Pública,Universidad Central del Ecuador (UCE)
Adalberto,Nieto, Cotacachi, Imbabura,-78.4507013,0.3955234,68.8,Pública,Escuela Politécnica del Ejército (ESPE)
Rocío,Albero, Calceta, Manabí,-80.1640382,-0.8480934,196.48,Pública,Escuela Politécnica del Ejército (ESPE)
Natalia,Larrañaga, Cuenca, Azuay,-79.0041726,-2.8974072,302.67,Pública,Escuela Politécnica del Ejército (ESPE)
Valerio Santiago Cerro,Montenegro, Píllaro, Tungurahua,-78.5423177,-1.1725302,105.95,Pública,Universidad Central del Ecuador (UCE)
Ernesto,Esparza, Nueva Loja, Sucumbíos,-76.8834932,0.0850591,184.27,Pública,Escuela Politécnica del Ejército (ESPE)
Jazmin,Gomez,Zaruma, El Oro,-79.5131743,-3.5111939,382.47,Pública,Escuela Politécnica del Ejército (ESPE)
Sr(a). Felipe,Fernandez, Gualaquiza, Morona Santiago,-78.706485,-3.3277138,346.22,Privada,Universidad Internacional del Ecuador (UIDE)
Mateo Serna,Beltrán,Machachi, Pichincha,-78.6516915,-0.4984774,34.61,Pública,Universidad Central del Ecuador (UCE)
Socorro Liliana,Nájera,Machachi, Pichincha,-78.6516915,-0.4984774,34.61,Pública,Universidad Central del Ecuador (UCE)
Lorenzo Ana María Preciado,Arias,Otavalo, Imbabura,-78.2454274,0.2227636,57.5,Privada,Universidad de las Américas (UDLA)
José Sandoval,Granados, Guano, Chimborazo,-78.6578385,-1.539923,147.64,Pública,Universidad Central del Ecuador (UCE)
Sofía,Aguero, El Carmen, Manabí,-79.5741548,-0.4809541,121.58,Pública,Escuela Politécnica Nacional (EPN)
Sessa,Saucedo, Riobamba, Chimborazo,-78.6482479,-1.6732765,162.28,Pública,Universidad Central del Ecuador (UCE)
Emma Maximo,Aguirre, Archidona, Napo,-77.955042,-0.7160712,82.95,Privada,Universidad Internacional del Ecuador (UIDE)
María Carmen Anguita,Rincón,Catacocha, Loja,-79.6497578,-4.0503147,444.24,Pública,Universidad Central del Ecuador (UCE)
Anselma de,Ariño, Atacames, Esmeraldas,-79.8790841,0.7971086,189.45,Pública,Escuela Politécnica Nacional (EPN)
Jhon,Restrepo,El Ángel, Carchi,-77.9396301,0.6211998,113.17,Pública,Escuela Politécnica del Ejército (ESPE)
Gerardo,Calderón, Shushufindi, Sucumbíos,-76.5906945,-0.2885051,213.81,Pública,Universidad Central del Ecuador (UCE)
Alfonso Jhon Bohórquez,Pacheco, Jama, Manabí,-80.2295834,-0.2149489,190.95,Pública,Universidad Central del Ecuador (UCE)
Iván,Bustos, Colimes, Guayas,-80.0818751,-1.5161582,226.31,Privada,Universidad de las Américas (UDLA)
Julia Mora Rodriguez,Morales,Cayambe, Pichincha,-77.9889555,0.0251586,64.27,Pública,Escuela Politécnica Nacional (EPN)
Orlando,Torres, Santa Isabel, Azuay,-79.3594118,-3.1839392,342.74,Pública,Escuela Politécnica Nacional (EPN)
Amparo Carolina Suárez,Luna, Cañar, Cañar,-79.1800778,-2.4749335,261.48,Pública,Escuela Politécnica del Ejército (ESPE)
Thiago Benjamin Pedro Dominguez,Vazquez, Colimes, Guayas,-80.0818751,-1.5161582,226.31,Pública,Universidad Central del Ecuador (UCE)
Elias Jos Torres,Uribe,Piñas, El Oro,-79.7832238,-3.7106809,413.02,Pública,Universidad Andina Simón Bolívar (UASB)
Fanny Margarita Pérez,Vanegas,Catarama, Los Ríos,-79.4750201,-1.5692196,184.28,Pública,Universidad Central del Ecuador (UCE)
Sandra Dary Serrano,Díaz,Puyo, Pastaza,-77.9969666,-1.4854777,151.92,Pública,Escuela Politécnica Nacional (EPN)
Emma Pilar Perez,Ortiz,Baba, Los Ríos,-79.6615818,-1.6727698,205.95,Pública,Universidad Central del Ecuador (UCE)
Carmen García,González, Vinces, Los Ríos,-79.766045,-1.5235263,201.08,Pública,Escuela Politécnica del Ejército (ESPE)
Dr(a). Benjamin,Lopez, San Miguel de Salcedo, Cotopaxi,-78.5907824,-1.043699,91.99,Pública,Universidad Central del Ecuador (UCE)
Miguel Yerson Orozco,Castro, El Coca, Orellana,-76.9837216,-0.4721804,172.26,Pública,Escuela Politécnica Nacional (EPN)
Thiago Benjamin Lautaro Gabriel,Morales, El Pangui, Zamora Chinchipe,-78.5473049,-3.6253506,378.66,Pública,Escuela Politécnica del Ejército (ESPE)
Sr(a). Agustin,Alvarez, Santa Rosa, El Oro,-80.154904,-3.4145538,399.35,Pública,Universidad Central del Ecuador (UCE)
Cipriano Casado,Pardo,El Triunfo, Guayas,-79.3660575,-2.2907784,249.03,Pública,Universidad Central del Ecuador (UCE)
Teo Becerra,Lobato, Balao, Guayas,-79.7180498,-2.8852516,325.24,Pública,Escuela Politécnica del Ejército (ESPE)
Lupe del,Castejón, Cuenca, Azuay,-79.0041726,-2.8974072,302.67,Pública,Universidad Central del Ecuador (UCE)
Clara Ariño,Barreda, Cañar, Cañar,-79.1800778,-2.4749335,261.48,Pública,Universidad Central del Ecuador (UCE)
Florentino Lluch,Luís, El Pangui, Zamora Chinchipe,-78.5473049,-3.6253506,378.66,Pública,Universidad Central del Ecuador (UCE)
Francisco Ana Paula,Ortiz, Junín, Manabí,-80.2054147,-0.9394745,204.54,Pública,Escuela Politécnica Nacional (EPN)
Marco Carlos,Cortés, Biblián, Cañar,-78.9802821,-2.6748261,277.86,Pública,Universidad Central del Ecuador (UCE)
Andrea Lidia Flórez,Ríos, Balsas, El Oro,-79.831096,-3.7742179,421.48,Pública,Universidad Central del Ecuador (UCE)
Artemio Lerma,Torre, Gualaceo, Azuay,-78.8461586,-2.9180205,302.27,Pública,Universidad Central del Ecuador (UCE)
Duilio Ramos,Giner, La Libertad, Santa Elena,-80.9077647,-2.2208117,346.98,Pública,Universidad Central del Ecuador (UCE)
Santiago de,Jesús,Babahoyo, Los Ríos,-79.5068917,-1.8762599,214.79,Pública,Escuela Politécnica del Ejército (ESPE)
Gilberto Bernabé,Acosta, Samborondón, Guayas,-79.7562694,-2.0155653,242.86,Pública,Instituto de Altos Estudios Nacionales (IAEN)
Manuel Ricardo Zapata,Olvera, El Tambo, Cañar,-78.9133964,-2.4828078,255.51,Privada,Universidad Internacional del Ecuador (UIDE)
Francisco Thiago Leonel,Ramirez,Zaruma, El Oro,-79.5131743,-3.5111939,382.47,Pública,Universidad Central del Ecuador (UCE)
Felipe,Paez,Montecristi, Manabí,-80.6606834,-1.0504072,256.09,Pública,Escuela Politécnica del Ejército (ESPE)
Juan Pablo Perez,Cruz, Cotacachi, Imbabura,-78.4507013,0.3955234,68.8,Pública,Universidad Central del Ecuador (UCE)
Francesco,Pereyra,El Triunfo, Guayas,-79.3660575,-2.2907784,249.03,Privada,Universidad de las Américas (UDLA)
Tatiana,Garzón,Puerto Baquerizo Moreno, Galápagos,-89.610191,-0.902599,1236.29,Pública,Escuela Politécnica del Ejército (ESPE)
Sr(a). Thiago,Quiroga, Lomas de Sargentillo, Guayas,-80.0789495,-1.8348374,250.14,Privada,Universidad Politécnica Salesiana (UPS)
Maia Sofia,Sanchez,Salinas, Santa Elena,-80.9237973,-2.2612497,351.24,Pública,Escuela Politécnica Nacional (EPN)
Valentina Juana Martinez,Juarez,San Lorenzo, Esmeraldas,-78.6869333,0.9850634,135.41,Pública,Escuela Politécnica Nacional (EPN)
Ramiro Ortiz,Moreno, Huaca, Carchi,-77.727333,0.7987391,143.02,Pública,Universidad Central del Ecuador (UCE)
Oriana Almeida,Porcel, Durán, Guayas,-79.7895887,-2.2127014,263.15,Privada,Universidad de las Américas (UDLA)
Eduardo Mauricio,Vanegas, Mocache, Los Ríos,-79.5512661,-1.1979,158.63,Pública,Escuela Politécnica Nacional (EPN)
Lorenzo Sosa,Perez, Palenque, Los Ríos,-79.7182552,-1.3353343,182.63,Pública,Universidad Central del Ecuador (UCE)
Carlos David Orozco,Delgado, Píllaro, Tungurahua,-78.5423177,-1.1725302,105.95,Pública,Universidad Central del Ecuador (UCE)
Juana Nava,Arriaga, Balsas, El Oro,-79.831096,-3.7742179,421.48,Pública,Escuela Politécnica del Ejército (ESPE)
Cristobal Caballero,Uribe,Quinsaloma, Los Ríos,-79.3468998,-1.1460552,138.6,Privada,Universidad Politécnica Salesiana (UPS)
Aníbal,Zapata-Jara, Gualaceo, Azuay,-78.8461586,-2.9180205,302.27,Pública,Universidad Central del Ecuador (UCE)
Juana Alma Mia,Garcia, La Maná, Cotopaxi,-79.1010573,-0.7841908,90.66,Pública,Escuela Politécnica del Ejército (ESPE)
Lucas Hugo de la,Crúz, Valdez, Esmeraldas,-78.9826345,1.2489838,171.53,Pública,Escuela Politécnica del Ejército (ESPE)
Tristán de,Azorin, Balzar, Guayas,-79.9367148,-1.3062992,199.16,Privada,Universidad San Francisco de Quito (USFQ)
Pascual Mariano Piña de la,Fuente,Simón Bolívar, Guayas,-79.4218634,-2.0424101,226.45,Pública,Universidad Central del Ecuador (UCE)
Elsa Zavala,Bermúdez, Echeandía, Bolívar,-79.2735861,-1.4469547,160.54,Pública,Universidad Central del Ecuador (UCE)
Eloy Escamilla,Casanova, El Carmen, Manabí,-79.5741548,-0.4809541,121.58,Pública,Universidad Central del Ecuador (UCE)
Dr(a). Lisandro,Fernandez, Riobamba, Chimborazo,-78.6482479,-1.6732765,162.28,Privada,Universidad de las Américas (UDLA)
Abril Irma de la,Torre, Pedro Carbo, Guayas,-80.3009814,-1.8672671,270.34,Pública,Universidad Central del Ecuador (UCE)
Tatiana,Lara,San Lorenzo, Esmeraldas,-78.6869333,0.9850634,135.41,Privada,Universidad de las Américas (UDLA)
Mateo Valentin,Farias,Quinsaloma, Los Ríos,-79.3468998,-1.1460552,138.6,Pública,Universidad Central del Ecuador (UCE)
Mtro. Renato,Leiva,Ventanas, Los Ríos,-79.3351558,-1.3253915,153.21,Pública,Escuela Politécnica del Ejército (ESPE)
Facundo Paloma,Vera, Palora, Morona Santiago,-77.9675269,-1.6981449,175.15,Pública,Universidad Central del Ecuador (UCE)
Sr(a). Ángel,Ocasio, Chordeleg, Azuay,-78.7307218,-2.9844675,308.33,Pública,Escuela Politécnica Nacional (EPN)
Graciela Rincón,Tafoya,San Vicente, Manabí,-80.3761409,-0.4373946,208.65,Pública,Escuela Politécnica Nacional (EPN)
Nicolas,Ojeda,Bucay, Guayas,-79.1376329,-2.2004367,230.91,Pública,Universidad Central del Ecuador (UCE)
Dr(a). Maia,Silva,Cayambe, Pichincha,-77.9889555,0.0251586,64.27,Pública,Escuela Politécnica del Ejército (ESPE)
Bruno Lola Gimenez,Gimenez,Latacunga, Cotopaxi,-78.6145758,-0.9340311,80.19,Pública,Universidad Central del Ecuador (UCE)
Angelino,Pedrero, Cotacachi, Imbabura,-78.4507013,0.3955234,68.8,Pública,Universidad Central del Ecuador (UCE)
Angie Adriana,Rivera, Milagro, Guayas,-79.5552042,-2.1179635,240.77,Pública,Escuela Politécnica del Ejército (ESPE)
Cecilia,Ramírez, Durán, Guayas,-79.7895887,-2.2127014,263.15,Privada,Pontificia Universidad Católica del Ecuador (PUCE)
Isaac,Colom, Flavio Alfaro, Manabí,-79.844538,-0.3242859,148.59,Pública,Escuela Politécnica Nacional (EPN)
Sr(a). Lara,Sanchez, Píllaro, Tungurahua,-78.5423177,-1.1725302,105.95,Privada,Universidad de las Américas (UDLA)
Adriana Esperanza,Quiñones,Jaramijó, Manabí,-80.6134583,-0.9743883,248.22,Pública,Escuela Politécnica del Ejército (ESPE)
Diego Esteban Arias,Ramírez,El Triunfo, Guayas,-79.3660575,-2.2907784,249.03,Pública,Universidad Central del Ecuador (UCE)
Amelia,Guillen, San Miguel de Salcedo, Cotopaxi,-78.5907824,-1.043699,91.99,Pública,Escuela Politécnica Nacional (EPN)
Gustavo Noriega,Avilés, Rocafuerte, Manabí,-80.4012121,-0.9032437,223.34,Pública,Universidad Central del Ecuador (UCE)
Wilmar Vicente Bohórquez,García, Ambato, Tungurahua,-78.6287594,-1.2422413,114.38,Pública,Escuela Politécnica Nacional (EPN)
Steven Jaime,Gómez,Sangolquí, Pichincha,-78.4483476,-0.3288822,14.03,Pública,Escuela Politécnica del Ejército (ESPE)
Lautaro Lopez,Ayala, Santa Rosa, El Oro,-80.154904,-3.4145538,399.35,Pública,Universidad Central del Ecuador (UCE)
Benito Concepción,Valenzuela, La Joya de los Sachas, Orellana,-76.8611463,-0.3161424,183.91,Pública,Escuela Politécnica Nacional (EPN)
Inés,Quintero, Cuenca, Azuay,-79.0041726,-2.8974072,302.67,Privada,Pontificia Universidad Católica del Ecuador (PUCE)
Julian Emilia Rodriguez,Gutierrez, San Gabriel, Carchi,-77.835319,0.598485,118.12,Pública,Escuela Politécnica del Ejército (ESPE)
Purificación Torrent,Rosselló, Urcuquí, Imbabura,-78.1941499,0.4172921,79.22,Pública,Universidad Central del Ecuador (UCE)
Pastora de,Corral, Portoviejo, Manabí,-80.4534134,-1.05282,234.85,Pública,Escuela Politécnica del Ejército (ESPE)
Antonella Simon Muñoz,Perez, Huaquillas, El Oro,-80.184453,-3.4756231,406.89,Pública,Escuela Politécnica del Ejército (ESPE)
Aurelio Sergio,Olivo, Milagro, Guayas,-79.5552042,-2.1179635,240.77,Pública,Universidad Central del Ecuador (UCE)
David Gómez,Rodríguez, Jipijapa, Manabí,-80.6124982,-1.5158193,274.37,Privada,Universidad de las Américas (UDLA)
Lourdes Rebeca,Esquibel,Sucúa, Morona Santiago,-78.1727383,-2.4560109,251.46,Pública,Universidad Central del Ecuador (UCE)
Pedro Tiziano,Olivera,Pujilí, Cotopaxi,-78.8559205,-1.0077046,95.54,Pública,Escuela Politécnica del Ejército (ESPE)
Andrés Dávila,Archuleta,Pasaje, El Oro,-79.7625976,-3.3234936,372.0,Pública,Universidad Central del Ecuador (UCE)
Kevin David Ceballos,Pérez, Lomas de Sargentillo, Guayas,-80.0789495,-1.8348374,250.14,Pública,Universidad Central del Ecuador (UCE)
Bautista Medina,Mendoza,Ventanas, Los Ríos,-79.3351558,-1.3253915,153.21,Pública,Escuela Politécnica del Ejército (ESPE)
Bryan Antonio Velásquez,Campo, Guayaquil, Guayas,-80.0983887,-2.2895167,289.88,Privada,Pontificia Universidad Católica del Ecuador (PUCE)
Cristian Hernán,Perea, Bahía de Caráquez, Manabí,-80.423572,-0.5999649,216.67,Pública,Escuela Politécnica Nacional (EPN)
Martha María Ramos,Valencia,Latacunga, Cotopaxi,-78.6145758,-0.9340311,80.19,Pública,Universidad Central del Ecuador (UCE)
Emerson Ronal Martínez,Vega, Urcuquí, Imbabura,-78.1941499,0.4172921,79.22,Privada,Universidad de las Américas (UDLA)
Jessica Yaneth,Meza, Cotacachi, Imbabura,-78.4507013,0.3955234,68.8,Pública,Escuela Politécnica del Ejército (ESPE)
Marisol Cristian,Calvillo, Jipijapa, Manabí,-80.6124982,-1.5158193,274.37,Pública,Universidad Central del Ecuador (UCE)
Alfredo Guerrero,Valencia,San Vicente, Manabí,-80.3761409,-0.4373946,208.65,Pública,Universidad Central del Ecuador (UCE)
Ceferino del,Batalla,Azogues, Cañar,-78.8467191,-2.7380492,282.43,Pública,Escuela Politécnica del Ejército (ESPE)
Marina,Aguilar, Palora, Morona Santiago,-77.9675269,-1.6981449,175.15,Privada,Pontificia Universidad Católica del Ecuador (PUCE)
Mario,Angulo,Arenillas, El Oro,-80.0974316,-3.5859238,413.63,Pública,Universidad Andina Simón Bolívar (UASB)
Luis David,Cuéllar, Puerto López, Manabí,-80.744524,-1.5440814,288.55,Privada,Universidad Tecnológica Indoamérica (UTI)
Salvador,Ramirez, Balao, Guayas,-79.7180498,-2.8852516,325.24,Pública,Universidad Central del Ecuador (UCE)
Federico Santiago de Anda,Miramontes, Píllaro, Tungurahua,-78.5423177,-1.1725302,105.95,Privada,Universidad de las Américas (UDLA)
Mtro. Rosalia,Ocampo,Yantzaza, Zamora Chinchipe,-78.7376344,-3.7146811,389.38,Pública,Escuela Politécnica Nacional (EPN)
Ariel Blanca,Aguirre, El Tambo, Cañar,-78.9133964,-2.4828078,255.51,Pública,Universidad Central del Ecuador (UCE)
Lic. Miguel,Caballero, Celica, Loja,-79.9851762,-4.1648137,468.15,Pública,Universidad Central del Ecuador (UCE)
Abelardo Rodríguez,Díaz, Esmeraldas, Esmeraldas,-79.6523847,0.9668153,183.0,Pública,Escuela Politécnica Nacional (EPN)
Esteban Pedraza,Palau,Caluma, Bolívar,-79.1963263,-1.5976675,171.01,Pública,Universidad Central del Ecuador (UCE)
Celestino Menendez,Murillo, Muisne, Esmeraldas,-79.8817211,0.5387247,174.09,Pública,Escuela Politécnica del Ejército (ESPE)
Lupe Blanca,Ariza, Shushufindi, Sucumbíos,-76.5906945,-0.2885051,213.81,Pública,Universidad Central del Ecuador (UCE)
Ruperto,Domínguez, El Coca, Orellana,-76.9837216,-0.4721804,172.26,Pública,Universidad Central del Ecuador (UCE)
Santino,Luna, La Troncal, Cañar,-79.3751632,-2.433689,264.16,Pública,Universidad Central del Ecuador (UCE)
Elodia Bernardita Bas,Sevilla, Narcisa de Jesús, Guayas,-80.2384404,-1.6118103,246.52,Pública,Universidad Andina Simón Bolívar (UASB)
Paula Bermúdez,López, Buena Fe, Los Ríos,-79.5296983,-0.7488694,127.49,Pública,Escuela Politécnica Nacional (EPN)
Alonso Laura Mireles,Curiel, El Tambo, Cañar,-78.9133964,-2.4828078,255.51,Pública,Escuela Politécnica del Ejército (ESPE)
Benicio,Gimenez,Yaguachi, Guayas,-79.9134536,-2.2015355,269.81,Pública,Universidad Central del Ecuador (UCE)
Camilo Granados,Alzate, Calceta, Manabí,-80.1640382,-0.8480934,196.48,Pública,Universidad Central del Ecuador (UCE)
Alberto Miguel,Narváez, General Villamil, Guayas,-80.4261454,-2.5937913,338.99,Privada,Universidad de las Américas (UDLA)
Amor Carranza,Coloma,Babahoyo, Los Ríos,-79.5068917,-1.8762599,214.79,Privada,Universidad Internacional del Ecuador (UIDE)
Begoña Company,Beltrán,Yantzaza, Zamora Chinchipe,-78.7376344,-3.7146811,389.38,Pública,Universidad Central del Ecuador (UCE)
Santiago Dario,Pinzón, Samborondón, Guayas,-79.7562694,-2.0155653,242.86,Pública,Escuela Politécnica Nacional (EPN)
Juan Ignacio,Moreno, Mocache, Los Ríos,-79.5512661,-1.1979,158.63,Privada,Pontificia Universidad Católica del Ecuador (PUCE)
Lady Teresa Morales,Giraldo, El Tambo, Cañar,-78.9133964,-2.4828078,255.51,Pública,Universidad Andina Simón Bolívar (UASB)
María Marisol,Arenas,Quinsaloma, Los Ríos,-79.3468998,-1.1460552,138.6,Pública,Universidad Central del Ecuador (UCE)
Nina Malena,Martin, Coronel Marcelino Maridueña, Guayas,-79.3861649,-2.2333628,244.02,Pública,Universidad Andina Simón Bolívar (UASB)
Carlos Alexander Parada,Salazar, Paute, Azuay,-78.7362416,-2.7468493,282.05,Pública,Universidad Central del Ecuador (UCE)
María Páez,Posada,Catarama, Los Ríos,-79.4750201,-1.5692196,184.28,Privada,Universidad Internacional del Ecuador (UIDE)
Pilar Olivera,Fernandez, Sucre, Manabí,-80.4199056,-0.7326786,219.63,Pública,Universidad Central del Ecuador (UCE)
Nelly Salma,Saldivar, Milagro, Guayas,-79.5552042,-2.1179635,240.77,Pública,Universidad Central del Ecuador (UCE)
Consuelo Laura Fuentes,Barrera,El Ángel, Carchi,-77.9396301,0.6211998,113.17,Pública,Universidad Central del Ecuador (UCE)
Enrique Luis,Fuentes, Huaca, Carchi,-77.727333,0.7987391,143.02,Pública,Universidad Central del Ecuador (UCE)
Concepción Isabela,Santiago,Pasaje, El Oro,-79.7625976,-3.3234936,372.0,Pública,Universidad Central del Ecuador (UCE)
Danilo Chacón,Ávila, Riobamba, Chimborazo,-78.6482479,-1.6732765,162.28,Pública,Escuela Politécnica Nacional (EPN)
Alfredo,Rentería, Loreto, Orellana,-77.3252738,-0.6471884,140.27,Pública,Escuela Politécnica Nacional (EPN)
José Enrique Parra,Pineda, San Gabriel, Carchi,-77.835319,0.598485,118.12,Pública,Escuela Politécnica del Ejército (ESPE)
Saturnina Rincón,Silva, Nueva Loja, Sucumbíos,-76.8834932,0.0850591,184.27,Pública,Universidad Central del Ecuador (UCE)
Rosa Esparta Rascón,Jaimes, Lomas de Sargentillo, Guayas,-80.0789495,-1.8348374,250.14,Pública,Escuela Politécnica Nacional (EPN)
Maribel,Camacho, Gualaceo, Azuay,-78.8461586,-2.9180205,302.27,Privada,Universidad Internacional del Ecuador (UIDE)
Fernando Contreras,Gómez, Catamayo, Loja,-79.403789,-3.9912144,430.86,Privada,Pontificia Universidad Católica del Ecuador (PUCE)
Camila Pedro,Campos, Loreto, Orellana,-77.3252738,-0.6471884,140.27,Pública,Universidad Central del Ecuador (UCE)
José Salas,Ardila, Biblián, Cañar,-78.9802821,-2.6748261,277.86,Pública,Universidad Central del Ecuador (UCE)
Esther,Murillo, Puerto López, Manabí,-80.744524,-1.5440814,288.55,Pública,Universidad Central del Ecuador (UCE)
Yadira Gladis,Giraldo, Mocache, Los Ríos,-79.5512661,-1.1979,158.63,Pública,Universidad Central del Ecuador (UCE)
Luisa Ramírez,Duque,Catarama, Los Ríos,-79.4750201,-1.5692196,184.28,Pública,Universidad Central del Ecuador (UCE)
Miriam Higueras,Tena, Guano, Chimborazo,-78.6578385,-1.539923,147.64,Pública,Escuela Politécnica Nacional (EPN)
Berto Jordá,Dominguez, Mocache, Los Ríos,-79.5512661,-1.1979,158.63,Pública,Escuela Politécnica Nacional (EPN)
Camilo,Espitia, Archidona, Napo,-77.955042,-0.7160712,82.95,Pública,Universidad Andina Simón Bolívar (UASB)
Jos Beatriz,Lomeli, Alausí, Chimborazo,-78.703566,-2.3250494,235.02,Privada,Universidad San Francisco de Quito (USFQ)
María Ana,González,Caluma, Bolívar,-79.1963263,-1.5976675,171.01,Pública,Universidad Central del Ecuador (UCE)
Anacleto del,Escamilla, La Maná, Cotopaxi,-79.1010573,-0.7841908,90.66,Pública,Escuela Politécnica del Ejército (ESPE)
Evangelina Carrión,Vall,Quinsaloma, Los Ríos,-79.3468998,-1.1460552,138.6,Pública,Escuela Politécnica del Ejército (ESPE)
Sr(a). Jazmin,Cabrera, Palestina, Guayas,-79.9273316,-1.6318981,222.24,Pública,Universidad Central del Ecuador (UCE)
Rocío Briones,Osuna, Guayaquil, Guayas,-80.0983887,-2.2895167,289.88,Privada,Universidad Internacional del Ecuador (UIDE)
Elena,Trejo, Loreto, Orellana,-77.3252738,-0.6471884,140.27,Pública,Universidad Andina Simón Bolívar (UASB)
Bertha,Beltrán, Alausí, Chimborazo,-78.703566,-2.3250494,235.02,Pública,Universidad Central del Ecuador (UCE)
Ceferino Coello,Nogués, Shushufindi, Sucumbíos,-76.5906945,-0.2885051,213.81,Pública,Escuela Politécnica del Ejército (ESPE)
Ing. Eloisa,Roque, Baños de Agua Santa, Tungurahua,-78.4402276,-1.417407,133.37,Pública,Universidad Central del Ecuador (UCE)
Carolina,Giraldo, Buena Fe, Los Ríos,-79.5296983,-0.7488694,127.49,Privada,Universidad de las Américas (UDLA)
Micaela Ramos,Ruiz, El Tambo, Cañar,-78.9133964,-2.4828078,255.51,Privada,Pontificia Universidad Católica del Ecuador (PUCE)
Silvano Teodoro,Roybal, Huaca, Carchi,-77.727333,0.7987391,143.02,Pública,Escuela Politécnica Nacional (EPN)
Silvestre del,Seco,Atuntaqui, Imbabura,-78.219615,0.3316022,69.45,Privada,Universidad Politécnica Salesiana (UPS)
Santino Benjamin Sofia Gonzalez,Acosta,Puebloviejo, Los Ríos,-79.5474126,-1.5368546,186.22,Pública,Instituto de Altos Estudios Nacionales (IAEN)
Felicidad,Alemany-Perales, Cotacachi, Imbabura,-78.4507013,0.3955234,68.8,Pública,Universidad Central del Ecuador (UCE)
Germán Rodríguez,Álvarez, El Guabo, El Oro,-79.7584498,-3.1629001,355.32,Pública,Universidad Central del Ecuador (UCE)
Valentino Gomez,Gutierrez,Quinsaloma, Los Ríos,-79.3468998,-1.1460552,138.6,Pública,Escuela Politécnica del Ejército (ESPE)
Bernarda,Sáenz-Urrutia, Naranjito, Guayas,-79.3904646,-2.1590388,236.66,Pública,Escuela Politécnica Nacional (EPN)
Eugenia María,Palacio, Santo Domingo, Santo Domingo de los Tsáchilas,-79.1686724,-0.2546212,73.08,Pública,Universidad Central del Ecuador (UCE)
Lucía Lucy Jiménez,Andrade, Jama, Manabí,-80.2295834,-0.2149489,190.95,Privada,Universidad Internacional del Ecuador (UIDE)
Nazaret Bruno Jordá,Pino, Santa Lucía, Guayas,-80.0426304,-1.7145863,237.82,Pública,Escuela Politécnica del Ejército (ESPE)
Jacinto Lilia Benavídez,Tamez, Cotacachi, Imbabura,-78.4507013,0.3955234,68.8,Pública,Escuela Politécnica del Ejército (ESPE)
Tatiana Eliana,Parra,Caluma, Bolívar,-79.1963263,-1.5976675,171.01,Pública,Universidad Central del Ecuador (UCE)
Fernando Cirino Buendía,Cervantes,Zamora, Zamora Chinchipe,-78.9577754,-4.0042008,423.67,Pública,Universidad Central del Ecuador (UCE)
Aurora Bustamante,Lamas, San Miguel, Bolívar,-79.127262,-1.8120574,189.75,Pública,Universidad Andina Simón Bolívar (UASB)
Ariel Juan,Rojas, Montalvo, Los Ríos,-79.348133,-1.8025855,198.99,Privada,Universidad San Francisco de Quito (USFQ)
Amador del,Merino, Shushufindi, Sucumbíos,-76.5906945,-0.2885051,213.81,Pública,Universidad Central del Ecuador (UCE)
Maricruz del,Martorell,Yantzaza, Zamora Chinchipe,-78.7376344,-3.7146811,389.38,Pública,Universidad Central del Ecuador (UCE)
Primitiva Armas,Mesa, El Guabo, El Oro,-79.7584498,-3.1629001,355.32,Pública,Escuela Politécnica Nacional (EPN)
Milagros Perez,Rodriguez,Catacocha, Loja,-79.6497578,-4.0503147,444.24,Privada,Universidad de las Américas (UDLA)
Macario Acosta,Campillo, La Libertad, Santa Elena,-80.9077647,-2.2208117,346.98,Pública,Universidad Central del Ecuador (UCE)
Valentin Sosa,Rojas,Manta, Manabí,-80.7191006,-0.9485853,258.39,Privada,Universidad Internacional del Ecuador (UIDE)
Elizabeth Londoño,Alzate, Santo Domingo, Santo Domingo de los Tsáchilas,-79.1686724,-0.2546212,73.08,Privada,Pontificia Universidad Católica del Ecuador (PUCE)
Carla Esteve,Calleja,Jaramijó, Manabí,-80.6134583,-0.9743883,248.22,Pública,Escuela Politécnica Nacional (EPN)
Concha Castañeda,Dominguez,Saquisilí, Cotopaxi,-78.7312624,-0.8359835,72.67,Privada,Universidad de las Américas (UDLA)
Abigail,Solorzano,Puyo, Pastaza,-77.9969666,-1.4854777,151.92,Pública,Escuela Politécnica Nacional (EPN)
Esther Paola Osorio,Ávila, Chordeleg, Azuay,-78.7307218,-2.9844675,308.33,Pública,Universidad Central del Ecuador (UCE)
Antonia Juana,Fernandez,Salinas, Santa Elena,-80.9237973,-2.2612497,351.24,Pública,Universidad Central del Ecuador (UCE)
Dr(a). Thiago Benjamin,Rios, Colimes, Guayas,-80.0818751,-1.5161582,226.31,Pública,Universidad Central del Ecuador (UCE)
Dominga Valenciano,Abella, Quevedo, Los Ríos,-79.4776812,-1.0669701,142.78,Privada,Universidad Tecnológica Indoamérica (UTI)
Marta Feijoo,Isern, Bahía de Caráquez, Manabí,-80.423572,-0.5999649,216.67,Pública,Escuela Politécnica del Ejército (ESPE)
Dr. Tomás,Vera,Yantzaza, Zamora Chinchipe,-78.7376344,-3.7146811,389.38,Pública,Universidad Central del Ecuador (UCE)
Blas de,Gual, La Troncal, Cañar,-79.3751632,-2.433689,264.16,Pública,Escuela Politécnica del Ejército (ESPE)
Angélica Ortega,Cepeda,Pasaje, El Oro,-79.7625976,-3.3234936,372.0,Pública,Escuela Politécnica Nacional (EPN)
Bruno René Acevedo,Gaitán, San Miguel de Salcedo, Cotopaxi,-78.5907824,-1.043699,91.99,Pública,Universidad Andina Simón Bolívar (UASB)
Hilario Campo,Noguera, Riobamba, Chimborazo,-78.6482479,-1.6732765,162.28,Pública,Universidad Central del Ecuador (UCE)
Claudio,Contreras, Urcuquí, Imbabura,-78.1941499,0.4172921,79.22,Pública,Escuela Politécnica Nacional (EPN)
Eufemia Reig,Pinedo, Machala, El Oro,-79.9512804,-3.3148937,379.46,Pública,Universidad Central del Ecuador (UCE)
Álvaro Adrián Sánchez,Giraldo,Baba, Los Ríos,-79.6615818,-1.6727698,205.95,Pública,Universidad Central del Ecuador (UCE)
Minerva Minerva,Lara,Tena, Napo,-78.1083981,-0.9438718,92.16,Pública,Universidad Andina Simón Bolívar (UASB)
Valentina Benitez,Fernandez, Paján, Manabí,-80.4212975,-1.7040791,268.83,Pública,Universidad Central del Ecuador (UCE)
Luciana Mancebo,Frías, Pimampiro, Imbabura,-77.9402742,0.393298,93.27,Privada,Pontificia Universidad Católica del Ecuador (PUCE)
Justina Fernandez,Garcia, Palestina, Guayas,-79.9273316,-1.6318981,222.24,Pública,Universidad Central del Ecuador (UCE)
Agustin Coronel,Rodriguez, Cotacachi, Imbabura,-78.4507013,0.3955234,68.8,Pública,Escuela Politécnica Nacional (EPN)
Julieta Francisco Diaz,Guzman, Ambato, Tungurahua,-78.6287594,-1.2422413,114.38,Pública,Escuela Politécnica Nacional (EPN)
Thiago Benjamin,Suarez,Latacunga, Cotopaxi,-78.6145758,-0.9340311,80.19,Pública,Universidad Central del Ecuador (UCE)
Benjamin Francisco,Suarez, La Maná, Cotopaxi,-79.1010573,-0.7841908,90.66,Pública,Universidad Andina Simón Bolívar (UASB)
Ing. Tomás,Colunga, Pedro Carbo, Guayas,-80.3009814,-1.8672671,270.34,Pública,Universidad Central del Ecuador (UCE)
Poncio,Peláez-Yuste, Chambo, Chimborazo,-78.5425997,-1.74403,169.48,Pública,Universidad Central del Ecuador (UCE)
Marcela Sofía,Vera,El Ángel, Carchi,-77.9396301,0.6211998,113.17,Pública,Escuela Politécnica del Ejército (ESPE)
Isabella Campos,Gomez, Palenque, Los Ríos,-79.7182552,-1.3353343,182.63,Pública,Universidad Central del Ecuador (UCE)
Anderson,Uribe,Zamora, Zamora Chinchipe,-78.9577754,-4.0042008,423.67,Pública,Universidad Central del Ecuador (UCE)
Óliver,Acosta, Daule, Guayas,-79.9129307,-1.9200069,244.89,Pública,Universidad Central del Ecuador (UCE)
Itzel Urrutia,Perea, Palenque, Los Ríos,-79.7182552,-1.3353343,182.63,Pública,Escuela Politécnica del Ejército (ESPE)
Daniela,Díaz,Arenillas, El Oro,-80.0974316,-3.5859238,413.63,Pública,Universidad Central del Ecuador (UCE)
Antonio Cifuentes,Orozco, General Villamil, Guayas,-80.4261454,-2.5937913,338.99,Pública,Escuela Politécnica del Ejército (ESPE)
Dr(a). Catalina,Herrera, Portoviejo, Manabí,-80.4534134,-1.05282,234.85,Pública,Escuela Politécnica del Ejército (ESPE)
Irma Amalia,Miramontes, Sucre, Manabí,-80.4199056,-0.7326786,219.63,Pública,Universidad Central del Ecuador (UCE)
Fabio Sebastián Rincón,Osorio,Saraguro, Loja,-79.3063889,-3.5269465,378.14,Pública,Escuela Politécnica Nacional (EPN)
Aurelio Cerro,Guardia, Lomas de Sargentillo, Guayas,-80.0789495,-1.8348374,250.14,Privada,Pontificia Universidad Católica del Ecuador (PUCE)
Sofia Ramirez,Franco,Caluma, Bolívar,-79.1963263,-1.5976675,171.01,Pública,Universidad Central del Ecuador (UCE)
Noé Sainz,Cerdá,Sucúa, Morona Santiago,-78.1727383,-2.4560109,251.46,Pública,Escuela Politécnica del Ejército (ESPE)
Esteban José Eduardo,Calderón, Cumandá, Chimborazo,-79.103584,-2.2108666,230.91,Pública,Universidad Andina Simón Bolívar (UASB)
Adelardo,Rebollo-Carreño,El Triunfo, Guayas,-79.3660575,-2.2907784,249.03,Privada,Universidad de las Américas (UDLA)
Gonzalo Luis Salgado,Ávila, Colimes, Guayas,-80.0818751,-1.5161582,226.31,Pública,Universidad Central del Ecuador (UCE)
Ruy,Hernando-Arregui, Guayaquil, Guayas,-80.0983887,-2.2895167,289.88,Privada,Universidad Internacional del Ecuador (UIDE)
Juan Pablo Milagros Ledesma,Gonzalez, Jujan, Guayas,-79.5495283,-1.9494337,224.21,Privada,Pontificia Universidad Católica del Ecuador (PUCE)
Violeta Angelina,Gomez, Pimampiro, Imbabura,-77.9402742,0.393298,93.27,Pública,Universidad Central del Ecuador (UCE)
Mtro. Abel,Ponce,Quinsaloma, Los Ríos,-79.3468998,-1.1460552,138.6,Pública,Universidad Central del Ecuador (UCE)
Germán Jaime,Pérez,Latacunga, Cotopaxi,-78.6145758,-0.9340311,80.19,Privada,Universidad San Francisco de Quito (USFQ)
Ainara,Llopis-Fernández,Atuntaqui, Imbabura,-78.219615,0.3316022,69.45,Pública,Universidad Central del Ecuador (UCE)
Eugenia Amalia,Duarte, San Miguel de Los Bancos, Pichincha,-78.9214659,-0.0188368,50.7,Pública,Universidad Central del Ecuador (UCE)
Elvia César,Lucero, Balsas, El Oro,-79.831096,-3.7742179,421.48,Pública,Escuela Politécnica del Ejército (ESPE)
Antonella Martinez,Fernandez, Naranjito, Guayas,-79.3904646,-2.1590388,236.66,Pública,Escuela Politécnica del Ejército (ESPE)
Gervasio,Marí, La Libertad, Santa Elena,-80.9077647,-2.2208117,346.98,Privada,Universidad Internacional del Ecuador (UIDE)
Luciano Zoe Jazmin,Fernandez, Nueva Loja, Sucumbíos,-76.8834932,0.0850591,184.27,Privada,Pontificia Universidad Católica del Ecuador (PUCE)
Joaquin Gonzalez,Lopez, San Miguel de Los Bancos, Pichincha,-78.9214659,-0.0188368,50.7,Privada,Universidad Internacional del Ecuador (UIDE)
Catalina Fernandez,Rodriguez, Paute, Azuay,-78.7362416,-2.7468493,282.05,Pública,Universidad Central del Ecuador (UCE)
Lorenzo Quiroga,Lopez,Montecristi, Manabí,-80.6606834,-1.0504072,256.09,Pública,Universidad Central del Ecuador (UCE)
Carlos Wilfrido Lozano,Ospina,Babahoyo, Los Ríos,-79.5068917,-1.8762599,214.79,Pública,Escuela Politécnica Nacional (EPN)
Joaquin,Miranda,Pasaje, El Oro,-79.7625976,-3.3234936,372.0,Pública,Universidad Central del Ecuador (UCE)
Josefina Sofía Blanco,Figueroa, Pedernales, Manabí,-79.8451737,0.0693259,151.66,Pública,Universidad Central del Ecuador (UCE)
Hermenegildo,Marqués, Samborondón, Guayas,-79.7562694,-2.0155653,242.86,Privada,Universidad de las Américas (UDLA)
Dr(a). Dylan,Hernandez,Saquisilí, Cotopaxi,-78.7312624,-0.8359835,72.67,Pública,Universidad Central del Ecuador (UCE)
Virgilio Balaguer,Gras,Pasaje, El Oro,-79.7625976,-3.3234936,372.0,Pública,Universidad Central del Ecuador (UCE)
Julia del,Cepeda, Palora, Morona Santiago,-77.9675269,-1.6981449,175.15,Pública,Instituto de Altos Estudios Nacionales (IAEN)
Carolina,Guardiola, Montalvo, Los Ríos,-79.348133,-1.8025855,198.99,Pública,Universidad Central del Ecuador (UCE)
Amador Nancy,Zepeda, Jama, Manabí,-80.2295834,-0.2149489,190.95,Pública,Universidad Central del Ecuador (UCE)
Julio César de,Nicolau, Durán, Guayas,-79.7895887,-2.2127014,263.15,Pública,Universidad Central del Ecuador (UCE)
Eladio,Márquez-Cerdán,Sangolquí, Pichincha,-78.4483476,-0.3288822,14.03,Pública,Escuela Politécnica del Ejército (ESPE)
Luis Salas,Flórez,Puebloviejo, Los Ríos,-79.5474126,-1.5368546,186.22,Pública,Universidad Central del Ecuador (UCE)
Teresa Augusto,Sisneros,San Lorenzo, Esmeraldas,-78.6869333,0.9850634,135.41,Pública,Universidad Central del Ecuador (UCE)
Lic. Angélica,Pichardo, Daule, Guayas,-79.9129307,-1.9200069,244.89,Pública,Escuela Politécnica del Ejército (ESPE)
Jimena Cózar,Llorente, San Miguel de Los Bancos, Pichincha,-78.9214659,-0.0188368,50.7,Pública,Universidad Central del Ecuador (UCE)
María,Rodríguez, Jujan, Guayas,-79.5495283,-1.9494337,224.21,Pública,Universidad Central del Ecuador (UCE)
Tomás Anglada,Blanes, Valencia, Los Ríos,-79.3211355,-0.7696521,108.72,Pública,Universidad Central del Ecuador (UCE)
Lizeth Montes,Orozco, Jama, Manabí,-80.2295834,-0.2149489,190.95,Pública,Universidad Central del Ecuador (UCE)
Jose Angel,Cabello, Atacames, Esmeraldas,-79.8790841,0.7971086,189.45,Pública,Universidad Central del Ecuador (UCE)
Dr(a). Isabella,Morales, Atacames, Esmeraldas,-79.8790841,0.7971086,189.45,Pública,Escuela Politécnica Nacional (EPN)
Gabriel Milla,Pinilla, La Libertad, Santa Elena,-80.9077647,-2.2208117,346.98,Pública,Universidad Central del Ecuador (UCE)
Mireia,Manjón, Velasco Ibarra, Guayas,-79.8779821,-2.2843364,275.19,Privada,Universidad Internacional del Ecuador (UIDE)
Carlos,Vásquez, Catamayo, Loja,-79.403789,-3.9912144,430.86,Pública,Universidad Central del Ecuador (UCE)
Ing. Paola,Romero, Santa Ana, Manabí,-80.2631268,-1.1944701,222.78,Pública,Universidad Central del Ecuador (UCE)
Cristian Brayan Sánchez,Bravo, Bahía de Caráquez, Manabí,-80.423572,-0.5999649,216.67,Pública,Universidad Central del Ecuador (UCE)
Lucía,Correa,Zamora, Zamora Chinchipe,-78.9577754,-4.0042008,423.67,Pública,Escuela Politécnica del Ejército (ESPE)
Venceslás,Hoyos-Pina, El Carmen, Manabí,-79.5741548,-0.4809541,121.58,Pública,Universidad Central del Ecuador (UCE)
Luis Nelson,Castro, Camilo Ponce Enríquez, Azuay,-79.5630363,-2.9640696,326.69,Pública,Escuela Politécnica Nacional (EPN)
José María,Valladares, Isidro Ayora, Guayas,-80.1463096,-1.8796754,258.94,Pública,Universidad Central del Ecuador (UCE)
Hilario de,Leon, Cuenca, Azuay,-79.0041726,-2.8974072,302.67,Pública,Universidad Central del Ecuador (UCE)
José Eduardo Virginia Arroyo,Navarrete, Flavio Alfaro, Manabí,-79.844538,-0.3242859,148.59,Pública,Universidad Central del Ecuador (UCE)
Ingrid Rivera,Gómez, Machala, El Oro,-79.9512804,-3.3148937,379.46,Pública,Universidad Central del Ecuador (UCE)
Amelia Ramos,Galiano,Babahoyo, Los Ríos,-79.5068917,-1.8762599,214.79,Pública,Universidad Central del Ecuador (UCE)
Salvador,Valdez,Zamora, Zamora Chinchipe,-78.9577754,-4.0042008,423.67,Privada,Universidad de las Américas (UDLA)
Dr(a). Maia,Gonzalez, Chordeleg, Azuay,-78.7307218,-2.9844675,308.33,Pública,Escuela Politécnica del Ejército (ESPE)
Andrés Anel,Jasso, Atacames, Esmeraldas,-79.8790841,0.7971086,189.45,Privada,Universidad de las Américas (UDLA)
Toribio Pou,Iriarte, Archidona, Napo,-77.955042,-0.7160712,82.95,Pública,Universidad Central del Ecuador (UCE)
Zoraida de,Jurado, Pimampiro, Imbabura,-77.9402742,0.393298,93.27,Pública,Universidad Central del Ecuador (UCE)
Esperanza Ortega,Rangel, Buena Fe, Los Ríos,-79.5296983,-0.7488694,127.49,Privada,Universidad Internacional del Ecuador (UIDE)
Dr. José María,Escobedo,Quinsaloma, Los Ríos,-79.3468998,-1.1460552,138.6,Privada,Universidad Internacional del Ecuador (UIDE)
Edelmira Herrera,Cortina, Catamayo, Loja,-79.403789,-3.9912144,430.86,Privada,Pontificia Universidad Católica del Ecuador (PUCE)
Pablo Páez,Marquez,Salinas, Santa Elena,-80.9237973,-2.2612497,351.24,Pública,Universidad Central del Ecuador (UCE)
Ing. Verónica,Maldonado,Naranjal, Guayas,-79.5325634,-2.5731305,285.16,Pública,Escuela Politécnica Nacional (EPN)
Mateo Emma Flores,Vera, Marcabelí, El Oro,-79.9223384,-3.7733434,425.02,Pública,Escuela Politécnica del Ejército (ESPE)
Alberto Álvarez,Castaño, Nueva Loja, Sucumbíos,-76.8834932,0.0850591,184.27,Privada,Universidad de las Américas (UDLA)
Trinidad Armas,Portero,Arenillas, El Oro,-80.0974316,-3.5859238,413.63,Privada,Universidad de las Américas (UDLA)
Carlos Monroy,Arias, Coronel Marcelino Maridueña, Guayas,-79.3861649,-2.2333628,244.02,Privada,Universidad Tecnológica Equinoccial (UTE)
Andrea,Angulo, Narcisa de Jesús, Guayas,-80.2384404,-1.6118103,246.52,Privada,Pontificia Universidad Católica del Ecuador (PUCE)
Ángel Juan,Ramírez, San Miguel de Los Bancos, Pichincha,-78.9214659,-0.0188368,50.7,Pública,Universidad Central del Ecuador (UCE)
Joel Pi,Mena,Montecristi, Manabí,-80.6606834,-1.0504072,256.09,Pública,Universidad Central del Ecuador (UCE)
Morena Jazmin Agustina Campos,Pereyra, Cotacachi, Imbabura,-78.4507013,0.3955234,68.8,Pública,Universidad Central del Ecuador (UCE)
Pío de,Pedrosa, Alamor, Loja,-80.0197281,-4.0181681,454.31,Privada,Universidad Internacional del Ecuador (UIDE)
Ing. Norma,Domínguez,Puebloviejo, Los Ríos,-79.5474126,-1.5368546,186.22,Pública,Universidad Central del Ecuador (UCE)
Nelson Carlos,León, Balsas, El Oro,-79.831096,-3.7742179,421.48,Pública,Universidad Central del Ecuador (UCE)
Alma Manjón,Barceló, Chambo, Chimborazo,-78.5425997,-1.74403,169.48,Pública,Universidad Central del Ecuador (UCE)
Sandra Sandra Manrique,Bravo, Santa Ana, Manabí,-80.2631268,-1.1944701,222.78,Pública,Escuela Politécnica del Ejército (ESPE)
Mtro. Rodrigo,Mascareñas, Junín, Manabí,-80.2054147,-0.9394745,204.54,Privada,Universidad Internacional del Ecuador (UIDE)
Pascuala Girona,Cid, Ambato, Tungurahua,-78.6287594,-1.2422413,114.38,Pública,Universidad Central del Ecuador (UCE)
Asdrubal Sanz,Zorrilla,Saraguro, Loja,-79.3063889,-3.5269465,378.14,Pública,Universidad Central del Ecuador (UCE)
Manuel Juarez,Diaz,Ibarra, Imbabura,-78.1329448,0.5159369,92.08,Privada,Universidad San Francisco de Quito (USFQ)
Jose Manuel,Gascón, Portovelo, El Oro,-79.6172038,-3.7152273,407.56,Pública,Escuela Politécnica del Ejército (ESPE)
Trinidad,Medrano,Azogues, Cañar,-78.8467191,-2.7380492,282.43,Pública,Escuela Politécnica Nacional (EPN)
Lorenzo Aragón,Bermúdez,Yantzaza, Zamora Chinchipe,-78.7376344,-3.7146811,389.38,Pública,Universidad Central del Ecuador (UCE)
Pía Ligia Valdés,Morán, Colimes, Guayas,-80.0818751,-1.5161582,226.31,Pública,Escuela Politécnica Nacional (EPN)
Malena Gimenez,Ramirez, Colimes, Guayas,-80.0818751,-1.5161582,226.31,Pública,Escuela Politécnica Nacional (EPN)
Xavier Esteban,Gallardo, Chambo, Chimborazo,-78.5425997,-1.74403,169.48,Pública,Universidad Central del Ecuador (UCE)
Lázaro Campillo,Nadal, Loreto, Orellana,-77.3252738,-0.6471884,140.27,Pública,Universidad Central del Ecuador (UCE)
Nicolas Miranda,Pereyra,Tena, Napo,-78.1083981,-0.9438718,92.16,Pública,Universidad Central del Ecuador (UCE)
Omar del,Múgica,Puebloviejo, Los Ríos,-79.5474126,-1.5368546,186.22,Privada,Universidad San Francisco de Quito (USFQ)
Thiago Benjamin,Garcia, Jama, Manabí,-80.2295834,-0.2149489,190.95,Pública,Universidad Central del Ecuador (UCE)
África Acero,García,Loja, Loja,-79.2016661,-3.996845,426.87,Pública,Escuela Politécnica Nacional (EPN)
Tomas Lautaro Cruz,Rodriguez, El Coca, Orellana,-76.9837216,-0.4721804,172.26,Pública,Escuela Politécnica del Ejército (ESPE)
Trinidad Zorrilla,Madrid, Pedro Carbo, Guayas,-80.3009814,-1.8672671,270.34,Pública,Escuela Politécnica del Ejército (ESPE)
Emelina de,Guardia, Atacames, Esmeraldas,-79.8790841,0.7971086,189.45,Pública,Escuela Politécnica del Ejército (ESPE)
Dr(a). Alma,Gonzalez,Puebloviejo, Los Ríos,-79.5474126,-1.5368546,186.22,Privada,Universidad Tecnológica Indoamérica (UTI)
Eloisa de la,Rosa, San Gabriel, Carchi,-77.835319,0.598485,118.12,Pública,Universidad Central del Ecuador (UCE)
Samuel Salvador,Santiago, El Tambo, Cañar,-78.9133964,-2.4828078,255.51,Privada,Universidad Internacional del Ecuador (UIDE)
Evelio Razo,Laureano, Portovelo, El Oro,-79.6172038,-3.7152273,407.56,Pública,Universidad Central del Ecuador (UCE)
Camilo Luis,Saavedra,Piñas, El Oro,-79.7832238,-3.7106809,413.02,Privada,Universidad Tecnológica Equinoccial (UTE)
Beatriz Parra,Cano, Celica, Loja,-79.9851762,-4.1648137,468.15,Pública,Universidad Central del Ecuador (UCE)
Ligia,Quintero, Quevedo, Los Ríos,-79.4776812,-1.0669701,142.78,Privada,Universidad Tecnológica Indoamérica (UTI)
Pedro,Martin, Portovelo, El Oro,-79.6172038,-3.7152273,407.56,Pública,Escuela Politécnica Nacional (EPN)
Nélida,Báez, Sucre, Manabí,-80.4199056,-0.7326786,219.63,Pública,Escuela Politécnica del Ejército (ESPE)
Ignacio Alemán,Arnal, Muisne, Esmeraldas,-79.8817211,0.5387247,174.09,Pública,Universidad Central del Ecuador (UCE)
Nicolás Figueroa,Muro, Jama, Manabí,-80.2295834,-0.2149489,190.95,Pública,Universidad Central del Ecuador (UCE)
Antonio,Rodriguez, Chambo, Chimborazo,-78.5425997,-1.74403,169.48,Pública,Escuela Politécnica del Ejército (ESPE)
Calista Sarmiento,Belmonte,Saquisilí, Cotopaxi,-78.7312624,-0.8359835,72.67,Privada,Universidad de las Américas (UDLA)
Luz Andrea Torres,Burbano, Muisne, Esmeraldas,-79.8817211,0.5387247,174.09,Pública,Escuela Politécnica del Ejército (ESPE)
Maribel,Palacios,Puebloviejo, Los Ríos,-79.5474126,-1.5368546,186.22,Privada,Universidad de las Américas (UDLA)
Reina,Cardona, Vinces, Los Ríos,-79.766045,-1.5235263,201.08,Pública,Escuela Politécnica Nacional (EPN)
Pedro,Castro,Ventanas, Los Ríos,-79.3351558,-1.3253915,153.21,Pública,Universidad Central del Ecuador (UCE)
Dr. Ofelia,Jaime,Piñas, El Oro,-79.7832238,-3.7106809,413.02,Pública,Escuela Politécnica Nacional (EPN)
Luz,Suárez,Macas, Morona Santiago,-78.1175466,-2.3046252,235.9,Pública,Escuela Politécnica Nacional (EPN)
Jacinta,Ferrera, Junín, Manabí,-80.2054147,-0.9394745,204.54,Pública,Universidad Central del Ecuador (UCE)
David,Alvarado, Velasco Ibarra, Guayas,-79.8779821,-2.2843364,275.19,Privada,Universidad de las Américas (UDLA)
Amalia,Galindo,Zaruma, El Oro,-79.5131743,-3.5111939,382.47,Pública,Universidad Central del Ecuador (UCE)
Sessa Carlota Avilés,Canales,Catacocha, Loja,-79.6497578,-4.0503147,444.24,Pública,Escuela Politécnica Nacional (EPN)
Santiago José Pinto,Palacios, Pedernales, Manabí,-79.8451737,0.0693259,151.66,Pública,Universidad Central del Ecuador (UCE)
Eric Luciano Espada,Alcázar, Santa Isabel, Azuay,-79.3594118,-3.1839392,342.74,Pública,Escuela Politécnica del Ejército (ESPE)
Maria Victoria Mateo Navarro,Vega,Latacunga, Cotopaxi,-78.6145758,-0.9340311,80.19,Pública,Universidad Central del Ecuador (UCE)
Dr(a). Tiziana,Ferreyra,Piñas, El Oro,-79.7832238,-3.7106809,413.02,Pública,Universidad Central del Ecuador (UCE)
Tomas Benjamin Garcia,Rojas,Atuntaqui, Imbabura,-78.219615,0.3316022,69.45,Pública,Universidad Central del Ecuador (UCE)
Leonardo Jaramillo,Sánchez, Alausí, Chimborazo,-78.703566,-2.3250494,235.02,Pública,Universidad Central del Ecuador (UCE)
Agustín Rolando Vall,Menendez, Jama, Manabí,-80.2295834,-0.2149489,190.95,Pública,Universidad Central del Ecuador (UCE)
Elias Bianca,Escalante,Simón Bolívar, Guayas,-79.4218634,-2.0424101,226.45,Pública,Universidad Andina Simón Bolívar (UASB)
Claudia Luis Manuel Páez,Valle, Cañar, Cañar,-79.1800778,-2.4749335,261.48,Pública,Escuela Politécnica del Ejército (ESPE)
María Ángeles Alvarado,Suárez,Catacocha, Loja,-79.6497578,-4.0503147,444.24,Pública,Universidad Central del Ecuador (UCE)
Timoteo,Carvajal, Gualaquiza, Morona Santiago,-78.706485,-3.3277138,346.22,Pública,Escuela Politécnica Nacional (EPN)
Renzo,Gonzalez, Colimes, Guayas,-80.0818751,-1.5161582,226.31,Privada,Universidad Tecnológica Equinoccial (UTE)
Lautaro Ezequiel Josefina,Leiva, Guayaquil, Guayas,-80.0983887,-2.2895167,289.88,Privada,Pontificia Universidad Católica del Ecuador (PUCE)
Ing. Estefanía,Melgar, Chambo, Chimborazo,-78.5425997,-1.74403,169.48,Pública,Universidad Central del Ecuador (UCE)
Verónica Beatriz Navarro,Londoño,Ventanas, Los Ríos,-79.3351558,-1.3253915,153.21,Pública,Universidad Central del Ecuador (UCE)
Severiano Abel Ocaña,Ramón, Jipijapa, Manabí,-80.6124982,-1.5158193,274.37,Pública,Universidad Central del Ecuador (UCE)
Virgilio Rovira,Noguera, Tulcán, Carchi,-77.7172151,0.8115707,144.84,Privada,Universidad Tecnológica Indoamérica (UTI)
Rosaura de,Ramis, Mocache, Los Ríos,-79.5512661,-1.1979,158.63,Pública,Escuela Politécnica Nacional (EPN)
Marina Ortiz,Páez, San Miguel, Bolívar,-79.127262,-1.8120574,189.75,Pública,Universidad Central del Ecuador (UCE)
Dr(a). Lautaro,Morales,Jaramijó, Manabí,-80.6134583,-0.9743883,248.22,Pública,Universidad Central del Ecuador (UCE)
Ramiro Rosario,Polanco, Quevedo, Los Ríos,-79.4776812,-1.0669701,142.78,Pública,Escuela Politécnica del Ejército (ESPE)
Rodolfo Falcón,Álvaro, Narcisa de Jesús, Guayas,-80.2384404,-1.6118103,246.52,Privada,Universidad Politécnica Salesiana (UPS)
Heriberto Germán,Vargas,Ventanas, Los Ríos,-79.3351558,-1.3253915,153.21,Pública,Escuela Politécnica Nacional (EPN)
Leonor Patricia Córdova,Guajardo, Balzar, Guayas,-79.9367148,-1.3062992,199.16,Privada,Universidad Internacional del Ecuador (UIDE)
John,Gómez,Puebloviejo, Los Ríos,-79.5474126,-1.5368546,186.22,Pública,Universidad Central del Ecuador (UCE)
Jorge Goicoechea,Abella, Balzar, Guayas,-79.9367148,-1.3062992,199.16,Pública,Escuela Politécnica del Ejército (ESPE)
Irma,Portillo,Otavalo, Imbabura,-78.2454274,0.2227636,57.5,Pública,Escuela Politécnica del Ejército (ESPE)
Mateo Joaquin Gomez,Chavez, Vinces, Los Ríos,-79.766045,-1.5235263,201.08,Pública,Universidad Central del Ecuador (UCE)
Sr(a). Bautista,Carrizo, Montalvo, Los Ríos,-79.348133,-1.8025855,198.99,Pública,Escuela Politécnica Nacional (EPN)
Miriam Eligia Bernat,Marcos, Balzar, Guayas,-79.9367148,-1.3062992,199.16,Pública,Universidad Central del Ecuador (UCE)
Amelia Santana,Raya, San Miguel de Salcedo, Cotopaxi,-78.5907824,-1.043699,91.99,Pública,Universidad Central del Ecuador (UCE)
Dr. Rodolfo,Quintero, Mocache, Los Ríos,-79.5512661,-1.1979,158.63,Pública,Universidad Central del Ecuador (UCE)
Isabella Guadalupe,Godoy, Balzar, Guayas,-79.9367148,-1.3062992,199.16,Pública,Universidad Central del Ecuador (UCE)
Lady,Mendoza, Lomas de Sargentillo, Guayas,-80.0789495,-1.8348374,250.14,Privada,Pontificia Universidad Católica del Ecuador (PUCE)
Carlos Forero,Cardona,Puebloviejo, Los Ríos,-79.5474126,-1.5368546,186.22,Pública,Universidad Central del Ecuador (UCE)
Lilia,Cedillo, Santa Ana, Manabí,-80.2631268,-1.1944701,222.78,Pública,Universidad Central del Ecuador (UCE)
Aida Pilar Caballero,Salazar, Baños de Agua Santa, Tungurahua,-78.4402276,-1.417407,133.37,Pública,Universidad Central del Ecuador (UCE)
Thiago Gabriel,Chavez,San Vicente, Manabí,-80.3761409,-0.4373946,208.65,Pública,Universidad Central del Ecuador (UCE)
Aitor,Puerta-Zamora, Santa Lucía, Guayas,-80.0426304,-1.7145863,237.82,Pública,Universidad Central del Ecuador (UCE)
Leydi Diana,Cárdenas, Cañar, Cañar,-79.1800778,-2.4749335,261.48,Privada,Universidad Internacional del Ecuador (UIDE)
Faustino Pallarès,Donoso, Cañar, Cañar,-79.1800778,-2.4749335,261.48,Pública,Universidad Central del Ecuador (UCE)
Karla Bianca Robles,Tovar, San Gabriel, Carchi,-77.835319,0.598485,118.12,Pública,Universidad Central del Ecuador (UCE)
Adelina Fuentes,Córdoba, General Villamil, Guayas,-80.4261454,-2.5937913,338.99,Pública,Escuela Politécnica del Ejército (ESPE)
Marcial Cárdenas,Abad,Babahoyo, Los Ríos,-79.5068917,-1.8762599,214.79,Privada,Universidad San Francisco de Quito (USFQ)
Delfina Flores,Paz, Valencia, Los Ríos,-79.3211355,-0.7696521,108.72,Pública,Escuela Politécnica del Ejército (ESPE)
Cristina Vásquez,Obando, Cariamanga, Loja,-79.5559525,-4.326038,471.04,Pública,Universidad Central del Ecuador (UCE)
Santiago Acosta,Paez, Colimes, Guayas,-80.0818751,-1.5161582,226.31,Pública,Universidad Central del Ecuador (UCE)
Fernando,Martínez,La Concordia, Santo Domingo de los Tsáchilas,-79.462977,-0.0441108,107.5,Privada,Universidad San Francisco de Quito (USFQ)
Mtro. Amanda,Cisneros,Zaruma, El Oro,-79.5131743,-3.5111939,382.47,Pública,Universidad Central del Ecuador (UCE)
Bianca Renzo Gomez,Perez, San Gabriel, Carchi,-77.835319,0.598485,118.12,Pública,Universidad Central del Ecuador (UCE)
Jaime de,Ibáñez,Pujilí, Cotopaxi,-78.8559205,-1.0077046,95.54,Pública,Universidad Central del Ecuador (UCE)
José Campoy,Cifuentes, Montalvo, Los Ríos,-79.348133,-1.8025855,198.99,Pública,Escuela Politécnica del Ejército (ESPE)
Valentina,Lopez, Cañar, Cañar,-79.1800778,-2.4749335,261.48,Pública,Universidad Central del Ecuador (UCE)
Adela Cuellar,Caballero, Pedernales, Manabí,-79.8451737,0.0693259,151.66,Pública,Escuela Politécnica del Ejército (ESPE)
Sr(a). Santino,Lopez, Coronel Marcelino Maridueña, Guayas,-79.3861649,-2.2333628,244.02,Privada,Universidad Tecnológica Equinoccial (UTE)
Franco Alma,Rivero, Daule, Guayas,-79.9129307,-1.9200069,244.89,Pública,Universidad Central del Ecuador (UCE)
Matilda Mateo Ezequiel,Martinez,El Ángel, Carchi,-77.9396301,0.6211998,113.17,Pública,Escuela Politécnica del Ejército (ESPE)
Noelia Díaz,Tórrez, Macará, Loja,-79.9154486,-4.3490358,484.84,Pública,Escuela Politécnica Nacional (EPN)
José Torres,Espinosa, Pelileo, Tungurahua,-78.537307,-1.3573827,126.48,Privada,Universidad Politécnica Salesiana (UPS)
Roberta Romero,Quevedo,Machachi, Pichincha,-78.6516915,-0.4984774,34.61,Pública,Universidad Central del Ecuador (UCE)
Judith Barriga,Quevedo, Junín, Manabí,-80.2054147,-0.9394745,204.54,Pública,Escuela Politécnica del Ejército (ESPE)
Santino Nicolas Maximo,Cordoba,Ventanas, Los Ríos,-79.3351558,-1.3253915,153.21,Pública,Universidad Central del Ecuador (UCE)
Ramona Abril,Peñalver, Sucre, Manabí,-80.4199056,-0.7326786,219.63,Pública,Escuela Politécnica del Ejército (ESPE)
Victoria de la Torre,Dueñas,Pasaje, El Oro,-79.7625976,-3.3234936,372.0,Pública,Universidad Central del Ecuador (UCE)
Itzel Zeferino Crespo,Briseño, Ambato, Tungurahua,-78.6287594,-1.2422413,114.38,Pública,Universidad Central del Ecuador (UCE)
Benjamin Ignacio Olivera,Maidana, Palestina, Guayas,-79.9273316,-1.6318981,222.24,Pública,Escuela Politécnica del Ejército (ESPE)
Julián Ardila,Guzmán, Coronel Marcelino Maridueña, Guayas,-79.3861649,-2.2333628,244.02,Pública,Escuela Politécnica del Ejército (ESPE)
Reina Chávez,Menchaca, La Troncal, Cañar,-79.3751632,-2.433689,264.16,Pública,Universidad Central del Ecuador (UCE)
Zoe,Moyano, Santo Domingo, Santo Domingo de los Tsáchilas,-79.1686724,-0.2546212,73.08,Pública,Universidad Central del Ecuador (UCE)
Fernanda Angie Gutiérrez,Vásquez,Sucúa, Morona Santiago,-78.1727383,-2.4560109,251.46,Privada,Pontificia Universidad Católica del Ecuador (PUCE)
Bernardino Arellano,Muro,Quinsaloma, Los Ríos,-79.3468998,-1.1460552,138.6,Pública,Universidad Andina Simón Bolívar (UASB)
Nydia Pastora Gras,Rosselló, Santa Lucía, Guayas,-80.0426304,-1.7145863,237.82,Pública,Escuela Politécnica del Ejército (ESPE)
Augusto,Jiménez,La Concordia, Santo Domingo de los Tsáchilas,-79.462977,-0.0441108,107.5,Pública,Escuela Politécnica del Ejército (ESPE)
Paula Isabel,Cárdenas,Pujilí, Cotopaxi,-78.8559205,-1.0077046,95.54,Pública,Universidad Central del Ecuador (UCE)
Juliana Benitez,Sosa, Puerto López, Manabí,-80.744524,-1.5440814,288.55,Pública,Universidad Central del Ecuador (UCE)
Pamela Karla,Ramos, Gualaquiza, Morona Santiago,-78.706485,-3.3277138,346.22,Pública,Escuela Politécnica Nacional (EPN)
Santiago,Vazquez,Catacocha, Loja,-79.6497578,-4.0503147,444.24,Pública,Escuela Politécnica del Ejército (ESPE)
Sergio Razo,Laureano, San Miguel de Los Bancos, Pichincha,-78.9214659,-0.0188368,50.7,Pública,Universidad Central del Ecuador (UCE)
Ciro Benjamin Rodriguez,Morales, Chambo, Chimborazo,-78.5425997,-1.74403,169.48,Pública,Escuela Politécnica del Ejército (ESPE)
Tomas,Aguirre,Babahoyo, Los Ríos,-79.5068917,-1.8762599,214.79,Pública,Universidad Central del Ecuador (UCE)
Ing. Marco Antonio,Santiago, Archidona, Napo,-77.955042,-0.7160712,82.95,Pública,Universidad Central del Ecuador (UCE)
Luana Valentino,Gutierrez, Jama, Manabí,-80.2295834,-0.2149489,190.95,Privada,Pontificia Universidad Católica del Ecuador (PUCE)
Alfonso,Tapia, El Coca, Orellana,-76.9837216,-0.4721804,172.26,Pública,Universidad Central del Ecuador (UCE)
Alejandra,Díaz,Otavalo, Imbabura,-78.2454274,0.2227636,57.5,Pública,Universidad Central del Ecuador (UCE)
Amelia Gabriel Anguiano,Muro, Rocafuerte, Manabí,-80.4012121,-0.9032437,223.34,Pública,Universidad Central del Ecuador (UCE)
Ian Benjamin,Romero, La Joya de los Sachas, Orellana,-76.8611463,-0.3161424,183.91,Pública,Universidad Central del Ecuador (UCE)
Sr(a). Martina,Gomez, Puerto López, Manabí,-80.744524,-1.5440814,288.55,Pública,Escuela Politécnica del Ejército (ESPE)
Ligia Herrera,Rivera, Huaquillas, El Oro,-80.184453,-3.4756231,406.89,Pública,Universidad Central del Ecuador (UCE)
Nury Medina,Vega, Echeandía, Bolívar,-79.2735861,-1.4469547,160.54,Pública,Universidad Central del Ecuador (UCE)
Jesús Sara,Lozano, Alausí, Chimborazo,-78.703566,-2.3250494,235.02,Pública,Universidad Central del Ecuador (UCE)
Tania Cecilia,Tejada, Isidro Ayora, Guayas,-80.1463096,-1.8796754,258.94,Pública,Universidad Central del Ecuador (UCE)
Albeiro Torres,Ibarra, General Villamil, Guayas,-80.4261454,-2.5937913,338.99,Pública,Escuela Politécnica del Ejército (ESPE)
Graciela Córdoba,Juliá, Lomas de Sargentillo, Guayas,-80.0789495,-1.8348374,250.14,Pública,Universidad Central del Ecuador (UCE)
Cayetana Nebot,Tomas, Bahía de Caráquez, Manabí,-80.423572,-0.5999649,216.67,Pública,Escuela Politécnica del Ejército (ESPE)
Julio Daniela Velásquez de la,Torre, La Maná, Cotopaxi,-79.1010573,-0.7841908,90.66,Privada,Universidad Internacional del Ecuador (UIDE)
Sr(a). Joaquina,Diaz,Azogues, Cañar,-78.8467191,-2.7380492,282.43,Pública,Universidad Central del Ecuador (UCE)
Martha Eva,Mora, Macará, Loja,-79.9154486,-4.3490358,484.84,Pública,Universidad Central del Ecuador (UCE)
Guadalupe Oriana Aguirre,Perez,San Vicente, Manabí,-80.3761409,-0.4373946,208.65,Pública,Universidad Central del Ecuador (UCE)
Dr(a). Benjamin,Sanchez,Zaruma, El Oro,-79.5131743,-3.5111939,382.47,Pública,Universidad Central del Ecuador (UCE)
Antonia Francisco Diaz,Morales, Flavio Alfaro, Manabí,-79.844538,-0.3242859,148.59,Pública,Escuela Politécnica del Ejército (ESPE)
Sara,Benavente,Sucúa, Morona Santiago,-78.1727383,-2.4560109,251.46,Pública,Escuela Politécnica Nacional (EPN)
María Belén Tomé,Cózar, El Coca, Orellana,-76.9837216,-0.4721804,172.26,Pública,Universidad Central del Ecuador (UCE)
Juan Carlos,Múgica, Junín, Manabí,-80.2054147,-0.9394745,204.54,Pública,Universidad Central del Ecuador (UCE)
Alfonso Asunción Narváez,Gaitán, Montalvo, Los Ríos,-79.348133,-1.8025855,198.99,Pública,Universidad Central del Ecuador (UCE)
Catalina Juana Gomez,Rivero, Quevedo, Los Ríos,-79.4776812,-1.0669701,142.78,Privada,Universidad Internacional del Ecuador (UIDE)
Esmeralda Delgadillo,Navarrete,Ventanas, Los Ríos,-79.3351558,-1.3253915,153.21,Pública,Universidad Central del Ecuador (UCE)
Martín,Sosa,San Vicente, Manabí,-80.3761409,-0.4373946,208.65,Pública,Universidad Central del Ecuador (UCE)
Sabas del,Salvà,Manta, Manabí,-80.7191006,-0.9485853,258.39,Pública,Universidad Central del Ecuador (UCE)
María,Beltrán, Sucre, Manabí,-80.4199056,-0.7326786,219.63,Privada,Universidad San Francisco de Quito (USFQ)
Gloria Brito,Aranda,Zamora, Zamora Chinchipe,-78.9577754,-4.0042008,423.67,Pública,Escuela Politécnica del Ejército (ESPE)
Ángela Garzón,Erazo,Caluma, Bolívar,-79.1963263,-1.5976675,171.01,Privada,Pontificia Universidad Católica del Ecuador (PUCE)
Luciana,Suárez-Barrena,San Vicente, Manabí,-80.3761409,-0.4373946,208.65,Pública,Universidad Central del Ecuador (UCE)
Abraham,Jurado, Cotacachi, Imbabura,-78.4507013,0.3955234,68.8,Pública,Universidad Andina Simón Bolívar (UASB)
Paola Molina,Velásquez, Guano, Chimborazo,-78.6578385,-1.539923,147.64,Pública,Universidad Central del Ecuador (UCE)
Carlos Hernández,Valencia, San Gabriel, Carchi,-77.835319,0.598485,118.12,Privada,Universidad Internacional del Ecuador (UIDE)
Isabella,Romero, Marcabelí, El Oro,-79.9223384,-3.7733434,425.02,Pública,Universidad Central del Ecuador (UCE)
Mateo Benjamin,Garcia,Piñas, El Oro,-79.7832238,-3.7106809,413.02,Pública,Escuela Politécnica Nacional (EPN)
Miguel Iván,Segovia, Santo Domingo, Santo Domingo de los Tsáchilas,-79.1686724,-0.2546212,73.08,Pública,Universidad Central del Ecuador (UCE)
Ángel,Herrera,El Triunfo, Guayas,-79.3660575,-2.2907784,249.03,Pública,Universidad Andina Simón Bolívar (UASB)
Violeta Josefina Vera,Cabrera, Isidro Ayora, Guayas,-80.1463096,-1.8796754,258.94,Pública,Escuela Politécnica Nacional (EPN)
Dr. Hernán,Casanova, Atacames, Esmeraldas,-79.8790841,0.7971086,189.45,Pública,Escuela Politécnica del Ejército (ESPE)
Eva Amigó,Cerdán, Gualaceo, Azuay,-78.8461586,-2.9180205,302.27,Pública,Escuela Politécnica Nacional (EPN)
Alfonso Costa,Melero, El Tambo, Cañar,-78.9133964,-2.4828078,255.51,Pública,Escuela Politécnica Nacional (EPN)
Margarita Melissa García,Moreno, Valencia, Los Ríos,-79.3211355,-0.7696521,108.72,Pública,Universidad Central del Ecuador (UCE)
Teófila Molins,Bayón,Salitre, Guayas,-79.8187323,-1.8289209,230.42,Pública,Escuela Politécnica del Ejército (ESPE)
Irene Molina,Rosales, Buena Fe, Los Ríos,-79.5296983,-0.7488694,127.49,Pública,Universidad Andina Simón Bolívar (UASB)
Clara,Roig, Santo Domingo, Santo Domingo de los Tsáchilas,-79.1686724,-0.2546212,73.08,Privada,Universidad Internacional del Ecuador (UIDE)
Gloria Madrigal,Linares, Isidro Ayora, Guayas,-80.1463096,-1.8796754,258.94,Privada,Universidad Tecnológica Indoamérica (UTI)
Maria Victoria,Toledo, Naranjito, Guayas,-79.3904646,-2.1590388,236.66,Pública,Escuela Politécnica Nacional (EPN)
Guillermina Mia Jazmin,Olivera, Cotacachi, Imbabura,-78.4507013,0.3955234,68.8,Pública,Universidad Central del Ecuador (UCE)
Marisol,Quintana, Tabacundo, Pichincha,-78.2216436,0.048201,43.99,Pública,Universidad Central del Ecuador (UCE)
Carlos Rodríguez,Morales, El Carmen, Manabí,-79.5741548,-0.4809541,121.58,Pública,Universidad Central del Ecuador (UCE)
Graciela Enrique Barrios,Sotelo,Naranjal, Guayas,-79.5325634,-2.5731305,285.16,Pública,Universidad Central del Ecuador (UCE)
Pamela Bernabé,Cepeda,Montecristi, Manabí,-80.6606834,-1.0504072,256.09,Pública,Universidad Central del Ecuador (UCE)
Carmen Feliciano,Zepeda, Cariamanga, Loja,-79.5559525,-4.326038,471.04,Pública,Universidad Central del Ecuador (UCE)
Socorro Magaña,Caballero, Jama, Manabí,-80.2295834,-0.2149489,190.95,Privada,Pontificia Universidad Católica del Ecuador (PUCE)
Pepita Aguiló,Bosch,Saquisilí, Cotopaxi,-78.7312624,-0.8359835,72.67,Pública,Universidad Central del Ecuador (UCE)
Frida,Saiz, Pedro Vicente Maldonado, Pichincha,-79.0400619,0.1612052,72.4,Privada,Universidad Tecnológica Indoamérica (UTI)
Perla Marisol,Montaño, Píllaro, Tungurahua,-78.5423177,-1.1725302,105.95,Privada,Pontificia Universidad Católica del Ecuador (PUCE)
Caridad del,Quintero, San Gabriel, Carchi,-77.835319,0.598485,118.12,Pública,Universidad Central del Ecuador (UCE)
Carmen Escrivá,Olmo, Píllaro, Tungurahua,-78.5423177,-1.1725302,105.95,Pública,Universidad Central del Ecuador (UCE)
Juan Cruz,Cardozo, El Carmen, Manabí,-79.5741548,-0.4809541,121.58,Pública,Universidad Central del Ecuador (UCE)
Jairo,Rivera, San Gabriel, Carchi,-77.835319,0.598485,118.12,Pública,Escuela Politécnica del Ejército (ESPE)
Bibiana Bosch,Vicente, San Miguel de Salcedo, Cotopaxi,-78.5907824,-1.043699,91.99,Pública,Universidad Central del Ecuador (UCE)
Tiziano Valentin,Castro, Paján, Manabí,-80.4212975,-1.7040791,268.83,Pública,Escuela Politécnica del Ejército (ESPE)
Amelia Espada,Sabater, Catamayo, Loja,-79.403789,-3.9912144,430.86,Privada,Universidad de las Américas (UDLA)
Carmelita Barroso,Sebastián, Cañar, Cañar,-79.1800778,-2.4749335,261.48,Pública,Universidad Central del Ecuador (UCE)
Margarita Esteban,Vallejo, La Troncal, Cañar,-79.3751632,-2.433689,264.16,Pública,Universidad Central del Ecuador (UCE)
Irma Echeverría de,León,Manta, Manabí,-80.7191006,-0.9485853,258.39,Pública,Universidad Central del Ecuador (UCE)
Ing. Sessa,Gallegos, La Troncal, Cañar,-79.3751632,-2.433689,264.16,Privada,Universidad de las Américas (UDLA)
Ivan Maria Paz,Figueroa, Valencia, Los Ríos,-79.3211355,-0.7696521,108.72,Pública,Universidad Central del Ecuador (UCE)
Desiderio Leonel Cobo,Guzmán, Chambo, Chimborazo,-78.5425997,-1.74403,169.48,Pública,Universidad Central del Ecuador (UCE)
Úrsula José Guevara,Vélez, San Miguel de Los Bancos, Pichincha,-78.9214659,-0.0188368,50.7,Pública,Universidad Central del Ecuador (UCE)
Pilar Homero Jaramillo,Perales, Vinces, Los Ríos,-79.766045,-1.5235263,201.08,Pública,Instituto de Altos Estudios Nacionales (IAEN)
Paola Sierra,Ureña, Cañar, Cañar,-79.1800778,-2.4749335,261.48,Pública,Universidad Central del Ecuador (UCE)
Laura Gregorio,Gutiérrez,Ibarra, Imbabura,-78.1329448,0.5159369,92.08,Pública,Universidad Central del Ecuador (UCE)
Eva,Julián-Izaguirre, Balzar, Guayas,-79.9367148,-1.3062992,199.16,Pública,Universidad Central del Ecuador (UCE)
Sr(a). Joaquin,Acosta, El Coca, Orellana,-76.9837216,-0.4721804,172.26,Pública,Escuela Politécnica Nacional (EPN)
Santiago Lopez,Rodriguez,Zaruma, El Oro,-79.5131743,-3.5111939,382.47,Pública,Universidad Central del Ecuador (UCE)
Delia Solís,Águila, Daule, Guayas,-79.9129307,-1.9200069,244.89,Pública,Escuela Politécnica del Ejército (ESPE)
Delfina Vega,Maldonado,Pujilí, Cotopaxi,-78.8559205,-1.0077046,95.54,Pública,Universidad Andina Simón Bolívar (UASB)
Ing. Norma,Guerra, La Libertad, Santa Elena,-80.9077647,-2.2208117,346.98,Pública,Universidad Central del Ecuador (UCE)
Alicia Zeferino,Calvillo, San Gabriel, Carchi,-77.835319,0.598485,118.12,Pública,Universidad Central del Ecuador (UCE)
Leonel Ana Ulibarri,Escobedo,Puyo, Pastaza,-77.9969666,-1.4854777,151.92,Pública,Universidad Central del Ecuador (UCE)
Alvaro Jaimes,Urrutia, Santo Domingo, Santo Domingo de los Tsáchilas,-79.1686724,-0.2546212,73.08,Pública,Escuela Politécnica Nacional (EPN)
Dr(a). Maximo,Gimenez, El Carmen, Manabí,-79.5741548,-0.4809541,121.58,Pública,Universidad Central del Ecuador (UCE)
Ramiro Juliana Muñoz,Lucero, Cotacachi, Imbabura,-78.4507013,0.3955234,68.8,Pública,Universidad Central del Ecuador (UCE)
Paola Lozano,Salgado, Puerto López, Manabí,-80.744524,-1.5440814,288.55,Pública,Universidad Central del Ecuador (UCE)
Adán,Lobo, La Troncal, Cañar,-79.3751632,-2.433689,264.16,Pública,Escuela Politécnica Nacional (EPN)
Esmeralda Paula Aguilar,Ordóñez, Atacames, Esmeraldas,-79.8790841,0.7971086,189.45,Pública,Universidad Central del Ecuador (UCE)
Ángela Carolina,Bohórquez, San Miguel de Los Bancos, Pichincha,-78.9214659,-0.0188368,50.7,Pública,Universidad Central del Ecuador (UCE)
Sr(a). Agustín,Córdova,Cayambe, Pichincha,-77.9889555,0.0251586,64.27,Pública,Escuela Politécnica Nacional (EPN)
Mtro. Wilfrido,Alva,Otavalo, Imbabura,-78.2454274,0.2227636,57.5,Pública,Universidad Central del Ecuador (UCE)
Conrado Jorge Lluch,Vidal, Portoviejo, Manabí,-80.4534134,-1.05282,234.85,Pública,Escuela Politécnica del Ejército (ESPE)
Sara Estrada,Adame,Loja, Loja,-79.2016661,-3.996845,426.87,Pública,Universidad Central del Ecuador (UCE)
Catalina,Castillo,Otavalo, Imbabura,-78.2454274,0.2227636,57.5,Privada,Universidad Politécnica Salesiana (UPS)
Tomas Gomez,Ruiz,La Concordia, Santo Domingo de los Tsáchilas,-79.462977,-0.0441108,107.5,Pública,Escuela Politécnica Nacional (EPN)
Camilo Emilio,Cotto,Macas, Morona Santiago,-78.1175466,-2.3046252,235.9,Pública,Universidad Central del Ecuador (UCE)
Guadalupe Soler,Chaparro, Gualaceo, Azuay,-78.8461586,-2.9180205,302.27,Pública,Escuela Politécnica Nacional (EPN)
Marcio Borrell,Carmona, Isidro Ayora, Guayas,-80.1463096,-1.8796754,258.94,Pública,Universidad Central del Ecuador (UCE)
Graciana Calvo,Castilla, San Miguel de Los Bancos, Pichincha,-78.9214659,-0.0188368,50.7,Pública,Escuela Politécnica del Ejército (ESPE)
Carla Aparicio,Ramón, Gualaquiza, Morona Santiago,-78.706485,-3.3277138,346.22,Privada,Universidad de las Américas (UDLA)
Virginia Óliver Quezada,Guzmán, Chambo, Chimborazo,-78.5425997,-1.74403,169.48,Pública,Escuela Politécnica Nacional (EPN)
Dr. Alejandro,Lozada, Montalvo, Los Ríos,-79.348133,-1.8025855,198.99,Pública,Universidad Central del Ecuador (UCE)
Juan,Miranda,Atuntaqui, Imbabura,-78.219615,0.3316022,69.45,Pública,Universidad Andina Simón Bolívar (UASB)
Sr(a). Virginia,Duarte, Muisne, Esmeraldas,-79.8817211,0.5387247,174.09,Pública,Universidad Central del Ecuador (UCE)
Santiago Benjamin Santino Coronel,Garcia,Yaguachi, Guayas,-79.9134536,-2.2015355,269.81,Pública,Universidad Andina Simón Bolívar (UASB)
Erasmo Alsina,Prat,Otavalo, Imbabura,-78.2454274,0.2227636,57.5,Privada,Universidad Tecnológica Equinoccial (UTE)
Abril Reynaldo Mena,Cervantes, Montalvo, Los Ríos,-79.348133,-1.8025855,198.99,Pública,Universidad Central del Ecuador (UCE)
Mtro. José Manuél,Cazares, Cañar, Cañar,-79.1800778,-2.4749335,261.48,Pública,Escuela Politécnica del Ejército (ESPE)
Charo,Pedraza-Olmo, Tabacundo, Pichincha,-78.2216436,0.048201,43.99,Privada,Universidad Tecnológica Indoamérica (UTI)
Alma Valentina Ponce,Gonzalez, Paján, Manabí,-80.4212975,-1.7040791,268.83,Pública,Universidad Central del Ecuador (UCE)
Ing. Jaime,Cazares,Baba, Los Ríos,-79.6615818,-1.6727698,205.95,Pública,Universidad Central del Ecuador (UCE)
Octavio Martinez,Acosta, Daule, Guayas,-79.9129307,-1.9200069,244.89,Pública,Universidad Central del Ecuador (UCE)
Elias Luz Muñoz,Ulloa, Cuenca, Azuay,-79.0041726,-2.8974072,302.67,Pública,Universidad Central del Ecuador (UCE)
Jhon Alonso,Hernández, Palenque, Los Ríos,-79.7182552,-1.3353343,182.63,Privada,Universidad de las Américas (UDLA)
Anselmo,Costa-Amigó, Machala, El Oro,-79.9512804,-3.3148937,379.46,Privada,Universidad de las Américas (UDLA)
Ana,Pichardo,Puyo, Pastaza,-77.9969666,-1.4854777,151.92,Pública,Universidad Central del Ecuador (UCE)
María Luisa Cáceres,Tello,Ventanas, Los Ríos,-79.3351558,-1.3253915,153.21,Pública,Universidad Central del Ecuador (UCE)
Lic. Germán,Balderas, Catamayo, Loja,-79.403789,-3.9912144,430.86,Pública,Universidad Central del Ecuador (UCE)
Ing. Anel,Quintero, Loreto, Orellana,-77.3252738,-0.6471884,140.27,Pública,Escuela Politécnica del Ejército (ESPE)
Inmaculada Alonso,Revilla, Portoviejo, Manabí,-80.4534134,-1.05282,234.85,Pública,Escuela Politécnica Nacional (EPN)
Carmen Guillermina,Tamez, Celica, Loja,-79.9851762,-4.1648137,468.15,Pública,Universidad Central del Ecuador (UCE)
Esther Julián,Cuadrado, Atacames, Esmeraldas,-79.8790841,0.7971086,189.45,Pública,Escuela Politécnica Nacional (EPN)
Pascual del,Antúnez, Cariamanga, Loja,-79.5559525,-4.326038,471.04,Pública,Escuela Politécnica Nacional (EPN)
Carlota Alfaro,Naranjo,San Lorenzo, Esmeraldas,-78.6869333,0.9850634,135.41,Pública,Universidad Andina Simón Bolívar (UASB)
Tiziano,Vazquez,Manta, Manabí,-80.7191006,-0.9485853,258.39,Privada,Universidad de las Américas (UDLA)
Pedro Maia Rios,Torres, Durán, Guayas,-79.7895887,-2.2127014,263.15,Pública,Universidad Central del Ecuador (UCE)
Jorge Elkin,Monroy, Biblián, Cañar,-78.9802821,-2.6748261,277.86,Pública,Escuela Politécnica del Ejército (ESPE)
Marco Carlos Arrieta,Restrepo, Baños de Agua Santa, Tungurahua,-78.4402276,-1.417407,133.37,Pública,Escuela Politécnica del Ejército (ESPE)
Alfredo Barranco,Carrasco, Santa Ana, Manabí,-80.2631268,-1.1944701,222.78,Pública,Escuela Politécnica Nacional (EPN)
Cristóbal Amor,Revilla, Chone, Manabí,-80.0721599,-0.3828099,174.38,Pública,Escuela Politécnica del Ejército (ESPE)
María del Carmen Ozuna,Leal, Quevedo, Los Ríos,-79.4776812,-1.0669701,142.78,Pública,Universidad Central del Ecuador (UCE)
Candelaria Roda,Villalonga, San Gabriel, Carchi,-77.835319,0.598485,118.12,Privada,Universidad Internacional del Ecuador (UIDE)
Adora de,Pazos, Muisne, Esmeraldas,-79.8817211,0.5387247,174.09,Privada,Universidad de las Américas (UDLA)
Felipe Gonzalez,Muñoz,Saraguro, Loja,-79.3063889,-3.5269465,378.14,Pública,Universidad Central del Ecuador (UCE)
Cristina,Ramírez,Tena, Napo,-78.1083981,-0.9438718,92.16,Privada,Universidad Politécnica Salesiana (UPS)
Jennifer Cal,Hoz, Coronel Marcelino Maridueña, Guayas,-79.3861649,-2.2333628,244.02,Pública,Universidad Central del Ecuador (UCE)
Olivia Grande,Márquez, Lomas de Sargentillo, Guayas,-80.0789495,-1.8348374,250.14,Pública,Universidad Central del Ecuador (UCE)
Santos Maestre,Paniagua, Milagro, Guayas,-79.5552042,-2.1179635,240.77,Pública,Escuela Politécnica del Ejército (ESPE)
Jesús Raúl Pérez,Rueda, Isidro Ayora, Guayas,-80.1463096,-1.8796754,258.94,Pública,Universidad Central del Ecuador (UCE)
Lorenzo Rozas,Espada, Palestina, Guayas,-79.9273316,-1.6318981,222.24,Pública,Universidad Andina Simón Bolívar (UASB)
Daniel Hernando,Hurtado, Gualaceo, Azuay,-78.8461586,-2.9180205,302.27,Pública,Instituto de Altos Estudios Nacionales (IAEN)
Sofia Castro,Romero, Chambo, Chimborazo,-78.5425997,-1.74403,169.48,Pública,Universidad Central del Ecuador (UCE)
Lic. Cristina,Quiñónez,Loja, Loja,-79.2016661,-3.996845,426.87,Privada,Universidad de las Américas (UDLA)
Danilo Mendoza,Sánchez, Junín, Manabí,-80.2054147,-0.9394745,204.54,Pública,Universidad Central del Ecuador (UCE)
Lina Marleny,Bermúdez, General Villamil, Guayas,-80.4261454,-2.5937913,338.99,Pública,Universidad Central del Ecuador (UCE)
Martina Chavez,Ruiz, Coronel Marcelino Maridueña, Guayas,-79.3861649,-2.2333628,244.02,Pública,Universidad Central del Ecuador (UCE)
Josefina Romero,Nuñez, Balao, Guayas,-79.7180498,-2.8852516,325.24,Pública,Universidad Central del Ecuador (UCE)
Amador Salvador,Torralba, Santa Ana, Manabí,-80.2631268,-1.1944701,222.78,Privada,Universidad Tecnológica Indoamérica (UTI)
Uma Gonzalez,Cardozo, Echeandía, Bolívar,-79.2735861,-1.4469547,160.54,Pública,Universidad Central del Ecuador (UCE)
Luisa Ofelia García,Forero, Guayaquil, Guayas,-80.0983887,-2.2895167,289.88,Privada,Universidad San Francisco de Quito (USFQ)
Cecilia,Soto, El Coca, Orellana,-76.9837216,-0.4721804,172.26,Pública,Universidad Central del Ecuador (UCE)
Rita Dueñas,Arnal, Milagro, Guayas,-79.5552042,-2.1179635,240.77,Pública,Escuela Politécnica Nacional (EPN)
Lilia,Jiménez,Zamora, Zamora Chinchipe,-78.9577754,-4.0042008,423.67,Pública,Escuela Politécnica del Ejército (ESPE)
Sofia Belen,Pereyra, Chone, Manabí,-80.0721599,-0.3828099,174.38,Privada,Pontificia Universidad Católica del Ecuador (PUCE)
Lara Sofia,Luna, El Coca, Orellana,-76.9837216,-0.4721804,172.26,Pública,Universidad Central del Ecuador (UCE)
Francisca Marco,Calatayud, La Joya de los Sachas, Orellana,-76.8611463,-0.3161424,183.91,Privada,Universidad Internacional del Ecuador (UIDE)
Ivan,Fernandez, Santo Domingo, Santo Domingo de los Tsáchilas,-79.1686724,-0.2546212,73.08,Pública,Escuela Politécnica Nacional (EPN)
Oriana Pilar Ortiz,Martinez, La Libertad, Santa Elena,-80.9077647,-2.2208117,346.98,Pública,Escuela Politécnica Nacional (EPN)
Marco Antonio Dulce Gaitán,Serrato, Durán, Guayas,-79.7895887,-2.2127014,263.15,Pública,Universidad Central del Ecuador (UCE)
Iris Inés,Rodríguez, Paute, Azuay,-78.7362416,-2.7468493,282.05,Pública,Universidad Central del Ecuador (UCE)
Mayra Miranda,Arteaga, Paján, Manabí,-80.4212975,-1.7040791,268.83,Privada,Universidad Tecnológica Indoamérica (UTI)
Ernesto Robles,Ávalos, El Tambo, Cañar,-78.9133964,-2.4828078,255.51,Pública,Escuela Politécnica del Ejército (ESPE)
Sr(a). Santino,Ramirez,San Lorenzo, Esmeraldas,-78.6869333,0.9850634,135.41,Privada,Pontificia Universidad Católica del Ecuador (PUCE)
Sonia Huerta,Cadena, Flavio Alfaro, Manabí,-79.844538,-0.3242859,148.59,Pública,Escuela Politécnica del Ejército (ESPE)
Gil del,Collado, Valencia, Los Ríos,-79.3211355,-0.7696521,108.72,Pública,Universidad Central del Ecuador (UCE)
Iván Alonso,Vara, Celica, Loja,-79.9851762,-4.1648137,468.15,Pública,Universidad Central del Ecuador (UCE)
Julia,Melo, Gualaceo, Azuay,-78.8461586,-2.9180205,302.27,Pública,Universidad Central del Ecuador (UCE)
Julieta Valentino Navarro,Acosta, El Pangui, Zamora Chinchipe,-78.5473049,-3.6253506,378.66,Privada,Pontificia Universidad Católica del Ecuador (PUCE)
Alexandra Marina Mora,Mendoza, La Joya de los Sachas, Orellana,-76.8611463,-0.3161424,183.91,Privada,Universidad Internacional del Ecuador (UIDE)
Carmela de,Amigó, Isidro Ayora, Guayas,-80.1463096,-1.8796754,258.94,Privada,Universidad de las Américas (UDLA)
Laura,Ruiz, El Guabo, El Oro,-79.7584498,-3.1629001,355.32,Pública,Universidad Central del Ecuador (UCE)
Tadeo Fabregat,Pinto, Pedro Carbo, Guayas,-80.3009814,-1.8672671,270.34,Pública,Escuela Politécnica del Ejército (ESPE)
Manuel Heriberto Bravo,Blasco, Naranjito, Guayas,-79.3904646,-2.1590388,236.66,Pública,Escuela Politécnica Nacional (EPN)
Lic. Zeferino,Villanueva,Jaramijó, Manabí,-80.6134583,-0.9743883,248.22,Pública,Escuela Politécnica Nacional (EPN)
Karen Salazar,Rentería, Vinces, Los Ríos,-79.766045,-1.5235263,201.08,Pública,Escuela Politécnica del Ejército (ESPE)
Julio César,Véliz, Cañar, Cañar,-79.1800778,-2.4749335,261.48,Pública,Universidad Central del Ecuador (UCE)
Thiago Benjamin Nuñez,Martinez, Chone, Manabí,-80.0721599,-0.3828099,174.38,Pública,Universidad Central del Ecuador (UCE)
Víctor,Borrego-Roda, Biblián, Cañar,-78.9802821,-2.6748261,277.86,Pública,Escuela Politécnica del Ejército (ESPE)
Inmaculada Arregui,Urrutia, Naranjito, Guayas,-79.3904646,-2.1590388,236.66,Pública,Universidad Central del Ecuador (UCE)
Micaela Gloria,Uribe,Catacocha, Loja,-79.6497578,-4.0503147,444.24,Privada,Pontificia Universidad Católica del Ecuador (PUCE)
José María Joaquín Carbajal,Rincón, Milagro, Guayas,-79.5552042,-2.1179635,240.77,Pública,Universidad Central del Ecuador (UCE)
Juana Martina,Juarez, Cotacachi, Imbabura,-78.4507013,0.3955234,68.8,Pública,Escuela Politécnica del Ejército (ESPE)
Miguel Angel Thiago Molina,Muñoz,Piñas, El Oro,-79.7832238,-3.7106809,413.02,Pública,Universidad Central del Ecuador (UCE)
Thiago Benjamin Gutierrez,Fernandez, Shushufindi, Sucumbíos,-76.5906945,-0.2885051,213.81,Privada,Universidad Tecnológica Equinoccial (UTE)
Felipe Romero,Alvarez, Valencia, Los Ríos,-79.3211355,-0.7696521,108.72,Pública,Escuela Politécnica Nacional (EPN)
Ricardo Federico Palomo,Laureano, Portoviejo, Manabí,-80.4534134,-1.05282,234.85,Pública,Escuela Politécnica Nacional (EPN)
Nadia Vela,Garibay,Puerto Baquerizo Moreno, Galápagos,-89.610191,-0.902599,1236.29,Privada,Universidad Politécnica Salesiana (UPS)
Sebastián Sierra,Ávila, Jipijapa, Manabí,-80.6124982,-1.5158193,274.37,Pública,Escuela Politécnica Nacional (EPN)
Lucas Ezequiel Camila,Fernandez, Alausí, Chimborazo,-78.703566,-2.3250494,235.02,Pública,Universidad Central del Ecuador (UCE)
Sr(a). Pedro,Rios, Pedro Vicente Maldonado, Pichincha,-79.0400619,0.1612052,72.4,Privada,Universidad Internacional del Ecuador (UIDE)
Eutimio Benavent,Garmendia, Flavio Alfaro, Manabí,-79.844538,-0.3242859,148.59,Privada,Universidad Politécnica Salesiana (UPS)
Visitación,Hurtado-Pallarès, Jujan, Guayas,-79.5495283,-1.9494337,224.21,Pública,Universidad Central del Ecuador (UCE)
Lorenzo Bianca,Gonzales, Cañar, Cañar,-79.1800778,-2.4749335,261.48,Pública,Universidad Central del Ecuador (UCE)
Lorenzo,Abrego, Mocache, Los Ríos,-79.5512661,-1.1979,158.63,Pública,Universidad Central del Ecuador (UCE)
Jackeline Gómez,Muñoz, San Gabriel, Carchi,-77.835319,0.598485,118.12,Pública,Escuela Politécnica del Ejército (ESPE)
Eva Almeida,Daza, Sucre, Manabí,-80.4199056,-0.7326786,219.63,Privada,Universidad de las Américas (UDLA)
Germán,Zapata, Cañar, Cañar,-79.1800778,-2.4749335,261.48,Pública,Escuela Politécnica Nacional (EPN)
Natalia Fernanda,Bernal,Sucúa, Morona Santiago,-78.1727383,-2.4560109,251.46,Pública,Universidad Central del Ecuador (UCE)
Gerardo Alicia Valverde,Peña, Tosagua, Manabí,-80.2577186,-0.7755207,203.66,Privada,Pontificia Universidad Católica del Ecuador (PUCE)
Valentin Villalba,Escobar, La Joya de los Sachas, Orellana,-76.8611463,-0.3161424,183.91,Pública,Escuela Politécnica Nacional (EPN)
Begoña,Jordán, El Tambo, Cañar,-78.9133964,-2.4828078,255.51,Pública,Universidad Central del Ecuador (UCE)
Macarena de,Pérez, Palora, Morona Santiago,-77.9675269,-1.6981449,175.15,Pública,Escuela Politécnica Nacional (EPN)
Sr(a). Catalina,Rodriguez, Biblián, Cañar,-78.9802821,-2.6748261,277.86,Privada,Universidad Politécnica Salesiana (UPS)
Rafael Barragán,Mesa,Jaramijó, Manabí,-80.6134583,-0.9743883,248.22,Pública,Escuela Politécnica del Ejército (ESPE)
Matilde Pineda,Erazo, Urcuquí, Imbabura,-78.1941499,0.4172921,79.22,Pública,Universidad Central del Ecuador (UCE)
Sr(a). Genaro,Nuñez, Esmeraldas, Esmeraldas,-79.6523847,0.9668153,183.0,Pública,Escuela Politécnica del Ejército (ESPE)
Alexander Olivia Sanchez,Escobar, La Troncal, Cañar,-79.3751632,-2.433689,264.16,Privada,Universidad San Francisco de Quito (USFQ)
Evita Julián,Mir,La Concordia, Santo Domingo de los Tsáchilas,-79.462977,-0.0441108,107.5,Pública,Escuela Politécnica del Ejército (ESPE)
Bernabé Cepeda,Escribano, Coronel Marcelino Maridueña, Guayas,-79.3861649,-2.2333628,244.02,Pública,Universidad Central del Ecuador (UCE)
Fernanda Hoz,Pizarro, Macará, Loja,-79.9154486,-4.3490358,484.84,Pública,Universidad Central del Ecuador (UCE)
Aurora Bejarano,Sánchez,Ventanas, Los Ríos,-79.3351558,-1.3253915,153.21,Pública,Escuela Politécnica del Ejército (ESPE)
Nilda Barrio,Gordillo, Samborondón, Guayas,-79.7562694,-2.0155653,242.86,Pública,Escuela Politécnica del Ejército (ESPE)
Ciro Valentina,Bravo, Atacames, Esmeraldas,-79.8790841,0.7971086,189.45,Pública,Universidad Central del Ecuador (UCE)
Noelia Venegas,Hurtado, El Guabo, El Oro,-79.7584498,-3.1629001,355.32,Pública,Universidad Central del Ecuador (UCE)
Francisco Eduardo,Rodríguez,Saraguro, Loja,-79.3063889,-3.5269465,378.14,Pública,Universidad Central del Ecuador (UCE)
Morena Modesta Mascaró,Cerdán, Camilo Ponce Enríquez, Azuay,-79.5630363,-2.9640696,326.69,Pública,Universidad Central del Ecuador (UCE)
Juan,Jiménez,Quinsaloma, Los Ríos,-79.3468998,-1.1460552,138.6,Pública,Universidad Central del Ecuador (UCE)
Thiago Ezequiel,Perez, Tulcán, Carchi,-77.7172151,0.8115707,144.84,Pública,Universidad Central del Ecuador (UCE)
Guillermina,Rodriguez, Gualaceo, Azuay,-78.8461586,-2.9180205,302.27,Pública,Escuela Politécnica del Ejército (ESPE)
Mateo Tobias Soria,Sanchez, Tosagua, Manabí,-80.2577186,-0.7755207,203.66,Pública,Universidad Central del Ecuador (UCE)
Henry Enrique Galindo,Jaramillo, San Miguel de Los Bancos, Pichincha,-78.9214659,-0.0188368,50.7,Pública,Escuela Politécnica Nacional (EPN)
Ciro Juan,Mora, Biblián, Cañar,-78.9802821,-2.6748261,277.86,Pública,Universidad Central del Ecuador (UCE)
Belén Herrera,Peiró, Huaquillas, El Oro,-80.184453,-3.4756231,406.89,Pública,Universidad Central del Ecuador (UCE)
Duván Páez,Márquez, Riobamba, Chimborazo,-78.6482479,-1.6732765,162.28,Pública,Universidad Central del Ecuador (UCE)
Iván,Longoria,Latacunga, Cotopaxi,-78.6145758,-0.9340311,80.19,Pública,Universidad Central del Ecuador (UCE)
Heliodoro Múñiz,Oliver, Pedro Carbo, Guayas,-80.3009814,-1.8672671,270.34,Pública,Escuela Politécnica del Ejército (ESPE)
Abril Pizarro,Cruz,Macas, Morona Santiago,-78.1175466,-2.3046252,235.9,Pública,Escuela Politécnica del Ejército (ESPE)
Delia Coronado,Lozano, Guayaquil, Guayas,-80.0983887,-2.2895167,289.88,Privada,Universidad de las Américas (UDLA)
Luis Miguel,Romo, Mocache, Los Ríos,-79.5512661,-1.1979,158.63,Pública,Universidad Central del Ecuador (UCE)
Lola Paulina Cabrera,Alvarez,Montecristi, Manabí,-80.6606834,-1.0504072,256.09,Pública,Universidad Central del Ecuador (UCE)
Chus Lucas,Cabo, Milagro, Guayas,-79.5552042,-2.1179635,240.77,Pública,Escuela Politécnica del Ejército (ESPE)
Zaida Vaquero,Iglesias,Piñas, El Oro,-79.7832238,-3.7106809,413.02,Pública,Escuela Politécnica del Ejército (ESPE)
Benjamin Barrios,Rojas, Tulcán, Carchi,-77.7172151,0.8115707,144.84,Privada,Universidad Internacional del Ecuador (UIDE)
Marita Villalonga,Prieto,El Triunfo, Guayas,-79.3660575,-2.2907784,249.03,Privada,Universidad San Francisco de Quito (USFQ)
Dylan Ezequiel,Fernandez, San Miguel de Salcedo, Cotopaxi,-78.5907824,-1.043699,91.99,Pública,Escuela Politécnica del Ejército (ESPE)
Luis Palma,Saldaña,El Triunfo, Guayas,-79.3660575,-2.2907784,249.03,Privada,Universidad de las Américas (UDLA)
Jacinto,Cepeda-Real, El Guabo, El Oro,-79.7584498,-3.1629001,355.32,Pública,Universidad Central del Ecuador (UCE)
Yolanda Salazar,Sánchez, Isidro Ayora, Guayas,-80.1463096,-1.8796754,258.94,Pública,Escuela Politécnica del Ejército (ESPE)
Amando Frías,Álvaro, Marcabelí, El Oro,-79.9223384,-3.7733434,425.02,Pública,Escuela Politécnica del Ejército (ESPE)
Aura Vanesa Herrera,Osorio, Santa Lucía, Guayas,-80.0426304,-1.7145863,237.82,Pública,Universidad Central del Ecuador (UCE)
Sr(a). Malena,Sosa,Loja, Loja,-79.2016661,-3.996845,426.87,Privada,Universidad Internacional del Ecuador (UIDE)
Gabino Noelia del Río,Marín, Cotacachi, Imbabura,-78.4507013,0.3955234,68.8,Pública,Universidad Central del Ecuador (UCE)
Yuridia Valdés,Gonzales,Puerto Baquerizo Moreno, Galápagos,-89.610191,-0.902599,1236.29,Pública,Universidad Central del Ecuador (UCE)
Manuel,Espinosa, Daule, Guayas,-79.9129307,-1.9200069,244.89,Pública,Escuela Politécnica Nacional (EPN)
María,Garcés,Atuntaqui, Imbabura,-78.219615,0.3316022,69.45,Privada,Pontificia Universidad Católica del Ecuador (PUCE)
Augusto,Gutiérrez, Pelileo, Tungurahua,-78.537307,-1.3573827,126.48,Pública,Escuela Politécnica Nacional (EPN)
Thiago Nicolas Tiziana Farias,Rodriguez,Manta, Manabí,-80.7191006,-0.9485853,258.39,Privada,Universidad Tecnológica Equinoccial (UTE)
Cristian Marisol,Lira, Tabacundo, Pichincha,-78.2216436,0.048201,43.99,Pública,Universidad Central del Ecuador (UCE)
Sr(a). Tomàs,Mendoza,El Ángel, Carchi,-77.9396301,0.6211998,113.17,Pública,Universidad Central del Ecuador (UCE)
Emma Juana,Moreno,Ibarra, Imbabura,-78.1329448,0.5159369,92.08,Privada,Pontificia Universidad Católica del Ecuador (PUCE)
Darío,Angulo, Valdez, Esmeraldas,-78.9826345,1.2489838,171.53,Pública,Escuela Politécnica Nacional (EPN)
Ing. Juan de la,O, Archidona, Napo,-77.955042,-0.7160712,82.95,Pública,Universidad Central del Ecuador (UCE)
Felicidad Alberola,Barrera, Montalvo, Los Ríos,-79.348133,-1.8025855,198.99,Pública,Escuela Politécnica Nacional (EPN)
Rita Gala Huerta,Arnaiz, Macará, Loja,-79.9154486,-4.3490358,484.84,Pública,Escuela Politécnica del Ejército (ESPE)
Esteban Juan,Giraldo, Daule, Guayas,-79.9129307,-1.9200069,244.89,Pública,Universidad Central del Ecuador (UCE)
Patricio Nadia Colunga,Jaramillo, Mocache, Los Ríos,-79.5512661,-1.1979,158.63,Privada,Universidad Tecnológica Equinoccial (UTE)
Estela Hilda Alcala,Aranda,Caluma, Bolívar,-79.1963263,-1.5976675,171.01,Pública,Instituto de Altos Estudios Nacionales (IAEN)
Anastasia,Prieto, Santa Rosa, El Oro,-80.154904,-3.4145538,399.35,Pública,Universidad Central del Ecuador (UCE)
Juan Bautista,Gutierrez, Tosagua, Manabí,-80.2577186,-0.7755207,203.66,Pública,Universidad Central del Ecuador (UCE)
Fabiola Dueñas,Lorenzo, Puerto López, Manabí,-80.744524,-1.5440814,288.55,Privada,Universidad Tecnológica Indoamérica (UTI)
Richard,Pedraza,Azogues, Cañar,-78.8467191,-2.7380492,282.43,Pública,Universidad Andina Simón Bolívar (UASB)
Alejandro,Luna, Cañar, Cañar,-79.1800778,-2.4749335,261.48,Pública,Universidad Central del Ecuador (UCE)
Mtro. Andrés,Roldán, Chordeleg, Azuay,-78.7307218,-2.9844675,308.33,Pública,Universidad Central del Ecuador (UCE)
Pedro,Carbajal,Salitre, Guayas,-79.8187323,-1.8289209,230.42,Privada,Universidad de las Américas (UDLA)
Dalila Casal,Colom,San Vicente, Manabí,-80.3761409,-0.4373946,208.65,Pública,Instituto de Altos Estudios Nacionales (IAEN)
Dr(a). Francisca,Ponce, Flavio Alfaro, Manabí,-79.844538,-0.3242859,148.59,Pública,Universidad Central del Ecuador (UCE)
Sr(a). Antonio,Coronel,Salinas, Santa Elena,-80.9237973,-2.2612497,351.24,Pública,Universidad Central del Ecuador (UCE)
Fausto Jose Angel Cañas,Tello, Jipijapa, Manabí,-80.6124982,-1.5158193,274.37,Pública,Escuela Politécnica del Ejército (ESPE)
Simón,Sancho-Cervantes,Jaramijó, Manabí,-80.6134583,-0.9743883,248.22,Pública,Universidad Central del Ecuador (UCE)
David Arrieta,Prieto, Guayaquil, Guayas,-80.0983887,-2.2895167,289.88,Privada,Universidad Internacional del Ecuador (UIDE)
Joaquin Valentino Diaz,Castro, Balzar, Guayas,-79.9367148,-1.3062992,199.16,Privada,Pontificia Universidad Católica del Ecuador (PUCE)
Lic. Dalia,Soliz,Sangolquí, Pichincha,-78.4483476,-0.3288822,14.03,Pública,Escuela Politécnica del Ejército (ESPE)
Raquel Benjamín,Corona, Daule, Guayas,-79.9129307,-1.9200069,244.89,Pública,Universidad Central del Ecuador (UCE)
Leticia de,Pou,Ventanas, Los Ríos,-79.3351558,-1.3253915,153.21,Pública,Escuela Politécnica Nacional (EPN)
Dr. Débora,Sierra,Saquisilí, Cotopaxi,-78.7312624,-0.8359835,72.67,Pública,Escuela Politécnica Nacional (EPN)
Manuela,Garay-Diez,Piñas, El Oro,-79.7832238,-3.7106809,413.02,Privada,Universidad de las Américas (UDLA)
Alvaro Carrión,Alejandro, Guayaquil, Guayas,-80.0983887,-2.2895167,289.88,Privada,Universidad de las Américas (UDLA)
Delia Abelardo,Alemán,San Vicente, Manabí,-80.3761409,-0.4373946,208.65,Pública,Universidad Central del Ecuador (UCE)
Gabriela,Serra, Lomas de Sargentillo, Guayas,-80.0789495,-1.8348374,250.14,Privada,Pontificia Universidad Católica del Ecuador (PUCE)
Juan Ignacio,Bustos, Puerto López, Manabí,-80.744524,-1.5440814,288.55,Pública,Escuela Politécnica del Ejército (ESPE)
Juan Ignacio,Molina, Naranjito, Guayas,-79.3904646,-2.1590388,236.66,Pública,Escuela Politécnica del Ejército (ESPE)
Rosa Fanny Gutiérrez,Alarcón, Riobamba, Chimborazo,-78.6482479,-1.6732765,162.28,Privada,Pontificia Universidad Católica del Ecuador (PUCE)
Mtro. Indira,Guerrero, Bahía de Caráquez, Manabí,-80.423572,-0.5999649,216.67,Pública,Escuela Politécnica Nacional (EPN)
Lina,Asenjo-Tolosa,Machachi, Pichincha,-78.6516915,-0.4984774,34.61,Pública,Escuela Politécnica Nacional (EPN)
Stiven Castañeda,Caicedo,Arenillas, El Oro,-80.0974316,-3.5859238,413.63,Pública,Escuela Politécnica del Ejército (ESPE)
Ignacio Horacio,Paredes, Portoviejo, Manabí,-80.4534134,-1.05282,234.85,Pública,Universidad Central del Ecuador (UCE)
María Diana,Perdomo, La Joya de los Sachas, Orellana,-76.8611463,-0.3161424,183.91,Pública,Universidad Central del Ecuador (UCE)
Silvia Quintero,Esparza, Buena Fe, Los Ríos,-79.5296983,-0.7488694,127.49,Pública,Universidad Central del Ecuador (UCE)
Salomé Lorenzo,Mur, Pedro Carbo, Guayas,-80.3009814,-1.8672671,270.34,Pública,Universidad Central del Ecuador (UCE)
Zoe Jazmin,Romero, Durán, Guayas,-79.7895887,-2.2127014,263.15,Privada,Pontificia Universidad Católica del Ecuador (PUCE)
Iris Porta,Roca,Puebloviejo, Los Ríos,-79.5474126,-1.5368546,186.22,Pública,Universidad Central del Ecuador (UCE)
María Maira,Medina, Palenque, Los Ríos,-79.7182552,-1.3353343,182.63,Pública,Universidad Central del Ecuador (UCE)
Oswaldo,Blanco, Puerto López, Manabí,-80.744524,-1.5440814,288.55,Pública,Escuela Politécnica Nacional (EPN)
Abel Marisela Toro,Mejía, Palora, Morona Santiago,-77.9675269,-1.6981449,175.15,Pública,Universidad Central del Ecuador (UCE)
María Luisa Leiva,Soria, Huaca, Carchi,-77.727333,0.7987391,143.02,Pública,Universidad Central del Ecuador (UCE)
María Luisa,Alcolea, Píllaro, Tungurahua,-78.5423177,-1.1725302,105.95,Pública,Universidad Central del Ecuador (UCE)
Fernanda Esperanza Jiménez,Hernández,Bucay, Guayas,-79.1376329,-2.2004367,230.91,Pública,Universidad Central del Ecuador (UCE)
Francesca Malena,Gonzalez, Tabacundo, Pichincha,-78.2216436,0.048201,43.99,Privada,Universidad Internacional del Ecuador (UIDE)
Lic. Porfirio,Vaca, Muisne, Esmeraldas,-79.8817211,0.5387247,174.09,Privada,Pontificia Universidad Católica del Ecuador (PUCE)
Lucía Toro,Belmonte, Coronel Marcelino Maridueña, Guayas,-79.3861649,-2.2333628,244.02,Pública,Universidad Central del Ecuador (UCE)
Rosa,Vega, San Miguel de Salcedo, Cotopaxi,-78.5907824,-1.043699,91.99,Pública,Universidad Central del Ecuador (UCE)
María Elena Araceli Vargas,Rentería, Rocafuerte, Manabí,-80.4012121,-0.9032437,223.34,Pública,Universidad Central del Ecuador (UCE)
Juliana Martinez,Gonzalez, Valencia, Los Ríos,-79.3211355,-0.7696521,108.72,Pública,Universidad Central del Ecuador (UCE)
Ildefonso Palmer,Santos, Samborondón, Guayas,-79.7562694,-2.0155653,242.86,Pública,Escuela Politécnica del Ejército (ESPE)
Adela,Madrid,Piñas, El Oro,-79.7832238,-3.7106809,413.02,Pública,Universidad Central del Ecuador (UCE)
Tania de,Pedrosa, Baños de Agua Santa, Tungurahua,-78.4402276,-1.417407,133.37,Pública,Universidad Central del Ecuador (UCE)
María Teresa Muro,Meza, Cotacachi, Imbabura,-78.4507013,0.3955234,68.8,Privada,Universidad de las Américas (UDLA)
Ángela Ángela,Toro, Pimampiro, Imbabura,-77.9402742,0.393298,93.27,Privada,Universidad Internacional del Ecuador (UIDE)
Gustavo,Olmos, Nueva Loja, Sucumbíos,-76.8834932,0.0850591,184.27,Pública,Universidad Central del Ecuador (UCE)
Beatriz Toro,Ureña, Calceta, Manabí,-80.1640382,-0.8480934,196.48,Pública,Universidad Central del Ecuador (UCE)
Aurelio Sandra Villarreal,Padrón, Paute, Azuay,-78.7362416,-2.7468493,282.05,Pública,Escuela Politécnica Nacional (EPN)
Gabriela,Díaz, Jama, Manabí,-80.2295834,-0.2149489,190.95,Privada,Universidad de las Américas (UDLA)
Salvador Mateo,Mesa, Guano, Chimborazo,-78.6578385,-1.539923,147.64,Privada,Universidad de las Américas (UDLA)
Amelia Lamas,Pazos, Huaca, Carchi,-77.727333,0.7987391,143.02,Pública,Escuela Politécnica del Ejército (ESPE)
Luz Cortés,Duarte, Junín, Manabí,-80.2054147,-0.9394745,204.54,Pública,Universidad Andina Simón Bolívar (UASB)
Wilmer José Mejía,Mora,Machachi, Pichincha,-78.6516915,-0.4984774,34.61,Privada,Universidad de las Américas (UDLA)
Bibiana,Cases-Pedraza, Samborondón, Guayas,-79.7562694,-2.0155653,242.86,Pública,Universidad Central del Ecuador (UCE)
Paloma Gonzalez,Ponce, Colimes, Guayas,-80.0818751,-1.5161582,226.31,Privada,Universidad de las Américas (UDLA)
Constanza Nogués,Redondo, Píllaro, Tungurahua,-78.5423177,-1.1725302,105.95,Pública,Universidad Central del Ecuador (UCE)
Ángela,Rojas, Milagro, Guayas,-79.5552042,-2.1179635,240.77,Pública,Universidad Central del Ecuador (UCE)
Mariano Diana Santacruz,Curiel, Portoviejo, Manabí,-80.4534134,-1.05282,234.85,Privada,Universidad de las Américas (UDLA)
José,López, Santa Ana, Manabí,-80.2631268,-1.1944701,222.78,Pública,Escuela Politécnica Nacional (EPN)
Frida María Cristina,Guajardo, San Miguel, Bolívar,-79.127262,-1.8120574,189.75,Pública,Universidad Central del Ecuador (UCE)
Hugo Belmonte,Porras,Guaranda, Bolívar,-79.0576662,-1.4398571,148.56,Pública,Universidad Central del Ecuador (UCE)
Daniela,Martínez, Pelileo, Tungurahua,-78.537307,-1.3573827,126.48,Pública,Universidad Central del Ecuador (UCE)
Luz,Córdoba, Urcuquí, Imbabura,-78.1941499,0.4172921,79.22,Privada,Universidad Politécnica Salesiana (UPS)
Carmina Sonia Silva,Canales, Velasco Ibarra, Guayas,-79.8779821,-2.2843364,275.19,Pública,Universidad Central del Ecuador (UCE)
Cayetana Roma,Berrocal,Pujilí, Cotopaxi,-78.8559205,-1.0077046,95.54,Pública,Escuela Politécnica Nacional (EPN)
Corona Saez,Baeza,Puebloviejo, Los Ríos,-79.5474126,-1.5368546,186.22,Pública,Universidad Central del Ecuador (UCE)
Alvaro Alonso,Ríos, El Coca, Orellana,-76.9837216,-0.4721804,172.26,Pública,Escuela Politécnica Nacional (EPN)
Martina Mir,Alcolea,Guaranda, Bolívar,-79.0576662,-1.4398571,148.56,Pública,Universidad Central del Ecuador (UCE)
Domitila Bolaños,Varela, Huaca, Carchi,-77.727333,0.7987391,143.02,Pública,Universidad Central del Ecuador (UCE)
Gustavo David,Jaimes, Coronel Marcelino Maridueña, Guayas,-79.3861649,-2.2333628,244.02,Privada,Universidad de las Américas (UDLA)
Mia,Silva,Bucay, Guayas,-79.1376329,-2.2004367,230.91,Privada,Universidad de las Américas (UDLA)
Valentino Valentina Campos,Vazquez, Paute, Azuay,-78.7362416,-2.7468493,282.05,Pública,Universidad Central del Ecuador (UCE)
Rafael Arias,Gutierrez,Salitre, Guayas,-79.8187323,-1.8289209,230.42,Pública,Escuela Politécnica Nacional (EPN)
Eloy,Márquez,Atuntaqui, Imbabura,-78.219615,0.3316022,69.45,Pública,Universidad Central del Ecuador (UCE)
Virgilio,Bejarano, Pimampiro, Imbabura,-77.9402742,0.393298,93.27,Pública,Universidad Central del Ecuador (UCE)
Flavio,Arrieta-Corral, Baños de Agua Santa, Tungurahua,-78.4402276,-1.417407,133.37,Pública,Universidad Central del Ecuador (UCE)
David Díaz,Correa,Catarama, Los Ríos,-79.4750201,-1.5692196,184.28,Privada,Universidad Internacional del Ecuador (UIDE)
Leydi Socorro Padilla,Mendoza, Calceta, Manabí,-80.1640382,-0.8480934,196.48,Pública,Universidad Andina Simón Bolívar (UASB)
Cornelio Lucía Tamayo,Balderas,Sucúa, Morona Santiago,-78.1727383,-2.4560109,251.46,Pública,Escuela Politécnica Nacional (EPN)
Ema Lorenzo Villalba,Acosta,Salinas, Santa Elena,-80.9237973,-2.2612497,351.24,Pública,Universidad Central del Ecuador (UCE)
Helena Patricia Santacruz,Esquivel, Sucre, Manabí,-80.4199056,-0.7326786,219.63,Pública,Universidad Central del Ecuador (UCE)
Cecilia Torres,Cáceres,Sangolquí, Pichincha,-78.4483476,-0.3288822,14.03,Pública,Escuela Politécnica del Ejército (ESPE)
René Montoya,Valencia,El Triunfo, Guayas,-79.3660575,-2.2907784,249.03,Pública,Escuela Politécnica del Ejército (ESPE)
Sabina Saldaña,Lloret, Palenque, Los Ríos,-79.7182552,-1.3353343,182.63,Pública,Universidad Central del Ecuador (UCE)
Fernanda Sanchez,Narváez, Flavio Alfaro, Manabí,-79.844538,-0.3242859,148.59,Pública,Universidad Central del Ecuador (UCE)
Rosa Alejandra,Rojas,Pasaje, El Oro,-79.7625976,-3.3234936,372.0,Pública,Universidad Central del Ecuador (UCE)
Rosario Aponte,Toledo, Cariamanga, Loja,-79.5559525,-4.326038,471.04,Pública,Universidad Central del Ecuador (UCE)
Luis Mauricio,Bermúdez, Jujan, Guayas,-79.5495283,-1.9494337,224.21,Pública,Escuela Politécnica del Ejército (ESPE)
Aroa Vilma Guillen,Cabo, Cuenca, Azuay,-79.0041726,-2.8974072,302.67,Privada,Universidad Internacional del Ecuador (UIDE)
Jerónimo Vera,Pons,Puyo, Pastaza,-77.9969666,-1.4854777,151.92,Pública,Universidad Central del Ecuador (UCE)
Noelia Agustina Cisneros,Moya,Salitre, Guayas,-79.8187323,-1.8289209,230.42,Pública,Escuela Politécnica Nacional (EPN)
Héctor Andrés Narváez,Pérez, Paján, Manabí,-80.4212975,-1.7040791,268.83,Privada,Universidad Politécnica Salesiana (UPS)
Paca Peláez,Guillen, Pedernales, Manabí,-79.8451737,0.0693259,151.66,Pública,Universidad Central del Ecuador (UCE)
Gustavo,García,Loja, Loja,-79.2016661,-3.996845,426.87,Pública,Escuela Politécnica Nacional (EPN)
Armando Cervántez,Echeverría,Zamora, Zamora Chinchipe,-78.9577754,-4.0042008,423.67,Pública,Universidad Central del Ecuador (UCE)
Martín Santino Nicolas Sosa,Soto,Tena, Napo,-78.1083981,-0.9438718,92.16,Pública,Escuela Politécnica del Ejército (ESPE)
Tito Rios,Ayuso, Santa Lucía, Guayas,-80.0426304,-1.7145863,237.82,Pública,Escuela Politécnica del Ejército (ESPE)
Aura Navas,Garmendia, Puerto López, Manabí,-80.744524,-1.5440814,288.55,Pública,Universidad Central del Ecuador (UCE)
Vanesa Rolando Huerta,Quiñónez, Balzar, Guayas,-79.9367148,-1.3062992,199.16,Privada,Universidad San Francisco de Quito (USFQ)
Marina,Gómez, San Gabriel, Carchi,-77.835319,0.598485,118.12,Pública,Escuela Politécnica del Ejército (ESPE)
Bautista Benjamin Vega,Farias,Quinsaloma, Los Ríos,-79.3468998,-1.1460552,138.6,Pública,Universidad Central del Ecuador (UCE)
Sr(a). Isabel,Vega, Huaca, Carchi,-77.727333,0.7987391,143.02,Pública,Universidad Central del Ecuador (UCE)
Tania,Soto, Loreto, Orellana,-77.3252738,-0.6471884,140.27,Pública,Escuela Politécnica del Ejército (ESPE)
Adalberto Pozo,Maestre,Bucay, Guayas,-79.1376329,-2.2004367,230.91,Pública,Universidad Central del Ecuador (UCE)
Adán Emilia Véliz,Casanova, Quevedo, Los Ríos,-79.4776812,-1.0669701,142.78,Privada,Pontificia Universidad Católica del Ecuador (PUCE)
Félix,Cases-Angulo, Velasco Ibarra, Guayas,-79.8779821,-2.2843364,275.19,Pública,Escuela Politécnica del Ejército (ESPE)
Amalia,Santillán, Echeandía, Bolívar,-79.2735861,-1.4469547,160.54,Pública,Escuela Politécnica Nacional (EPN)
María Milena,Ávila, Balao, Guayas,-79.7180498,-2.8852516,325.24,Privada,Pontificia Universidad Católica del Ecuador (PUCE)
Nacho del,Dávila, Tosagua, Manabí,-80.2577186,-0.7755207,203.66,Privada,Universidad de las Américas (UDLA)
Fabio Antonio,Arias, Pedro Vicente Maldonado, Pichincha,-79.0400619,0.1612052,72.4,Privada,Pontificia Universidad Católica del Ecuador (PUCE)
María Giraldo,Gómez, Baños de Agua Santa, Tungurahua,-78.4402276,-1.417407,133.37,Pública,Universidad Central del Ecuador (UCE)
Franco,Silva, San Miguel de Salcedo, Cotopaxi,-78.5907824,-1.043699,91.99,Privada,Universidad de las Américas (UDLA)
Marianela Romero,Barral,Guaranda, Bolívar,-79.0576662,-1.4398571,148.56,Pública,Escuela Politécnica del Ejército (ESPE)
Gala del,Tejada, Cuenca, Azuay,-79.0041726,-2.8974072,302.67,Pública,Universidad Central del Ecuador (UCE)
Ligia,Lara, Marcabelí, El Oro,-79.9223384,-3.7733434,425.02,Pública,Universidad Central del Ecuador (UCE)
Dr(a). Juliana,Gomez, Pedro Carbo, Guayas,-80.3009814,-1.8672671,270.34,Pública,Universidad Central del Ecuador (UCE)
Rebeca Graciela,Maldonado, Naranjito, Guayas,-79.3904646,-2.1590388,236.66,Pública,Instituto de Altos Estudios Nacionales (IAEN)
María Elena Cruz,Uribe, Pedro Vicente Maldonado, Pichincha,-79.0400619,0.1612052,72.4,Pública,Universidad Central del Ecuador (UCE)
Itzel Abril Gamez,Cruz,Latacunga, Cotopaxi,-78.6145758,-0.9340311,80.19,Pública,Universidad Central del Ecuador (UCE)
María,Rojas,Sangolquí, Pichincha,-78.4483476,-0.3288822,14.03,Pública,Universidad Central del Ecuador (UCE)
Valentina Tiziano Valentin Lopez,Gomez, Cuenca, Azuay,-79.0041726,-2.8974072,302.67,Pública,Escuela Politécnica Nacional (EPN)
Margarita Méndez,Durán,Sangolquí, Pichincha,-78.4483476,-0.3288822,14.03,Pública,Escuela Politécnica Nacional (EPN)
Estela Homero,Menéndez, Santo Domingo, Santo Domingo de los Tsáchilas,-79.1686724,-0.2546212,73.08,Pública,Universidad Central del Ecuador (UCE)
Adrián Antón,Ariño, Alausí, Chimborazo,-78.703566,-2.3250494,235.02,Pública,Universidad Central del Ecuador (UCE)
Benicio Gonzalez,Coronel, Junín, Manabí,-80.2054147,-0.9394745,204.54,Privada,Universidad de las Américas (UDLA)
Dr(a). Emma,Fernandez, Santa Rosa, El Oro,-80.154904,-3.4145538,399.35,Privada,Universidad Internacional del Ecuador (UIDE)
Gregorio Pozo,Saldaña,Simón Bolívar, Guayas,-79.4218634,-2.0424101,226.45,Pública,Universidad Central del Ecuador (UCE)
Sergio Abraham,Lerma, Bahía de Caráquez, Manabí,-80.423572,-0.5999649,216.67,Pública,Universidad Central del Ecuador (UCE)
Enrique Duván Londoño,Angulo,Santa Elena, Santa Elena,-80.8576945,-2.2270098,343.18,Pública,Universidad Central del Ecuador (UCE)
Jazmín Candela Rodriguez,Luna, Santa Lucía, Guayas,-80.0426304,-1.7145863,237.82,Pública,Universidad Central del Ecuador (UCE)
Mateo Isabella Moyano,Martinez, Vinces, Los Ríos,-79.766045,-1.5235263,201.08,Pública,Universidad Central del Ecuador (UCE)
Claudia Reyna,Negrón, Montalvo, Los Ríos,-79.348133,-1.8025855,198.99,Pública,Escuela Politécnica Nacional (EPN)
María Restrepo,Restrepo,Baba, Los Ríos,-79.6615818,-1.6727698,205.95,Pública,Universidad Central del Ecuador (UCE)
Begoña Abigaíl Salgado,Carbó,Sucúa, Morona Santiago,-78.1727383,-2.4560109,251.46,Pública,Universidad Central del Ecuador (UCE)
Soledad Cáceres,Gonzalez, Tulcán, Carchi,-77.7172151,0.8115707,144.84,Pública,Universidad Central del Ecuador (UCE)
Ciríaco Rosado,Diéguez, Puerto López, Manabí,-80.744524,-1.5440814,288.55,Pública,Universidad Andina Simón Bolívar (UASB)
Paola Nadia Donoso,Bauzà,Catarama, Los Ríos,-79.4750201,-1.5692196,184.28,Pública,Escuela Politécnica del Ejército (ESPE)
Beatriz Yasmín,Vanegas, Tosagua, Manabí,-80.2577186,-0.7755207,203.66,Pública,Universidad Central del Ecuador (UCE)
Marina Ximena,Mora, Baños de Agua Santa, Tungurahua,-78.4402276,-1.417407,133.37,Pública,Universidad Central del Ecuador (UCE)
Mtro. Isabela,Urbina,Saraguro, Loja,-79.3063889,-3.5269465,378.14,Pública,Universidad Central del Ecuador (UCE)
Vanesa,Milla-Silva, Guayaquil, Guayas,-80.0983887,-2.2895167,289.88,Privada,Universidad Internacional del Ecuador (UIDE)
Federico Catalina,Castro,Manta, Manabí,-80.7191006,-0.9485853,258.39,Privada,Universidad de las Américas (UDLA)
Remigio Nicolás,Guzmán,Zaruma, El Oro,-79.5131743,-3.5111939,382.47,Pública,Escuela Politécnica Nacional (EPN)
Sr(a). Bautista,Chavez,San Vicente, Manabí,-80.3761409,-0.4373946,208.65,Pública,Universidad Central del Ecuador (UCE)
Ing. Mauro de,León, Palora, Morona Santiago,-77.9675269,-1.6981449,175.15,Pública,Escuela Politécnica del Ejército (ESPE)
Arbey Jesús,Martínez, El Carmen, Manabí,-79.5741548,-0.4809541,121.58,Pública,Universidad Central del Ecuador (UCE)
Bernardita,Diéguez,Zaruma, El Oro,-79.5131743,-3.5111939,382.47,Pública,Escuela Politécnica del Ejército (ESPE)
Benjamin Joaquin,Diaz,Caluma, Bolívar,-79.1963263,-1.5976675,171.01,Pública,Escuela Politécnica del Ejército (ESPE)
Eugenia Velasco,Torres, El Pangui, Zamora Chinchipe,-78.5473049,-3.6253506,378.66,Pública,Universidad Central del Ecuador (UCE)
Flavio Bueno,Ledesma, Esmeraldas, Esmeraldas,-79.6523847,0.9668153,183.0,Privada,Pontificia Universidad Católica del Ecuador (PUCE)
Jerson Pablo Ariza,Velandia,Naranjal, Guayas,-79.5325634,-2.5731305,285.16,Privada,Universidad de las Américas (UDLA)
Humberto Palomino,Ferrández, Cariamanga, Loja,-79.5559525,-4.326038,471.04,Pública,Universidad Central del Ecuador (UCE)
Quirino Alberto,Castell,Bucay, Guayas,-79.1376329,-2.2004367,230.91,Pública,Universidad Central del Ecuador (UCE)
Amador,Lluch,Otavalo, Imbabura,-78.2454274,0.2227636,57.5,Pública,Universidad Central del Ecuador (UCE)
César Catalina,Quiñones,El Ángel, Carchi,-77.9396301,0.6211998,113.17,Pública,Universidad Central del Ecuador (UCE)
Mia Jazmin Juan Ignacio Hernandez,Martinez,Catacocha, Loja,-79.6497578,-4.0503147,444.24,Pública,Universidad Andina Simón Bolívar (UASB)
Catalina Santacruz,Cabán,Yaguachi, Guayas,-79.9134536,-2.2015355,269.81,Pública,Universidad Central del Ecuador (UCE)
Angelina Lola Ruiz,Gonzalez,Otavalo, Imbabura,-78.2454274,0.2227636,57.5,Pública,Universidad Andina Simón Bolívar (UASB)
Otilia Gual,Sacristán,Yaguachi, Guayas,-79.9134536,-2.2015355,269.81,Pública,Universidad Central del Ecuador (UCE)
Benicio,Barrios, Santa Ana, Manabí,-80.2631268,-1.1944701,222.78,Pública,Escuela Politécnica del Ejército (ESPE)
Lupita Consuelo Catalán,Belda,San Vicente, Manabí,-80.3761409,-0.4373946,208.65,Pública,Universidad Central del Ecuador (UCE)
Marcelino Borrás,Ricart, Pedro Carbo, Guayas,-80.3009814,-1.8672671,270.34,Pública,Universidad Central del Ecuador (UCE)
Emma Pineda,Armas, Cañar, Cañar,-79.1800778,-2.4749335,261.48,Pública,Escuela Politécnica del Ejército (ESPE)
Ing. Esteban,Casares, Chordeleg, Azuay,-78.7307218,-2.9844675,308.33,Privada,Pontificia Universidad Católica del Ecuador (PUCE)
Duilio,Llorente-Batlle,San Vicente, Manabí,-80.3761409,-0.4373946,208.65,Pública,Escuela Politécnica Nacional (EPN)
Lourdes Ruiz,Alcaraz,Babahoyo, Los Ríos,-79.5068917,-1.8762599,214.79,Pública,Universidad Central del Ecuador (UCE)
Graciela Pedrosa,Rios, Paute, Azuay,-78.7362416,-2.7468493,282.05,Privada,Universidad Internacional del Ecuador (UIDE)
Benjamin Alejandro,Lucero, Guayaquil, Guayas,-80.0983887,-2.2895167,289.88,Privada,Universidad Internacional del Ecuador (UIDE)
Cruz Prada,Coronado,Loja, Loja,-79.2016661,-3.996845,426.87,Pública,Escuela Politécnica Nacional (EPN)
Loida,Prada-Paredes, Atacames, Esmeraldas,-79.8790841,0.7971086,189.45,Privada,Universidad de las Américas (UDLA)
Lucía,Gutiérrez, Cuenca, Azuay,-79.0041726,-2.8974072,302.67,Pública,Escuela Politécnica Nacional (EPN)
Pablo,Mendoza, Buena Fe, Los Ríos,-79.5296983,-0.7488694,127.49,Pública,Escuela Politécnica del Ejército (ESPE)
Giovanni,Castillo, Lomas de Sargentillo, Guayas,-80.0789495,-1.8348374,250.14,Privada,Universidad de las Américas (UDLA)
Raquel Lorena,Montañez, Portovelo, El Oro,-79.6172038,-3.7152273,407.56,Pública,Universidad Central del Ecuador (UCE)
Moisés Marciano Peñas,Diego, Guayaquil, Guayas,-80.0983887,-2.2895167,289.88,Privada,Universidad San Francisco de Quito (USFQ)
Valentino Mateo,Fernandez, Archidona, Napo,-77.955042,-0.7160712,82.95,Privada,Pontificia Universidad Católica del Ecuador (PUCE)
Eusebio Collado,Jaume,Macas, Morona Santiago,-78.1175466,-2.3046252,235.9,Pública,Universidad Central del Ecuador (UCE)
Wendolin,Chapa, Urcuquí, Imbabura,-78.1941499,0.4172921,79.22,Pública,Universidad Central del Ecuador (UCE)
Fernando Carlos,Duarte, Jipijapa, Manabí,-80.6124982,-1.5158193,274.37,Privada,Universidad Internacional del Ecuador (UIDE)
Paulina del,Cabañas, Quevedo, Los Ríos,-79.4776812,-1.0669701,142.78,Privada,Universidad de las Américas (UDLA)
Luca Lisandro,Barrios, Santa Lucía, Guayas,-80.0426304,-1.7145863,237.82,Pública,Universidad Central del Ecuador (UCE)
Marianela Nilda Pinto,Lago,Macas, Morona Santiago,-78.1175466,-2.3046252,235.9,Pública,Escuela Politécnica del Ejército (ESPE)
Rafaél Ivonne,Grijalva, Pedernales, Manabí,-79.8451737,0.0693259,151.66,Pública,Universidad Central del Ecuador (UCE)
María Luisa Eduardo Navarrete,Báez, Rocafuerte, Manabí,-80.4012121,-0.9032437,223.34,Pública,Universidad Central del Ecuador (UCE)
Martha Carmen Ramírez,Aguilar, El Pangui, Zamora Chinchipe,-78.5473049,-3.6253506,378.66,Pública,Instituto de Altos Estudios Nacionales (IAEN)
Arcelia Navarrete,Tafoya, Urcuquí, Imbabura,-78.1941499,0.4172921,79.22,Pública,Escuela Politécnica Nacional (EPN)
Martina,Chavez, Atacames, Esmeraldas,-79.8790841,0.7971086,189.45,Pública,Escuela Politécnica del Ejército (ESPE)
León Alexis,Giraldo,Machachi, Pichincha,-78.6516915,-0.4984774,34.61,Pública,Universidad Central del Ecuador (UCE)
Enrique Daniel Fernández,Lara,Jaramijó, Manabí,-80.6134583,-0.9743883,248.22,Pública,Escuela Politécnica del Ejército (ESPE)
Abel Manuel,Moreno,Caluma, Bolívar,-79.1963263,-1.5976675,171.01,Privada,Universidad de las Américas (UDLA)
Román Fernando Giraldo,Padilla,Baba, Los Ríos,-79.6615818,-1.6727698,205.95,Privada,Universidad de las Américas (UDLA)
Lorenzo Barrios,Fernandez,Pujilí, Cotopaxi,-78.8559205,-1.0077046,95.54,Pública,Universidad Central del Ecuador (UCE)
Gonzalo José Eduardo Alonzo,Tello, San Gabriel, Carchi,-77.835319,0.598485,118.12,Pública,Universidad Central del Ecuador (UCE)
Eva,Medina-Verdejo, Balsas, El Oro,-79.831096,-3.7742179,421.48,Pública,Escuela Politécnica del Ejército (ESPE)
Catalina Pujol,Clavero, Chone, Manabí,-80.0721599,-0.3828099,174.38,Pública,Universidad Central del Ecuador (UCE)
Fabián Jhon,Meza,Atuntaqui, Imbabura,-78.219615,0.3316022,69.45,Pública,Escuela Politécnica Nacional (EPN)
Evelio Alcántar,Rendón,Ibarra, Imbabura,-78.1329448,0.5159369,92.08,Pública,Escuela Politécnica Nacional (EPN)
Paola Castaño,Fernández,Catacocha, Loja,-79.6497578,-4.0503147,444.24,Pública,Escuela Politécnica Nacional (EPN)
Cipriano,Plaza-Carvajal, Balsas, El Oro,-79.831096,-3.7742179,421.48,Pública,Universidad Central del Ecuador (UCE)
Leticia,Posada, Santa Rosa, El Oro,-80.154904,-3.4145538,399.35,Pública,Escuela Politécnica Nacional (EPN)
Cristina Linda,Carrión, Portoviejo, Manabí,-80.4534134,-1.05282,234.85,Pública,Universidad Central del Ecuador (UCE)
Vicente Alberto,Montes,Ibarra, Imbabura,-78.1329448,0.5159369,92.08,Pública,Universidad Central del Ecuador (UCE)
Dr(a). Delfina,Vazquez, Junín, Manabí,-80.2054147,-0.9394745,204.54,Pública,Instituto de Altos Estudios Nacionales (IAEN)
Aida Anguiano,Tejeda,Salitre, Guayas,-79.8187323,-1.8289209,230.42,Pública,Universidad Central del Ecuador (UCE)
Luisa Palacio,Diego, Bahía de Caráquez, Manabí,-80.423572,-0.5999649,216.67,Pública,Universidad Central del Ecuador (UCE)
Arcelia Negrete,Ulloa, El Pangui, Zamora Chinchipe,-78.5473049,-3.6253506,378.66,Pública,Escuela Politécnica del Ejército (ESPE)
Santino Gabriel Castro,Sanchez, San Miguel de Salcedo, Cotopaxi,-78.5907824,-1.043699,91.99,Privada,Pontificia Universidad Católica del Ecuador (PUCE)
Víctor Gilberto del Valle,Prieto,Zamora, Zamora Chinchipe,-78.9577754,-4.0042008,423.67,Pública,Escuela Politécnica Nacional (EPN)
Thiago Benjamin Agostina Paez,Aguirre,Arenillas, El Oro,-80.0974316,-3.5859238,413.63,Pública,Universidad Central del Ecuador (UCE)
Charo Céspedes,Amaya, Jipijapa, Manabí,-80.6124982,-1.5158193,274.37,Pública,Universidad Central del Ecuador (UCE)
Thiago Lionel Tobias Diaz,Acosta, Pelileo, Tungurahua,-78.537307,-1.3573827,126.48,Pública,Universidad Central del Ecuador (UCE)
Dante Camila,Romero,Arenillas, El Oro,-80.0974316,-3.5859238,413.63,Pública,Universidad Central del Ecuador (UCE)
Mayte Abelardo,Carrasco, Archidona, Napo,-77.955042,-0.7160712,82.95,Pública,Universidad Central del Ecuador (UCE)
Paula,Gómez,Yaguachi, Guayas,-79.9134536,-2.2015355,269.81,Pública,Escuela Politécnica Nacional (EPN)
Silvia Montenegro,Martínez, Valencia, Los Ríos,-79.3211355,-0.7696521,108.72,Pública,Universidad Central del Ecuador (UCE)
Augusto Pablo,Gómez, Cotacachi, Imbabura,-78.4507013,0.3955234,68.8,Pública,Escuela Politécnica del Ejército (ESPE)
Jose Antonio Enríquez,Castellanos, Macará, Loja,-79.9154486,-4.3490358,484.84,Pública,Universidad Central del Ecuador (UCE)
Ciro Feliciano Sierra,Ferrero, Ambato, Tungurahua,-78.6287594,-1.2422413,114.38,Pública,Universidad Central del Ecuador (UCE)
Alba Mascaró,González,Quinsaloma, Los Ríos,-79.3468998,-1.1460552,138.6,Privada,Universidad Internacional del Ecuador (UIDE)
Rico,Puig, Tabacundo, Pichincha,-78.2216436,0.048201,43.99,Pública,Escuela Politécnica del Ejército (ESPE)
Caridad Arana,Fiol, Gualaceo, Azuay,-78.8461586,-2.9180205,302.27,Pública,Universidad Central del Ecuador (UCE)
Gonzalo,Oliva, La Joya de los Sachas, Orellana,-76.8611463,-0.3161424,183.91,Pública,Universidad Central del Ecuador (UCE)
Beatriz Giraldo,Fajardo, Huaquillas, El Oro,-80.184453,-3.4756231,406.89,Privada,Universidad Tecnológica Equinoccial (UTE)
Mireia Cayetana Tormo,Hoz,Ibarra, Imbabura,-78.1329448,0.5159369,92.08,Pública,Universidad Central del Ecuador (UCE)
Clara Parada,Romero, Portovelo, El Oro,-79.6172038,-3.7152273,407.56,Pública,Escuela Politécnica del Ejército (ESPE)
Concepción Darío,Corona,San Vicente, Manabí,-80.3761409,-0.4373946,208.65,Privada,Universidad de las Américas (UDLA)
Constanza Santiago,Pereyra,Tena, Napo,-78.1083981,-0.9438718,92.16,Pública,Escuela Politécnica Nacional (EPN)
Graciela Narváez,Rojo, Cumandá, Chimborazo,-79.103584,-2.2108666,230.91,Pública,Escuela Politécnica del Ejército (ESPE)
Espartaco Catalina Gaytán,Piña, Cañar, Cañar,-79.1800778,-2.4749335,261.48,Pública,Escuela Politécnica Nacional (EPN)
Bianca Valdez,Herrera, Montalvo, Los Ríos,-79.348133,-1.8025855,198.99,Pública,Universidad Central del Ecuador (UCE)
Leoncio Segovia,Arroyo, Junín, Manabí,-80.2054147,-0.9394745,204.54,Privada,Universidad de las Américas (UDLA)
Samuel,Salinas, Gualaquiza, Morona Santiago,-78.706485,-3.3277138,346.22,Pública,Escuela Politécnica del Ejército (ESPE)
Roxana,Cuadrado, Santa Lucía, Guayas,-80.0426304,-1.7145863,237.82,Privada,Universidad Internacional del Ecuador (UIDE)
Alfonso,Camacho, La Libertad, Santa Elena,-80.9077647,-2.2208117,346.98,Pública,Universidad Central del Ecuador (UCE)
Beatriz Costa,Prieto,San Vicente, Manabí,-80.3761409,-0.4373946,208.65,Pública,Escuela Politécnica Nacional (EPN)
Mireia Girón,España,Ibarra, Imbabura,-78.1329448,0.5159369,92.08,Pública,Universidad Central del Ecuador (UCE)
Natividad Royo,Juárez, Echeandía, Bolívar,-79.2735861,-1.4469547,160.54,Privada,Universidad de las Américas (UDLA)
Jairo Valencia,Gallego, Buena Fe, Los Ríos,-79.5296983,-0.7488694,127.49,Pública,Universidad Central del Ecuador (UCE)
Enrique Esmeralda,Corral,Pasaje, El Oro,-79.7625976,-3.3234936,372.0,Pública,Universidad Central del Ecuador (UCE)
Nancy Adriana,Caraballo,Pasaje, El Oro,-79.7625976,-3.3234936,372.0,Pública,Universidad Central del Ecuador (UCE)
Ocampo,Herrera,Machachi, Pichincha,-78.6516915,-0.4984774,34.61,Pública,Escuela Politécnica Nacional (EPN)
Diego Joaquín,Palacios, El Pangui, Zamora Chinchipe,-78.5473049,-3.6253506,378.66,Pública,Universidad Central del Ecuador (UCE)
Casandra Nebot,Galván, Nueva Loja, Sucumbíos,-76.8834932,0.0850591,184.27,Pública,Escuela Politécnica del Ejército (ESPE)
Norma,Vargas,El Ángel, Carchi,-77.9396301,0.6211998,113.17,Pública,Escuela Politécnica del Ejército (ESPE)
Bautista Lara,Pereyra, Jama, Manabí,-80.2295834,-0.2149489,190.95,Pública,Escuela Politécnica Nacional (EPN)
Héctor Rincón,López, Catamayo, Loja,-79.403789,-3.9912144,430.86,Privada,Universidad de las Américas (UDLA)
Mercedes Mascareñas,Girón, Narcisa de Jesús, Guayas,-80.2384404,-1.6118103,246.52,Pública,Escuela Politécnica Nacional (EPN)
Teresa Cecilia,Rodríguez, Pimampiro, Imbabura,-77.9402742,0.393298,93.27,Pública,Universidad Central del Ecuador (UCE)
Roldán del,Díaz,Quinsaloma, Los Ríos,-79.3468998,-1.1460552,138.6,Pública,Universidad Central del Ecuador (UCE)
Bianca Garcia,Ruiz, Urcuquí, Imbabura,-78.1941499,0.4172921,79.22,Pública,Escuela Politécnica Nacional (EPN)
Francesca Josefina Garcia,Herrera, Alausí, Chimborazo,-78.703566,-2.3250494,235.02,Privada,Pontificia Universidad Católica del Ecuador (PUCE)
Antonio Andrés,Pérez,Puebloviejo, Los Ríos,-79.5474126,-1.5368546,186.22,Pública,Escuela Politécnica del Ejército (ESPE)
Antonia Roman,Leal, La Joya de los Sachas, Orellana,-76.8611463,-0.3161424,183.91,Privada,Universidad de las Américas (UDLA)
Lorenzo Nogués,Murcia,Naranjal, Guayas,-79.5325634,-2.5731305,285.16,Privada,Universidad San Francisco de Quito (USFQ)
Benjamin Paula Gomez,Muñoz, Muisne, Esmeraldas,-79.8817211,0.5387247,174.09,Pública,Universidad Central del Ecuador (UCE)
Mtro. María del Carmen,Trujillo,Yaguachi, Guayas,-79.9134536,-2.2015355,269.81,Privada,Universidad Tecnológica Equinoccial (UTE)
Luciana Isabella Cordoba,Correa, Buena Fe, Los Ríos,-79.5296983,-0.7488694,127.49,Pública,Universidad Central del Ecuador (UCE)
Cesar,Royo-Cuadrado, Ambato, Tungurahua,-78.6287594,-1.2422413,114.38,Privada,Universidad de las Américas (UDLA)
María Valderrama,Báez, Santa Ana, Manabí,-80.2631268,-1.1944701,222.78,Pública,Universidad Central del Ecuador (UCE)
Conchita Maldonado,Benavides, Valdez, Esmeraldas,-78.9826345,1.2489838,171.53,Pública,Universidad Central del Ecuador (UCE)
Dr. Luis Manuel,Páez, Marcabelí, El Oro,-79.9223384,-3.7733434,425.02,Pública,Universidad Central del Ecuador (UCE)
Dr(a). Lola,Ortiz, Muisne, Esmeraldas,-79.8817211,0.5387247,174.09,Pública,Escuela Politécnica Nacional (EPN)
Bautista Pedro,Escobar,Caluma, Bolívar,-79.1963263,-1.5976675,171.01,Pública,Universidad Central del Ecuador (UCE)
Salvador Escalante,Centeno,Guaranda, Bolívar,-79.0576662,-1.4398571,148.56,Pública,Universidad Central del Ecuador (UCE)
Amparo,Gonzalez,El Ángel, Carchi,-77.9396301,0.6211998,113.17,Pública,Universidad Central del Ecuador (UCE)
Augusto Camilo Moreno,Henao, Coronel Marcelino Maridueña, Guayas,-79.3861649,-2.2333628,244.02,Pública,Escuela Politécnica del Ejército (ESPE)
Mtro. Eloy,Carrillo, Portoviejo, Manabí,-80.4534134,-1.05282,234.85,Pública,Escuela Politécnica Nacional (EPN)
Eulalia Mendizábal,Fabra, Baños de Agua Santa, Tungurahua,-78.4402276,-1.417407,133.37,Pública,Escuela Politécnica Nacional (EPN)
Nerea,Nadal,Otavalo, Imbabura,-78.2454274,0.2227636,57.5,Pública,Escuela Politécnica Nacional (EPN)
Carlota Clemente,Armenta, Urcuquí, Imbabura,-78.1941499,0.4172921,79.22,Pública,Universidad Central del Ecuador (UCE)
Rodrigo Barrientos,Mora, Buena Fe, Los Ríos,-79.5296983,-0.7488694,127.49,Pública,Universidad Central del Ecuador (UCE)
Julieta Pineda,Lladó, Chordeleg, Azuay,-78.7307218,-2.9844675,308.33,Pública,Universidad Central del Ecuador (UCE)
Raúl Jorge Rodríguez,Martínez, Sucre, Manabí,-80.4199056,-0.7326786,219.63,Pública,Escuela Politécnica del Ejército (ESPE)
Ramiro,Rivera, Catamayo, Loja,-79.403789,-3.9912144,430.86,Pública,Instituto de Altos Estudios Nacionales (IAEN)
Josefina Vicente Benitez,Ruiz,San Vicente, Manabí,-80.3761409,-0.4373946,208.65,Pública,Universidad Central del Ecuador (UCE)
Dr(a). Thiago Gabriel,Cruz, Jujan, Guayas,-79.5495283,-1.9494337,224.21,Pública,Universidad Central del Ecuador (UCE)
Sabina Fortuny,Pol, Guano, Chimborazo,-78.6578385,-1.539923,147.64,Pública,Universidad Central del Ecuador (UCE)
Santiago Gómez,Andrade, Pedro Vicente Maldonado, Pichincha,-79.0400619,0.1612052,72.4,Privada,Pontificia Universidad Católica del Ecuador (PUCE)
Herminio Hidalgo,Osorio, La Troncal, Cañar,-79.3751632,-2.433689,264.16,Pública,Escuela Politécnica Nacional (EPN)
Leidy María Mena,Bastidas,Yantzaza, Zamora Chinchipe,-78.7376344,-3.7146811,389.38,Pública,Universidad Central del Ecuador (UCE)
Sr(a). Luisina,Benitez, Isidro Ayora, Guayas,-80.1463096,-1.8796754,258.94,Pública,Escuela Politécnica del Ejército (ESPE)
Mirta,Palma-Cervantes, Portoviejo, Manabí,-80.4534134,-1.05282,234.85,Pública,Universidad Central del Ecuador (UCE)
Juan Cruz Isabella,Torres,Otavalo, Imbabura,-78.2454274,0.2227636,57.5,Pública,Escuela Politécnica del Ejército (ESPE)
Joaquin Sosa,Lopez,Naranjal, Guayas,-79.5325634,-2.5731305,285.16,Pública,Escuela Politécnica del Ejército (ESPE)
Liliana,Fonseca, Daule, Guayas,-79.9129307,-1.9200069,244.89,Pública,Escuela Politécnica del Ejército (ESPE)
Francisco Bautista Sanchez,Garcia, Balao, Guayas,-79.7180498,-2.8852516,325.24,Pública,Escuela Politécnica Nacional (EPN)
Javier Castro,Navarro, Pelileo, Tungurahua,-78.537307,-1.3573827,126.48,Pública,Escuela Politécnica Nacional (EPN)
Isabel Frida Loya,García, La Libertad, Santa Elena,-80.9077647,-2.2208117,346.98,Pública,Escuela Politécnica Nacional (EPN)
Stiven,Mercado,Sangolquí, Pichincha,-78.4483476,-0.3288822,14.03,Pública,Escuela Politécnica Nacional (EPN)
Elena Jimena,Fernández, Rocafuerte, Manabí,-80.4012121,-0.9032437,223.34,Pública,Universidad Central del Ecuador (UCE)
Gerónimo Ricardo Raya,Linares,Baba, Los Ríos,-79.6615818,-1.6727698,205.95,Pública,Instituto de Altos Estudios Nacionales (IAEN)
Mtro. Lucas,Jaime, Pedro Vicente Maldonado, Pichincha,-79.0400619,0.1612052,72.4,Privada,Universidad San Francisco de Quito (USFQ)
Purificación,Donoso, La Maná, Cotopaxi,-79.1010573,-0.7841908,90.66,Pública,Escuela Politécnica del Ejército (ESPE)
Amanda Rosalia,Méndez, Cumandá, Chimborazo,-79.103584,-2.2108666,230.91,Privada,Universidad Tecnológica Equinoccial (UTE)
Sofía Jazmin,Maidana, Riobamba, Chimborazo,-78.6482479,-1.6732765,162.28,Pública,Universidad Central del Ecuador (UCE)
Carmen Luz,Rodríguez, La Troncal, Cañar,-79.3751632,-2.433689,264.16,Pública,Universidad Central del Ecuador (UCE)
Isabella Joaquin,Guzman, Esmeraldas, Esmeraldas,-79.6523847,0.9668153,183.0,Pública,Universidad Central del Ecuador (UCE)
Eugenia Mata,Villena,La Concordia, Santo Domingo de los Tsáchilas,-79.462977,-0.0441108,107.5,Pública,Universidad Central del Ecuador (UCE)
Isabel Maritza Peña,Quintero, Nueva Loja, Sucumbíos,-76.8834932,0.0850591,184.27,Pública,Escuela Politécnica del Ejército (ESPE)
Alfonso Felipe,Alarcón, Palenque, Los Ríos,-79.7182552,-1.3353343,182.63,Pública,Universidad Central del Ecuador (UCE)
Emilio Loreto Roselló,Mayo, Tabacundo, Pichincha,-78.2216436,0.048201,43.99,Pública,Universidad Central del Ecuador (UCE)
Felipe Cabrera,Ortiz, Balzar, Guayas,-79.9367148,-1.3062992,199.16,Pública,Universidad Central del Ecuador (UCE)
Vidal Pagès,Campillo, San Miguel, Bolívar,-79.127262,-1.8120574,189.75,Pública,Universidad Central del Ecuador (UCE)
Emilia Riojas,Merino, Píllaro, Tungurahua,-78.5423177,-1.1725302,105.95,Pública,Escuela Politécnica Nacional (EPN)
Julia Mia Lopez,Nuñez, Bahía de Caráquez, Manabí,-80.423572,-0.5999649,216.67,Pública,Escuela Politécnica del Ejército (ESPE)
Lautaro Benjamin Flores,Cordoba, Paján, Manabí,-80.4212975,-1.7040791,268.83,Pública,Universidad Central del Ecuador (UCE)
Francisca Muro,Urías,Ibarra, Imbabura,-78.1329448,0.5159369,92.08,Privada,Universidad Internacional del Ecuador (UIDE)
Carmen Claudia Giraldo,García,Saquisilí, Cotopaxi,-78.7312624,-0.8359835,72.67,Pública,Escuela Politécnica Nacional (EPN)
Ing. José Eduardo,Arriaga,Bucay, Guayas,-79.1376329,-2.2004367,230.91,Pública,Universidad Central del Ecuador (UCE)
Dulce Elias Pantoja,Cotto, Shushufindi, Sucumbíos,-76.5906945,-0.2885051,213.81,Pública,Universidad Central del Ecuador (UCE)
Felix Esquivel,Marín,Ibarra, Imbabura,-78.1329448,0.5159369,92.08,Privada,Universidad Tecnológica Indoamérica (UTI)
Joaquin Lola Ferreyra,Gonzalez, General Villamil, Guayas,-80.4261454,-2.5937913,338.99,Pública,Universidad Central del Ecuador (UCE)
Ricardo,Pelayo,Machachi, Pichincha,-78.6516915,-0.4984774,34.61,Privada,Universidad de las Américas (UDLA)
Sr(a). Martina,Arias, Alamor, Loja,-80.0197281,-4.0181681,454.31,Pública,Universidad Central del Ecuador (UCE)
Amparo Castro,Gallego, Pedernales, Manabí,-79.8451737,0.0693259,151.66,Pública,Escuela Politécnica Nacional (EPN)
Venceslás Borrás,Torrens, Valdez, Esmeraldas,-78.9826345,1.2489838,171.53,Pública,Escuela Politécnica Nacional (EPN)
Bautista Thiago Benjamin Toledo,Sanchez, Riobamba, Chimborazo,-78.6482479,-1.6732765,162.28,Pública,Escuela Politécnica Nacional (EPN)
Ana,Montoya, Chambo, Chimborazo,-78.5425997,-1.74403,169.48,Pública,Universidad Central del Ecuador (UCE)
Ana,Aguilar,Baba, Los Ríos,-79.6615818,-1.6727698,205.95,Privada,Universidad Tecnológica Equinoccial (UTE)
Jhon Díaz,Espinosa,Bucay, Guayas,-79.1376329,-2.2004367,230.91,Privada,Pontificia Universidad Católica del Ecuador (PUCE)
Elvira Cecilia,Solís, San Miguel de Los Bancos, Pichincha,-78.9214659,-0.0188368,50.7,Pública,Universidad Central del Ecuador (UCE)
Dr. Abril,Chacón,Ventanas, Los Ríos,-79.3351558,-1.3253915,153.21,Pública,Universidad Central del Ecuador (UCE)
Fito Quero,Campos, Shushufindi, Sucumbíos,-76.5906945,-0.2885051,213.81,Pública,Universidad Central del Ecuador (UCE)
Adalberto Estela,Alonzo, Quevedo, Los Ríos,-79.4776812,-1.0669701,142.78,Privada,Universidad Tecnológica Equinoccial (UTE)
Flavio Lucas,Rocha, Shushufindi, Sucumbíos,-76.5906945,-0.2885051,213.81,Pública,Escuela Politécnica del Ejército (ESPE)
Abril Gomez,Mendoza,Macas, Morona Santiago,-78.1175466,-2.3046252,235.9,Privada,Pontificia Universidad Católica del Ecuador (PUCE)
Paula Benjamin Mendez,Fernandez, San Miguel, Bolívar,-79.127262,-1.8120574,189.75,Privada,Universidad Tecnológica Equinoccial (UTE)
Dr(a). Gonzalo,Sanchez,Quinsaloma, Los Ríos,-79.3468998,-1.1460552,138.6,Pública,Escuela Politécnica del Ejército (ESPE)
Emilio Pellicer,Galvez, Quevedo, Los Ríos,-79.4776812,-1.0669701,142.78,Pública,Escuela Politécnica del Ejército (ESPE)
Vito Duran,Gual,Santa Elena, Santa Elena,-80.8576945,-2.2270098,343.18,Privada,Universidad de las Américas (UDLA)
Juan José Ortiz,Prada, Santa Ana, Manabí,-80.2631268,-1.1944701,222.78,Pública,Escuela Politécnica Nacional (EPN)
Carolina Toledo,Lucio, Buena Fe, Los Ríos,-79.5296983,-0.7488694,127.49,Privada,Pontificia Universidad Católica del Ecuador (PUCE)
Abigail Figueroa,Correa, Palestina, Guayas,-79.9273316,-1.6318981,222.24,Pública,Escuela Politécnica del Ejército (ESPE)
Javi Cánovas,Cárdenas, Nueva Loja, Sucumbíos,-76.8834932,0.0850591,184.27,Pública,Universidad Central del Ecuador (UCE)
Amelia José Luis Baeza,Quiñones, Isidro Ayora, Guayas,-80.1463096,-1.8796754,258.94,Privada,Universidad Internacional del Ecuador (UIDE)
Antonella Manuel Ojeda,Campos,Saquisilí, Cotopaxi,-78.7312624,-0.8359835,72.67,Pública,Universidad Central del Ecuador (UCE)
Juan Cruz,Perez, Cotacachi, Imbabura,-78.4507013,0.3955234,68.8,Pública,Universidad Central del Ecuador (UCE)
Roberta Serafina España,Laguna, Chambo, Chimborazo,-78.5425997,-1.74403,169.48,Pública,Escuela Politécnica Nacional (EPN)
Fernanda Gordillo,Saez, General Villamil, Guayas,-80.4261454,-2.5937913,338.99,Pública,Escuela Politécnica del Ejército (ESPE)
Sonia,Cordero, Flavio Alfaro, Manabí,-79.844538,-0.3242859,148.59,Privada,Universidad Internacional del Ecuador (UIDE)
Andrea Cecilia,Gómez, Flavio Alfaro, Manabí,-79.844538,-0.3242859,148.59,Privada,Universidad Tecnológica Equinoccial (UTE)
Jhon Lozano,Amaya, Chambo, Chimborazo,-78.5425997,-1.74403,169.48,Pública,Universidad Central del Ecuador (UCE)
Mercedes Felix,Escobedo, La Joya de los Sachas, Orellana,-76.8611463,-0.3161424,183.91,Pública,Universidad Central del Ecuador (UCE)
Sr(a). Geronimo,Gomez,Pujilí, Cotopaxi,-78.8559205,-1.0077046,95.54,Privada,Pontificia Universidad Católica del Ecuador (PUCE)
Amado Carreras,Seco, Chambo, Chimborazo,-78.5425997,-1.74403,169.48,Pública,Universidad Central del Ecuador (UCE)
Pablo del,Ricart, Guayaquil, Guayas,-80.0983887,-2.2895167,289.88,Privada,Universidad Internacional del Ecuador (UIDE)
Javi Ayala,Tormo, Gualaquiza, Morona Santiago,-78.706485,-3.3277138,346.22,Pública,Escuela Politécnica Nacional (EPN)
Fanny,Montenegro, Cumandá, Chimborazo,-79.103584,-2.2108666,230.91,Pública,Escuela Politécnica Nacional (EPN)
Bernardo Rodrigo Heredia,Mota, Bahía de Caráquez, Manabí,-80.423572,-0.5999649,216.67,Privada,Universidad San Francisco de Quito (USFQ)
Mtro. Blanca,Salcido, Guayaquil, Guayas,-80.0983887,-2.2895167,289.88,Privada,Universidad Internacional del Ecuador (UIDE)
Chucho Cisneros,Ugarte, Loreto, Orellana,-77.3252738,-0.6471884,140.27,Pública,Universidad Central del Ecuador (UCE)
Valentina Lautaro Benjamin Lopez,Gonzalez, Echeandía, Bolívar,-79.2735861,-1.4469547,160.54,Pública,Universidad Central del Ecuador (UCE)
Patricia Rivera,Rivera, Pedro Carbo, Guayas,-80.3009814,-1.8672671,270.34,Pública,Escuela Politécnica Nacional (EPN)
William,Jaimes, Ambato, Tungurahua,-78.6287594,-1.2422413,114.38,Pública,Universidad Central del Ecuador (UCE)
Abel Paola,Estévez, Alamor, Loja,-80.0197281,-4.0181681,454.31,Pública,Universidad Central del Ecuador (UCE)
Guadalupe Hermelinda Quintero,Almanza,Azogues, Cañar,-78.8467191,-2.7380492,282.43,Pública,Universidad Central del Ecuador (UCE)
Alfonso Dario Valencia,Ortiz, Naranjito, Guayas,-79.3904646,-2.1590388,236.66,Pública,Universidad Central del Ecuador (UCE)
Adelardo Perelló,Pina, Ambato, Tungurahua,-78.6287594,-1.2422413,114.38,Pública,Universidad Central del Ecuador (UCE)
Viviana Francy,Díaz,Puyo, Pastaza,-77.9969666,-1.4854777,151.92,Pública,Escuela Politécnica Nacional (EPN)
Valentina,Quiroga,Yaguachi, Guayas,-79.9134536,-2.2015355,269.81,Privada,Universidad Internacional del Ecuador (UIDE)
Luis,Fuentes, Paute, Azuay,-78.7362416,-2.7468493,282.05,Pública,Universidad Central del Ecuador (UCE)
Mtro. Linda,Gonzales, Quevedo, Los Ríos,-79.4776812,-1.0669701,142.78,Pública,Escuela Politécnica del Ejército (ESPE)
Lorena Zapata,Ruiz,Montecristi, Manabí,-80.6606834,-1.0504072,256.09,Pública,Escuela Politécnica Nacional (EPN)
Jorge Raquel,Corrales,Montecristi, Manabí,-80.6606834,-1.0504072,256.09,Pública,Escuela Politécnica Nacional (EPN)
Anita Pujol,Olmedo, Ambato, Tungurahua,-78.6287594,-1.2422413,114.38,Privada,Universidad Internacional del Ecuador (UIDE)
Sandalio Cañete,Amorós,Santa Elena, Santa Elena,-80.8576945,-2.2270098,343.18,Pública,Universidad Central del Ecuador (UCE)
Ana Gutiérrez,García,Macas, Morona Santiago,-78.1175466,-2.3046252,235.9,Pública,Escuela Politécnica Nacional (EPN)
Martina Salvador,Sanchez, Tosagua, Manabí,-80.2577186,-0.7755207,203.66,Privada,Pontificia Universidad Católica del Ecuador (PUCE)
Lorenzo Malena,Muñoz, Echeandía, Bolívar,-79.2735861,-1.4469547,160.54,Pública,Escuela Politécnica del Ejército (ESPE)
Débora,Lucio, Ambato, Tungurahua,-78.6287594,-1.2422413,114.38,Pública,Escuela Politécnica del Ejército (ESPE)
Luis Manuel Ocasio,Benítez,Pasaje, El Oro,-79.7625976,-3.3234936,372.0,Pública,Escuela Politécnica Nacional (EPN)
Edwin,Rodríguez, Pimampiro, Imbabura,-77.9402742,0.393298,93.27,Privada,Universidad de las Américas (UDLA)
Diana Julieth,Torres,Sangolquí, Pichincha,-78.4483476,-0.3288822,14.03,Privada,Universidad de las Américas (UDLA)
Elías Gomez,Crespo, Ambato, Tungurahua,-78.6287594,-1.2422413,114.38,Pública,Universidad Central del Ecuador (UCE)
Chus Cordero,Busquets,Latacunga, Cotopaxi,-78.6145758,-0.9340311,80.19,Privada,Universidad Internacional del Ecuador (UIDE)
José Emilio Lucio,Segura,Pujilí, Cotopaxi,-78.8559205,-1.0077046,95.54,Pública,Universidad Central del Ecuador (UCE)
Lupita Corral,Rozas, Archidona, Napo,-77.955042,-0.7160712,82.95,Pública,Universidad Central del Ecuador (UCE)
Dr(a). Dylan Ezequiel,Garcia,San Vicente, Manabí,-80.3761409,-0.4373946,208.65,Pública,Universidad Central del Ecuador (UCE)
Rico Canals,Morillo,Santa Elena, Santa Elena,-80.8576945,-2.2270098,343.18,Pública,Universidad Andina Simón Bolívar (UASB)
Elena,Villamil, Pimampiro, Imbabura,-77.9402742,0.393298,93.27,Pública,Universidad Central del Ecuador (UCE)
Alma Oquendo,Díaz,Azogues, Cañar,-78.8467191,-2.7380492,282.43,Privada,Universidad Tecnológica Indoamérica (UTI)
Luca,Suarez, Montalvo, Los Ríos,-79.348133,-1.8025855,198.99,Pública,Escuela Politécnica del Ejército (ESPE)
Sergio Edilson,Henao, San Miguel de Salcedo, Cotopaxi,-78.5907824,-1.043699,91.99,Pública,Universidad Central del Ecuador (UCE)
Omar Guevara,González, Coronel Marcelino Maridueña, Guayas,-79.3861649,-2.2333628,244.02,Pública,Escuela Politécnica Nacional (EPN)
Delfina Milagros,Gomez, Riobamba, Chimborazo,-78.6482479,-1.6732765,162.28,Privada,Pontificia Universidad Católica del Ecuador (PUCE)
Clemente,Duarte,Sangolquí, Pichincha,-78.4483476,-0.3288822,14.03,Privada,Universidad Internacional del Ecuador (UIDE)
Ciriaco,Alemany,Salinas, Santa Elena,-80.9237973,-2.2612497,351.24,Pública,Universidad Central del Ecuador (UCE)
María Ana,Muñoz, Catamayo, Loja,-79.403789,-3.9912144,430.86,Pública,Universidad Central del Ecuador (UCE)
Guillermina Ruelas,Segura, Cariamanga, Loja,-79.5559525,-4.326038,471.04,Pública,Escuela Politécnica Nacional (EPN)
Jonatan Salom,Corral, El Pangui, Zamora Chinchipe,-78.5473049,-3.6253506,378.66,Pública,Universidad Central del Ecuador (UCE)
Dr(a). Dante,Pereyra, Flavio Alfaro, Manabí,-79.844538,-0.3242859,148.59,Privada,Universidad Internacional del Ecuador (UIDE)
Dr. Blanca,Ulloa,Otavalo, Imbabura,-78.2454274,0.2227636,57.5,Privada,Pontificia Universidad Católica del Ecuador (PUCE)
Damián Rosales,Roca, Coronel Marcelino Maridueña, Guayas,-79.3861649,-2.2333628,244.02,Pública,Universidad Central del Ecuador (UCE)
Tiziano Benjamin Villalba,Vega, Urcuquí, Imbabura,-78.1941499,0.4172921,79.22,Pública,Universidad Central del Ecuador (UCE)
Félix Ferrándiz,Cuéllar, Durán, Guayas,-79.7895887,-2.2127014,263.15,Privada,Universidad de las Américas (UDLA)
Luisa Diana López,Ruiz, Cariamanga, Loja,-79.5559525,-4.326038,471.04,Pública,Universidad Central del Ecuador (UCE)
Rufina Escobar,León, Coronel Marcelino Maridueña, Guayas,-79.3861649,-2.2333628,244.02,Pública,Universidad Central del Ecuador (UCE)
Dr. Paulina,Abreu,La Concordia, Santo Domingo de los Tsáchilas,-79.462977,-0.0441108,107.5,Pública,Universidad Central del Ecuador (UCE)
Lucila Benítez,Garzón, Palora, Morona Santiago,-77.9675269,-1.6981449,175.15,Pública,Escuela Politécnica del Ejército (ESPE)
Jafet Puig,Rosell,Piñas, El Oro,-79.7832238,-3.7106809,413.02,Pública,Universidad Central del Ecuador (UCE)
Marco Antonio,Guerrero, Cotacachi, Imbabura,-78.4507013,0.3955234,68.8,Pública,Escuela Politécnica Nacional (EPN)
Pilar Emiliano,Sánchez, Valencia, Los Ríos,-79.3211355,-0.7696521,108.72,Pública,Universidad Central del Ecuador (UCE)
Delfina Pilar,Mendoza, San Miguel de Salcedo, Cotopaxi,-78.5907824,-1.043699,91.99,Pública,Escuela Politécnica del Ejército (ESPE)
Evangelina,Carbonell, Palenque, Los Ríos,-79.7182552,-1.3353343,182.63,Pública,Universidad Central del Ecuador (UCE)
Camila Santino,Benitez, Junín, Manabí,-80.2054147,-0.9394745,204.54,Pública,Universidad Central del Ecuador (UCE)
María María,Sánchez, Tosagua, Manabí,-80.2577186,-0.7755207,203.66,Pública,Universidad Central del Ecuador (UCE)
Espartaco Sandra,Corral, Milagro, Guayas,-79.5552042,-2.1179635,240.77,Pública,Universidad Central del Ecuador (UCE)
Susana de,Olmedo, Santo Domingo, Santo Domingo de los Tsáchilas,-79.1686724,-0.2546212,73.08,Pública,Universidad Central del Ecuador (UCE)
Ruby,Barajas,Catacocha, Loja,-79.6497578,-4.0503147,444.24,Privada,Universidad de las Américas (UDLA)
Paloma Bautista Benjamin Acuña,Gonzalez, Santa Isabel, Azuay,-79.3594118,-3.1839392,342.74,Pública,Instituto de Altos Estudios Nacionales (IAEN)
Francesca,Ferreyra, Guayaquil, Guayas,-80.0983887,-2.2895167,289.88,Privada,Pontificia Universidad Católica del Ecuador (PUCE)
Antonia Mateo Godoy,Maidana,Jaramijó, Manabí,-80.6134583,-0.9743883,248.22,Pública,Universidad Central del Ecuador (UCE)
Duilio,Benavides-Castejón,Caluma, Bolívar,-79.1963263,-1.5976675,171.01,Pública,Escuela Politécnica Nacional (EPN)
Dr(a). Maximiliano,Gomez, Santo Domingo, Santo Domingo de los Tsáchilas,-79.1686724,-0.2546212,73.08,Privada,Pontificia Universidad Católica del Ecuador (PUCE)
Martina Rius,Huerta,Guaranda, Bolívar,-79.0576662,-1.4398571,148.56,Pública,Escuela Politécnica del Ejército (ESPE)
Álvaro Juan,Gil, Huaca, Carchi,-77.727333,0.7987391,143.02,Privada,Pontificia Universidad Católica del Ecuador (PUCE)
José Manuél,Negrete, Durán, Guayas,-79.7895887,-2.2127014,263.15,Pública,Escuela Politécnica Nacional (EPN)
Dr(a). Paulina,Cabrera, Lomas de Sargentillo, Guayas,-80.0789495,-1.8348374,250.14,Pública,Universidad Central del Ecuador (UCE)
Patricia Inés,Álvarez,Pujilí, Cotopaxi,-78.8559205,-1.0077046,95.54,Pública,Escuela Politécnica del Ejército (ESPE)
Irma Esparta Zarate,Laboy, Cumandá, Chimborazo,-79.103584,-2.2108666,230.91,Pública,Escuela Politécnica Nacional (EPN)
Bautista Benjamin Ponce,Cruz,Guaranda, Bolívar,-79.0576662,-1.4398571,148.56,Pública,Universidad Central del Ecuador (UCE)
Edelmira Talavera,Clavero, Riobamba, Chimborazo,-78.6482479,-1.6732765,162.28,Pública,Universidad Central del Ecuador (UCE)
Salvador,Franco, Daule, Guayas,-79.9129307,-1.9200069,244.89,Pública,Universidad Central del Ecuador (UCE)
Maribel Prieto,Tormo,Saquisilí, Cotopaxi,-78.7312624,-0.8359835,72.67,Pública,Universidad Andina Simón Bolívar (UASB)
Abril del,Melero, Alausí, Chimborazo,-78.703566,-2.3250494,235.02,Pública,Universidad Central del Ecuador (UCE)
Lucas Ramiro Roldan,Garcia, Pimampiro, Imbabura,-77.9402742,0.393298,93.27,Pública,Universidad Central del Ecuador (UCE)
Virginia Diana,León, Pimampiro, Imbabura,-77.9402742,0.393298,93.27,Pública,Universidad Central del Ecuador (UCE)
Adriana Paola,Villa,Jaramijó, Manabí,-80.6134583,-0.9743883,248.22,Pública,Universidad Central del Ecuador (UCE)
Alejandra Nancy Montes,González, Bahía de Caráquez, Manabí,-80.423572,-0.5999649,216.67,Pública,Universidad Central del Ecuador (UCE)
Santiago Benjamin Julia Perez,Sanchez,Azogues, Cañar,-78.8467191,-2.7380492,282.43,Pública,Universidad Andina Simón Bolívar (UASB)
Lic. Adalberto,Mena,Latacunga, Cotopaxi,-78.6145758,-0.9340311,80.19,Privada,Universidad Internacional del Ecuador (UIDE)
Alonso Dávila,Ozuna, Alausí, Chimborazo,-78.703566,-2.3250494,235.02,Pública,Escuela Politécnica del Ejército (ESPE)
Alfredo,Osorio, El Guabo, El Oro,-79.7584498,-3.1629001,355.32,Pública,Universidad Central del Ecuador (UCE)
Nicolas Santino Nicolas Gonzalez,Molina, Pedernales, Manabí,-79.8451737,0.0693259,151.66,Pública,Universidad Central del Ecuador (UCE)
Manuel,López,Otavalo, Imbabura,-78.2454274,0.2227636,57.5,Pública,Universidad Central del Ecuador (UCE)
Pilar Tirado,Vega,La Concordia, Santo Domingo de los Tsáchilas,-79.462977,-0.0441108,107.5,Pública,Escuela Politécnica Nacional (EPN)
Isaac Rosas,Magaña,San Lorenzo, Esmeraldas,-78.6869333,0.9850634,135.41,Privada,Universidad Tecnológica Indoamérica (UTI)
Ing. Mario,Iglesias, Balzar, Guayas,-79.9367148,-1.3062992,199.16,Pública,Escuela Politécnica del Ejército (ESPE)
Fanny del,Guzmán, Isidro Ayora, Guayas,-80.1463096,-1.8796754,258.94,Privada,Universidad de las Américas (UDLA)
Óscar Salvador,Pellicer, Pedro Carbo, Guayas,-80.3009814,-1.8672671,270.34,Pública,Universidad Central del Ecuador (UCE)
Aarón Garcia,Arteaga, Balzar, Guayas,-79.9367148,-1.3062992,199.16,Pública,Universidad Central del Ecuador (UCE)
Fabio Castillo,Vega, Colimes, Guayas,-80.0818751,-1.5161582,226.31,Pública,Escuela Politécnica del Ejército (ESPE)
María Yeny Mosquera,Jiménez,Pasaje, El Oro,-79.7625976,-3.3234936,372.0,Pública,Escuela Politécnica del Ejército (ESPE)
Jessica Josefa Vergara,Triana,Quinsaloma, Los Ríos,-79.3468998,-1.1460552,138.6,Pública,Escuela Politécnica del Ejército (ESPE)
Daniel Martínez,Ochoa, San Miguel de Salcedo, Cotopaxi,-78.5907824,-1.043699,91.99,Pública,Universidad Central del Ecuador (UCE)
Juan Manuel Suarez,Cáceres, San Miguel, Bolívar,-79.127262,-1.8120574,189.75,Pública,Universidad Central del Ecuador (UCE)
Martina Morales,Diaz, Daule, Guayas,-79.9129307,-1.9200069,244.89,Privada,Pontificia Universidad Católica del Ecuador (PUCE)
María Marcela,Jiménez, Ambato, Tungurahua,-78.6287594,-1.2422413,114.38,Privada,Universidad de las Américas (UDLA)
Karen Rico,Medina,Ibarra, Imbabura,-78.1329448,0.5159369,92.08,Pública,Universidad Central del Ecuador (UCE)
Maicol Julio,Oviedo, Santa Rosa, El Oro,-80.154904,-3.4145538,399.35,Pública,Universidad Central del Ecuador (UCE)
Milena Gómez,Hernández, Rocafuerte, Manabí,-80.4012121,-0.9032437,223.34,Pública,Universidad Central del Ecuador (UCE)
Irene Montañez,Zambrano, Pedro Vicente Maldonado, Pichincha,-79.0400619,0.1612052,72.4,Pública,Escuela Politécnica del Ejército (ESPE)
Valentino,Soria, Valencia, Los Ríos,-79.3211355,-0.7696521,108.72,Pública,Escuela Politécnica del Ejército (ESPE)
Dolores Carlota,Aguilera, Balsas, El Oro,-79.831096,-3.7742179,421.48,Pública,Universidad Central del Ecuador (UCE)
Sandra Yolanda Durán,Mendoza, Pelileo, Tungurahua,-78.537307,-1.3573827,126.48,Pública,Universidad Central del Ecuador (UCE)
Josep,Meléndez-Tenorio, Pedro Vicente Maldonado, Pichincha,-79.0400619,0.1612052,72.4,Pública,Universidad Central del Ecuador (UCE)
Juan Pablo Ramiro Romero,Luna, Pedernales, Manabí,-79.8451737,0.0693259,151.66,Pública,Escuela Politécnica del Ejército (ESPE)
Joaquin Thiago Leonel Maldonado,Rojas, Valencia, Los Ríos,-79.3211355,-0.7696521,108.72,Pública,Escuela Politécnica del Ejército (ESPE)
Olga,García, Portovelo, El Oro,-79.6172038,-3.7152273,407.56,Pública,Escuela Politécnica del Ejército (ESPE)
Isabela Jaqueline Gamez,Canales, Jipijapa, Manabí,-80.6124982,-1.5158193,274.37,Pública,Escuela Politécnica Nacional (EPN)
Sr(a). Abelardo,Haro, Samborondón, Guayas,-79.7562694,-2.0155653,242.86,Pública,Universidad Central del Ecuador (UCE)
Milagros Abigail,Soria,Macas, Morona Santiago,-78.1175466,-2.3046252,235.9,Pública,Universidad Central del Ecuador (UCE)
Cándida Clemente,Sierra, Chone, Manabí,-80.0721599,-0.3828099,174.38,Pública,Universidad Central del Ecuador (UCE)
Pedro Victoria,Moreno,Piñas, El Oro,-79.7832238,-3.7106809,413.02,Pública,Universidad Central del Ecuador (UCE)
Mtro. Pilar,Mayorga, San Gabriel, Carchi,-77.835319,0.598485,118.12,Pública,Escuela Politécnica del Ejército (ESPE)
Juan Dario,Suárez, Gualaceo, Azuay,-78.8461586,-2.9180205,302.27,Pública,Universidad Central del Ecuador (UCE)
Maritza Álvarez,Parra, Chambo, Chimborazo,-78.5425997,-1.74403,169.48,Privada,Universidad de las Américas (UDLA)
Manuel Andrés Martínez,Quintero, General Villamil, Guayas,-80.4261454,-2.5937913,338.99,Privada,Pontificia Universidad Católica del Ecuador (PUCE)
Tamara,Arévalo, Flavio Alfaro, Manabí,-79.844538,-0.3242859,148.59,Pública,Instituto de Altos Estudios Nacionales (IAEN)
Francisco,Muñoz, El Coca, Orellana,-76.9837216,-0.4721804,172.26,Pública,Universidad Central del Ecuador (UCE)
Thiago Benjamin Francisco Torres,Diaz, Ambato, Tungurahua,-78.6287594,-1.2422413,114.38,Privada,Universidad Internacional del Ecuador (UIDE)
Marcela Óliver Lucero,Carrasco, Huaquillas, El Oro,-80.184453,-3.4756231,406.89,Pública,Universidad Central del Ecuador (UCE)
Benicio Garcia,Cordoba, Cumandá, Chimborazo,-79.103584,-2.2108666,230.91,Pública,Universidad Central del Ecuador (UCE)
Thiago Benjamin Thiago Leonel,Juarez, Pimampiro, Imbabura,-77.9402742,0.393298,93.27,Pública,Universidad Central del Ecuador (UCE)
Cristina Torres,Vicens, Santa Isabel, Azuay,-79.3594118,-3.1839392,342.74,Pública,Escuela Politécnica Nacional (EPN)
Cleto de,Gelabert,Salitre, Guayas,-79.8187323,-1.8289209,230.42,Pública,Universidad Central del Ecuador (UCE)
Francisca Rodriguez,Diaz, Baños de Agua Santa, Tungurahua,-78.4402276,-1.417407,133.37,Pública,Escuela Politécnica del Ejército (ESPE)
Alfonso,Serna, San Miguel de Salcedo, Cotopaxi,-78.5907824,-1.043699,91.99,Privada,Pontificia Universidad Católica del Ecuador (PUCE)
Sr(a). Nina,Castro, Tulcán, Carchi,-77.7172151,0.8115707,144.84,Privada,Universidad de las Américas (UDLA)
Daniela Ortega,Rodríguez, Atacames, Esmeraldas,-79.8790841,0.7971086,189.45,Pública,Escuela Politécnica del Ejército (ESPE)
Josefina Isabella,Lopez, Atacames, Esmeraldas,-79.8790841,0.7971086,189.45,Privada,Pontificia Universidad Católica del Ecuador (PUCE)
Renata Ludmila Diaz,Romero,Catarama, Los Ríos,-79.4750201,-1.5692196,184.28,Pública,Escuela Politécnica Nacional (EPN)
Nelly,Arteaga,El Ángel, Carchi,-77.9396301,0.6211998,113.17,Pública,Escuela Politécnica del Ejército (ESPE)
Marcia,Campo, Pedro Carbo, Guayas,-80.3009814,-1.8672671,270.34,Pública,Universidad Central del Ecuador (UCE)
Héctor Díaz,Castro,Zaruma, El Oro,-79.5131743,-3.5111939,382.47,Privada,Universidad San Francisco de Quito (USFQ)
Catalina,Suarez, Milagro, Guayas,-79.5552042,-2.1179635,240.77,Pública,Universidad Central del Ecuador (UCE)
Mia Camila,Soria, Riobamba, Chimborazo,-78.6482479,-1.6732765,162.28,Pública,Universidad Central del Ecuador (UCE)
Sandra Alejandra Fernández,Escobar, Durán, Guayas,-79.7895887,-2.2127014,263.15,Pública,Universidad Central del Ecuador (UCE)
Thiago Benjamin,Barrios, Camilo Ponce Enríquez, Azuay,-79.5630363,-2.9640696,326.69,Privada,Universidad Politécnica Salesiana (UPS)
Maristela Maricela Andres,Arco,Zaruma, El Oro,-79.5131743,-3.5111939,382.47,Pública,Universidad Central del Ecuador (UCE)
Juan Pablo Nieto,Tena, Velasco Ibarra, Guayas,-79.8779821,-2.2843364,275.19,Pública,Escuela Politécnica Nacional (EPN)
Sr(a). Óscar,González, Balzar, Guayas,-79.9367148,-1.3062992,199.16,Pública,Escuela Politécnica del Ejército (ESPE)
Luz García,Hurtado, Narcisa de Jesús, Guayas,-80.2384404,-1.6118103,246.52,Pública,Universidad Central del Ecuador (UCE)
Edwin,Rico, Rocafuerte, Manabí,-80.4012121,-0.9032437,223.34,Privada,Universidad Internacional del Ecuador (UIDE)
Dr(a). Simon,Castro, El Tambo, Cañar,-78.9133964,-2.4828078,255.51,Privada,Pontificia Universidad Católica del Ecuador (PUCE)
Enrique Guillermo Romero,Guzmán, Palenque, Los Ríos,-79.7182552,-1.3353343,182.63,Pública,Universidad Central del Ecuador (UCE)
Amaya,Escamilla-Clemente, Durán, Guayas,-79.7895887,-2.2127014,263.15,Pública,Universidad Central del Ecuador (UCE)
Petrona Sevillano,Benavent, Portoviejo, Manabí,-80.4534134,-1.05282,234.85,Pública,Escuela Politécnica Nacional (EPN)
Óliver Paola Escobedo,Razo,Baba, Los Ríos,-79.6615818,-1.6727698,205.95,Pública,Instituto de Altos Estudios Nacionales (IAEN)
Adoración Moya,Ángel, Shushufindi, Sucumbíos,-76.5906945,-0.2885051,213.81,Privada,Universidad Tecnológica Indoamérica (UTI)
Uriel,Arrieta, Balao, Guayas,-79.7180498,-2.8852516,325.24,Pública,Escuela Politécnica del Ejército (ESPE)
Fernanda Mery Pérez,Barragán, Ambato, Tungurahua,-78.6287594,-1.2422413,114.38,Pública,Escuela Politécnica del Ejército (ESPE)
Ciriaco Gelabert,Andreu, Alausí, Chimborazo,-78.703566,-2.3250494,235.02,Pública,Universidad Central del Ecuador (UCE)
Ing. Jacinto,Puente,Atuntaqui, Imbabura,-78.219615,0.3316022,69.45,Pública,Escuela Politécnica Nacional (EPN)
Luis Hoyos,Tur, Guano, Chimborazo,-78.6578385,-1.539923,147.64,Pública,Escuela Politécnica del Ejército (ESPE)
Álvaro,Navarro-Alberdi,Pujilí, Cotopaxi,-78.8559205,-1.0077046,95.54,Pública,Universidad Central del Ecuador (UCE)
Máxima África Diaz,Calzada, El Coca, Orellana,-76.9837216,-0.4721804,172.26,Pública,Universidad Andina Simón Bolívar (UASB)
Dante,Torres,El Triunfo, Guayas,-79.3660575,-2.2907784,249.03,Pública,Universidad Central del Ecuador (UCE)
Lic. Luisa,Vigil, Archidona, Napo,-77.955042,-0.7160712,82.95,Pública,Escuela Politécnica Nacional (EPN)
José Luis Augusto,Marroquín, Echeandía, Bolívar,-79.2735861,-1.4469547,160.54,Pública,Escuela Politécnica Nacional (EPN)
Pilar Albero,Montalbán, Huaquillas, El Oro,-80.184453,-3.4756231,406.89,Privada,Universidad Tecnológica Indoamérica (UTI)
Zacarías Leonardo,Almonte, General Villamil, Guayas,-80.4261454,-2.5937913,338.99,Pública,Universidad Central del Ecuador (UCE)
Lucio Hernando,Bernal, Junín, Manabí,-80.2054147,-0.9394745,204.54,Pública,Escuela Politécnica del Ejército (ESPE)
Timoteo de,Sánchez,Salitre, Guayas,-79.8187323,-1.8289209,230.42,Pública,Universidad Central del Ecuador (UCE)
Paula Álvarez,González,Latacunga, Cotopaxi,-78.6145758,-0.9340311,80.19,Pública,Universidad Central del Ecuador (UCE)
Dante Ledesma,Romero, Portovelo, El Oro,-79.6172038,-3.7152273,407.56,Pública,Escuela Politécnica del Ejército (ESPE)
Paca,Casado, Santa Rosa, El Oro,-80.154904,-3.4145538,399.35,Privada,Universidad Internacional del Ecuador (UIDE)
Fernando Américo Cerdá,Marí, Santo Domingo, Santo Domingo de los Tsáchilas,-79.1686724,-0.2546212,73.08,Pública,Escuela Politécnica Nacional (EPN)
Emiliano,Pacheco, Cariamanga, Loja,-79.5559525,-4.326038,471.04,Pública,Universidad Central del Ecuador (UCE)
Úrsula Valderrama,Fuster, Tulcán, Carchi,-77.7172151,0.8115707,144.84,Pública,Universidad Central del Ecuador (UCE)
Valentino,Benitez, Santa Ana, Manabí,-80.2631268,-1.1944701,222.78,Pública,Escuela Politécnica Nacional (EPN)
Nancy Rufino Pacheco,Vanegas, El Guabo, El Oro,-79.7584498,-3.1629001,355.32,Pública,Universidad Central del Ecuador (UCE)
Jesús Fabiola,Balderas, Cariamanga, Loja,-79.5559525,-4.326038,471.04,Privada,Universidad de las Américas (UDLA)
Macaria Montoya,Ros, Montalvo, Los Ríos,-79.348133,-1.8025855,198.99,Privada,Universidad Tecnológica Indoamérica (UTI)
Melisa Manzanares,Sanjuan, Calceta, Manabí,-80.1640382,-0.8480934,196.48,Pública,Universidad Central del Ecuador (UCE)
Uriel Mesa,Olvera, General Villamil, Guayas,-80.4261454,-2.5937913,338.99,Pública,Escuela Politécnica Nacional (EPN)
Maria Victoria Tiziano,Sosa,Jaramijó, Manabí,-80.6134583,-0.9743883,248.22,Pública,Universidad Central del Ecuador (UCE)
Goyo Manrique,Hoz,Jaramijó, Manabí,-80.6134583,-0.9743883,248.22,Privada,Pontificia Universidad Católica del Ecuador (PUCE)
Sr(a). Milagros,Mansilla, Milagro, Guayas,-79.5552042,-2.1179635,240.77,Pública,Universidad Central del Ecuador (UCE)
Mercedes,Echeverría, Cotacachi, Imbabura,-78.4507013,0.3955234,68.8,Pública,Universidad Central del Ecuador (UCE)
Ian Molina,Flores,Guaranda, Bolívar,-79.0576662,-1.4398571,148.56,Pública,Universidad Central del Ecuador (UCE)
Benjamin,Avila, Riobamba, Chimborazo,-78.6482479,-1.6732765,162.28,Privada,Universidad Internacional del Ecuador (UIDE)
Beatriz Rivera,Muñoz, Palora, Morona Santiago,-77.9675269,-1.6981449,175.15,Privada,Universidad Internacional del Ecuador (UIDE)
Angélica Arana,Calvo,Latacunga, Cotopaxi,-78.6145758,-0.9340311,80.19,Pública,Universidad Central del Ecuador (UCE)
Juan Manuel Sofia Rojas,Maldonado, Narcisa de Jesús, Guayas,-80.2384404,-1.6118103,246.52,Pública,Universidad Central del Ecuador (UCE)
Néstor Gómez,Arias, Santo Domingo, Santo Domingo de los Tsáchilas,-79.1686724,-0.2546212,73.08,Privada,Universidad de las Américas (UDLA)
Ciríaco Abella,Cerdá, Cañar, Cañar,-79.1800778,-2.4749335,261.48,Privada,Universidad de las Américas (UDLA)
Benjamin Felipe,Flores,Otavalo, Imbabura,-78.2454274,0.2227636,57.5,Pública,Escuela Politécnica del Ejército (ESPE)
Paula Bianca,Gomez, Pelileo, Tungurahua,-78.537307,-1.3573827,126.48,Pública,Escuela Politécnica Nacional (EPN)
Daniel,Contreras, Gualaquiza, Morona Santiago,-78.706485,-3.3277138,346.22,Pública,Escuela Politécnica Nacional (EPN)
Mtro. Eric,Alonzo, Palora, Morona Santiago,-77.9675269,-1.6981449,175.15,Pública,Universidad Central del Ecuador (UCE)
Sr(a). Ciro,Ruiz, Machala, El Oro,-79.9512804,-3.3148937,379.46,Pública,Escuela Politécnica del Ejército (ESPE)
Carmela,Duran-Vega, Santa Isabel, Azuay,-79.3594118,-3.1839392,342.74,Privada,Universidad Internacional del Ecuador (UIDE)
Brayan Freddy Gallego,Romero, Santa Rosa, El Oro,-80.154904,-3.4145538,399.35,Pública,Escuela Politécnica del Ejército (ESPE)
Pablo María Elena Chacón,Salas, El Coca, Orellana,-76.9837216,-0.4721804,172.26,Pública,Universidad Central del Ecuador (UCE)
Débora Ferrándiz,Almazán,Zamora, Zamora Chinchipe,-78.9577754,-4.0042008,423.67,Pública,Universidad Andina Simón Bolívar (UASB)
Sr(a). Francesco,Navarro,Zaruma, El Oro,-79.5131743,-3.5111939,382.47,Pública,Escuela Politécnica del Ejército (ESPE)
Diana,Erazo, Huaca, Carchi,-77.727333,0.7987391,143.02,Pública,Escuela Politécnica del Ejército (ESPE)
Leire,Fuertes,Guaranda, Bolívar,-79.0576662,-1.4398571,148.56,Privada,Universidad de las Américas (UDLA)
Jeremias,Sosa, Cotacachi, Imbabura,-78.4507013,0.3955234,68.8,Pública,Universidad Central del Ecuador (UCE)
Ernesto Leticia,Limón,Bucay, Guayas,-79.1376329,-2.2004367,230.91,Privada,Pontificia Universidad Católica del Ecuador (PUCE)
Benjamin,Martinez, Chambo, Chimborazo,-78.5425997,-1.74403,169.48,Privada,Pontificia Universidad Católica del Ecuador (PUCE)
Salma Alcala,Carreón, Camilo Ponce Enríquez, Azuay,-79.5630363,-2.9640696,326.69,Pública,Escuela Politécnica del Ejército (ESPE)
Rocío Yolanda Guerrero,Rodríguez, Tulcán, Carchi,-77.7172151,0.8115707,144.84,Pública,Universidad Central del Ecuador (UCE)
Cecilia,Montes, Urcuquí, Imbabura,-78.1941499,0.4172921,79.22,Pública,Universidad Central del Ecuador (UCE)
Dolly Salgado,Martínez, Chone, Manabí,-80.0721599,-0.3828099,174.38,Pública,Universidad Central del Ecuador (UCE)
Arturo Santiago,Aragón, Sucre, Manabí,-80.4199056,-0.7326786,219.63,Pública,Universidad Central del Ecuador (UCE)
Miguel José Uribe,Martínez, Samborondón, Guayas,-79.7562694,-2.0155653,242.86,Pública,Universidad Central del Ecuador (UCE)
Nuria Lladó,Cabo, Jipijapa, Manabí,-80.6124982,-1.5158193,274.37,Pública,Escuela Politécnica del Ejército (ESPE)
Genaro José Emilio,Grijalva, El Guabo, El Oro,-79.7584498,-3.1629001,355.32,Pública,Universidad Central del Ecuador (UCE)
María Tolosa,Mendoza,Guaranda, Bolívar,-79.0576662,-1.4398571,148.56,Pública,Universidad Central del Ecuador (UCE)
Calixto Lluch,Solana,Azogues, Cañar,-78.8467191,-2.7380492,282.43,Pública,Universidad Central del Ecuador (UCE)
Pastora,Taboada-Corbacho, Cariamanga, Loja,-79.5559525,-4.326038,471.04,Pública,Universidad Central del Ecuador (UCE)
Mateo Ezequiel Dante Diaz,Lopez, El Coca, Orellana,-76.9837216,-0.4721804,172.26,Pública,Universidad Central del Ecuador (UCE)
Soledad Martín,Cobos, Riobamba, Chimborazo,-78.6482479,-1.6732765,162.28,Pública,Escuela Politécnica Nacional (EPN)
Adela Gabino Gallegos de,León, Píllaro, Tungurahua,-78.5423177,-1.1725302,105.95,Privada,Universidad San Francisco de Quito (USFQ)
Santino Rivero,Rodriguez, Tabacundo, Pichincha,-78.2216436,0.048201,43.99,Pública,Escuela Politécnica Nacional (EPN)
Juana Olivia Prado,Camacho, Esmeraldas, Esmeraldas,-79.6523847,0.9668153,183.0,Privada,Universidad San Francisco de Quito (USFQ)
Isabella Benjamin,Molina, Jama, Manabí,-80.2295834,-0.2149489,190.95,Pública,Universidad Central del Ecuador (UCE)
Isabella Alexander,Vargas,Pasaje, El Oro,-79.7625976,-3.3234936,372.0,Pública,Universidad Andina Simón Bolívar (UASB)
Eva María Reyna Guzmán,Portillo,Piñas, El Oro,-79.7832238,-3.7106809,413.02,Pública,Escuela Politécnica del Ejército (ESPE)
Bautista Benicio,Ramirez, Camilo Ponce Enríquez, Azuay,-79.5630363,-2.9640696,326.69,Pública,Escuela Politécnica del Ejército (ESPE)
Fortunato Sola,Tamarit, Santa Lucía, Guayas,-80.0426304,-1.7145863,237.82,Pública,Universidad Central del Ecuador (UCE)
María,Zapata, Puerto López, Manabí,-80.744524,-1.5440814,288.55,Pública,Escuela Politécnica del Ejército (ESPE)
Ramón Adán Alvarez,Riojas, Chordeleg, Azuay,-78.7307218,-2.9844675,308.33,Pública,Escuela Politécnica del Ejército (ESPE)
Lic. Augusto,Espinal, Naranjito, Guayas,-79.3904646,-2.1590388,236.66,Pública,Escuela Politécnica del Ejército (ESPE)
Carlota Cueto,Bueno, Jujan, Guayas,-79.5495283,-1.9494337,224.21,Pública,Universidad Central del Ecuador (UCE)
Julián,Pintor, Guano, Chimborazo,-78.6578385,-1.539923,147.64,Privada,Universidad San Francisco de Quito (USFQ)
Jovita,Benet, Tosagua, Manabí,-80.2577186,-0.7755207,203.66,Pública,Universidad Andina Simón Bolívar (UASB)
Felipe,Gomez, Macará, Loja,-79.9154486,-4.3490358,484.84,Pública,Escuela Politécnica Nacional (EPN)
Ignacio Guillermo,Castro, El Guabo, El Oro,-79.7584498,-3.1629001,355.32,Pública,Universidad Central del Ecuador (UCE)
Angel Gabriel Gomez,Lopez, Santo Domingo, Santo Domingo de los Tsáchilas,-79.1686724,-0.2546212,73.08,Pública,Universidad Andina Simón Bolívar (UASB)
Silvia Aguado,Sanz,San Vicente, Manabí,-80.3761409,-0.4373946,208.65,Pública,Universidad Central del Ecuador (UCE)
Antonio,Martínez, San Gabriel, Carchi,-77.835319,0.598485,118.12,Privada,Universidad Internacional del Ecuador (UIDE)
Hermelinda Guadalupe,Ceja, Biblián, Cañar,-78.9802821,-2.6748261,277.86,Pública,Universidad Central del Ecuador (UCE)
Claudio Aurelio Osorio,Alejandro, Santa Lucía, Guayas,-80.0426304,-1.7145863,237.82,Privada,Universidad Tecnológica Indoamérica (UTI)
Dolores Ernesto Villagómez,Jimínez,Cayambe, Pichincha,-77.9889555,0.0251586,64.27,Pública,Universidad Central del Ecuador (UCE)
Quique Alegria,Llabrés, La Maná, Cotopaxi,-79.1010573,-0.7841908,90.66,Pública,Universidad Central del Ecuador (UCE)
Ernesto Felipe Díaz,Garzón, Narcisa de Jesús, Guayas,-80.2384404,-1.6118103,246.52,Pública,Escuela Politécnica Nacional (EPN)
Lucía Tomás,Morales, Quevedo, Los Ríos,-79.4776812,-1.0669701,142.78,Privada,Universidad Politécnica Salesiana (UPS)
Martha Patricia,Parra, Montalvo, Los Ríos,-79.348133,-1.8025855,198.99,Privada,Universidad Internacional del Ecuador (UIDE)
Dr(a). Joaquín,Gonzalez, Santa Lucía, Guayas,-80.0426304,-1.7145863,237.82,Privada,Universidad Tecnológica Equinoccial (UTE)
Jaime Jorge Viera,Toledo, Bahía de Caráquez, Manabí,-80.423572,-0.5999649,216.67,Pública,Escuela Politécnica del Ejército (ESPE)
Liliana Patricia,López, Cotacachi, Imbabura,-78.4507013,0.3955234,68.8,Pública,Universidad Central del Ecuador (UCE)
Íngrid Bou,Donaire, Shushufindi, Sucumbíos,-76.5906945,-0.2885051,213.81,Pública,Universidad Central del Ecuador (UCE)
Dr(a). Priscila,Quiroga, Chordeleg, Azuay,-78.7307218,-2.9844675,308.33,Pública,Universidad Central del Ecuador (UCE)
Jazmin Pedro Lucero,Chavez, Isidro Ayora, Guayas,-80.1463096,-1.8796754,258.94,Pública,Universidad Central del Ecuador (UCE)
Delfina Olivia,Rodriguez,Salinas, Santa Elena,-80.9237973,-2.2612497,351.24,Privada,Universidad Internacional del Ecuador (UIDE)
Lucila,Leon, Mocache, Los Ríos,-79.5512661,-1.1979,158.63,Pública,Escuela Politécnica del Ejército (ESPE)
Antonio Alfonso Moreno,Fonseca,San Lorenzo, Esmeraldas,-78.6869333,0.9850634,135.41,Pública,Escuela Politécnica del Ejército (ESPE)
Aura,Antúnez-Trujillo, Pelileo, Tungurahua,-78.537307,-1.3573827,126.48,Pública,Universidad Central del Ecuador (UCE)
María Suárez,Martínez, Biblián, Cañar,-78.9802821,-2.6748261,277.86,Pública,Universidad Central del Ecuador (UCE)
Sandra,Cavazos, Echeandía, Bolívar,-79.2735861,-1.4469547,160.54,Pública,Escuela Politécnica Nacional (EPN)
Estela Germán Toledo,Jiménez,Jaramijó, Manabí,-80.6134583,-0.9743883,248.22,Pública,Universidad Central del Ecuador (UCE)
Tomàs Maria Guadalupe Gimenez,Gomez,Latacunga, Cotopaxi,-78.6145758,-0.9340311,80.19,Pública,Universidad Central del Ecuador (UCE)
Victoria Santiago Vera,Gonzalez, Quevedo, Los Ríos,-79.4776812,-1.0669701,142.78,Pública,Escuela Politécnica del Ejército (ESPE)
Cornelio Tur,Colomer, Tulcán, Carchi,-77.7172151,0.8115707,144.84,Pública,Escuela Politécnica del Ejército (ESPE)
Yaiza Mulet,Abellán, San Miguel, Bolívar,-79.127262,-1.8120574,189.75,Pública,Universidad Central del Ecuador (UCE)
Abelardo Anel,Alonso, Milagro, Guayas,-79.5552042,-2.1179635,240.77,Pública,Escuela Politécnica del Ejército (ESPE)
Lorenza del,Ibarra,El Triunfo, Guayas,-79.3660575,-2.2907784,249.03,Pública,Universidad Central del Ecuador (UCE)
Daniel Vega,Ávila, Pedernales, Manabí,-79.8451737,0.0693259,151.66,Privada,Universidad San Francisco de Quito (USFQ)
Loreto,Bosch, Alamor, Loja,-80.0197281,-4.0181681,454.31,Pública,Universidad Central del Ecuador (UCE)
Benigno,Ramis-Acedo,Simón Bolívar, Guayas,-79.4218634,-2.0424101,226.45,Pública,Universidad Central del Ecuador (UCE)
Tatiana,Bru-Planas, Echeandía, Bolívar,-79.2735861,-1.4469547,160.54,Pública,Escuela Politécnica del Ejército (ESPE)
Clara Miguel Ángel,Ferrer, Gualaquiza, Morona Santiago,-78.706485,-3.3277138,346.22,Pública,Universidad Central del Ecuador (UCE)
Dr(a). Thiago Nicolas,Rios,Machachi, Pichincha,-78.6516915,-0.4984774,34.61,Privada,Universidad San Francisco de Quito (USFQ)
Juan Pablo Ponce,Garcia, Mocache, Los Ríos,-79.5512661,-1.1979,158.63,Pública,Universidad Central del Ecuador (UCE)
Imelda del,Jordá, Esmeraldas, Esmeraldas,-79.6523847,0.9668153,183.0,Privada,Universidad de las Américas (UDLA)
Martina Benjamin,Luna, Guayaquil, Guayas,-80.0983887,-2.2895167,289.88,Privada,Universidad de las Américas (UDLA)
Paola Luz López,Palacio, Paute, Azuay,-78.7362416,-2.7468493,282.05,Pública,Universidad Central del Ecuador (UCE)
Alexander Pereyra,Rodriguez,Zamora, Zamora Chinchipe,-78.9577754,-4.0042008,423.67,Pública,Escuela Politécnica Nacional (EPN)
Manu Mireia Peiró,Jove, Valencia, Los Ríos,-79.3211355,-0.7696521,108.72,Pública,Universidad Central del Ecuador (UCE)
Lizeth Corredor,Álvarez, Celica, Loja,-79.9851762,-4.1648137,468.15,Pública,Escuela Politécnica Nacional (EPN)
Maximino,Juan,Machachi, Pichincha,-78.6516915,-0.4984774,34.61,Pública,Escuela Politécnica Nacional (EPN)
Gerardo Frutos,Morante, Calceta, Manabí,-80.1640382,-0.8480934,196.48,Pública,Escuela Politécnica Nacional (EPN)
Liliana Lilia Anguiano,Ramón,Simón Bolívar, Guayas,-79.4218634,-2.0424101,226.45,Pública,Universidad Central del Ecuador (UCE)
Jhonny Calderón,Vargas,Simón Bolívar, Guayas,-79.4218634,-2.0424101,226.45,Pública,Escuela Politécnica del Ejército (ESPE)
Alejandro Sánchez,Martínez,Sangolquí, Pichincha,-78.4483476,-0.3288822,14.03,Pública,Universidad Central del Ecuador (UCE)
Bernardita del,Alcázar, El Tambo, Cañar,-78.9133964,-2.4828078,255.51,Privada,Pontificia Universidad Católica del Ecuador (PUCE)
Sr(a). Natividad,Coronado, Santa Ana, Manabí,-80.2631268,-1.1944701,222.78,Pública,Universidad Central del Ecuador (UCE)
Nelly Marisela,Ybarra,Baba, Los Ríos,-79.6615818,-1.6727698,205.95,Pública,Universidad Central del Ecuador (UCE)
Patricia,Naranjo,Babahoyo, Los Ríos,-79.5068917,-1.8762599,214.79,Pública,Universidad Central del Ecuador (UCE)
Olga Montemayor,Sanches, Santa Rosa, El Oro,-80.154904,-3.4145538,399.35,Privada,Universidad Internacional del Ecuador (UIDE)
Dorotea Morcillo,Cerdán,San Lorenzo, Esmeraldas,-78.6869333,0.9850634,135.41,Pública,Universidad Central del Ecuador (UCE)
Francesco Benicio,Valdez, Gualaquiza, Morona Santiago,-78.706485,-3.3277138,346.22,Pública,Universidad Central del Ecuador (UCE)
Mateo Isabel Romero,Acosta, Santa Ana, Manabí,-80.2631268,-1.1944701,222.78,Privada,Universidad Politécnica Salesiana (UPS)
Armando Cebrián Busquets,Chaparro,Quinsaloma, Los Ríos,-79.3468998,-1.1460552,138.6,Pública,Universidad Central del Ecuador (UCE)
Esperanza Nubia,Rico, Valdez, Esmeraldas,-78.9826345,1.2489838,171.53,Pública,Universidad Central del Ecuador (UCE)
Javier Raúl Almanza,Llamas,Caluma, Bolívar,-79.1963263,-1.5976675,171.01,Pública,Universidad Central del Ecuador (UCE)
Lautaro Nicolas Rodriguez,Juarez, Cuenca, Azuay,-79.0041726,-2.8974072,302.67,Pública,Escuela Politécnica del Ejército (ESPE)
Gabino Polanco,Paredes, El Tambo, Cañar,-78.9133964,-2.4828078,255.51,Pública,Universidad Central del Ecuador (UCE)
Aristides Castell,Herrera, Cumandá, Chimborazo,-79.103584,-2.2108666,230.91,Privada,Pontificia Universidad Católica del Ecuador (PUCE)
Asunción,Anguiano, Chordeleg, Azuay,-78.7307218,-2.9844675,308.33,Pública,Universidad Central del Ecuador (UCE)
Cornelio Castejón,Roldán, Velasco Ibarra, Guayas,-79.8779821,-2.2843364,275.19,Pública,Escuela Politécnica Nacional (EPN)
Anunciación Casares,Andreu, Portovelo, El Oro,-79.6172038,-3.7152273,407.56,Pública,Escuela Politécnica Nacional (EPN)
José Arturo,Mejía,San Lorenzo, Esmeraldas,-78.6869333,0.9850634,135.41,Pública,Escuela Politécnica del Ejército (ESPE)
Magaly Constanza Ariza,Quiroz,El Triunfo, Guayas,-79.3660575,-2.2907784,249.03,Pública,Universidad Central del Ecuador (UCE)
Eduardo,Gómez, La Joya de los Sachas, Orellana,-76.8611463,-0.3161424,183.91,Pública,Universidad Central del Ecuador (UCE)
Wendy Mantilla,Guerrero, Quevedo, Los Ríos,-79.4776812,-1.0669701,142.78,Privada,Pontificia Universidad Católica del Ecuador (PUCE)
Juan Carlos Alberto Carbajal,Bueno, Flavio Alfaro, Manabí,-79.844538,-0.3242859,148.59,Pública,Universidad Central del Ecuador (UCE)
María Tatiana Sarmiento,Pineda,San Vicente, Manabí,-80.3761409,-0.4373946,208.65,Pública,Universidad Central del Ecuador (UCE)
Mitzy Conchita Huerta,Gollum,Machachi, Pichincha,-78.6516915,-0.4984774,34.61,Pública,Universidad Central del Ecuador (UCE)
Andrés Anaya,Lozano,La Concordia, Santo Domingo de los Tsáchilas,-79.462977,-0.0441108,107.5,Pública,Universidad Central del Ecuador (UCE)
Benito Carmen Reynoso,Elizondo, Montalvo, Los Ríos,-79.348133,-1.8025855,198.99,Privada,Universidad San Francisco de Quito (USFQ)
Charo,Gimenez, Catamayo, Loja,-79.403789,-3.9912144,430.86,Pública,Universidad Central del Ecuador (UCE)
Lucas Benjamin,Soria, Pedernales, Manabí,-79.8451737,0.0693259,151.66,Pública,Escuela Politécnica Nacional (EPN)
Ian Victoria,Rodriguez,Ibarra, Imbabura,-78.1329448,0.5159369,92.08,Pública,Universidad Central del Ecuador (UCE)
Elena,Benitez, Portoviejo, Manabí,-80.4534134,-1.05282,234.85,Pública,Universidad Central del Ecuador (UCE)
Felipe,Salcedo, Velasco Ibarra, Guayas,-79.8779821,-2.2843364,275.19,Pública,Universidad Central del Ecuador (UCE)
Sr(a). Timoteo,Franco,Puerto Baquerizo Moreno, Galápagos,-89.610191,-0.902599,1236.29,Privada,Universidad de las Américas (UDLA)
María,Bastidas, San Miguel de Los Bancos, Pichincha,-78.9214659,-0.0188368,50.7,Pública,Universidad Central del Ecuador (UCE)
Encarnacion,Valle, Santo Domingo, Santo Domingo de los Tsáchilas,-79.1686724,-0.2546212,73.08,Privada,Pontificia Universidad Católica del Ecuador (PUCE)
Renzo Juan Ignacio Sanchez,Perez,Tena, Napo,-78.1083981,-0.9438718,92.16,Pública,Escuela Politécnica del Ejército (ESPE)
Ana Homero Perea,Ochoa, Alausí, Chimborazo,-78.703566,-2.3250494,235.02,Pública,Escuela Politécnica Nacional (EPN)
Cornelio Briseño,Miramontes, Santa Ana, Manabí,-80.2631268,-1.1944701,222.78,Privada,Universidad de las Américas (UDLA)
Sofía Gonzalo Lopez,Perez,Ibarra, Imbabura,-78.1329448,0.5159369,92.08,Pública,Escuela Politécnica del Ejército (ESPE)
Leonor Lebrón,Leyva, Colimes, Guayas,-80.0818751,-1.5161582,226.31,Pública,Escuela Politécnica Nacional (EPN)
Aureliano Ureña,Ferrán,Ventanas, Los Ríos,-79.3351558,-1.3253915,153.21,Pública,Escuela Politécnica Nacional (EPN)
Brunilda,Silva,Jaramijó, Manabí,-80.6134583,-0.9743883,248.22,Pública,Escuela Politécnica del Ejército (ESPE)
Yolanda Portillo,González, La Libertad, Santa Elena,-80.9077647,-2.2208117,346.98,Pública,Universidad Central del Ecuador (UCE)
Claudia Margarita Gutiérrez,Pulido, San Miguel, Bolívar,-79.127262,-1.8120574,189.75,Pública,Universidad Central del Ecuador (UCE)
Óliver Sierra,Lebrón, Quevedo, Los Ríos,-79.4776812,-1.0669701,142.78,Pública,Universidad Central del Ecuador (UCE)
Sr(a). Samuel,Ramirez, Pedro Vicente Maldonado, Pichincha,-79.0400619,0.1612052,72.4,Privada,Universidad Internacional del Ecuador (UIDE)
Soraya Cabello,Cabrero, La Troncal, Cañar,-79.3751632,-2.433689,264.16,Pública,Universidad Central del Ecuador (UCE)
Artemio Cuevas,Peláez, Tulcán, Carchi,-77.7172151,0.8115707,144.84,Pública,Universidad Central del Ecuador (UCE)
Teresa Isabel Meneses,Díaz, El Carmen, Manabí,-79.5741548,-0.4809541,121.58,Pública,Universidad Andina Simón Bolívar (UASB)
Paulino Querol,Azcona, Guayaquil, Guayas,-80.0983887,-2.2895167,289.88,Privada,Universidad Tecnológica Equinoccial (UTE)
José Monroy,Zapata,Zamora, Zamora Chinchipe,-78.9577754,-4.0042008,423.67,Privada,Universidad Tecnológica Equinoccial (UTE)
Gabriela,Baena, Durán, Guayas,-79.7895887,-2.2127014,263.15,Privada,Universidad Politécnica Salesiana (UPS)
Ceferino,Barrios, Chordeleg, Azuay,-78.7307218,-2.9844675,308.33,Pública,Escuela Politécnica del Ejército (ESPE)
Rosario Ramón,Urbina,Zamora, Zamora Chinchipe,-78.9577754,-4.0042008,423.67,Pública,Universidad Central del Ecuador (UCE)
Arsenio Llorente,Antúnez,Guaranda, Bolívar,-79.0576662,-1.4398571,148.56,Privada,Pontificia Universidad Católica del Ecuador (PUCE)
Eustaquio,Taboada, Paján, Manabí,-80.4212975,-1.7040791,268.83,Pública,Universidad Central del Ecuador (UCE)
Balduino del,Cabeza,Ventanas, Los Ríos,-79.3351558,-1.3253915,153.21,Pública,Escuela Politécnica del Ejército (ESPE)
Dr(a). Isabella,Cardozo, Jipijapa, Manabí,-80.6124982,-1.5158193,274.37,Pública,Universidad Central del Ecuador (UCE)
Alejo Luisana,Castillo,Ibarra, Imbabura,-78.1329448,0.5159369,92.08,Pública,Escuela Politécnica del Ejército (ESPE)
Dora,Cabello, Portovelo, El Oro,-79.6172038,-3.7152273,407.56,Privada,Universidad de las Américas (UDLA)
Emilio Enrique Morales,Rodríguez, Baños de Agua Santa, Tungurahua,-78.4402276,-1.417407,133.37,Pública,Universidad Central del Ecuador (UCE)
Cristian Río,Niño, Guayaquil, Guayas,-80.0983887,-2.2895167,289.88,Privada,Universidad San Francisco de Quito (USFQ)
Olga Daniel Casares,Altamirano,Machachi, Pichincha,-78.6516915,-0.4984774,34.61,Pública,Universidad Central del Ecuador (UCE)
Lautaro Benjamin Amparo,Miranda, Tabacundo, Pichincha,-78.2216436,0.048201,43.99,Pública,Universidad Central del Ecuador (UCE)
Bernardita Solé,Barbero,Machachi, Pichincha,-78.6516915,-0.4984774,34.61,Pública,Universidad Central del Ecuador (UCE)
Bruno,Pelayo, Coronel Marcelino Maridueña, Guayas,-79.3861649,-2.2333628,244.02,Pública,Universidad Central del Ecuador (UCE)
Albina Vigil,Cantero, Guayaquil, Guayas,-80.0983887,-2.2895167,289.88,Privada,Universidad San Francisco de Quito (USFQ)
Valentino Sofia,Luna, El Guabo, El Oro,-79.7584498,-3.1629001,355.32,Pública,Universidad Central del Ecuador (UCE)
Jazmin Octavio Rojas,Suarez, Valdez, Esmeraldas,-78.9826345,1.2489838,171.53,Pública,Universidad Central del Ecuador (UCE)
Marisol Perea,Valencia,Caluma, Bolívar,-79.1963263,-1.5976675,171.01,Privada,Universidad de las Américas (UDLA)
Ciriaco Madrid,Alcolea,Zamora, Zamora Chinchipe,-78.9577754,-4.0042008,423.67,Pública,Escuela Politécnica del Ejército (ESPE)
Felipe Norberto,Gómez,San Vicente, Manabí,-80.3761409,-0.4373946,208.65,Privada,Pontificia Universidad Católica del Ecuador (PUCE)
Yolanda Guadalupe Esquibel,Cervántez,Cayambe, Pichincha,-77.9889555,0.0251586,64.27,Pública,Escuela Politécnica Nacional (EPN)
Eduardo,Curiel, Chone, Manabí,-80.0721599,-0.3828099,174.38,Pública,Escuela Politécnica Nacional (EPN)
Marisol Arellano,Planas, Palora, Morona Santiago,-77.9675269,-1.6981449,175.15,Pública,Universidad Central del Ecuador (UCE)
Dr(a). Thiago Leonel,Perez, Loreto, Orellana,-77.3252738,-0.6471884,140.27,Pública,Escuela Politécnica del Ejército (ESPE)
Francesca Benitez,Castillo,Machachi, Pichincha,-78.6516915,-0.4984774,34.61,Pública,Escuela Politécnica Nacional (EPN)
María Teresa Carrasco,Hoyos, Paján, Manabí,-80.4212975,-1.7040791,268.83,Pública,Universidad Central del Ecuador (UCE)
María Martínez,González, Ambato, Tungurahua,-78.6287594,-1.2422413,114.38,Pública,Universidad Central del Ecuador (UCE)
Gael Francesca Gonzalez,Blanco, Chone, Manabí,-80.0721599,-0.3828099,174.38,Pública,Escuela Politécnica del Ejército (ESPE)
José Amalia,Solorzano, Naranjito, Guayas,-79.3904646,-2.1590388,236.66,Privada,Universidad San Francisco de Quito (USFQ)
Isabel Rojas,Zambrano,La Concordia, Santo Domingo de los Tsáchilas,-79.462977,-0.0441108,107.5,Pública,Universidad Central del Ecuador (UCE)
Lupita Teresita Girona,Cerro, San Miguel de Salcedo, Cotopaxi,-78.5907824,-1.043699,91.99,Privada,Pontificia Universidad Católica del Ecuador (PUCE)
César,Torres,Quinsaloma, Los Ríos,-79.3468998,-1.1460552,138.6,Pública,Escuela Politécnica del Ejército (ESPE)
Yago Balduino Rodríguez,Benavente,Catarama, Los Ríos,-79.4750201,-1.5692196,184.28,Pública,Escuela Politécnica Nacional (EPN)
Tecla Granados,Artigas, Machala, El Oro,-79.9512804,-3.3148937,379.46,Privada,Universidad Politécnica Salesiana (UPS)
José Carlos Batista,Ocasio, Atacames, Esmeraldas,-79.8790841,0.7971086,189.45,Pública,Universidad Central del Ecuador (UCE)
Paulina Thiago Agustin Olivera,Quiroga, San Gabriel, Carchi,-77.835319,0.598485,118.12,Pública,Escuela Politécnica Nacional (EPN)
Francisco Joaquina,Cabrera,Macas, Morona Santiago,-78.1175466,-2.3046252,235.9,Pública,Universidad Central del Ecuador (UCE)
Lucía María Rodríguez,Rodríguez, La Libertad, Santa Elena,-80.9077647,-2.2208117,346.98,Privada,Universidad de las Américas (UDLA)
Xavier,Valenzuela-Rivero, Huaquillas, El Oro,-80.184453,-3.4756231,406.89,Pública,Escuela Politécnica Nacional (EPN)
Esther Fonseca,Orozco, Riobamba, Chimborazo,-78.6482479,-1.6732765,162.28,Pública,Universidad Andina Simón Bolívar (UASB)
Juan Cruz Martinez,Romero, Nueva Loja, Sucumbíos,-76.8834932,0.0850591,184.27,Pública,Universidad Central del Ecuador (UCE)
Leandro Benito,Sanchez,Guaranda, Bolívar,-79.0576662,-1.4398571,148.56,Pública,Universidad Central del Ecuador (UCE)
Micaela Valentino Luna,Coronel, Marcabelí, El Oro,-79.9223384,-3.7733434,425.02,Pública,Escuela Politécnica Nacional (EPN)
Sr(a). Alma,Perez,Caluma, Bolívar,-79.1963263,-1.5976675,171.01,Privada,Universidad Internacional del Ecuador (UIDE)
Paulina Correa,Medina, Portoviejo, Manabí,-80.4534134,-1.05282,234.85,Pública,Escuela Politécnica del Ejército (ESPE)
Aida,Corrales,Pujilí, Cotopaxi,-78.8559205,-1.0077046,95.54,Pública,Escuela Politécnica del Ejército (ESPE)
Óscar,Daza, Alausí, Chimborazo,-78.703566,-2.3250494,235.02,Pública,Universidad Central del Ecuador (UCE)
Alejandro,Restrepo, Santa Lucía, Guayas,-80.0426304,-1.7145863,237.82,Pública,Instituto de Altos Estudios Nacionales (IAEN)
Jorge Barragán,Quintanilla, Paute, Azuay,-78.7362416,-2.7468493,282.05,Pública,Escuela Politécnica del Ejército (ESPE)
Jeremías Frutos,Barriga, Cuenca, Azuay,-79.0041726,-2.8974072,302.67,Pública,Escuela Politécnica del Ejército (ESPE)
Guadalupe Cordoba,Navarro, Alausí, Chimborazo,-78.703566,-2.3250494,235.02,Pública,Escuela Politécnica Nacional (EPN)
Sr(a). Jazmin,Muñoz, Paute, Azuay,-78.7362416,-2.7468493,282.05,Pública,Escuela Politécnica del Ejército (ESPE)
Micaela Matías,Maldonado, Baños de Agua Santa, Tungurahua,-78.4402276,-1.417407,133.37,Pública,Universidad Central del Ecuador (UCE)
Sr(a). Eduardo,Quintanilla,San Lorenzo, Esmeraldas,-78.6869333,0.9850634,135.41,Pública,Universidad Central del Ecuador (UCE)
Marisol Tatiana,Valencia, Guano, Chimborazo,-78.6578385,-1.539923,147.64,Pública,Escuela Politécnica del Ejército (ESPE)
Olivia Mateo,Lopez,Catarama, Los Ríos,-79.4750201,-1.5692196,184.28,Pública,Universidad Central del Ecuador (UCE)
Héctor Castillo,Sánchez, Santo Domingo, Santo Domingo de los Tsáchilas,-79.1686724,-0.2546212,73.08,Pública,Universidad Central del Ecuador (UCE)
Lautaro Benjamin Zoe Jazmin,Franco,Ventanas, Los Ríos,-79.3351558,-1.3253915,153.21,Pública,Escuela Politécnica del Ejército (ESPE)
Pedro,Fernandez, Atacames, Esmeraldas,-79.8790841,0.7971086,189.45,Pública,Escuela Politécnica del Ejército (ESPE)
Thiago Ezequiel,Fernandez, Archidona, Napo,-77.955042,-0.7160712,82.95,Pública,Universidad Central del Ecuador (UCE)
Fortunato,Galindo, Pedernales, Manabí,-79.8451737,0.0693259,151.66,Pública,Escuela Politécnica del Ejército (ESPE)
Ciro,Fernandez, Portovelo, El Oro,-79.6172038,-3.7152273,407.56,Pública,Escuela Politécnica Nacional (EPN)
Óliver Luis Manuel,Santana, Coronel Marcelino Maridueña, Guayas,-79.3861649,-2.2333628,244.02,Privada,Universidad Internacional del Ecuador (UIDE)
Sr(a). Lola,Carrizo,Ibarra, Imbabura,-78.1329448,0.5159369,92.08,Pública,Escuela Politécnica del Ejército (ESPE)
Juan,Zabala-Pozuelo, Catamayo, Loja,-79.403789,-3.9912144,430.86,Pública,Universidad Central del Ecuador (UCE)
Ana Luisa Israel,Nevárez,Babahoyo, Los Ríos,-79.5068917,-1.8762599,214.79,Pública,Universidad Central del Ecuador (UCE)
Abraham Javier Alvarez,Sosa, Pimampiro, Imbabura,-77.9402742,0.393298,93.27,Pública,Universidad Central del Ecuador (UCE)
Elvira,Vélez, Alamor, Loja,-80.0197281,-4.0181681,454.31,Pública,Universidad Central del Ecuador (UCE)
Maximiliano Romero,Roldan,Azogues, Cañar,-78.8467191,-2.7380492,282.43,Privada,Universidad Internacional del Ecuador (UIDE)
Santiago Benjamin Josefina Castillo,Ponce, Durán, Guayas,-79.7895887,-2.2127014,263.15,Pública,Escuela Politécnica del Ejército (ESPE)
Isabella,Herrera,Caluma, Bolívar,-79.1963263,-1.5976675,171.01,Privada,Universidad Politécnica Salesiana (UPS)
Paloma,Romero, Píllaro, Tungurahua,-78.5423177,-1.1725302,105.95,Pública,Escuela Politécnica Nacional (EPN)
Araceli,Villa, Coronel Marcelino Maridueña, Guayas,-79.3861649,-2.2333628,244.02,Pública,Escuela Politécnica del Ejército (ESPE)
Severo del,Colom, Cuenca, Azuay,-79.0041726,-2.8974072,302.67,Pública,Universidad Central del Ecuador (UCE)
Enrique,Padrón, Echeandía, Bolívar,-79.2735861,-1.4469547,160.54,Privada,Universidad de las Américas (UDLA)
Emiliano,Dueñas, Riobamba, Chimborazo,-78.6482479,-1.6732765,162.28,Pública,Escuela Politécnica del Ejército (ESPE)
Chucho Colom,Toledo, Pedro Vicente Maldonado, Pichincha,-79.0400619,0.1612052,72.4,Pública,Universidad Central del Ecuador (UCE)
Ricardo Benavides,Sobrino,Yantzaza, Zamora Chinchipe,-78.7376344,-3.7146811,389.38,Pública,Universidad Central del Ecuador (UCE)
Alejandro Luis Rincón,Salazar, Biblián, Cañar,-78.9802821,-2.6748261,277.86,Pública,Escuela Politécnica Nacional (EPN)
Cayetano Mario Peral,Carbonell, Sucre, Manabí,-80.4199056,-0.7326786,219.63,Pública,Universidad Central del Ecuador (UCE)
Jair,Parra, Lomas de Sargentillo, Guayas,-80.0789495,-1.8348374,250.14,Privada,Universidad Tecnológica Equinoccial (UTE)
José Luis del Río,Cano, Daule, Guayas,-79.9129307,-1.9200069,244.89,Pública,Universidad Central del Ecuador (UCE)
Sr(a). Sofia,Mendez, Cañar, Cañar,-79.1800778,-2.4749335,261.48,Privada,Universidad de las Américas (UDLA)
Alta Gracia Dolores,Pedraza, Guano, Chimborazo,-78.6578385,-1.539923,147.64,Privada,Pontificia Universidad Católica del Ecuador (PUCE)
Victor Larrea,Espinosa, Lomas de Sargentillo, Guayas,-80.0789495,-1.8348374,250.14,Pública,Escuela Politécnica Nacional (EPN)
Guillermina Bautista Flores,Gonzalez, Jama, Manabí,-80.2295834,-0.2149489,190.95,Pública,Universidad Central del Ecuador (UCE)
Jordana Aliaga,Garzón, Biblián, Cañar,-78.9802821,-2.6748261,277.86,Pública,Universidad Central del Ecuador (UCE)
Ángela Ferrera,Salinas, Echeandía, Bolívar,-79.2735861,-1.4469547,160.54,Pública,Escuela Politécnica del Ejército (ESPE)
Noa Alba,Aparicio, Pimampiro, Imbabura,-77.9402742,0.393298,93.27,Pública,Escuela Politécnica del Ejército (ESPE)
Sandra Adriana Cruz,Muñoz,Saquisilí, Cotopaxi,-78.7312624,-0.8359835,72.67,Privada,Pontificia Universidad Católica del Ecuador (PUCE)
Fabián Márquez,Alvarado, Coronel Marcelino Maridueña, Guayas,-79.3861649,-2.2333628,244.02,Privada,Pontificia Universidad Católica del Ecuador (PUCE)
Lucas Sofia Belen,Benitez,Puebloviejo, Los Ríos,-79.5474126,-1.5368546,186.22,Privada,Universidad Internacional del Ecuador (UIDE)
Sr(a). Paola,Garibay,Pasaje, El Oro,-79.7625976,-3.3234936,372.0,Privada,Universidad Tecnológica Indoamérica (UTI)
Prudencia Morcillo,Juan,Tena, Napo,-78.1083981,-0.9438718,92.16,Pública,Instituto de Altos Estudios Nacionales (IAEN)
Valero Olmo,Morcillo, Huaca, Carchi,-77.727333,0.7987391,143.02,Pública,Universidad Central del Ecuador (UCE)
Constanza Paz Gomila,Castejón, Valdez, Esmeraldas,-78.9826345,1.2489838,171.53,Privada,Universidad San Francisco de Quito (USFQ)
Dylan Ezequiel Morena,Rojas, San Gabriel, Carchi,-77.835319,0.598485,118.12,Pública,Universidad Central del Ecuador (UCE)
Victorino Carranza,Ponce, Milagro, Guayas,-79.5552042,-2.1179635,240.77,Pública,Universidad Central del Ecuador (UCE)
Uriel Amanda Lugo,Valladares, Palestina, Guayas,-79.9273316,-1.6318981,222.24,Pública,Universidad Central del Ecuador (UCE)
Juan Ignacio Flores,Flores, Pedernales, Manabí,-79.8451737,0.0693259,151.66,Privada,Pontificia Universidad Católica del Ecuador (PUCE)
Antonia Facundo Lopez,Moreno,Piñas, El Oro,-79.7832238,-3.7106809,413.02,Privada,Universidad Internacional del Ecuador (UIDE)
Elizabeth Marcela Zambrano,Orozco,Zaruma, El Oro,-79.5131743,-3.5111939,382.47,Privada,Universidad de las Américas (UDLA)
Paloma Abascal,Vega, Guano, Chimborazo,-78.6578385,-1.539923,147.64,Privada,Universidad San Francisco de Quito (USFQ)
Augusto Ciro Aguirre,Torres,El Ángel, Carchi,-77.9396301,0.6211998,113.17,Pública,Universidad Central del Ecuador (UCE)
Mateo Molina,Dominguez,Montecristi, Manabí,-80.6606834,-1.0504072,256.09,Pública,Universidad Central del Ecuador (UCE)
Soledad,Duarte-Artigas, Tabacundo, Pichincha,-78.2216436,0.048201,43.99,Pública,Universidad Central del Ecuador (UCE)
Araceli José Emilio,Luna, Atacames, Esmeraldas,-79.8790841,0.7971086,189.45,Pública,Universidad Central del Ecuador (UCE)
Sr(a). Gilberto,Huerta,Caluma, Bolívar,-79.1963263,-1.5976675,171.01,Pública,Universidad Central del Ecuador (UCE)
Coral,Durán-Crespo,Baba, Los Ríos,-79.6615818,-1.6727698,205.95,Pública,Universidad Central del Ecuador (UCE)
Paola Andrea Yepes,Vargas, Palenque, Los Ríos,-79.7182552,-1.3353343,182.63,Privada,Universidad Internacional del Ecuador (UIDE)
Carmelo Perelló,Muñoz, Pimampiro, Imbabura,-77.9402742,0.393298,93.27,Pública,Universidad Central del Ecuador (UCE)
Luz,Loaiza,Zamora, Zamora Chinchipe,-78.9577754,-4.0042008,423.67,Pública,Universidad Central del Ecuador (UCE)
Gloria Isaac Aponte,Gastélum, Santa Lucía, Guayas,-80.0426304,-1.7145863,237.82,Privada,Universidad de las Américas (UDLA)
Dr(a). Juliana,Diaz, Portoviejo, Manabí,-80.4534134,-1.05282,234.85,Privada,Universidad San Francisco de Quito (USFQ)
Elisa Dalia,Lozano, Valdez, Esmeraldas,-78.9826345,1.2489838,171.53,Pública,Escuela Politécnica del Ejército (ESPE)
Dalia,Villarreal,Yaguachi, Guayas,-79.9134536,-2.2015355,269.81,Pública,Universidad Central del Ecuador (UCE)
Benjamin Mateo Benjamin,Sosa, Bahía de Caráquez, Manabí,-80.423572,-0.5999649,216.67,Pública,Universidad Central del Ecuador (UCE)
Carmen Jiménez,Jimínez,Saquisilí, Cotopaxi,-78.7312624,-0.8359835,72.67,Pública,Universidad Central del Ecuador (UCE)
Valerio Barceló,Saldaña,Ibarra, Imbabura,-78.1329448,0.5159369,92.08,Pública,Escuela Politécnica Nacional (EPN)
Alexander Pulido,Agudelo,Jaramijó, Manabí,-80.6134583,-0.9743883,248.22,Privada,Pontificia Universidad Católica del Ecuador (PUCE)
Caridad Collazo,Guerra, Daule, Guayas,-79.9129307,-1.9200069,244.89,Pública,Universidad Central del Ecuador (UCE)
Sofia,Suarez, El Guabo, El Oro,-79.7584498,-3.1629001,355.32,Privada,Universidad Internacional del Ecuador (UIDE)
Fernando Andrés,Rodríguez, Paute, Azuay,-78.7362416,-2.7468493,282.05,Privada,Universidad Tecnológica Equinoccial (UTE)
Mtro. Tomás,Cabán, Cumandá, Chimborazo,-79.103584,-2.2108666,230.91,Pública,Universidad Central del Ecuador (UCE)
Jacobo,Calvillo, Rocafuerte, Manabí,-80.4012121,-0.9032437,223.34,Pública,Escuela Politécnica Nacional (EPN)
Leonardo Marisela,Benítez,Atuntaqui, Imbabura,-78.219615,0.3316022,69.45,Pública,Universidad Central del Ecuador (UCE)
Mauricio Nieves,Gómez, Balao, Guayas,-79.7180498,-2.8852516,325.24,Pública,Universidad Andina Simón Bolívar (UASB)
Juan David Ian,Perez, Chambo, Chimborazo,-78.5425997,-1.74403,169.48,Pública,Escuela Politécnica del Ejército (ESPE)
Nelly Palacios,Prada,Salinas, Santa Elena,-80.9237973,-2.2612497,351.24,Pública,Universidad Central del Ecuador (UCE)
Luis Espitia,Narváez,Otavalo, Imbabura,-78.2454274,0.2227636,57.5,Privada,Universidad Politécnica Salesiana (UPS)
Tomàs Vazquez,Gonzalez, Cotacachi, Imbabura,-78.4507013,0.3955234,68.8,Privada,Pontificia Universidad Católica del Ecuador (PUCE)
Mtro. Ignacio,Chapa, Samborondón, Guayas,-79.7562694,-2.0155653,242.86,Pública,Escuela Politécnica del Ejército (ESPE)
Diana,Rueda, El Guabo, El Oro,-79.7584498,-3.1629001,355.32,Pública,Escuela Politécnica del Ejército (ESPE)
Nuria Grau,Mármol, Cuenca, Azuay,-79.0041726,-2.8974072,302.67,Pública,Universidad Central del Ecuador (UCE)
Cecilia,Ortiz, El Guabo, El Oro,-79.7584498,-3.1629001,355.32,Pública,Escuela Politécnica Nacional (EPN)
Roberto Cantú,Luna, Puerto López, Manabí,-80.744524,-1.5440814,288.55,Pública,Universidad Central del Ecuador (UCE)
Noemí Quintanilla,Rubio, Chone, Manabí,-80.0721599,-0.3828099,174.38,Privada,Pontificia Universidad Católica del Ecuador (PUCE)
Thiago Benjamin Sofía,Fernandez,Piñas, El Oro,-79.7832238,-3.7106809,413.02,Pública,Universidad Central del Ecuador (UCE)
Ana López,Vásquez,Babahoyo, Los Ríos,-79.5068917,-1.8762599,214.79,Pública,Escuela Politécnica Nacional (EPN)
Gustavo Ángel,González, Chambo, Chimborazo,-78.5425997,-1.74403,169.48,Pública,Universidad Central del Ecuador (UCE)
Hermelinda Torres,Rosas, Pedro Vicente Maldonado, Pichincha,-79.0400619,0.1612052,72.4,Pública,Universidad Central del Ecuador (UCE)
Lorenzo Godoy,Rivero, El Tambo, Cañar,-78.9133964,-2.4828078,255.51,Pública,Escuela Politécnica Nacional (EPN)
Eugenio David,Villalpando,Atuntaqui, Imbabura,-78.219615,0.3316022,69.45,Pública,Universidad Central del Ecuador (UCE)
Catalina Luna Leiva,Lopez,Puyo, Pastaza,-77.9969666,-1.4854777,151.92,Pública,Universidad Central del Ecuador (UCE)
Dr(a). Rafael,Perez,San Vicente, Manabí,-80.3761409,-0.4373946,208.65,Pública,Universidad Central del Ecuador (UCE)
Arturo Sebastián,Salcedo, Valdez, Esmeraldas,-78.9826345,1.2489838,171.53,Pública,Universidad Central del Ecuador (UCE)
Marco Antonio Mateo Cervántez,Palacios, Gualaquiza, Morona Santiago,-78.706485,-3.3277138,346.22,Pública,Universidad Central del Ecuador (UCE)
Nancy Jáquez,Otero, Biblián, Cañar,-78.9802821,-2.6748261,277.86,Pública,Universidad Central del Ecuador (UCE)
Milagros Fausto,Torres, Chone, Manabí,-80.0721599,-0.3828099,174.38,Privada,Universidad Tecnológica Indoamérica (UTI)
José Luis Ariadna Vigil,Orosco, Catamayo, Loja,-79.403789,-3.9912144,430.86,Pública,Escuela Politécnica Nacional (EPN)
Dr. Débora,Elizondo,Cayambe, Pichincha,-77.9889555,0.0251586,64.27,Pública,Universidad Central del Ecuador (UCE)
Myriam,Lozano, Daule, Guayas,-79.9129307,-1.9200069,244.89,Pública,Universidad Central del Ecuador (UCE)
Juan Nieto,Suárez, Biblián, Cañar,-78.9802821,-2.6748261,277.86,Pública,Universidad Central del Ecuador (UCE)
Lic. Elena,Villalpando, Archidona, Napo,-77.955042,-0.7160712,82.95,Pública,Escuela Politécnica Nacional (EPN)
Paula López,Monroy, Jama, Manabí,-80.2295834,-0.2149489,190.95,Pública,Universidad Central del Ecuador (UCE)
Gerardo Asunción,Loera, Vinces, Los Ríos,-79.766045,-1.5235263,201.08,Pública,Universidad Central del Ecuador (UCE)
Sr(a). Adán,Zelaya, Riobamba, Chimborazo,-78.6482479,-1.6732765,162.28,Pública,Escuela Politécnica del Ejército (ESPE)
Mateo,Ledesma, Huaca, Carchi,-77.727333,0.7987391,143.02,Privada,Pontificia Universidad Católica del Ecuador (PUCE)
Hernando Pujadas,Abad, Marcabelí, El Oro,-79.9223384,-3.7733434,425.02,Pública,Universidad Central del Ecuador (UCE)
Arley Andrés,Murillo,San Lorenzo, Esmeraldas,-78.6869333,0.9850634,135.41,Privada,Universidad Tecnológica Equinoccial (UTE)
Santiago Jazmin,Garcia, Riobamba, Chimborazo,-78.6482479,-1.6732765,162.28,Pública,Escuela Politécnica Nacional (EPN)
Plinio Guardiola,Benavides,Guaranda, Bolívar,-79.0576662,-1.4398571,148.56,Pública,Universidad Central del Ecuador (UCE)
Lucio Gimenez,Hoyos, Santa Lucía, Guayas,-80.0426304,-1.7145863,237.82,Pública,Escuela Politécnica Nacional (EPN)
Alba Andrea Pérez,Perea,Piñas, El Oro,-79.7832238,-3.7106809,413.02,Pública,Universidad Central del Ecuador (UCE)
Manu Girón,Piña,Cayambe, Pichincha,-77.9889555,0.0251586,64.27,Pública,Escuela Politécnica Nacional (EPN)
Hugo Almazán,Ángel, Echeandía, Bolívar,-79.2735861,-1.4469547,160.54,Privada,Universidad Internacional del Ecuador (UIDE)
Mercedes,Archuleta,Baba, Los Ríos,-79.6615818,-1.6727698,205.95,Pública,Escuela Politécnica del Ejército (ESPE)
Jorge González,Duque,La Concordia, Santo Domingo de los Tsáchilas,-79.462977,-0.0441108,107.5,Pública,Universidad Andina Simón Bolívar (UASB)
Agustin Benitez,Fernandez, Urcuquí, Imbabura,-78.1941499,0.4172921,79.22,Privada,Universidad Tecnológica Equinoccial (UTE)
Sonia Edith Mosquera,Rodríguez, Milagro, Guayas,-79.5552042,-2.1179635,240.77,Privada,Universidad Tecnológica Equinoccial (UTE)
Cristina Diana Salazar,Marín, Flavio Alfaro, Manabí,-79.844538,-0.3242859,148.59,Pública,Universidad Central del Ecuador (UCE)
Jazmín Felicitas,Diaz, Mocache, Los Ríos,-79.5512661,-1.1979,158.63,Pública,Universidad Central del Ecuador (UCE)
Camila,Alcala,Babahoyo, Los Ríos,-79.5068917,-1.8762599,214.79,Pública,Universidad Central del Ecuador (UCE)
Esteban,Alfonso, Santa Lucía, Guayas,-80.0426304,-1.7145863,237.82,Pública,Escuela Politécnica Nacional (EPN)
Yudy Forero,Giraldo, Cañar, Cañar,-79.1800778,-2.4749335,261.48,Pública,Escuela Politécnica del Ejército (ESPE)
Luis,Zambrano,Guaranda, Bolívar,-79.0576662,-1.4398571,148.56,Pública,Universidad Central del Ecuador (UCE)
Malena Milagros,Alvarez, El Guabo, El Oro,-79.7584498,-3.1629001,355.32,Pública,Escuela Politécnica del Ejército (ESPE)
Jeferson Michael Espinosa,Salazar, Mocache, Los Ríos,-79.5512661,-1.1979,158.63,Pública,Escuela Politécnica del Ejército (ESPE)
Salma Guillermo Dueñas,Armenta, Nueva Loja, Sucumbíos,-76.8834932,0.0850591,184.27,Pública,Universidad Andina Simón Bolívar (UASB)
Rubén Ortega,Andrade,Machachi, Pichincha,-78.6516915,-0.4984774,34.61,Pública,Escuela Politécnica del Ejército (ESPE)
Malena,Sainz, Santa Rosa, El Oro,-80.154904,-3.4145538,399.35,Pública,Universidad Central del Ecuador (UCE)
Silvestre Urrutia,Fabregat, Palestina, Guayas,-79.9273316,-1.6318981,222.24,Pública,Universidad Central del Ecuador (UCE)
Dulce Alma de la Garza,Llamas, Bahía de Caráquez, Manabí,-80.423572,-0.5999649,216.67,Privada,Universidad de las Américas (UDLA)
Homero,Jaramillo, San Miguel de Salcedo, Cotopaxi,-78.5907824,-1.043699,91.99,Pública,Universidad Central del Ecuador (UCE)
Kelly Ana,Ortiz, Atacames, Esmeraldas,-79.8790841,0.7971086,189.45,Pública,Escuela Politécnica Nacional (EPN)
Violeta Juan Bautista Alvarez,Perez, Vinces, Los Ríos,-79.766045,-1.5235263,201.08,Pública,Escuela Politécnica del Ejército (ESPE)
Gastón Marcos,Pelayo,Otavalo, Imbabura,-78.2454274,0.2227636,57.5,Pública,Escuela Politécnica del Ejército (ESPE)
Citlali,Peralta, Daule, Guayas,-79.9129307,-1.9200069,244.89,Pública,Escuela Politécnica Nacional (EPN)
Omar,Solsona-Duran,Pujilí, Cotopaxi,-78.8559205,-1.0077046,95.54,Privada,Universidad de las Américas (UDLA)
Lic. Gabriela,Barajas, Daule, Guayas,-79.9129307,-1.9200069,244.89,Pública,Universidad Central del Ecuador (UCE)
Manuel Nicolau,Gordillo, Santa Rosa, El Oro,-80.154904,-3.4145538,399.35,Pública,Universidad Central del Ecuador (UCE)
Jairo Jhonny,Pérez, San Miguel de Los Bancos, Pichincha,-78.9214659,-0.0188368,50.7,Pública,Universidad Central del Ecuador (UCE)
Francisco Fausto Juarez,Miranda, Isidro Ayora, Guayas,-80.1463096,-1.8796754,258.94,Pública,Universidad Central del Ecuador (UCE)
Reyna,Giménez-Tapia, Loreto, Orellana,-77.3252738,-0.6471884,140.27,Pública,Universidad Central del Ecuador (UCE)
Nicodemo,Roma-Ayllón, Esmeraldas, Esmeraldas,-79.6523847,0.9668153,183.0,Pública,Universidad Central del Ecuador (UCE)
Harold Víctor Daza,Jiménez, Balzar, Guayas,-79.9367148,-1.3062992,199.16,Pública,Universidad Central del Ecuador (UCE)
Dr(a). Victoria,Medina,San Vicente, Manabí,-80.3761409,-0.4373946,208.65,Pública,Escuela Politécnica Nacional (EPN)
Antonio Peña,Correa,Sucúa, Morona Santiago,-78.1727383,-2.4560109,251.46,Pública,Universidad Central del Ecuador (UCE)
Lola Carmela,Mendoza,Yaguachi, Guayas,-79.9134536,-2.2015355,269.81,Pública,Universidad Central del Ecuador (UCE)
Mónica Martinez,Bonet,Caluma, Bolívar,-79.1963263,-1.5976675,171.01,Privada,Pontificia Universidad Católica del Ecuador (PUCE)
Yudy,Sánchez, Camilo Ponce Enríquez, Azuay,-79.5630363,-2.9640696,326.69,Pública,Universidad Andina Simón Bolívar (UASB)
Dante Santino,Ramos,El Triunfo, Guayas,-79.3660575,-2.2907784,249.03,Pública,Universidad Central del Ecuador (UCE)
José Miguel,Sepúlveda, Guano, Chimborazo,-78.6578385,-1.539923,147.64,Pública,Universidad Central del Ecuador (UCE)
Emilia Martinez,Ramirez,Saquisilí, Cotopaxi,-78.7312624,-0.8359835,72.67,Pública,Escuela Politécnica Nacional (EPN)
Alma Gonzalez,Vega,Jaramijó, Manabí,-80.6134583,-0.9743883,248.22,Pública,Universidad Central del Ecuador (UCE)
Uma Mia Martinez,Gonzalez,San Vicente, Manabí,-80.3761409,-0.4373946,208.65,Privada,Universidad Tecnológica Indoamérica (UTI)
Vicente,Gonzalez,Machachi, Pichincha,-78.6516915,-0.4984774,34.61,Pública,Universidad Central del Ecuador (UCE)
Constanza,Paez, Velasco Ibarra, Guayas,-79.8779821,-2.2843364,275.19,Pública,Universidad Central del Ecuador (UCE)
Úrsula de,España, Gualaceo, Azuay,-78.8461586,-2.9180205,302.27,Pública,Universidad Central del Ecuador (UCE)
Lilia,Roldán, Portovelo, El Oro,-79.6172038,-3.7152273,407.56,Privada,Universidad Internacional del Ecuador (UIDE)
Viviana Constanza,Cárdenas,Santa Elena, Santa Elena,-80.8576945,-2.2270098,343.18,Pública,Universidad Central del Ecuador (UCE)
Delfina Alejo Peralta,Cordoba, El Carmen, Manabí,-79.5741548,-0.4809541,121.58,Pública,Universidad Central del Ecuador (UCE)
Jovita Fuertes,Ribera, Chordeleg, Azuay,-78.7307218,-2.9844675,308.33,Privada,Universidad Internacional del Ecuador (UIDE)
Darío Noelia Santacruz,Rosario,Montecristi, Manabí,-80.6606834,-1.0504072,256.09,Pública,Universidad Central del Ecuador (UCE)
Thiago Nicolas Sanchez,Toledo, San Miguel de Los Bancos, Pichincha,-78.9214659,-0.0188368,50.7,Privada,Universidad de las Américas (UDLA)
Rubiela,Henao,Machachi, Pichincha,-78.6516915,-0.4984774,34.61,Pública,Escuela Politécnica Nacional (EPN)
Caridad María Eugenia,Bahena, Cañar, Cañar,-79.1800778,-2.4749335,261.48,Pública,Escuela Politécnica Nacional (EPN)
Alonso Cabrera,Vásquez, Naranjito, Guayas,-79.3904646,-2.1590388,236.66,Pública,Universidad Central del Ecuador (UCE)
Martina,Alvarez, Pedro Vicente Maldonado, Pichincha,-79.0400619,0.1612052,72.4,Pública,Universidad Central del Ecuador (UCE)
Ángela Padilla,Curiel,Tena, Napo,-78.1083981,-0.9438718,92.16,Pública,Escuela Politécnica Nacional (EPN)
Celia Elías,Verdú,La Concordia, Santo Domingo de los Tsáchilas,-79.462977,-0.0441108,107.5,Pública,Universidad Central del Ecuador (UCE)
Sabina,Cuesta-Trujillo,Tena, Napo,-78.1083981,-0.9438718,92.16,Privada,Pontificia Universidad Católica del Ecuador (PUCE)
Calista del,Moraleda, Narcisa de Jesús, Guayas,-80.2384404,-1.6118103,246.52,Pública,Universidad Central del Ecuador (UCE)
Marisol Aurora,Reyna, San Miguel de Los Bancos, Pichincha,-78.9214659,-0.0188368,50.7,Pública,Escuela Politécnica Nacional (EPN)
Ileana del,Jáuregui, Coronel Marcelino Maridueña, Guayas,-79.3861649,-2.2333628,244.02,Pública,Escuela Politécnica del Ejército (ESPE)
Rodrigo,Lovato, Shushufindi, Sucumbíos,-76.5906945,-0.2885051,213.81,Pública,Escuela Politécnica Nacional (EPN)
Emiliano Villareal,Tello,Zaruma, El Oro,-79.5131743,-3.5111939,382.47,Pública,Universidad Central del Ecuador (UCE)
Zeferino Granados,Mena, Isidro Ayora, Guayas,-80.1463096,-1.8796754,258.94,Pública,Universidad Central del Ecuador (UCE)
Luz,Mosquera,Piñas, El Oro,-79.7832238,-3.7106809,413.02,Pública,Escuela Politécnica del Ejército (ESPE)
Sergio Molina,Tijerina, Valencia, Los Ríos,-79.3211355,-0.7696521,108.72,Pública,Universidad Central del Ecuador (UCE)
Benjamin Valentina,Juarez,Pujilí, Cotopaxi,-78.8559205,-1.0077046,95.54,Pública,Instituto de Altos Estudios Nacionales (IAEN)
Esther Ramiro Sepúlveda,Ledesma, Narcisa de Jesús, Guayas,-80.2384404,-1.6118103,246.52,Privada,Universidad Tecnológica Indoamérica (UTI)
Concepción Benítez,Robledo, Milagro, Guayas,-79.5552042,-2.1179635,240.77,Pública,Universidad Central del Ecuador (UCE)
Jovita Vallés,Adán, Bahía de Caráquez, Manabí,-80.423572,-0.5999649,216.67,Pública,Escuela Politécnica del Ejército (ESPE)
Benjamin Alejandro,Perez, Alausí, Chimborazo,-78.703566,-2.3250494,235.02,Pública,Universidad Central del Ecuador (UCE)
Jacobo Suárez,Venegas,Catarama, Los Ríos,-79.4750201,-1.5692196,184.28,Pública,Escuela Politécnica del Ejército (ESPE)
Goyo Iriarte,Cifuentes,La Concordia, Santo Domingo de los Tsáchilas,-79.462977,-0.0441108,107.5,Pública,Universidad Central del Ecuador (UCE)
Abigaíl Folch,Sanchez, Santa Ana, Manabí,-80.2631268,-1.1944701,222.78,Pública,Universidad Central del Ecuador (UCE)
Jordán Ballester,Costa, El Tambo, Cañar,-78.9133964,-2.4828078,255.51,Pública,Escuela Politécnica Nacional (EPN)
Martina Emiliano Diaz,Gutierrez, Pelileo, Tungurahua,-78.537307,-1.3573827,126.48,Pública,Escuela Politécnica del Ejército (ESPE)
Micaela,Bastida, Machala, El Oro,-79.9512804,-3.3148937,379.46,Privada,Universidad de las Américas (UDLA)
Lola Julia,Juarez,Atuntaqui, Imbabura,-78.219615,0.3316022,69.45,Privada,Universidad Internacional del Ecuador (UIDE)
Sr(a). Jeremias,Vazquez, Gualaceo, Azuay,-78.8461586,-2.9180205,302.27,Privada,Universidad de las Américas (UDLA)
Germán José,Gaitán, El Carmen, Manabí,-79.5741548,-0.4809541,121.58,Pública,Universidad Central del Ecuador (UCE)
Agustina Milagros,Martin, Sucre, Manabí,-80.4199056,-0.7326786,219.63,Pública,Universidad Central del Ecuador (UCE)
Susana,Leal, Baños de Agua Santa, Tungurahua,-78.4402276,-1.417407,133.37,Pública,Universidad Central del Ecuador (UCE)
Hugo Abril,Rocha, Sucre, Manabí,-80.4199056,-0.7326786,219.63,Pública,Universidad Central del Ecuador (UCE)
Verónica Virginia Plaza,Canet,Piñas, El Oro,-79.7832238,-3.7106809,413.02,Pública,Universidad Central del Ecuador (UCE)
Leticia,Orosco, Valencia, Los Ríos,-79.3211355,-0.7696521,108.72,Privada,Universidad de las Américas (UDLA)
Porfirio Apodaca,Tamez, Jama, Manabí,-80.2295834,-0.2149489,190.95,Pública,Universidad Central del Ecuador (UCE)
Evelio Casares,Reyes, Cumandá, Chimborazo,-79.103584,-2.2108666,230.91,Pública,Universidad Central del Ecuador (UCE)
Íñigo Robledo,Ferreras,Simón Bolívar, Guayas,-79.4218634,-2.0424101,226.45,Pública,Universidad Andina Simón Bolívar (UASB)
Fernando,Valencia, Palenque, Los Ríos,-79.7182552,-1.3353343,182.63,Pública,Universidad Central del Ecuador (UCE)
Santino Benjamin Ignacio,Pereyra,Saraguro, Loja,-79.3063889,-3.5269465,378.14,Privada,Universidad Tecnológica Indoamérica (UTI)
Catalina Gonzalez,Cardozo, Riobamba, Chimborazo,-78.6482479,-1.6732765,162.28,Privada,Universidad San Francisco de Quito (USFQ)
Dalia Víctor Niño,Galván,Cayambe, Pichincha,-77.9889555,0.0251586,64.27,Pública,Escuela Politécnica Nacional (EPN)
Sr(a). Maria Victoria,Acuña, Tabacundo, Pichincha,-78.2216436,0.048201,43.99,Pública,Escuela Politécnica Nacional (EPN)
María José José,Guzmán,Tena, Napo,-78.1083981,-0.9438718,92.16,Pública,Escuela Politécnica del Ejército (ESPE)
Leoncio Larrea,Sanmiguel,Otavalo, Imbabura,-78.2454274,0.2227636,57.5,Pública,Universidad Central del Ecuador (UCE)
Valentina Alvarez,Coronel,Arenillas, El Oro,-80.0974316,-3.5859238,413.63,Pública,Universidad Central del Ecuador (UCE)
Ángel Marin,Herrera, Atacames, Esmeraldas,-79.8790841,0.7971086,189.45,Pública,Escuela Politécnica Nacional (EPN)
Valentino Bautista Benjamin Ledesma,Gonzalez, Nueva Loja, Sucumbíos,-76.8834932,0.0850591,184.27,Pública,Escuela Politécnica Nacional (EPN)
Doris Fernanda Sierra,García, Gualaquiza, Morona Santiago,-78.706485,-3.3277138,346.22,Pública,Escuela Politécnica del Ejército (ESPE)
Fausto Victoria Gonzalez,Martinez, Valdez, Esmeraldas,-78.9826345,1.2489838,171.53,Pública,Universidad Central del Ecuador (UCE)
Maite Tiziano Valentin Molina,Gomez,Simón Bolívar, Guayas,-79.4218634,-2.0424101,226.45,Pública,Escuela Politécnica Nacional (EPN)
Valentina,Torres,Ventanas, Los Ríos,-79.3351558,-1.3253915,153.21,Privada,Universidad Internacional del Ecuador (UIDE)
Felipe,Diaz, Tulcán, Carchi,-77.7172151,0.8115707,144.84,Pública,Universidad Central del Ecuador (UCE)
Luis Miguel Alfonso,Olivárez, Coronel Marcelino Maridueña, Guayas,-79.3861649,-2.2333628,244.02,Pública,Universidad Central del Ecuador (UCE)
Juan Martin,Morales, Palenque, Los Ríos,-79.7182552,-1.3353343,182.63,Pública,Escuela Politécnica Nacional (EPN)
Maria Victoria Valentino Nuñez,Ortiz, Macará, Loja,-79.9154486,-4.3490358,484.84,Pública,Escuela Politécnica del Ejército (ESPE)
Valentino Isabella,Perez, Naranjito, Guayas,-79.3904646,-2.1590388,236.66,Privada,Universidad Internacional del Ecuador (UIDE)
Mateo Renata,Rios,Manta, Manabí,-80.7191006,-0.9485853,258.39,Pública,Escuela Politécnica del Ejército (ESPE)
Hilda Puig,Belmonte, Rocafuerte, Manabí,-80.4012121,-0.9032437,223.34,Pública,Universidad Central del Ecuador (UCE)
Dr(a). Joaquin,Escobar, Balzar, Guayas,-79.9367148,-1.3062992,199.16,Pública,Universidad Central del Ecuador (UCE)
Sr(a). Salvador,Ponce, Balzar, Guayas,-79.9367148,-1.3062992,199.16,Pública,Universidad Central del Ecuador (UCE)
Inés Perla,Romero, Shushufindi, Sucumbíos,-76.5906945,-0.2885051,213.81,Pública,Universidad Central del Ecuador (UCE)
Dr(a). Paloma,Acosta, Tulcán, Carchi,-77.7172151,0.8115707,144.84,Pública,Universidad Central del Ecuador (UCE)
Manuel Adán Madera,Casas,Montecristi, Manabí,-80.6606834,-1.0504072,256.09,Pública,Universidad Central del Ecuador (UCE)
Ofelia Débora Arroyo,Solorzano,Puyo, Pastaza,-77.9969666,-1.4854777,151.92,Pública,Escuela Politécnica Nacional (EPN)
Luz Diana Silva,Díaz, San Miguel de Los Bancos, Pichincha,-78.9214659,-0.0188368,50.7,Pública,Escuela Politécnica del Ejército (ESPE)
Bernardino Quevedo,Agustín, Valdez, Esmeraldas,-78.9826345,1.2489838,171.53,Pública,Universidad Central del Ecuador (UCE)
Vidal Batlle,Manjón, Cuenca, Azuay,-79.0041726,-2.8974072,302.67,Pública,Universidad Central del Ecuador (UCE)
Teresa,Navarro, Tulcán, Carchi,-77.7172151,0.8115707,144.84,Pública,Universidad Central del Ecuador (UCE)
Felipe,Rios,Yaguachi, Guayas,-79.9134536,-2.2015355,269.81,Pública,Universidad Central del Ecuador (UCE)
Raimundo Máximo González,Aragón, Coronel Marcelino Maridueña, Guayas,-79.3861649,-2.2333628,244.02,Pública,Universidad Central del Ecuador (UCE)
Sandra Luz,Ramírez, Jama, Manabí,-80.2295834,-0.2149489,190.95,Pública,Universidad Central del Ecuador (UCE)
Felipe Juan Manuel Molina,Fernandez, Mocache, Los Ríos,-79.5512661,-1.1979,158.63,Pública,Escuela Politécnica del Ejército (ESPE)
Zoe Jazmin Olivia Fernandez,Caceres, Riobamba, Chimborazo,-78.6482479,-1.6732765,162.28,Pública,Escuela Politécnica del Ejército (ESPE)
Adalberto Isaac Corona,Baca,Sangolquí, Pichincha,-78.4483476,-0.3288822,14.03,Pública,Universidad Central del Ecuador (UCE)
Iván Esther,Angulo,Zamora, Zamora Chinchipe,-78.9577754,-4.0042008,423.67,Privada,Pontificia Universidad Católica del Ecuador (PUCE)
Pedro,Leiva, San Miguel, Bolívar,-79.127262,-1.8120574,189.75,Pública,Universidad Central del Ecuador (UCE)
Dorita Manuelita Pérez,Casares,Ibarra, Imbabura,-78.1329448,0.5159369,92.08,Pública,Escuela Politécnica del Ejército (ESPE)
Gracia Catalá,Acosta, Bahía de Caráquez, Manabí,-80.423572,-0.5999649,216.67,Pública,Universidad Central del Ecuador (UCE)
Mónica Pastor,Hoyos, Jama, Manabí,-80.2295834,-0.2149489,190.95,Pública,Universidad Central del Ecuador (UCE)
María Manuela Real,Rebollo, Montalvo, Los Ríos,-79.348133,-1.8025855,198.99,Pública,Escuela Politécnica Nacional (EPN)
Irene,Mínguez, Echeandía, Bolívar,-79.2735861,-1.4469547,160.54,Pública,Universidad Central del Ecuador (UCE)
Matilda Jeremias,Ponce, Ambato, Tungurahua,-78.6287594,-1.2422413,114.38,Pública,Universidad Central del Ecuador (UCE)
Lucía,Rosero, La Maná, Cotopaxi,-79.1010573,-0.7841908,90.66,Pública,Universidad Central del Ecuador (UCE)
Antonio Guillermo Ruiz,Alfonso,Yantzaza, Zamora Chinchipe,-78.7376344,-3.7146811,389.38,Pública,Universidad Central del Ecuador (UCE)
Virginia,Mata,Pasaje, El Oro,-79.7625976,-3.3234936,372.0,Pública,Universidad Central del Ecuador (UCE)
Benjamin Aguirre,Aguirre,Piñas, El Oro,-79.7832238,-3.7106809,413.02,Pública,Universidad Central del Ecuador (UCE)
Miriam Montez,Bañuelos, Macará, Loja,-79.9154486,-4.3490358,484.84,Pública,Universidad Central del Ecuador (UCE)
Asunción,Velásquez, Calceta, Manabí,-80.1640382,-0.8480934,196.48,Pública,Universidad Central del Ecuador (UCE)
Concepción Merino,Vergara,Yantzaza, Zamora Chinchipe,-78.7376344,-3.7146811,389.38,Pública,Escuela Politécnica del Ejército (ESPE)
Chita,Villalobos-Tomé, Narcisa de Jesús, Guayas,-80.2384404,-1.6118103,246.52,Pública,Universidad Central del Ecuador (UCE)
María Luisa Alfredo,Espinal, Portoviejo, Manabí,-80.4534134,-1.05282,234.85,Pública,Universidad Central del Ecuador (UCE)
Karina Melo,Álvarez,Pasaje, El Oro,-79.7625976,-3.3234936,372.0,Pública,Escuela Politécnica Nacional (EPN)
Nicolas Benjamin Perez,Benitez, Puerto López, Manabí,-80.744524,-1.5440814,288.55,Pública,Escuela Politécnica del Ejército (ESPE)
Dr(a). Mateo Ezequiel,Ramos, Milagro, Guayas,-79.5552042,-2.1179635,240.77,Pública,Escuela Politécnica del Ejército (ESPE)
Esmeralda Vanesa,Aguirre, Durán, Guayas,-79.7895887,-2.2127014,263.15,Privada,Universidad Internacional del Ecuador (UIDE)
Juan Cruz,Ramos, Puerto López, Manabí,-80.744524,-1.5440814,288.55,Pública,Universidad Central del Ecuador (UCE)
Mayte Aragón,Palau, Loreto, Orellana,-77.3252738,-0.6471884,140.27,Pública,Escuela Politécnica Nacional (EPN)
Nélida Haro,Delgado,Quinsaloma, Los Ríos,-79.3468998,-1.1460552,138.6,Pública,Escuela Politécnica Nacional (EPN)
Marcela Liliana,Domínguez, Naranjito, Guayas,-79.3904646,-2.1590388,236.66,Privada,Universidad de las Américas (UDLA)
Ruth Angelina Pablo,Verdú,El Triunfo, Guayas,-79.3660575,-2.2907784,249.03,Pública,Escuela Politécnica del Ejército (ESPE)
Fanny Bermúdez,Bustos, Chambo, Chimborazo,-78.5425997,-1.74403,169.48,Privada,Universidad de las Américas (UDLA)
Fernando Humberto Beltrán,Camacho,Sangolquí, Pichincha,-78.4483476,-0.3288822,14.03,Pública,Instituto de Altos Estudios Nacionales (IAEN)
Sr(a). Leonel,Arreola,San Vicente, Manabí,-80.3761409,-0.4373946,208.65,Pública,Escuela Politécnica del Ejército (ESPE)
Benjamin,Garcia, Pelileo, Tungurahua,-78.537307,-1.3573827,126.48,Pública,Escuela Politécnica Nacional (EPN)
Hugo Matos,Marrero, Camilo Ponce Enríquez, Azuay,-79.5630363,-2.9640696,326.69,Pública,Escuela Politécnica del Ejército (ESPE)
Eliana de,Ibarra, Santa Isabel, Azuay,-79.3594118,-3.1839392,342.74,Pública,Escuela Politécnica Nacional (EPN)
Ariadna Paola,Alva,El Triunfo, Guayas,-79.3660575,-2.2907784,249.03,Pública,Universidad Central del Ecuador (UCE)
Lic. Laura,Cruz, Cotacachi, Imbabura,-78.4507013,0.3955234,68.8,Pública,Universidad Central del Ecuador (UCE)
José Ángel del,Pujol,Manta, Manabí,-80.7191006,-0.9485853,258.39,Pública,Universidad Central del Ecuador (UCE)
Sofía,Lozano,Yaguachi, Guayas,-79.9134536,-2.2015355,269.81,Privada,Pontificia Universidad Católica del Ecuador (PUCE)
Gustavo Montoya,Criado, Portoviejo, Manabí,-80.4534134,-1.05282,234.85,Pública,Escuela Politécnica del Ejército (ESPE)
Leydi Liliana,Aguirre, Píllaro, Tungurahua,-78.5423177,-1.1725302,105.95,Pública,Universidad Central del Ecuador (UCE)
Eva Jacobo,Perales, Milagro, Guayas,-79.5552042,-2.1179635,240.77,Pública,Universidad Central del Ecuador (UCE)
Anabel Elias,Zedillo, Macará, Loja,-79.9154486,-4.3490358,484.84,Pública,Escuela Politécnica Nacional (EPN)
Thiago Benjamin Benjamin Bustos,Mendoza, Tosagua, Manabí,-80.2577186,-0.7755207,203.66,Pública,Escuela Politécnica del Ejército (ESPE)
Martina,Muñoz, Calceta, Manabí,-80.1640382,-0.8480934,196.48,Pública,Universidad Central del Ecuador (UCE)
Matias Gonzalez,Peralta,Sangolquí, Pichincha,-78.4483476,-0.3288822,14.03,Pública,Universidad Central del Ecuador (UCE)
Odalis María Luisa Bru,Luján,El Triunfo, Guayas,-79.3660575,-2.2907784,249.03,Privada,Universidad de las Américas (UDLA)
Aurelio Feliciano,Colunga,Salinas, Santa Elena,-80.9237973,-2.2612497,351.24,Pública,Escuela Politécnica Nacional (EPN)
Santino,Romero,Latacunga, Cotopaxi,-78.6145758,-0.9340311,80.19,Pública,Universidad Central del Ecuador (UCE)
Julio Enrique,Meneses, Coronel Marcelino Maridueña, Guayas,-79.3861649,-2.2333628,244.02,Pública,Escuela Politécnica Nacional (EPN)
Víctor Carla,Carrasco, La Maná, Cotopaxi,-79.1010573,-0.7841908,90.66,Privada,Pontificia Universidad Católica del Ecuador (PUCE)
Juana Medina,Castillo, Cumandá, Chimborazo,-79.103584,-2.2108666,230.91,Pública,Universidad Central del Ecuador (UCE)
Aida Humberto,Gastélum,Guaranda, Bolívar,-79.0576662,-1.4398571,148.56,Pública,Escuela Politécnica del Ejército (ESPE)
Agustin Moyano,Torres, Durán, Guayas,-79.7895887,-2.2127014,263.15,Pública,Universidad Central del Ecuador (UCE)
Jairo,Benavides, Tosagua, Manabí,-80.2577186,-0.7755207,203.66,Pública,Universidad Central del Ecuador (UCE)
Nidia de,Ferrándiz,Simón Bolívar, Guayas,-79.4218634,-2.0424101,226.45,Pública,Universidad Central del Ecuador (UCE)
Pili Bartolomé,Mancebo,Catarama, Los Ríos,-79.4750201,-1.5692196,184.28,Pública,Universidad Central del Ecuador (UCE)
Gael Silva,Ojeda, Quevedo, Los Ríos,-79.4776812,-1.0669701,142.78,Pública,Universidad Central del Ecuador (UCE)
Duván Reyes,Giraldo, Chordeleg, Azuay,-78.7307218,-2.9844675,308.33,Pública,Universidad Central del Ecuador (UCE)
Luna Joaquin,Romero, Chordeleg, Azuay,-78.7307218,-2.9844675,308.33,Privada,Universidad de las Américas (UDLA)
Guadalupe Bravo,Fernandez, Palora, Morona Santiago,-77.9675269,-1.6981449,175.15,Pública,Universidad Central del Ecuador (UCE)
Thiago Nicolas Sanchez,Fernandez,Arenillas, El Oro,-80.0974316,-3.5859238,413.63,Pública,Escuela Politécnica Nacional (EPN)
Dr(a). Benjamin,Barrios, Alamor, Loja,-80.0197281,-4.0181681,454.31,Pública,Escuela Politécnica del Ejército (ESPE)
Ignacio Correa,Ruiz, El Guabo, El Oro,-79.7584498,-3.1629001,355.32,Pública,Universidad Central del Ecuador (UCE)
Gertrudis Gómez,Roura,Saraguro, Loja,-79.3063889,-3.5269465,378.14,Pública,Escuela Politécnica Nacional (EPN)
Amada Castelló,Bonilla, Archidona, Napo,-77.955042,-0.7160712,82.95,Privada,Universidad de las Américas (UDLA)
Luana Julian Nuñez,Gonzalez,Simón Bolívar, Guayas,-79.4218634,-2.0424101,226.45,Privada,Pontificia Universidad Católica del Ecuador (PUCE)
Sr(a). Rosalia,Casanova, Santa Ana, Manabí,-80.2631268,-1.1944701,222.78,Pública,Universidad Central del Ecuador (UCE)
Eva Anaya,Collazo, Palenque, Los Ríos,-79.7182552,-1.3353343,182.63,Pública,Universidad Central del Ecuador (UCE)
María Muñoz,Sánchez, Colimes, Guayas,-80.0818751,-1.5161582,226.31,Pública,Universidad Central del Ecuador (UCE)
José Eduardo,Varela,Catarama, Los Ríos,-79.4750201,-1.5692196,184.28,Pública,Universidad Central del Ecuador (UCE)
Dr(a). Francisco,Gomez,El Triunfo, Guayas,-79.3660575,-2.2907784,249.03,Privada,Universidad Internacional del Ecuador (UIDE)
Alma,Arroyo, Milagro, Guayas,-79.5552042,-2.1179635,240.77,Pública,Escuela Politécnica del Ejército (ESPE)
Valentino Martin,Sosa, General Villamil, Guayas,-80.4261454,-2.5937913,338.99,Pública,Universidad Central del Ecuador (UCE)
Antonella Valentina Perez,Morales, Santo Domingo, Santo Domingo de los Tsáchilas,-79.1686724,-0.2546212,73.08,Privada,Universidad Internacional del Ecuador (UIDE)
Indira Lira,Valdés, Shushufindi, Sucumbíos,-76.5906945,-0.2885051,213.81,Pública,Escuela Politécnica del Ejército (ESPE)
Uriel,Torres, General Villamil, Guayas,-80.4261454,-2.5937913,338.99,Pública,Universidad Central del Ecuador (UCE)
León Alegre,Carrillo, Montalvo, Los Ríos,-79.348133,-1.8025855,198.99,Pública,Universidad Central del Ecuador (UCE)
Agustín Julia Garcia,Mansilla,Cayambe, Pichincha,-77.9889555,0.0251586,64.27,Pública,Universidad Central del Ecuador (UCE)
Diego Diego,Gaviria,Saquisilí, Cotopaxi,-78.7312624,-0.8359835,72.67,Pública,Universidad Central del Ecuador (UCE)
Luz Garzón,Martínez,Quinsaloma, Los Ríos,-79.3468998,-1.1460552,138.6,Pública,Universidad Central del Ecuador (UCE)
Benjamin,Martin,Ventanas, Los Ríos,-79.3351558,-1.3253915,153.21,Pública,Escuela Politécnica del Ejército (ESPE)
Nina Mansilla,Sanchez, El Coca, Orellana,-76.9837216,-0.4721804,172.26,Privada,Universidad de las Américas (UDLA)
Tomàs Garcia,Guzman, Calceta, Manabí,-80.1640382,-0.8480934,196.48,Pública,Universidad Central del Ecuador (UCE)
Leticia,Alemán, Paute, Azuay,-78.7362416,-2.7468493,282.05,Pública,Escuela Politécnica Nacional (EPN)
Jesús Andrea,Navarrete,Catarama, Los Ríos,-79.4750201,-1.5692196,184.28,Pública,Escuela Politécnica del Ejército (ESPE)
María,Pedraza,Arenillas, El Oro,-80.0974316,-3.5859238,413.63,Pública,Universidad Central del Ecuador (UCE)
Isidro Grau,Bosch, Santa Lucía, Guayas,-80.0426304,-1.7145863,237.82,Pública,Escuela Politécnica Nacional (EPN)
Alma Valentina,Sanchez, Santo Domingo, Santo Domingo de los Tsáchilas,-79.1686724,-0.2546212,73.08,Pública,Universidad Central del Ecuador (UCE)
Lucila Sacristán,Barrio,Santa Elena, Santa Elena,-80.8576945,-2.2270098,343.18,Privada,Universidad de las Américas (UDLA)
Andrea Suárez,Rojas, El Coca, Orellana,-76.9837216,-0.4721804,172.26,Pública,Universidad Central del Ecuador (UCE)
Óscar,Ortiz, Narcisa de Jesús, Guayas,-80.2384404,-1.6118103,246.52,Pública,Escuela Politécnica Nacional (EPN)
Maria Paz Guadalupe Gomez,Correa, Naranjito, Guayas,-79.3904646,-2.1590388,236.66,Privada,Universidad Tecnológica Indoamérica (UTI)
Sr(a). Juan Cruz,Medina,Arenillas, El Oro,-80.0974316,-3.5859238,413.63,Pública,Universidad Central del Ecuador (UCE)
Merche,Puga,Atuntaqui, Imbabura,-78.219615,0.3316022,69.45,Pública,Universidad Central del Ecuador (UCE)
Thiago Leonel Lola Diaz,Romero, Narcisa de Jesús, Guayas,-80.2384404,-1.6118103,246.52,Pública,Universidad Central del Ecuador (UCE)
Custodia de,Mora, Baños de Agua Santa, Tungurahua,-78.4402276,-1.417407,133.37,Pública,Universidad Central del Ecuador (UCE)
Lucía Lucas Ruiz,Moyano, Junín, Manabí,-80.2054147,-0.9394745,204.54,Pública,Universidad Central del Ecuador (UCE)
Andrés Juan Vargas,Cano,Baba, Los Ríos,-79.6615818,-1.6727698,205.95,Pública,Universidad Central del Ecuador (UCE)
Juan,Rodriguez, La Maná, Cotopaxi,-79.1010573,-0.7841908,90.66,Pública,Escuela Politécnica del Ejército (ESPE)
Yadira Yamile López,Díaz, Santa Isabel, Azuay,-79.3594118,-3.1839392,342.74,Pública,Universidad Central del Ecuador (UCE)
Fernanda Iris Torrijos,Herranz, San Miguel, Bolívar,-79.127262,-1.8120574,189.75,Pública,Universidad Central del Ecuador (UCE)
Claudio Salma,Roque, Velasco Ibarra, Guayas,-79.8779821,-2.2843364,275.19,Privada,Pontificia Universidad Católica del Ecuador (PUCE)
Enrique Raúl,Palacios, General Villamil, Guayas,-80.4261454,-2.5937913,338.99,Privada,Pontificia Universidad Católica del Ecuador (PUCE)
José,Salas, Chambo, Chimborazo,-78.5425997,-1.74403,169.48,Pública,Universidad Central del Ecuador (UCE)
Evelio Dalia Ortega,Rincón, La Libertad, Santa Elena,-80.9077647,-2.2208117,346.98,Pública,Escuela Politécnica del Ejército (ESPE)
Sr(a). Valentina,Benitez, La Maná, Cotopaxi,-79.1010573,-0.7841908,90.66,Pública,Universidad Andina Simón Bolívar (UASB)
Dr. Esparta,Téllez, Marcabelí, El Oro,-79.9223384,-3.7733434,425.02,Pública,Universidad Central del Ecuador (UCE)
María Moreno,Díaz,Babahoyo, Los Ríos,-79.5068917,-1.8762599,214.79,Pública,Universidad Central del Ecuador (UCE)
Omar,Abad-Bas, Atacames, Esmeraldas,-79.8790841,0.7971086,189.45,Pública,Escuela Politécnica del Ejército (ESPE)
Sr(a). Francisco,Figueroa, Paute, Azuay,-78.7362416,-2.7468493,282.05,Pública,Universidad Central del Ecuador (UCE)
Carlos,Salamanca,Sucúa, Morona Santiago,-78.1727383,-2.4560109,251.46,Pública,Universidad Central del Ecuador (UCE)
Sofía Pereyra,Paez,Pasaje, El Oro,-79.7625976,-3.3234936,372.0,Pública,Universidad Central del Ecuador (UCE)
Eusebia Montesinos,Blasco, Shushufindi, Sucumbíos,-76.5906945,-0.2885051,213.81,Pública,Escuela Politécnica del Ejército (ESPE)
Santiago,Hernández, Pedro Vicente Maldonado, Pichincha,-79.0400619,0.1612052,72.4,Privada,Universidad Internacional del Ecuador (UIDE)
Uma Benitez,Benitez, Echeandía, Bolívar,-79.2735861,-1.4469547,160.54,Pública,Escuela Politécnica del Ejército (ESPE)
Leoncio,Giner,Jaramijó, Manabí,-80.6134583,-0.9743883,248.22,Pública,Escuela Politécnica del Ejército (ESPE)
Abel Pozuelo,Luís, El Carmen, Manabí,-79.5741548,-0.4809541,121.58,Privada,Universidad de las Américas (UDLA)
Zacarías Cristal,Enríquez, Archidona, Napo,-77.955042,-0.7160712,82.95,Pública,Escuela Politécnica Nacional (EPN)
Ian Ezequiel Morena,Herrera,Jaramijó, Manabí,-80.6134583,-0.9743883,248.22,Pública,Escuela Politécnica del Ejército (ESPE)
Antonio Linda,Santillán, Tabacundo, Pichincha,-78.2216436,0.048201,43.99,Pública,Universidad Central del Ecuador (UCE)
Gracia Martín,Tejera, Rocafuerte, Manabí,-80.4012121,-0.9032437,223.34,Pública,Universidad Central del Ecuador (UCE)
Abril Galan,Pardo,Otavalo, Imbabura,-78.2454274,0.2227636,57.5,Pública,Universidad Central del Ecuador (UCE)
Gonzalo de,Naranjo,Saquisilí, Cotopaxi,-78.7312624,-0.8359835,72.67,Pública,Universidad Central del Ecuador (UCE)
Mercedes Rosero,Hernández, Valdez, Esmeraldas,-78.9826345,1.2489838,171.53,Pública,Universidad Central del Ecuador (UCE)
Juliana María,Ortega, Alausí, Chimborazo,-78.703566,-2.3250494,235.02,Pública,Universidad Central del Ecuador (UCE)
Patricia,Zapata, Durán, Guayas,-79.7895887,-2.2127014,263.15,Pública,Universidad Central del Ecuador (UCE)
Juana Pedraza,Velasco, Camilo Ponce Enríquez, Azuay,-79.5630363,-2.9640696,326.69,Pública,Escuela Politécnica del Ejército (ESPE)
María Elena,Peres, Macará, Loja,-79.9154486,-4.3490358,484.84,Pública,Universidad Central del Ecuador (UCE)
Rebeca Abelardo Posada,Crespo, Valdez, Esmeraldas,-78.9826345,1.2489838,171.53,Pública,Universidad Central del Ecuador (UCE)
Donato Quirós,Farré, Ambato, Tungurahua,-78.6287594,-1.2422413,114.38,Pública,Universidad Central del Ecuador (UCE)
Alex Rosero,Monroy,El Triunfo, Guayas,-79.3660575,-2.2907784,249.03,Pública,Universidad Central del Ecuador (UCE)
Luciano Jacobo Lastra,Miró, Balsas, El Oro,-79.831096,-3.7742179,421.48,Pública,Universidad Central del Ecuador (UCE)
Sr(a). Santino,Blanco, Tabacundo, Pichincha,-78.2216436,0.048201,43.99,Pública,Universidad Central del Ecuador (UCE)
Dr(a). Maite,Luna, San Miguel de Los Bancos, Pichincha,-78.9214659,-0.0188368,50.7,Pública,Universidad Central del Ecuador (UCE)
Marcelino,Velasco-Roma,Saraguro, Loja,-79.3063889,-3.5269465,378.14,Pública,Escuela Politécnica Nacional (EPN)
Pepita,Miró-Mir, Santo Domingo, Santo Domingo de los Tsáchilas,-79.1686724,-0.2546212,73.08,Pública,Escuela Politécnica del Ejército (ESPE)
Marc Pascual Galiano,Clavero, Calceta, Manabí,-80.1640382,-0.8480934,196.48,Privada,Pontificia Universidad Católica del Ecuador (PUCE)
Juana,Fernandez,Azogues, Cañar,-78.8467191,-2.7380492,282.43,Pública,Escuela Politécnica Nacional (EPN)
Mtro. Juana,Campos, Biblián, Cañar,-78.9802821,-2.6748261,277.86,Pública,Escuela Politécnica Nacional (EPN)
Cristina Ulibarri,Vigil, Ambato, Tungurahua,-78.6287594,-1.2422413,114.38,Privada,Universidad de las Américas (UDLA)
Fidel Maldonado,Nicolás, Tulcán, Carchi,-77.7172151,0.8115707,144.84,Privada,Universidad Tecnológica Indoamérica (UTI)
Adriana Abigail Beltrán,Echeverría,Cayambe, Pichincha,-77.9889555,0.0251586,64.27,Pública,Escuela Politécnica del Ejército (ESPE)
Thiago Nicolas,Olivera, Naranjito, Guayas,-79.3904646,-2.1590388,236.66,Pública,Universidad Central del Ecuador (UCE)
Elisa Rosa,Tamez, Guano, Chimborazo,-78.6578385,-1.539923,147.64,Pública,Universidad Central del Ecuador (UCE)
Jesús Arley Oviedo,Pérez,Yantzaza, Zamora Chinchipe,-78.7376344,-3.7146811,389.38,Privada,Universidad de las Américas (UDLA)
Thiago Valentin,Ledesma, Huaca, Carchi,-77.727333,0.7987391,143.02,Privada,Universidad de las Américas (UDLA)
Remedios,Vallejo,Caluma, Bolívar,-79.1963263,-1.5976675,171.01,Privada,Universidad San Francisco de Quito (USFQ)
Emilia María del Carmen,Sotelo, Balsas, El Oro,-79.831096,-3.7742179,421.48,Pública,Universidad Central del Ecuador (UCE)
Ignacio Molina,Farias, Buena Fe, Los Ríos,-79.5296983,-0.7488694,127.49,Pública,Escuela Politécnica del Ejército (ESPE)
Lourdes Ayala,Planas,Loja, Loja,-79.2016661,-3.996845,426.87,Pública,Escuela Politécnica del Ejército (ESPE)
Paco,Jaume, Tulcán, Carchi,-77.7172151,0.8115707,144.84,Privada,Universidad Internacional del Ecuador (UIDE)
Jesús Cano,Córdoba, Cuenca, Azuay,-79.0041726,-2.8974072,302.67,Pública,Escuela Politécnica Nacional (EPN)
José Duarte,Molina, Chambo, Chimborazo,-78.5425997,-1.74403,169.48,Pública,Universidad Central del Ecuador (UCE)
Dr(a). Tiziano,Figueroa, Valdez, Esmeraldas,-78.9826345,1.2489838,171.53,Pública,Universidad Central del Ecuador (UCE)
Dr. Abelardo,Rael,El Ángel, Carchi,-77.9396301,0.6211998,113.17,Pública,Escuela Politécnica Nacional (EPN)
Leonardo Carla,Arteaga, El Guabo, El Oro,-79.7584498,-3.1629001,355.32,Pública,Universidad Central del Ecuador (UCE)
Vanesa,Chico-Rincón, Archidona, Napo,-77.955042,-0.7160712,82.95,Privada,Universidad de las Américas (UDLA)
Gracia Cazorla,Aguilera, Samborondón, Guayas,-79.7562694,-2.0155653,242.86,Privada,Universidad Tecnológica Equinoccial (UTE)
Etelvina Palacio,Montalbán,San Vicente, Manabí,-80.3761409,-0.4373946,208.65,Pública,Escuela Politécnica Nacional (EPN)
Dr(a). Oriana,Romero, El Guabo, El Oro,-79.7584498,-3.1629001,355.32,Pública,Universidad Central del Ecuador (UCE)
Ignacio Alejo Paez,Sosa, Paute, Azuay,-78.7362416,-2.7468493,282.05,Privada,Universidad San Francisco de Quito (USFQ)
Mariano Luis Manuel Laureano,Adame, Quevedo, Los Ríos,-79.4776812,-1.0669701,142.78,Privada,Universidad Politécnica Salesiana (UPS)
Guadalupe Zabaleta,Salom, Echeandía, Bolívar,-79.2735861,-1.4469547,160.54,Privada,Pontificia Universidad Católica del Ecuador (PUCE)
Rubén Ordóñez,Jiménez, La Maná, Cotopaxi,-79.1010573,-0.7841908,90.66,Pública,Universidad Central del Ecuador (UCE)
Andrea Ribera,Piñeiro, Buena Fe, Los Ríos,-79.5296983,-0.7488694,127.49,Pública,Escuela Politécnica del Ejército (ESPE)
Alexander,Sánchez, San Miguel, Bolívar,-79.127262,-1.8120574,189.75,Pública,Universidad Central del Ecuador (UCE)
Fernando,Solano,Otavalo, Imbabura,-78.2454274,0.2227636,57.5,Pública,Universidad Central del Ecuador (UCE)
Benjamin Juan Miranda,Diaz, Rocafuerte, Manabí,-80.4012121,-0.9032437,223.34,Pública,Universidad Central del Ecuador (UCE)
Dr(a). Benjamin,Ramos, Gualaquiza, Morona Santiago,-78.706485,-3.3277138,346.22,Pública,Escuela Politécnica del Ejército (ESPE)
Oswaldo Wilson Cárdenas,Bustos,Cayambe, Pichincha,-77.9889555,0.0251586,64.27,Pública,Universidad Central del Ecuador (UCE)
Isabella Julian,Correa, Tulcán, Carchi,-77.7172151,0.8115707,144.84,Pública,Universidad Central del Ecuador (UCE)
Dolores Molina,Peña, Narcisa de Jesús, Guayas,-80.2384404,-1.6118103,246.52,Privada,Universidad de las Américas (UDLA)
Isabela Arriaga,Toledo, Jama, Manabí,-80.2295834,-0.2149489,190.95,Pública,Instituto de Altos Estudios Nacionales (IAEN)
Sandra Ledesma,Barrientos,Manta, Manabí,-80.7191006,-0.9485853,258.39,Pública,Universidad Central del Ecuador (UCE)
Yolanda Ricardo Alcala,Vergara, Jujan, Guayas,-79.5495283,-1.9494337,224.21,Pública,Escuela Politécnica Nacional (EPN)
Gael Herrera,Suarez, Durán, Guayas,-79.7895887,-2.2127014,263.15,Pública,Escuela Politécnica del Ejército (ESPE)
Maite Alma,Fernandez, Urcuquí, Imbabura,-78.1941499,0.4172921,79.22,Pública,Universidad Central del Ecuador (UCE)
Sandra Elena,Ortiz, Bahía de Caráquez, Manabí,-80.423572,-0.5999649,216.67,Pública,Universidad Andina Simón Bolívar (UASB)
Federico Zacarías Arnal,Simó, La Libertad, Santa Elena,-80.9077647,-2.2208117,346.98,Pública,Universidad Andina Simón Bolívar (UASB)
José María Mitzy Luna,Saucedo, San Miguel de Los Bancos, Pichincha,-78.9214659,-0.0188368,50.7,Pública,Escuela Politécnica del Ejército (ESPE)
Estrella,Valentín-Gisbert, Gualaceo, Azuay,-78.8461586,-2.9180205,302.27,Pública,Universidad Central del Ecuador (UCE)
Estefanía,Orozco, Buena Fe, Los Ríos,-79.5296983,-0.7488694,127.49,Pública,Escuela Politécnica Nacional (EPN)
Nando Rosell,Abella, Milagro, Guayas,-79.5552042,-2.1179635,240.77,Privada,Universidad Politécnica Salesiana (UPS)
Mtro. Genaro,Contreras, Balsas, El Oro,-79.831096,-3.7742179,421.48,Pública,Instituto de Altos Estudios Nacionales (IAEN)
Artemio del,Chaves, Atacames, Esmeraldas,-79.8790841,0.7971086,189.45,Pública,Universidad Central del Ecuador (UCE)
Ricardo,Bohórquez, La Maná, Cotopaxi,-79.1010573,-0.7841908,90.66,Privada,Universidad Politécnica Salesiana (UPS)
Juan Gabriel Felipe,Martinez, Archidona, Napo,-77.955042,-0.7160712,82.95,Pública,Universidad Central del Ecuador (UCE)
Agustin,Rojas, Naranjito, Guayas,-79.3904646,-2.1590388,236.66,Pública,Universidad Central del Ecuador (UCE)
Tomas Ivan Gomez,Sanchez,Ibarra, Imbabura,-78.1329448,0.5159369,92.08,Pública,Universidad Central del Ecuador (UCE)
Priscila Ramiro Muñoz,Diaz, Palora, Morona Santiago,-77.9675269,-1.6981449,175.15,Pública,Escuela Politécnica del Ejército (ESPE)
Mtro. Tomás,Solís, Guano, Chimborazo,-78.6578385,-1.539923,147.64,Pública,Universidad Central del Ecuador (UCE)
Dr(a). Santino,Flores, Tosagua, Manabí,-80.2577186,-0.7755207,203.66,Privada,Universidad Internacional del Ecuador (UIDE)
Darío Luis Miguel,Angulo,San Vicente, Manabí,-80.3761409,-0.4373946,208.65,Pública,Instituto de Altos Estudios Nacionales (IAEN)
Esteban Tovar,Pérez, Huaca, Carchi,-77.727333,0.7987391,143.02,Pública,Universidad Central del Ecuador (UCE)
Juana,Gutierrez, Cuenca, Azuay,-79.0041726,-2.8974072,302.67,Privada,Universidad Internacional del Ecuador (UIDE)
Celia Acedo,Plana, Esmeraldas, Esmeraldas,-79.6523847,0.9668153,183.0,Privada,Pontificia Universidad Católica del Ecuador (PUCE)
Valentina Jazmin Delfina,Martin,Azogues, Cañar,-78.8467191,-2.7380492,282.43,Privada,Pontificia Universidad Católica del Ecuador (PUCE)
Araceli Ávila,Bosch, Píllaro, Tungurahua,-78.5423177,-1.1725302,105.95,Pública,Escuela Politécnica Nacional (EPN)
Sr(a). Juana,Fernandez,Pasaje, El Oro,-79.7625976,-3.3234936,372.0,Pública,Escuela Politécnica del Ejército (ESPE)
Gael Lucas Ramirez,Molina,Yaguachi, Guayas,-79.9134536,-2.2015355,269.81,Pública,Universidad Central del Ecuador (UCE)
Áurea Corominas,Gutiérrez,Catarama, Los Ríos,-79.4750201,-1.5692196,184.28,Pública,Escuela Politécnica del Ejército (ESPE)
Claudio,Garay,Saraguro, Loja,-79.3063889,-3.5269465,378.14,Pública,Universidad Central del Ecuador (UCE)
Tomàs Gimenez,Silva, Santa Isabel, Azuay,-79.3594118,-3.1839392,342.74,Pública,Universidad Central del Ecuador (UCE)
Esperanza Mariana,Vega, Valencia, Los Ríos,-79.3211355,-0.7696521,108.72,Pública,Universidad Central del Ecuador (UCE)
Paulino Romero,Molina, Echeandía, Bolívar,-79.2735861,-1.4469547,160.54,Pública,Universidad Central del Ecuador (UCE)
Andrés Ariel Castro,Correa, San Miguel de Los Bancos, Pichincha,-78.9214659,-0.0188368,50.7,Privada,Universidad de las Américas (UDLA)
Dr(a). Federico,Rodriguez, La Joya de los Sachas, Orellana,-76.8611463,-0.3161424,183.91,Pública,Universidad Central del Ecuador (UCE)
Guillermina,Sanchez, San Miguel de Salcedo, Cotopaxi,-78.5907824,-1.043699,91.99,Privada,Universidad de las Américas (UDLA)
Luz de,Santamaria, Jipijapa, Manabí,-80.6124982,-1.5158193,274.37,Pública,Universidad Central del Ecuador (UCE)
Noelia,Barraza, Chordeleg, Azuay,-78.7307218,-2.9844675,308.33,Pública,Universidad Central del Ecuador (UCE)
Cecilia Karen,Velásquez,Simón Bolívar, Guayas,-79.4218634,-2.0424101,226.45,Pública,Universidad Central del Ecuador (UCE)
Alfonso Ricardo,Amaya, Daule, Guayas,-79.9129307,-1.9200069,244.89,Privada,Universidad Tecnológica Equinoccial (UTE)
Lola Nicolas,Gimenez, Tabacundo, Pichincha,-78.2216436,0.048201,43.99,Pública,Escuela Politécnica Nacional (EPN)
Sofia,Gonzalez, Pelileo, Tungurahua,-78.537307,-1.3573827,126.48,Privada,Pontificia Universidad Católica del Ecuador (PUCE)
Mauro Ozuna,Bétancourt, Alamor, Loja,-80.0197281,-4.0181681,454.31,Pública,Escuela Politécnica del Ejército (ESPE)
Rosalia Leonor,Cardona, Pimampiro, Imbabura,-77.9402742,0.393298,93.27,Privada,Universidad Politécnica Salesiana (UPS)
Susana Zavala,Amaya, Pimampiro, Imbabura,-77.9402742,0.393298,93.27,Privada,Universidad de las Américas (UDLA)
Esperanza Lilia,López, El Pangui, Zamora Chinchipe,-78.5473049,-3.6253506,378.66,Pública,Universidad Central del Ecuador (UCE)
Bianca Fernandez,Cordoba, Mocache, Los Ríos,-79.5512661,-1.1979,158.63,Pública,Escuela Politécnica Nacional (EPN)
Uma Alvarez,Coronel, Marcabelí, El Oro,-79.9223384,-3.7733434,425.02,Pública,Universidad Central del Ecuador (UCE)
Amado Sanz,Catalán, Biblián, Cañar,-78.9802821,-2.6748261,277.86,Pública,Escuela Politécnica del Ejército (ESPE)
Concepción,Villalpando,Salinas, Santa Elena,-80.9237973,-2.2612497,351.24,Privada,Universidad San Francisco de Quito (USFQ)
Perla,Zepeda, Pelileo, Tungurahua,-78.537307,-1.3573827,126.48,Pública,Escuela Politécnica Nacional (EPN)
Gerardo Nayeli,Quesada, Huaquillas, El Oro,-80.184453,-3.4756231,406.89,Pública,Instituto de Altos Estudios Nacionales (IAEN)
Ever Antonio Ruiz,Salazar, Flavio Alfaro, Manabí,-79.844538,-0.3242859,148.59,Pública,Universidad Central del Ecuador (UCE)
Alfonso Camilo Delgado,Padilla,Catacocha, Loja,-79.6497578,-4.0503147,444.24,Privada,Universidad de las Américas (UDLA)
Ivonne Joaquín,Ramírez,Santa Elena, Santa Elena,-80.8576945,-2.2270098,343.18,Pública,Escuela Politécnica del Ejército (ESPE)
Isaura Guzman,Cadenas, Lomas de Sargentillo, Guayas,-80.0789495,-1.8348374,250.14,Privada,Universidad de las Américas (UDLA)
Benito Irene,Mendoza, Camilo Ponce Enríquez, Azuay,-79.5630363,-2.9640696,326.69,Pública,Escuela Politécnica del Ejército (ESPE)
Flor,Castañeda, Gualaceo, Azuay,-78.8461586,-2.9180205,302.27,Pública,Universidad Andina Simón Bolívar (UASB)
Benicio Moreno,Pereyra,Guaranda, Bolívar,-79.0576662,-1.4398571,148.56,Pública,Escuela Politécnica Nacional (EPN)
Mtro. Gilberto,Irizarry,Arenillas, El Oro,-80.0974316,-3.5859238,413.63,Pública,Escuela Politécnica Nacional (EPN)
Gerónimo José Manuel Gallart,Calvo,Puebloviejo, Los Ríos,-79.5474126,-1.5368546,186.22,Pública,Universidad Central del Ecuador (UCE)
Amílcar Fabio Tomas,Aznar, El Tambo, Cañar,-78.9133964,-2.4828078,255.51,Pública,Universidad Central del Ecuador (UCE)
Danilo Mora,Avilés,Pasaje, El Oro,-79.7625976,-3.3234936,372.0,Privada,Pontificia Universidad Católica del Ecuador (PUCE)
Omar,Quiroz, Cuenca, Azuay,-79.0041726,-2.8974072,302.67,Privada,Universidad Internacional del Ecuador (UIDE)
Maxi Pozuelo,Benavente, Santa Rosa, El Oro,-80.154904,-3.4145538,399.35,Pública,Escuela Politécnica del Ejército (ESPE)
Micaela,Río-Sanjuan, Loreto, Orellana,-77.3252738,-0.6471884,140.27,Pública,Escuela Politécnica Nacional (EPN)
Sr(a). Francisca,Fernandez, Gualaceo, Azuay,-78.8461586,-2.9180205,302.27,Pública,Universidad Central del Ecuador (UCE)
Javier,Molina, Cotacachi, Imbabura,-78.4507013,0.3955234,68.8,Pública,Universidad Central del Ecuador (UCE)
Adalberto Córdoba,Jiménez, Jujan, Guayas,-79.5495283,-1.9494337,224.21,Privada,Universidad Politécnica Salesiana (UPS)
Luis,Lugo, La Joya de los Sachas, Orellana,-76.8611463,-0.3161424,183.91,Pública,Universidad Central del Ecuador (UCE)
Inocencio Gibert,Cañizares, Santa Rosa, El Oro,-80.154904,-3.4145538,399.35,Privada,Universidad Internacional del Ecuador (UIDE)
Alberto César Durán,Salas,La Concordia, Santo Domingo de los Tsáchilas,-79.462977,-0.0441108,107.5,Pública,Escuela Politécnica del Ejército (ESPE)
Manuel Hernando Pérez,Chávez, Pimampiro, Imbabura,-77.9402742,0.393298,93.27,Pública,Escuela Politécnica Nacional (EPN)
Eugenia,Cano, Portovelo, El Oro,-79.6172038,-3.7152273,407.56,Pública,Universidad Central del Ecuador (UCE)
Sr(a). Paloma,Fernandez, Pimampiro, Imbabura,-77.9402742,0.393298,93.27,Pública,Escuela Politécnica del Ejército (ESPE)
Manuelita Pedrosa,Mayo, Samborondón, Guayas,-79.7562694,-2.0155653,242.86,Pública,Universidad Central del Ecuador (UCE)
Esperanza Delia,Macías,Jaramijó, Manabí,-80.6134583,-0.9743883,248.22,Privada,Universidad Tecnológica Indoamérica (UTI)
Tania Peralta,Bayón,Saraguro, Loja,-79.3063889,-3.5269465,378.14,Pública,Universidad Central del Ecuador (UCE)
Ángel,Orozco,Pujilí, Cotopaxi,-78.8559205,-1.0077046,95.54,Privada,Universidad de las Américas (UDLA)
Abigail Bustos,Garcia, Balao, Guayas,-79.7180498,-2.8852516,325.24,Pública,Escuela Politécnica del Ejército (ESPE)
Paloma,Alvarez, Pedro Carbo, Guayas,-80.3009814,-1.8672671,270.34,Pública,Universidad Central del Ecuador (UCE)
Perlita Palacios,Luque,Latacunga, Cotopaxi,-78.6145758,-0.9340311,80.19,Privada,Universidad San Francisco de Quito (USFQ)
Edelmira Cardona,Rodriguez, El Coca, Orellana,-76.9837216,-0.4721804,172.26,Pública,Escuela Politécnica del Ejército (ESPE)
Abril Navarro,Alberto, Cumandá, Chimborazo,-79.103584,-2.2108666,230.91,Pública,Escuela Politécnica del Ejército (ESPE)
Araceli Nelly,Cabrera, Puerto López, Manabí,-80.744524,-1.5440814,288.55,Pública,Instituto de Altos Estudios Nacionales (IAEN)
Sr(a). Mia Valentina,Leiva, Tulcán, Carchi,-77.7172151,0.8115707,144.84,Pública,Universidad Central del Ecuador (UCE)
Rufino del,Llanos, Pedro Vicente Maldonado, Pichincha,-79.0400619,0.1612052,72.4,Privada,Universidad San Francisco de Quito (USFQ)
Genaro,Rodriguez,Zamora, Zamora Chinchipe,-78.9577754,-4.0042008,423.67,Privada,Universidad de las Américas (UDLA)
Erika Mariana Gutiérrez,Galvis,Zamora, Zamora Chinchipe,-78.9577754,-4.0042008,423.67,Pública,Universidad Central del Ecuador (UCE)
Dr. Omar,Palacios, Esmeraldas, Esmeraldas,-79.6523847,0.9668153,183.0,Pública,Escuela Politécnica del Ejército (ESPE)
Nayibe Constanza Gómez,Sánchez, La Troncal, Cañar,-79.3751632,-2.433689,264.16,Privada,Pontificia Universidad Católica del Ecuador (PUCE)
Alexandra,Jaimes, Guano, Chimborazo,-78.6578385,-1.539923,147.64,Pública,Escuela Politécnica Nacional (EPN)
Juan Ignacio Mateo Agustin,Ramirez, Biblián, Cañar,-78.9802821,-2.6748261,277.86,Privada,Universidad Internacional del Ecuador (UIDE)
Juan Ignacio,Cardozo, Buena Fe, Los Ríos,-79.5296983,-0.7488694,127.49,Pública,Escuela Politécnica Nacional (EPN)
Lorenzo,Rodriguez, Atacames, Esmeraldas,-79.8790841,0.7971086,189.45,Pública,Universidad Andina Simón Bolívar (UASB)
Laura Fabiola Ledesma,Delgado, Guayaquil, Guayas,-80.0983887,-2.2895167,289.88,Privada,Universidad de las Américas (UDLA)
Régulo Castellanos,Cañellas, Palenque, Los Ríos,-79.7182552,-1.3353343,182.63,Pública,Universidad Central del Ecuador (UCE)
Sessa Rolando Tovar,Arenas,Yantzaza, Zamora Chinchipe,-78.7376344,-3.7146811,389.38,Pública,Escuela Politécnica del Ejército (ESPE)
Primitivo,Río,Ventanas, Los Ríos,-79.3351558,-1.3253915,153.21,Privada,Universidad Internacional del Ecuador (UIDE)
Sr(a). Mateo Agustin,Suarez, Marcabelí, El Oro,-79.9223384,-3.7733434,425.02,Privada,Universidad de las Américas (UDLA)
Jordi Santamaria,Bello, Velasco Ibarra, Guayas,-79.8779821,-2.2843364,275.19,Pública,Universidad Central del Ecuador (UCE)
Yolanda Castro,Parra, Naranjito, Guayas,-79.3904646,-2.1590388,236.66,Pública,Universidad Central del Ecuador (UCE)
José,Pérez,Machachi, Pichincha,-78.6516915,-0.4984774,34.61,Pública,Universidad Central del Ecuador (UCE)
Andrea María José Maestas,Ortega, Quevedo, Los Ríos,-79.4776812,-1.0669701,142.78,Pública,Escuela Politécnica del Ejército (ESPE)
Walter Hernández,Montes,Baba, Los Ríos,-79.6615818,-1.6727698,205.95,Pública,Universidad Central del Ecuador (UCE)
Leonardo Pla,Hoz, Junín, Manabí,-80.2054147,-0.9394745,204.54,Privada,Universidad Tecnológica Indoamérica (UTI)
Olivia Bautista,Nuñez, Pedernales, Manabí,-79.8451737,0.0693259,151.66,Pública,Escuela Politécnica del Ejército (ESPE)
Gonzalo Acevedo,Mosquera, Isidro Ayora, Guayas,-80.1463096,-1.8796754,258.94,Pública,Escuela Politécnica Nacional (EPN)
Mercedes Marcela,Núñez, Cañar, Cañar,-79.1800778,-2.4749335,261.48,Pública,Universidad Central del Ecuador (UCE)
Milena María,Rojas, Baños de Agua Santa, Tungurahua,-78.4402276,-1.417407,133.37,Pública,Universidad Central del Ecuador (UCE)
Denis,Villamizar,Salinas, Santa Elena,-80.9237973,-2.2612497,351.24,Privada,Universidad de las Américas (UDLA)
Andrés Nelson,Rojas, El Coca, Orellana,-76.9837216,-0.4721804,172.26,Pública,Escuela Politécnica del Ejército (ESPE)
Uriel,Muñoz, Quevedo, Los Ríos,-79.4776812,-1.0669701,142.78,Pública,Universidad Central del Ecuador (UCE)
Valentino,Rojas,Atuntaqui, Imbabura,-78.219615,0.3316022,69.45,Pública,Universidad Central del Ecuador (UCE)
Sr(a). Helena,Rodarte,Saraguro, Loja,-79.3063889,-3.5269465,378.14,Privada,Universidad Internacional del Ecuador (UIDE)
Andrés Flavio,Muro, Santo Domingo, Santo Domingo de los Tsáchilas,-79.1686724,-0.2546212,73.08,Privada,Pontificia Universidad Católica del Ecuador (PUCE)
Wilson Vélez,Arias, Biblián, Cañar,-78.9802821,-2.6748261,277.86,Pública,Universidad Central del Ecuador (UCE)
Clara Sofia Sosa,Gomez, Shushufindi, Sucumbíos,-76.5906945,-0.2885051,213.81,Pública,Escuela Politécnica Nacional (EPN)
Dr(a). Salvador,Sanchez, Jujan, Guayas,-79.5495283,-1.9494337,224.21,Pública,Universidad Central del Ecuador (UCE)
Ulises Aguiló,Mancebo, Pimampiro, Imbabura,-77.9402742,0.393298,93.27,Pública,Universidad Central del Ecuador (UCE)
Estrella,Machado-Hervás, Santo Domingo, Santo Domingo de los Tsáchilas,-79.1686724,-0.2546212,73.08,Pública,Universidad Central del Ecuador (UCE)
Jeremias,Flores,Azogues, Cañar,-78.8467191,-2.7380492,282.43,Pública,Escuela Politécnica Nacional (EPN)
Óliver Niño,Sandoval, Camilo Ponce Enríquez, Azuay,-79.5630363,-2.9640696,326.69,Pública,Universidad Central del Ecuador (UCE)
Aureliano Tenorio,Hervia, Huaca, Carchi,-77.727333,0.7987391,143.02,Pública,Universidad Central del Ecuador (UCE)
Cristian Lupe Blasco,Morata, Muisne, Esmeraldas,-79.8817211,0.5387247,174.09,Pública,Universidad Central del Ecuador (UCE)
Edgardo Granados,Rosselló, Santa Rosa, El Oro,-80.154904,-3.4145538,399.35,Pública,Universidad Central del Ecuador (UCE)
Dr(a). Joaquin,Gomez, Narcisa de Jesús, Guayas,-80.2384404,-1.6118103,246.52,Privada,Universidad Tecnológica Indoamérica (UTI)
Rosalva Berenguer,Sastre,Otavalo, Imbabura,-78.2454274,0.2227636,57.5,Privada,Universidad de las Américas (UDLA)
Marino Ramirez,Zamorano, San Miguel, Bolívar,-79.127262,-1.8120574,189.75,Pública,Escuela Politécnica Nacional (EPN)
Jesús Valencia,Cárdenas, Cotacachi, Imbabura,-78.4507013,0.3955234,68.8,Pública,Escuela Politécnica del Ejército (ESPE)
Miguela Abril,Clavero, Riobamba, Chimborazo,-78.6482479,-1.6732765,162.28,Pública,Escuela Politécnica del Ejército (ESPE)
Sr(a). Emma,Correa, Valencia, Los Ríos,-79.3211355,-0.7696521,108.72,Privada,Universidad de las Américas (UDLA)
Dorotea Escobar,Ferrández, Píllaro, Tungurahua,-78.5423177,-1.1725302,105.95,Pública,Universidad Central del Ecuador (UCE)
Alexandra Baena,Esteban,Otavalo, Imbabura,-78.2454274,0.2227636,57.5,Pública,Escuela Politécnica Nacional (EPN)
Dulce María Sandoval,Preciado, Urcuquí, Imbabura,-78.1941499,0.4172921,79.22,Privada,Universidad de las Américas (UDLA)
Wilmar José,Valencia, San Miguel de Los Bancos, Pichincha,-78.9214659,-0.0188368,50.7,Pública,Escuela Politécnica del Ejército (ESPE)
Graciela Barbara,Caldera,Sucúa, Morona Santiago,-78.1727383,-2.4560109,251.46,Pública,Escuela Politécnica Nacional (EPN)
María Parra,Gómez, Cotacachi, Imbabura,-78.4507013,0.3955234,68.8,Pública,Escuela Politécnica Nacional (EPN)
Carmen Eliana,Ospina, Cariamanga, Loja,-79.5559525,-4.326038,471.04,Privada,Universidad de las Américas (UDLA)
Tito Querol,Rodriguez, La Maná, Cotopaxi,-79.1010573,-0.7841908,90.66,Privada,Universidad San Francisco de Quito (USFQ)
Norma Claudia,Cazares,Zaruma, El Oro,-79.5131743,-3.5111939,382.47,Pública,Escuela Politécnica Nacional (EPN)
Germán Alfonso,Aparicio,Zaruma, El Oro,-79.5131743,-3.5111939,382.47,Privada,Universidad Politécnica Salesiana (UPS)
Katerine Margarita Díaz,Díaz, Durán, Guayas,-79.7895887,-2.2127014,263.15,Pública,Universidad Central del Ecuador (UCE)
Carlos Gómez,Salamanca, Santa Isabel, Azuay,-79.3594118,-3.1839392,342.74,Privada,Universidad de las Américas (UDLA)
Baudelio Galiano,Jaén, Píllaro, Tungurahua,-78.5423177,-1.1725302,105.95,Pública,Universidad Central del Ecuador (UCE)
Martha Luz Torres,Pérez, Atacames, Esmeraldas,-79.8790841,0.7971086,189.45,Privada,Universidad de las Américas (UDLA)
Lic. Camilo,Gallegos, Alausí, Chimborazo,-78.703566,-2.3250494,235.02,Pública,Universidad Central del Ecuador (UCE)
Rufino Florencia,Meza, Gualaquiza, Morona Santiago,-78.706485,-3.3277138,346.22,Pública,Escuela Politécnica del Ejército (ESPE)
Ignacio Delfina Lopez,Ruiz, Bahía de Caráquez, Manabí,-80.423572,-0.5999649,216.67,Privada,Pontificia Universidad Católica del Ecuador (PUCE)
Alejandro José Ortiz,Molina, Palora, Morona Santiago,-77.9675269,-1.6981449,175.15,Pública,Escuela Politécnica del Ejército (ESPE)
Thiago Benjamin Thiago Valentin,Ojeda, Gualaceo, Azuay,-78.8461586,-2.9180205,302.27,Pública,Universidad Central del Ecuador (UCE)
Marina Lorena Camacho,Pineda, La Maná, Cotopaxi,-79.1010573,-0.7841908,90.66,Pública,Universidad Central del Ecuador (UCE)
Virginia Renato Urbina,Muro, San Miguel de Salcedo, Cotopaxi,-78.5907824,-1.043699,91.99,Pública,Universidad Central del Ecuador (UCE)
Lic. Esther,Moya, Quevedo, Los Ríos,-79.4776812,-1.0669701,142.78,Pública,Universidad Central del Ecuador (UCE)
Ignacio Lopez,Alvarez, Rocafuerte, Manabí,-80.4012121,-0.9032437,223.34,Pública,Escuela Politécnica del Ejército (ESPE)
Zoe Valentina Lucas Rodriguez,Suarez,Pujilí, Cotopaxi,-78.8559205,-1.0077046,95.54,Pública,Universidad Central del Ecuador (UCE)
Thiago Emma,Godoy,Tena, Napo,-78.1083981,-0.9438718,92.16,Pública,Escuela Politécnica Nacional (EPN)
África Hilda Rico,Marín,Puyo, Pastaza,-77.9969666,-1.4854777,151.92,Privada,Pontificia Universidad Católica del Ecuador (PUCE)
Jordi,Peiró-Gilabert, Esmeraldas, Esmeraldas,-79.6523847,0.9668153,183.0,Pública,Escuela Politécnica del Ejército (ESPE)
Roberto,Nevárez, Catamayo, Loja,-79.403789,-3.9912144,430.86,Pública,Universidad Central del Ecuador (UCE)
Margarita Genaro Orta,Puente, Pedro Vicente Maldonado, Pichincha,-79.0400619,0.1612052,72.4,Pública,Universidad Central del Ecuador (UCE)
Claudia Blanca Bermúdez,Bermúdez, Valencia, Los Ríos,-79.3211355,-0.7696521,108.72,Pública,Universidad Central del Ecuador (UCE)
Paulina Justina,Silva, Gualaceo, Azuay,-78.8461586,-2.9180205,302.27,Pública,Universidad Central del Ecuador (UCE)
Ana Diana Vallejo,Tovar, Pedro Carbo, Guayas,-80.3009814,-1.8672671,270.34,Pública,Universidad Central del Ecuador (UCE)
Thiago Gabriel,Fernandez, Sucre, Manabí,-80.4199056,-0.7326786,219.63,Pública,Escuela Politécnica del Ejército (ESPE)
Juanita Bilbao,Crespi,Saraguro, Loja,-79.3063889,-3.5269465,378.14,Pública,Escuela Politécnica Nacional (EPN)
Maria Guadalupe,Villalba,Tena, Napo,-78.1083981,-0.9438718,92.16,Pública,Escuela Politécnica Nacional (EPN)
Genaro Eric Llamas,Partida, Valdez, Esmeraldas,-78.9826345,1.2489838,171.53,Privada,Universidad Internacional del Ecuador (UIDE)
Antonio Escobar,Peña, El Coca, Orellana,-76.9837216,-0.4721804,172.26,Pública,Universidad Central del Ecuador (UCE)
Patricia Colom,Marti,Catacocha, Loja,-79.6497578,-4.0503147,444.24,Pública,Universidad Central del Ecuador (UCE)
Sr(a). Mora,Cardozo, El Tambo, Cañar,-78.9133964,-2.4828078,255.51,Pública,Instituto de Altos Estudios Nacionales (IAEN)
Ariadna Pablo,Gomez, Puerto López, Manabí,-80.744524,-1.5440814,288.55,Pública,Escuela Politécnica del Ejército (ESPE)
Haroldo Villalba,Ferrándiz, Rocafuerte, Manabí,-80.4012121,-0.9032437,223.34,Pública,Escuela Politécnica del Ejército (ESPE)
Martina Gonzalez,Cordoba, Milagro, Guayas,-79.5552042,-2.1179635,240.77,Pública,Escuela Politécnica del Ejército (ESPE)
Olivia Agustin,Lopez, Muisne, Esmeraldas,-79.8817211,0.5387247,174.09,Pública,Universidad Central del Ecuador (UCE)
Emigdio Roda,Toledo, Jipijapa, Manabí,-80.6124982,-1.5158193,274.37,Pública,Universidad Central del Ecuador (UCE)
Visitación de,Pomares,Salitre, Guayas,-79.8187323,-1.8289209,230.42,Pública,Universidad Central del Ecuador (UCE)
Luz Janneth Gonzáles,Castillo,Zamora, Zamora Chinchipe,-78.9577754,-4.0042008,423.67,Pública,Universidad Central del Ecuador (UCE)
Mtro. Margarita,Osorio, La Maná, Cotopaxi,-79.1010573,-0.7841908,90.66,Pública,Universidad Central del Ecuador (UCE)
Tomás Germán Colón,Véliz,Catacocha, Loja,-79.6497578,-4.0503147,444.24,Pública,Universidad Central del Ecuador (UCE)
Gustavo,Montañez,Catacocha, Loja,-79.6497578,-4.0503147,444.24,Pública,Escuela Politécnica Nacional (EPN)
Bastian Santiago,Gomez,Sangolquí, Pichincha,-78.4483476,-0.3288822,14.03,Pública,Escuela Politécnica del Ejército (ESPE)
Ing. Sonia,Macías, Jama, Manabí,-80.2295834,-0.2149489,190.95,Pública,Escuela Politécnica del Ejército (ESPE)
Hector,Jáuregui,Santa Elena, Santa Elena,-80.8576945,-2.2270098,343.18,Pública,Escuela Politécnica del Ejército (ESPE)
Cipriano Riba,Piñol, Junín, Manabí,-80.2054147,-0.9394745,204.54,Pública,Universidad Central del Ecuador (UCE)
Luis Camilo Villamil,Rodríguez,Yantzaza, Zamora Chinchipe,-78.7376344,-3.7146811,389.38,Pública,Universidad Central del Ecuador (UCE)
Isaac Estefanía,Zapata, Biblián, Cañar,-78.9802821,-2.6748261,277.86,Pública,Escuela Politécnica Nacional (EPN)
Baldomero Porras,Campos, Puerto López, Manabí,-80.744524,-1.5440814,288.55,Pública,Universidad Central del Ecuador (UCE)
Reina Alicia Carrera,Pacheco, Durán, Guayas,-79.7895887,-2.2127014,263.15,Pública,Universidad Central del Ecuador (UCE)
Ing. Georgina,Vigil, Naranjito, Guayas,-79.3904646,-2.1590388,236.66,Pública,Universidad Central del Ecuador (UCE)
Cleto Gonzalo,Guardiola,Arenillas, El Oro,-80.0974316,-3.5859238,413.63,Pública,Universidad Central del Ecuador (UCE)
Alberto,Prada,Sucúa, Morona Santiago,-78.1727383,-2.4560109,251.46,Pública,Universidad Central del Ecuador (UCE)
Ambar,Diaz, El Pangui, Zamora Chinchipe,-78.5473049,-3.6253506,378.66,Pública,Universidad Central del Ecuador (UCE)
Isabel Jessica,Vásquez,San Lorenzo, Esmeraldas,-78.6869333,0.9850634,135.41,Pública,Universidad Central del Ecuador (UCE)
Juliana Alcira,Leal, Loreto, Orellana,-77.3252738,-0.6471884,140.27,Privada,Universidad San Francisco de Quito (USFQ)
Sr(a). Martina,Toledo,Sucúa, Morona Santiago,-78.1727383,-2.4560109,251.46,Pública,Universidad Central del Ecuador (UCE)
Herberto Alarcón,Luna, San Miguel de Los Bancos, Pichincha,-78.9214659,-0.0188368,50.7,Pública,Universidad Central del Ecuador (UCE)
Amado Mesa,Cuéllar, El Pangui, Zamora Chinchipe,-78.5473049,-3.6253506,378.66,Pública,Universidad Central del Ecuador (UCE)
Juan Manuel Rincón,Rincón,Piñas, El Oro,-79.7832238,-3.7106809,413.02,Pública,Universidad Central del Ecuador (UCE)
Zoraida Aparicio,Belmonte, Mocache, Los Ríos,-79.5512661,-1.1979,158.63,Pública,Escuela Politécnica del Ejército (ESPE)
Esteban de,Carro, Pimampiro, Imbabura,-77.9402742,0.393298,93.27,Pública,Escuela Politécnica del Ejército (ESPE)
Mónica Isaac Madrid,Uribe, Macará, Loja,-79.9154486,-4.3490358,484.84,Pública,Escuela Politécnica Nacional (EPN)
Katherin Rojas,Ramírez, Velasco Ibarra, Guayas,-79.8779821,-2.2843364,275.19,Pública,Universidad Central del Ecuador (UCE)
Juliana Ortiz,Carrizo, Santa Ana, Manabí,-80.2631268,-1.1944701,222.78,Pública,Escuela Politécnica Nacional (EPN)
Sr(a). Sofia,Molina,Ventanas, Los Ríos,-79.3351558,-1.3253915,153.21,Pública,Universidad Central del Ecuador (UCE)
Felix Terrón,Cabeza,Babahoyo, Los Ríos,-79.5068917,-1.8762599,214.79,Pública,Universidad Central del Ecuador (UCE)
Azahar Frutos,Cepeda, Archidona, Napo,-77.955042,-0.7160712,82.95,Pública,Universidad Central del Ecuador (UCE)
Nilda,Mendoza-Alegre, Flavio Alfaro, Manabí,-79.844538,-0.3242859,148.59,Pública,Universidad Central del Ecuador (UCE)
Marisol Yolanda Acuña,Cuellar, Macará, Loja,-79.9154486,-4.3490358,484.84,Pública,Universidad Central del Ecuador (UCE)
Arturo Benito Cazorla,Segovia, Cotacachi, Imbabura,-78.4507013,0.3955234,68.8,Pública,Escuela Politécnica Nacional (EPN)
Carlos Jairo,Benavides, Rocafuerte, Manabí,-80.4012121,-0.9032437,223.34,Pública,Universidad Central del Ecuador (UCE)
Martín,Segovia, Echeandía, Bolívar,-79.2735861,-1.4469547,160.54,Pública,Escuela Politécnica del Ejército (ESPE)
Eduardo Ramiro Díaz,García, Santa Ana, Manabí,-80.2631268,-1.1944701,222.78,Pública,Universidad Central del Ecuador (UCE)
Ángel Valera,Mata, Samborondón, Guayas,-79.7562694,-2.0155653,242.86,Pública,Universidad Central del Ecuador (UCE)
Azucena Macías,Dominguez, Gualaceo, Azuay,-78.8461586,-2.9180205,302.27,Pública,Universidad Andina Simón Bolívar (UASB)
Caridad Jaqueline,Limón, Santa Lucía, Guayas,-80.0426304,-1.7145863,237.82,Pública,Universidad Andina Simón Bolívar (UASB)
Pedro Gámez,Blanca, Shushufindi, Sucumbíos,-76.5906945,-0.2885051,213.81,Pública,Universidad Central del Ecuador (UCE)
Claudia Adriana Vergara,Paz,Babahoyo, Los Ríos,-79.5068917,-1.8762599,214.79,Pública,Universidad Central del Ecuador (UCE)
Ángel,Palomo, Pedernales, Manabí,-79.8451737,0.0693259,151.66,Pública,Universidad Central del Ecuador (UCE)
Enrique Wilber,Díaz, El Coca, Orellana,-76.9837216,-0.4721804,172.26,Privada,Universidad Internacional del Ecuador (UIDE)
Luciano Benjamin Benjamin Godoy,Garcia,Puyo, Pastaza,-77.9969666,-1.4854777,151.92,Pública,Escuela Politécnica del Ejército (ESPE)
Marisela Llorente,Viñas,El Ángel, Carchi,-77.9396301,0.6211998,113.17,Privada,Universidad Tecnológica Indoamérica (UTI)
Jhon Gutiérrez,Jaramillo, Palenque, Los Ríos,-79.7182552,-1.3353343,182.63,Privada,Universidad Internacional del Ecuador (UIDE)
Alta Gracia Negrón,Caraballo,Babahoyo, Los Ríos,-79.5068917,-1.8762599,214.79,Pública,Universidad Central del Ecuador (UCE)
Daniel Rico,Alarcón,Puyo, Pastaza,-77.9969666,-1.4854777,151.92,Pública,Escuela Politécnica Nacional (EPN)
José Natalia Lucio,Concepción,Quinsaloma, Los Ríos,-79.3468998,-1.1460552,138.6,Pública,Universidad Central del Ecuador (UCE)
Teodoro,Briseño,Pasaje, El Oro,-79.7625976,-3.3234936,372.0,Pública,Escuela Politécnica del Ejército (ESPE)
Francesca Valentino,Ferreyra,Quinsaloma, Los Ríos,-79.3468998,-1.1460552,138.6,Pública,Escuela Politécnica del Ejército (ESPE)
Benjamin Olivia Gonzalez,Gonzalez, Tulcán, Carchi,-77.7172151,0.8115707,144.84,Privada,Universidad Internacional del Ecuador (UIDE)
Eugenio Llobet,Cantero,Zamora, Zamora Chinchipe,-78.9577754,-4.0042008,423.67,Pública,Universidad Central del Ecuador (UCE)
José María Saucedo,Pérez, Pedernales, Manabí,-79.8451737,0.0693259,151.66,Pública,Universidad Central del Ecuador (UCE)
Alfredo Nelly Rael,Candelaria,Montecristi, Manabí,-80.6606834,-1.0504072,256.09,Pública,Universidad Central del Ecuador (UCE)
Melchor Requena,Rebollo, Tosagua, Manabí,-80.2577186,-0.7755207,203.66,Pública,Escuela Politécnica del Ejército (ESPE)
Samu,Cabrera-Torre, Guayaquil, Guayas,-80.0983887,-2.2895167,289.88,Pública,Universidad Central del Ecuador (UCE)
Dr. Abraham,Rodríquez,Pasaje, El Oro,-79.7625976,-3.3234936,372.0,Pública,Universidad Central del Ecuador (UCE)
Santiago Joaquín,Gomez,Atuntaqui, Imbabura,-78.219615,0.3316022,69.45,Pública,Universidad Central del Ecuador (UCE)
Estela Claudio,Urías, Catamayo, Loja,-79.403789,-3.9912144,430.86,Pública,Escuela Politécnica del Ejército (ESPE)
Delia Pilar,Correa, Isidro Ayora, Guayas,-80.1463096,-1.8796754,258.94,Privada,Universidad de las Américas (UDLA)
Alba,Ortega, San Miguel, Bolívar,-79.127262,-1.8120574,189.75,Pública,Escuela Politécnica del Ejército (ESPE)
Dr. Jorge,Zelaya, Bahía de Caráquez, Manabí,-80.423572,-0.5999649,216.67,Privada,Universidad Tecnológica Equinoccial (UTE)
María,López, La Troncal, Cañar,-79.3751632,-2.433689,264.16,Pública,Universidad Andina Simón Bolívar (UASB)
Ricardo Luis Arias,Ocampo,Sucúa, Morona Santiago,-78.1727383,-2.4560109,251.46,Pública,Universidad Central del Ecuador (UCE)
Fulgencio de,Miralles, Paute, Azuay,-78.7362416,-2.7468493,282.05,Pública,Universidad Central del Ecuador (UCE)
