nombre,apellido,becado,tipo_ingreso,tipo_universidad,ingreso_cantidad
Raimundo Llopis,Hierro,0,Apoyo familiar,Pública,400.32
Benjamín Zoé,Trejo,0,Apoyo familiar,Pública,341.56
Ileana,Antón-Andrés,0,Trabajo,Pública,282.38
Demetrio,Vazquez,0,Trabajo,Pública,326.15
Demetrio,Vazquez,0,Apoyo familiar,Pública,339.81
Chita del,Giménez,0,Trabajo,Privada,238.29
Dr(a). Alma Valentina,Gonzalez,0,Apoyo familiar,Privada,646.02
Jacinto,Ledesma,1,Trabajo,Privada,288.37
Jacinto,Ledesma,1,Apoyo familiar,Privada,445.4
Jacinto,Ledesma,1,Beca,Privada,436.35
Iván Benjamín,Caballero,0,Apoyo familiar,Pública,311.32
Benicio Romero,Perez,0,Crédito educativo,Pública,244.56
Benicio Romero,Perez,0,Apoyo familiar,Pública,183.45
Lupe Casanovas,Pinedo,0,Trabajo,Pública,297.52
Emilia del,Fernandez,1,Crédito educativo,Privada,348.99
Emilia del,Fernandez,1,Apoyo familiar,Privada,344.23
Emilia del,Fernandez,1,Beca,Privada,381.87
Natalio Goñi,Mancebo,0,Trabajo,Pública,212.88
Natalio Goñi,Mancebo,0,Otro,Pública,259.9
Toribio de,Pinto,0,Apoyo familiar,Pública,340.16
Leonardo Manuel Arias,Rojas,0,Apoyo familiar,Privada,785.83
Angie Andrea,Padilla,0,Apoyo familiar,Privada,529.66
Juan,Jimínez,0,Apoyo familiar,Privada,511.59
Anabel Estela Aparicio,Mata,0,Trabajo,Pública,224.23
Anabel Estela Aparicio,Mata,0,Otro,Pública,229.3
Anabel Estela Aparicio,Mata,0,Apoyo familiar,Pública,420.08
Bautista Ian Ezequiel Ortiz,Vera,0,Apoyo familiar,Pública,312.14
Leonardo,Reynoso,0,Apoyo familiar,Pública,508.52
Clara Fernando Valentín,Tijerina,0,Trabajo,Pública,249.33
Clara Fernando Valentín,Tijerina,0,Otro,Pública,210.32
Efrain Castillo,Torres,0,Otro,Pública,398.76
Lic. Aurora,Arreola,0,Apoyo familiar,Privada,528.92
Mauricio Cuesta,Roca,0,Trabajo,Pública,260.44
Mauricio Cuesta,Roca,0,Otro,Pública,364.01
Francisca Solé,Ángel,0,Otro,Pública,476.56
Francisca Solé,Ángel,0,Apoyo familiar,Pública,412.38
Ruth,González,0,Apoyo familiar,Pública,343.99
Luis Óscar,Cárdenas,0,Otro,Pública,316.6
Johana López,Pineda,0,Apoyo familiar,Privada,599.19
José Luis Cynthia,Tirado,0,Apoyo familiar,Pública,312.89
Etelvina Laura Aliaga,Caparrós,0,Crédito educativo,Pública,219.2
Etelvina Laura Aliaga,Caparrós,0,Trabajo,Pública,205.97
Etelvina Laura Aliaga,Caparrós,0,Apoyo familiar,Pública,275.04
David,Moreno,1,Apoyo familiar,Privada,512.02
David,Moreno,1,Beca,Privada,518.88
Pío Torre,Bayón,0,Apoyo familiar,Privada,1071.57
Victoria Martín,Ulloa,0,Trabajo,Privada,208.04
Óliver Samuel Piña,Galarza,1,Apoyo familiar,Privada,462.15
Óliver Samuel Piña,Galarza,1,Beca,Privada,440.38
Leonor Yuridia Niño,Quezada,0,Apoyo familiar,Pública,419.69
Valentina Rodriguez,Gonzalez,0,Apoyo familiar,Pública,338.05
Dr. Abraham,Batista,0,Crédito educativo,Pública,275.38
Dr. Abraham,Batista,0,Apoyo familiar,Pública,433.33
Anastasio de,Murillo,0,Otro,Pública,391.27
Cándida,Lopez,0,Otro,Privada,235.88
Cándida,Lopez,0,Apoyo familiar,Privada,590.91
Juan Pablo Lisandro,Cruz,0,Apoyo familiar,Pública,440.71
Martín Micaela,Lopez,0,Apoyo familiar,Pública,414.07
Felicidad Roda,Reig,1,Apoyo familiar,Privada,637.57
Felicidad Roda,Reig,1,Beca,Privada,463.56
Felicitas Velazquez,Gomez,0,Otro,Pública,207.63
Juan Santino Lopez,Rojas,1,Crédito educativo,Privada,349.31
Juan Santino Lopez,Rojas,1,Beca,Privada,312.37
Dulce,Leiva,0,Trabajo,Pública,302.12
Dulce,Leiva,0,Crédito educativo,Pública,286.82
Francisca Bautista,Cordoba,0,Trabajo,Pública,267.86
Francisca Bautista,Cordoba,0,Apoyo familiar,Pública,454.99
Máximo Alcolea,Bueno,0,Apoyo familiar,Pública,318.86
Lorenzo Mercedes,Rosales,0,Otro,Pública,478.91
Ana María de,Anda,0,Otro,Pública,442.44
Lucas Ezequiel Perez,Vargas,0,Crédito educativo,Pública,354.92
Lucas Ezequiel Perez,Vargas,0,Apoyo familiar,Pública,376.38
Ciro Gino Toledo,Castro,0,Apoyo familiar,Pública,313.37
Santiago Delfina,Rodriguez,0,Otro,Pública,467.77
Santiago Delfina,Rodriguez,0,Apoyo familiar,Pública,447.22
Amparo Ayllón,Tapia,0,Trabajo,Pública,258.78
Amparo Ayllón,Tapia,0,Apoyo familiar,Pública,330.35
Nancy Blanco,Escamilla,0,Apoyo familiar,Pública,398.76
Anabel Nereida Gutierrez,Quintanilla,0,Otro,Pública,328.13
Delia,Ariño-Bilbao,0,Apoyo familiar,Pública,325.16
Dr(a). Lucas Benjamin,Diaz,0,Apoyo familiar,Pública,374.08
Marcela Patricia Jaimes,Cruz,1,Apoyo familiar,Privada,517.21
Marcela Patricia Jaimes,Cruz,1,Beca,Privada,424.7
Jenaro Cabo,Beltrán,0,Trabajo,Pública,238.27
Mtro. César,Montes,1,Trabajo,Privada,230.22
Mtro. César,Montes,1,Crédito educativo,Privada,282.65
Mtro. César,Montes,1,Apoyo familiar,Privada,536.27
Mtro. César,Montes,1,Beca,Privada,398.33
Gil del,Cruz,0,Trabajo,Pública,344.31
Dr(a). Tomas,Olivera,0,Trabajo,Pública,258.73
Dr(a). Tomas,Olivera,0,Apoyo familiar,Pública,375.24
Emperatriz de,Cañizares,0,Apoyo familiar,Pública,351.73
Hilda Astrid,Sánchez,0,Otro,Pública,285.45
Hilda Astrid,Sánchez,0,Apoyo familiar,Pública,348.96
Clara Diana Acevedo,Ortiz,0,Apoyo familiar,Pública,362.79
Mia Morena Juan Gabriel Gomez,Flores,0,Apoyo familiar,Pública,320.75
María,Fuentes,0,Apoyo familiar,Pública,308.54
Astrid Caicedo,Osorio,0,Apoyo familiar,Privada,503.65
Anselmo Company,Araujo,0,Crédito educativo,Pública,328.67
Anselmo Company,Araujo,0,Apoyo familiar,Pública,334.87
Fernanda Gómez,Morales,1,Apoyo familiar,Privada,439.84
Fernanda Gómez,Morales,1,Beca,Privada,397.07
Clementina Iborra,Calderon,0,Crédito educativo,Pública,368.57
Clementina Iborra,Calderon,0,Apoyo familiar,Pública,410.12
Gildardo Zambrano,Velandia,0,Apoyo familiar,Pública,406.92
Diana Liliana,Alvarado,0,Apoyo familiar,Privada,408.14
Lilia Yolanda Guzmán,Jaramillo,1,Apoyo familiar,Privada,629.06
Lilia Yolanda Guzmán,Jaramillo,1,Beca,Privada,325.53
Juana Arellano,Rodrígez,0,Apoyo familiar,Pública,289.17
María Luisa Jerónimo,Magaña,0,Trabajo,Pública,253.84
María Luisa Jerónimo,Magaña,0,Apoyo familiar,Pública,316.43
Alberto Victoria,Espinoza,0,Apoyo familiar,Pública,437.03
Victoria Bautista Ramos,Sosa,0,Apoyo familiar,Pública,470.24
Dr(a). Luisana,Gomez,1,Apoyo familiar,Privada,578.58
Dr(a). Luisana,Gomez,1,Beca,Privada,400.17
Nancy Castrillón,Gómez,0,Apoyo familiar,Pública,324.99
Sebastian Josefina Juarez,Gutierrez,1,Apoyo familiar,Privada,393.66
Sebastian Josefina Juarez,Gutierrez,1,Beca,Privada,503.38
Sr(a). Valentina,Vega,0,Apoyo familiar,Pública,394.89
Ángela,Figueras,0,Otro,Pública,241.26
Andrés Vergara,Valencia,0,Trabajo,Pública,210.84
Andrés Vergara,Valencia,0,Apoyo familiar,Pública,327.92
Consuelo Milena,Álvarez,1,Crédito educativo,Privada,348.81
Consuelo Milena,Álvarez,1,Otro,Privada,445.17
Consuelo Milena,Álvarez,1,Beca,Privada,510.94
Lola Juana Fernandez,Flores,0,Crédito educativo,Pública,452.35
Mora Julieta,Molina,0,Trabajo,Pública,262.99
Mora Julieta,Molina,0,Otro,Pública,301.71
Mora Julieta,Molina,0,Apoyo familiar,Pública,447.91
Eric Cruz Ropero,Montserrat,0,Apoyo familiar,Pública,306.87
Simon,Diaz,0,Apoyo familiar,Pública,394.83
Milagros Emilia,Dominguez,0,Apoyo familiar,Privada,1131.51
Amanda Janeth,Sandoval,0,Crédito educativo,Pública,313.58
Amanda Janeth,Sandoval,0,Otro,Pública,202.76
Concepción Alberto,Arredondo,1,Apoyo familiar,Privada,519.72
Concepción Alberto,Arredondo,1,Beca,Privada,317.7
Santiago,Beltrán,0,Trabajo,Pública,258.74
Angelina,Silva,0,Apoyo familiar,Pública,265.24
Camila,Fernandez,0,Apoyo familiar,Pública,424.58
Roque Rodríguez,Gilabert,0,Apoyo familiar,Pública,451.9
Lic. Amador,Valdés,0,Otro,Pública,271.17
Lic. Amador,Valdés,0,Apoyo familiar,Pública,285.36
María Eugenia Cepeda,Rivera,0,Trabajo,Pública,307.93
María Eugenia Cepeda,Rivera,0,Crédito educativo,Pública,250.76
Mario Humberto Mora,Serrano,0,Crédito educativo,Pública,357.8
Mario Humberto Mora,Serrano,0,Apoyo familiar,Pública,385.66
Maria Emilia Agustin,Perez,1,Trabajo,Privada,291.1
Maria Emilia Agustin,Perez,1,Beca,Privada,527.16
Nicolás Mercedes Griego,Laureano,0,Crédito educativo,Privada,217.81
Luz Milagros Martinez,Romero,1,Apoyo familiar,Privada,436.76
Luz Milagros Martinez,Romero,1,Beca,Privada,531.49
Carlos Guardia,Piñol,0,Trabajo,Pública,238.02
Carlos Guardia,Piñol,0,Crédito educativo,Pública,300.78
Carlos Guardia,Piñol,0,Apoyo familiar,Pública,454.09
Andrea Linda,Pantoja,0,Apoyo familiar,Pública,358.36
Camilo Alberto Guerrero,Espitia,0,Apoyo familiar,Pública,548.09
Fortunata,Tapia-Aguado,0,Apoyo familiar,Pública,394.79
Henry,Márquez,0,Apoyo familiar,Pública,290.82
Sr(a). Pilar,Perez,0,Trabajo,Pública,196.46
Sr(a). Pilar,Perez,0,Crédito educativo,Pública,328.95
Francesca Carrizo,Figueroa,0,Trabajo,Pública,238.83
Francesca Carrizo,Figueroa,0,Apoyo familiar,Pública,400.93
Carolina,Tejeda,0,Otro,Pública,489.09
Martina Amores,Blanes,0,Apoyo familiar,Privada,483.71
Mateo Ezequiel Joaquin,Perez,0,Apoyo familiar,Pública,319.66
Lorena Claudia Cuéllar,Castro,0,Apoyo familiar,Privada,567.28
Miguel Angel Valentin Cardozo,Rodriguez,0,Apoyo familiar,Pública,423.92
Camila Sara Arango,Gallego,0,Apoyo familiar,Pública,326.76
Alejandra Silvia,Corral,0,Apoyo familiar,Pública,288.17
Mario Yolanda,Carrero,0,Trabajo,Pública,224.35
Francisco,Negrete,0,Apoyo familiar,Pública,402.78
Ing. Camila,Dávila,0,Trabajo,Pública,254.62
Ing. Camila,Dávila,0,Otro,Pública,229.15
Ing. Camila,Dávila,0,Apoyo familiar,Pública,474.86
Nancy Margoth,Escobar,0,Apoyo familiar,Pública,355.92
Nahiara Jazmin,Diaz,0,Apoyo familiar,Pública,279.72
Hermelinda Zapata,Casárez,0,Apoyo familiar,Pública,376.25
Luisina Romero,Pellicer,0,Otro,Pública,409.1
Luisina Romero,Pellicer,0,Apoyo familiar,Pública,288.46
Miriam,Nogueira,0,Trabajo,Pública,319.1
Sandra Trillo,Camacho,1,Crédito educativo,Privada,354.31
Sandra Trillo,Camacho,1,Otro,Privada,443.03
Sandra Trillo,Camacho,1,Beca,Privada,522.58
Juan Manuel Milena Vega,Benitez,0,Crédito educativo,Privada,531.16
Juan Manuel Milena Vega,Benitez,0,Otro,Privada,438.74
Miguel Yeison Vega,Ruiz,0,Trabajo,Pública,299.41
Miguel Yeison Vega,Ruiz,0,Apoyo familiar,Pública,332.1
Germán Raya,Guerrero,0,Trabajo,Pública,287.95
Germán Raya,Guerrero,0,Apoyo familiar,Pública,296.33
Dr(a). Alma,Aguirre,0,Apoyo familiar,Pública,334.4
Olga Mosquera,Muñoz,1,Otro,Privada,339.68
Olga Mosquera,Muñoz,1,Beca,Privada,447.76
Jaime,Delgado,0,Apoyo familiar,Pública,412.41
Fabiola Palomo,Sáenz,0,Trabajo,Pública,169.36
Fabiola Palomo,Sáenz,0,Otro,Pública,238.12
Fabiola Palomo,Sáenz,0,Apoyo familiar,Pública,452.12
Verónica,Salas,0,Crédito educativo,Pública,393.62
Verónica,Salas,0,Otro,Pública,264.75
Catalina Diaz,Ledesma,1,Apoyo familiar,Privada,419.16
Catalina Diaz,Ledesma,1,Beca,Privada,393.03
Felipe Sebastián,Salazar,0,Apoyo familiar,Pública,579.33
Hernando Fernando,Vargas,0,Crédito educativo,Pública,410.6
Hernando Fernando,Vargas,0,Apoyo familiar,Pública,447.14
Fausto,Carreras,0,Apoyo familiar,Pública,409.15
Esmeralda Maximiliano,Lebrón,0,Trabajo,Pública,250.76
Marta Milena,Mosquera,0,Apoyo familiar,Pública,382.64
Sonia,Hernández,0,Apoyo familiar,Pública,424.33
Leonel Manzano,Cases,0,Trabajo,Pública,218.57
Luna Silva,Herrera,0,Apoyo familiar,Pública,322.26
Santiago Isabella Acuña,Suarez,0,Trabajo,Pública,166.54
Leandra Benavent,Baeza,0,Trabajo,Pública,211.41
Ramón Hernán,Briones,0,Apoyo familiar,Pública,468.8
Porfirio Peña,Zelaya,0,Apoyo familiar,Pública,333.35
Lic. María del Carmen,Quintero,1,Apoyo familiar,Privada,486.64
Lic. María del Carmen,Quintero,1,Beca,Privada,492.32
Jesús Beltrán,León,0,Apoyo familiar,Pública,238.25
Matías,Galván,0,Crédito educativo,Pública,224.35
Matías,Galván,0,Otro,Pública,486.46
Matías,Galván,0,Apoyo familiar,Pública,381.4
Ana Andrea,García,1,Apoyo familiar,Privada,664.52
Ana Andrea,García,1,Beca,Privada,295.47
Javiera Soriano,Manuel,0,Apoyo familiar,Pública,505.33
Ernesto del,Santiago,0,Apoyo familiar,Pública,439.62
Óscar del,Figuerola,0,Otro,Pública,204.32
Manuel Moreno,Bustos,0,Apoyo familiar,Privada,467.75
Ana María de Jesús,Maldonado,0,Apoyo familiar,Pública,528.05
Luis Santiago Bermúdez,Valderrama,0,Apoyo familiar,Pública,647.47
Bautista,Gonzalez,0,Trabajo,Pública,203.37
Bautista,Gonzalez,0,Apoyo familiar,Pública,259.8
Juan Martin Benjamin Martinez,Peralta,0,Apoyo familiar,Pública,343.72
Luis,Arjona-Díez,0,Trabajo,Pública,150.25
Dr(a). Santino Gabriel,Lopez,0,Apoyo familiar,Pública,260.35
León,Herrera,0,Apoyo familiar,Pública,469.25
Juan Cruz Santino Lopez,Ramirez,0,Trabajo,Pública,316.16
Juan Cruz Santino Lopez,Ramirez,0,Crédito educativo,Pública,292.3
Antonella Camila Coronel,Gonzalez,0,Otro,Pública,387.76
Antonella Camila Coronel,Gonzalez,0,Apoyo familiar,Pública,441.49
Dolores Morales,Carmona,0,Apoyo familiar,Pública,354.72
Sr(a). Milagros,Molina,0,Apoyo familiar,Pública,281.77
Santiago Sosa,Navarro,1,Apoyo familiar,Privada,566.86
Santiago Sosa,Navarro,1,Beca,Privada,388.31
Sofia Molina,Blanco,0,Apoyo familiar,Pública,309.82
Juan Ignacio,Valdez,0,Trabajo,Pública,282.36
Juan Ignacio,Valdez,0,Apoyo familiar,Pública,359.49
Hugo Pedro,Alcaraz,0,Apoyo familiar,Privada,308.27
Francisco Mansilla,Gomez,1,Apoyo familiar,Privada,616.41
Francisco Mansilla,Gomez,1,Beca,Privada,386.68
Josep Manzanares,Verdú,0,Crédito educativo,Pública,426.68
Josep Manzanares,Verdú,0,Trabajo,Pública,242.41
Josep Manzanares,Verdú,0,Apoyo familiar,Pública,391.74
Gerardo Puentes,Vargas,0,Apoyo familiar,Pública,371.6
Elias,Zamudio,1,Apoyo familiar,Privada,434.85
Elias,Zamudio,1,Beca,Privada,459.86
Gerónimo Pedroza,Molina,0,Trabajo,Pública,225.35
Gerónimo Pedroza,Molina,0,Otro,Pública,409.02
Gerónimo Pedroza,Molina,0,Apoyo familiar,Pública,325.59
Isabel,Jiménez,0,Otro,Pública,420.52
Isabel,Jiménez,0,Apoyo familiar,Pública,372.04
Tomàs Pilar,Romero,0,Apoyo familiar,Pública,307.79
Paula,Aguero,0,Otro,Privada,253.23
Lic. Eugenia,Partida,0,Crédito educativo,Pública,344.84
Petrona Suárez,Piquer,0,Trabajo,Pública,280.52
Guillermina Martina,Gimenez,0,Trabajo,Pública,248.95
Guillermina Martina,Gimenez,0,Apoyo familiar,Pública,359.43
Xiomara Marina,Silva,0,Apoyo familiar,Privada,617.15
Joaquín Ramirez,Ferreyra,0,Crédito educativo,Pública,264.51
Mariano Jaimes,Mireles,1,Apoyo familiar,Privada,545.36
Mariano Jaimes,Mireles,1,Beca,Privada,462.12
Mia Jazmin Roldan,Mendez,0,Trabajo,Pública,327.64
Mia Jazmin Roldan,Mendez,0,Apoyo familiar,Pública,337.04
Lucía Angelina Suarez,Rojas,0,Otro,Pública,470.77
Lucía Angelina Suarez,Rojas,0,Apoyo familiar,Pública,369.67
Maximiano del,Gordillo,0,Trabajo,Pública,315.27
Maximiano del,Gordillo,0,Otro,Pública,296.01
Ariel Cabrera,Salcedo,0,Apoyo familiar,Pública,334.03
Alicia Amalia Meléndez,Badillo,0,Crédito educativo,Pública,351.24
Eduardo Carlos,Contreras,0,Otro,Pública,485.02
Eduardo Carlos,Contreras,0,Apoyo familiar,Pública,308.67
Delia Arcelia,Olivas,0,Apoyo familiar,Pública,357.84
Rodolfo,Collazo,0,Apoyo familiar,Pública,399.95
Teodoro,Hernández,1,Trabajo,Privada,209.09
Teodoro,Hernández,1,Crédito educativo,Privada,425.54
Teodoro,Hernández,1,Apoyo familiar,Privada,392.85
Teodoro,Hernández,1,Beca,Privada,346.35
Vicente Tiziano Valentin Medina,Garcia,0,Trabajo,Pública,288.53
Vicente Tiziano Valentin Medina,Garcia,0,Apoyo familiar,Pública,406.42
Margarita Montaño,Villagómez,0,Crédito educativo,Pública,258.05
Margarita Montaño,Villagómez,0,Apoyo familiar,Pública,350.14
Santiago Cruz,Suárez,0,Crédito educativo,Pública,174.6
Santino,Alvarez,0,Apoyo familiar,Pública,475.93
Darío,Jiménez,0,Trabajo,Pública,234.55
Benjamin Santino Ezequiel Vargas,Valdez,0,Apoyo familiar,Pública,406.85
Octavio Francisco Figueroa,Diaz,0,Trabajo,Pública,280.69
Mtro. Victoria,Chapa,0,Trabajo,Pública,317.89
Mtro. Victoria,Chapa,0,Crédito educativo,Pública,274.0
Mtro. Victoria,Chapa,0,Apoyo familiar,Pública,384.58
Fabián Saez,Aragonés,0,Apoyo familiar,Pública,389.72
María Jiménez,Cano,0,Crédito educativo,Pública,352.35
María Jiménez,Cano,0,Apoyo familiar,Pública,431.43
César Paola,Navarrete,1,Trabajo,Privada,226.13
César Paola,Navarrete,1,Beca,Privada,330.26
Carmen Luna,Ramos,0,Apoyo familiar,Privada,624.53
Roberto Felipe,García,0,Apoyo familiar,Pública,373.69
Porfirio,Navarrete,0,Apoyo familiar,Pública,455.72
Adoración Lamas,Casals,1,Crédito educativo,Privada,351.46
Adoración Lamas,Casals,1,Beca,Privada,372.16
Felicitas Felicitas Nuñez,Paz,0,Trabajo,Privada,234.88
Felicitas Felicitas Nuñez,Paz,0,Crédito educativo,Privada,299.73
Gladys Leidy,Beltrán,0,Crédito educativo,Pública,259.06
Gladys Leidy,Beltrán,0,Apoyo familiar,Pública,347.25
Paula Yolanda Restrepo,Bermúdez,1,Trabajo,Privada,313.56
Paula Yolanda Restrepo,Bermúdez,1,Beca,Privada,514.57
Valentino Leiva,Sanchez,0,Apoyo familiar,Privada,480.03
Catalina Paez,Fernandez,0,Apoyo familiar,Pública,379.28
Felicitas Maria Emilia Leiva,Flores,0,Apoyo familiar,Pública,403.23
Vanesa,Camacho,0,Apoyo familiar,Pública,328.73
Dr(a). Luisana,Garcia,0,Apoyo familiar,Privada,553.49
Inés Linda Ordóñez,López,0,Otro,Pública,222.14
Andrés Fernando,Bolaños,0,Otro,Pública,356.93
Antonella Moreno,Luna,0,Apoyo familiar,Pública,355.66
Rubén Múgica,Hervia,0,Apoyo familiar,Pública,453.03
Dr. Ángela,Urrutia,0,Trabajo,Pública,297.96
Dr. Ángela,Urrutia,0,Otro,Pública,375.29
Dr. Eugenia,Méndez,0,Apoyo familiar,Pública,300.86
Sr(a). Gerónimo,Colunga,0,Crédito educativo,Pública,293.34
Sr(a). Gerónimo,Colunga,0,Apoyo familiar,Pública,426.61
Mtro. Delia,Carmona,0,Otro,Pública,256.44
Mtro. Delia,Carmona,0,Apoyo familiar,Pública,406.18
Adrián Palma,Gárate,1,Apoyo familiar,Privada,282.94
Adrián Palma,Gárate,1,Beca,Privada,398.99
Andrea,Martínez,0,Apoyo familiar,Pública,216.79
Sr(a). Thiago Valentin,Herrera,0,Apoyo familiar,Pública,382.68
Lorena Martha,Garzón,0,Apoyo familiar,Privada,609.47
Armando José Molano,Sanabria,0,Apoyo familiar,Pública,453.13
Morena Bustos,Rodriguez,0,Otro,Pública,325.47
María Fernanda Colomer,Bastida,0,Apoyo familiar,Pública,454.22
Sofía Tania Vigil,Ulibarri,0,Apoyo familiar,Pública,434.39
Dany Contreras,Cárdenas,0,Apoyo familiar,Pública,318.54
Geronimo Gomez,Ferreyra,0,Apoyo familiar,Pública,231.05
María Cristina,Gil,0,Crédito educativo,Pública,381.23
Ezequiel Camila Ojeda,Sanchez,0,Trabajo,Pública,244.27
Eduardo,Sánchez,0,Otro,Pública,324.45
Eduardo,Sánchez,0,Apoyo familiar,Pública,345.4
Catalina Rodriguez,Benitez,0,Crédito educativo,Pública,296.67
Catalina Rodriguez,Benitez,0,Apoyo familiar,Pública,369.0
Yaneth Orozco,Londoño,0,Apoyo familiar,Pública,371.97
Adriana Xiomara,Ibarra,1,Apoyo familiar,Privada,640.94
Adriana Xiomara,Ibarra,1,Beca,Privada,523.62
León Juarez,Sosa,0,Trabajo,Pública,227.5
León Juarez,Sosa,0,Otro,Pública,335.16
León Juarez,Sosa,0,Apoyo familiar,Pública,259.32
Víctor Mauricio,Garrido,0,Apoyo familiar,Privada,543.81
Sonia Pedrero,Cardona,0,Apoyo familiar,Privada,1103.0
Lilia Rubiela Bastidas,Figueroa,0,Trabajo,Pública,327.07
Áurea Máxima Lastra,Andres,0,Trabajo,Pública,208.61
Áurea Máxima Lastra,Andres,0,Otro,Pública,401.47
Horacio Ivonne Montoya,Aguayo,0,Otro,Pública,356.05
Raúl Víctor,Pacheco,1,Trabajo,Privada,255.78
Raúl Víctor,Pacheco,1,Apoyo familiar,Privada,515.56
Raúl Víctor,Pacheco,1,Beca,Privada,545.08
Raimundo Anglada,Bravo,0,Trabajo,Pública,237.55
Raimundo Anglada,Bravo,0,Apoyo familiar,Pública,451.92
Lourdes,Rendón,0,Apoyo familiar,Pública,395.88
Rosa Camargo,Castaño,0,Apoyo familiar,Pública,447.65
Casemiro Criado,Ayala,0,Trabajo,Pública,201.75
Ismael,Rodrigo-Torralba,0,Apoyo familiar,Pública,399.62
Victoria,Navarro,0,Crédito educativo,Pública,363.51
Irene Cantero,Luque,0,Crédito educativo,Pública,194.48
Irene Cantero,Luque,0,Apoyo familiar,Pública,267.93
Dr(a). Martina,Ruiz,0,Crédito educativo,Pública,177.65
Dr(a). Martina,Ruiz,0,Otro,Pública,354.2
Cristian Mata,Galván,0,Trabajo,Pública,285.88
Cristian Mata,Galván,0,Apoyo familiar,Pública,321.16
Gregorio Itzel Casares,Aguilar,0,Trabajo,Privada,316.72
Joaquin,Alvarez,0,Apoyo familiar,Pública,419.41
Ing. Yolanda,Moreno,0,Otro,Pública,484.86
Ing. Yolanda,Moreno,0,Apoyo familiar,Pública,231.31
Tere Arnal,Rubio,0,Trabajo,Pública,247.22
Tere Arnal,Rubio,0,Crédito educativo,Pública,323.04
Águeda Bermejo,Millán,0,Apoyo familiar,Pública,348.32
Dr(a). Paloma,Ramirez,0,Apoyo familiar,Privada,289.99
Ainara Morcillo,Duarte,0,Apoyo familiar,Pública,345.97
Catalina Juan Gabriel Martinez,Nuñez,0,Apoyo familiar,Pública,259.56
Tomasa Menéndez,Nicolás,0,Apoyo familiar,Privada,563.23
Darío Araceli Segovia,Carrera,0,Trabajo,Pública,268.33
Jerónimo Verónica Cordero,Gracia,0,Otro,Pública,254.56
Jerónimo Verónica Cordero,Gracia,0,Apoyo familiar,Pública,412.18
Eduardo Figueroa,Durán,0,Apoyo familiar,Pública,331.03
Diana Salcido,Rivera,0,Trabajo,Pública,352.75
Dr(a). Santino Ezequiel,Morales,0,Trabajo,Pública,234.03
Dr(a). Santino Ezequiel,Morales,0,Otro,Pública,212.26
Ángel,Rodarte,0,Trabajo,Pública,226.22
Violeta Salvador Sosa,Rodriguez,0,Apoyo familiar,Pública,313.88
Martina,Torres,0,Trabajo,Pública,210.36
Martina,Torres,0,Crédito educativo,Pública,293.58
Paula Francia,López,0,Apoyo familiar,Pública,280.44
Clara,Moyano,0,Trabajo,Pública,222.32
Clara,Moyano,0,Apoyo familiar,Pública,282.27
Yéssica Fabra,Montoya,0,Crédito educativo,Pública,417.88
Sr(a). Gino,Acosta,0,Trabajo,Pública,251.76
Sr(a). Gino,Acosta,0,Apoyo familiar,Pública,307.08
Johana Andrea,Vargas,0,Apoyo familiar,Pública,387.15
Bruno,Cabrera,0,Apoyo familiar,Pública,342.94
Andrey Jhon,Guevara,0,Apoyo familiar,Pública,344.95
Ana Sofía Murcia,Busquets,0,Trabajo,Pública,280.71
Ana Sofía Murcia,Busquets,0,Crédito educativo,Pública,345.45
Valentina Mia Jazmin Soto,Juarez,0,Trabajo,Pública,223.47
Valentina Mia Jazmin Soto,Juarez,0,Apoyo familiar,Pública,316.09
Ariadna Rodolfo Cisneros,Montez,0,Crédito educativo,Pública,283.5
Ariadna Rodolfo Cisneros,Montez,0,Otro,Pública,385.48
Carlos Blanco,García,0,Apoyo familiar,Pública,306.72
Zoe Valentina Valentina Rivero,Ponce,0,Trabajo,Privada,140.39
Liliana Paredes,Alfaro,1,Apoyo familiar,Privada,575.44
Liliana Paredes,Alfaro,1,Beca,Privada,390.28
Juan,Rojas,0,Trabajo,Pública,403.94
Juan,Rojas,0,Otro,Pública,232.15
Francisco Valentino,Rodriguez,1,Apoyo familiar,Privada,640.43
Francisco Valentino,Rodriguez,1,Beca,Privada,204.23
Regina,Zurita,0,Apoyo familiar,Pública,298.19
Valentina Castro,Peñas,0,Apoyo familiar,Pública,251.03
Dolores Sofía de,Jesús,0,Trabajo,Pública,217.67
Renata Peralta,Martinez,0,Crédito educativo,Pública,235.11
Dr(a). Gonzalo,Vargas,1,Trabajo,Privada,334.36
Dr(a). Gonzalo,Vargas,1,Apoyo familiar,Privada,587.29
Dr(a). Gonzalo,Vargas,1,Beca,Privada,380.69
Dr. Horacio,Rodarte,1,Apoyo familiar,Privada,645.55
Dr. Horacio,Rodarte,1,Beca,Privada,688.63
Reina Marcos Riojas,Lerma,0,Apoyo familiar,Pública,422.37
Dr(a). Nahiara,Maldonado,0,Apoyo familiar,Pública,281.79
Amelia Tomás Rosales,Nieto,0,Crédito educativo,Privada,288.58
Amelia Tomás Rosales,Nieto,0,Apoyo familiar,Privada,406.79
Susanita,Casanovas,0,Trabajo,Pública,180.86
Susanita,Casanovas,0,Crédito educativo,Pública,355.57
Susanita,Casanovas,0,Apoyo familiar,Pública,484.46
Nidia Marcela,Espitia,0,Crédito educativo,Pública,216.09
Aurora,Garibay,0,Apoyo familiar,Pública,392.93
Isabel Renata Ruiz,Torres,0,Apoyo familiar,Pública,305.17
Thiago Gonzalez,Soria,1,Trabajo,Privada,225.64
Thiago Gonzalez,Soria,1,Otro,Privada,252.01
Thiago Gonzalez,Soria,1,Beca,Privada,402.5
Patricia Gutiérrez,Salcedo,1,Apoyo familiar,Privada,496.83
Patricia Gutiérrez,Salcedo,1,Beca,Privada,352.99
Marisol,Adame,0,Apoyo familiar,Pública,381.98
Eduardo Garriga,Conde,0,Apoyo familiar,Pública,345.56
Octavio Martinez,Gomez,0,Apoyo familiar,Pública,371.48
Timoteo,Reyna,0,Apoyo familiar,Pública,391.36
Silvio Valero,Alegre,0,Trabajo,Pública,213.8
Silvio Valero,Alegre,0,Crédito educativo,Pública,268.05
Silvio Valero,Alegre,0,Apoyo familiar,Pública,387.68
Guillermo Luis Miguel,Abreu,0,Otro,Pública,367.03
Guillermo Luis Miguel,Abreu,0,Apoyo familiar,Pública,233.48
Alexandra Andrea Camacho,Guzmán,0,Apoyo familiar,Pública,394.46
Virginia Luisa,Serna,0,Apoyo familiar,Pública,304.51
Trinidad Soriano,Arranz,0,Crédito educativo,Pública,334.24
Valentina Benjamin Caceres,Romero,0,Apoyo familiar,Pública,297.32
Paulina,Márquez-Cañellas,1,Trabajo,Privada,159.76
Paulina,Márquez-Cañellas,1,Beca,Privada,259.63
Magdalena Nevado,Díez,1,Apoyo familiar,Privada,501.74
Magdalena Nevado,Díez,1,Beca,Privada,309.73
Agustín,Correa,0,Trabajo,Pública,289.89
Agustín,Correa,0,Apoyo familiar,Pública,374.46
Alicia Marcos,Fortuny,0,Otro,Pública,359.78
Venceslás,Arnaiz,0,Apoyo familiar,Pública,340.6
Rafael,Villamil,0,Trabajo,Pública,229.63
Martina Lara Garcia,Guzman,0,Trabajo,Privada,219.9
Martina Lara Garcia,Guzman,0,Apoyo familiar,Privada,566.32
Elena Casanova,Pedro,1,Apoyo familiar,Privada,634.66
Elena Casanova,Pedro,1,Beca,Privada,516.48
Maria Emilia,Escobar,0,Trabajo,Privada,126.42
Maria Emilia,Escobar,0,Apoyo familiar,Privada,440.29
Martin Guillermina Aguirre,Blanco,0,Apoyo familiar,Pública,392.42
Juliana María,Agudelo,0,Apoyo familiar,Pública,336.56
Mtro. Inés,Candelaria,0,Trabajo,Pública,268.56
Mtro. Inés,Candelaria,0,Apoyo familiar,Pública,308.17
Nadia Marqués,Medina,0,Otro,Pública,372.34
Nadia Marqués,Medina,0,Apoyo familiar,Pública,340.39
Dr(a). Mateo,Acosta,0,Crédito educativo,Pública,292.81
Dr(a). Mateo,Acosta,0,Apoyo familiar,Pública,377.59
Ian Benjamin Bustos,Cabrera,0,Apoyo familiar,Pública,312.19
Luca Sol Rodriguez,Carrizo,0,Apoyo familiar,Pública,391.83
Agustina Lautaro Ezequiel Fernandez,Gonzalez,0,Apoyo familiar,Pública,328.76
Juan Ignacio Martinez,Moreno,0,Apoyo familiar,Pública,330.19
Rolando Gómez,Sánchez,0,Apoyo familiar,Pública,388.66
Thiago Paulina Silva,Pereyra,0,Apoyo familiar,Pública,423.51
Lara Valentina Gomez,Ponce,0,Trabajo,Pública,139.59
Lara Valentina Gomez,Ponce,0,Apoyo familiar,Pública,384.46
Dr(a). Ian Ezequiel,Gomez,1,Crédito educativo,Privada,283.79
Dr(a). Ian Ezequiel,Gomez,1,Beca,Privada,566.4
Alberto Mario Vélez,Molano,0,Trabajo,Privada,148.09
Celia Benavides,Razo,1,Trabajo,Privada,199.6
Celia Benavides,Razo,1,Beca,Privada,292.39
Asunción,Maya,1,Apoyo familiar,Privada,456.6
Asunción,Maya,1,Beca,Privada,333.05
Esperanza Milena,Suárez,0,Otro,Pública,315.17
Jos Nancy,Garrido,0,Apoyo familiar,Pública,413.49
Ruy,Chamorro,0,Otro,Pública,387.27
Aldonza,Muro,1,Crédito educativo,Privada,211.28
Aldonza,Muro,1,Beca,Privada,476.88
Rodrigo Jaime Ávila,García,0,Trabajo,Pública,275.47
Isaías Pinzón,Silva,0,Trabajo,Pública,312.37
Sr(a). Juan Ignacio,Sanchez,0,Crédito educativo,Privada,357.96
Sr(a). Juan Ignacio,Sanchez,0,Apoyo familiar,Privada,532.36
Josefa Villar,Ocaña,0,Trabajo,Pública,225.63
Ing. Dulce,Ceballos,0,Apoyo familiar,Pública,378.96
Sr(a). Ludmila,Gutierrez,0,Apoyo familiar,Pública,296.64
Ana Betancur,Torres,0,Trabajo,Pública,209.15
Ana Betancur,Torres,0,Apoyo familiar,Pública,462.87
Carmen Yolanda,Caicedo,1,Trabajo,Privada,270.1
Carmen Yolanda,Caicedo,1,Apoyo familiar,Privada,480.95
Carmen Yolanda,Caicedo,1,Beca,Privada,555.82
Sessa Oswaldo Cabán,Sandoval,0,Apoyo familiar,Pública,332.15
Ing. Cristian de la,Torre,0,Apoyo familiar,Pública,286.51
Jessica,Gómez,0,Apoyo familiar,Pública,320.56
Dulce,Galvez-Riera,0,Apoyo familiar,Pública,382.22
Vilma Manjón,Matas,0,Trabajo,Pública,287.85
Vilma Manjón,Matas,0,Crédito educativo,Pública,244.67
Vilma Manjón,Matas,0,Apoyo familiar,Pública,411.63
Luciana Ramiro,Garcia,0,Apoyo familiar,Privada,624.61
Cayetano Sabater,Ricart,1,Trabajo,Privada,270.67
Cayetano Sabater,Ricart,1,Beca,Privada,553.9
Sofia,Juarez,0,Apoyo familiar,Pública,276.88
Arturo Ramiro,Bastidas,1,Trabajo,Privada,224.35
Arturo Ramiro,Bastidas,1,Crédito educativo,Privada,310.24
Arturo Ramiro,Bastidas,1,Beca,Privada,492.65
Noelia Ramiro Caraballo,Matos,0,Otro,Pública,246.01
Noelia Ramiro Caraballo,Matos,0,Apoyo familiar,Pública,351.45
Carlos,Jaramillo,0,Apoyo familiar,Pública,366.73
Valentino Isabella,Leiva,0,Crédito educativo,Pública,458.61
Valentino Isabella,Leiva,0,Apoyo familiar,Pública,338.84
Luisina Alvaro,Correa,0,Apoyo familiar,Pública,353.88
Nidia Tatiana Molina,Sierra,0,Trabajo,Pública,339.11
Nidia Tatiana Molina,Sierra,0,Crédito educativo,Pública,335.42
Nidia Tatiana Molina,Sierra,0,Apoyo familiar,Pública,394.8
José Esneider Mora,Parada,0,Apoyo familiar,Pública,381.83
Mtro. Amanda,Arteaga,0,Otro,Pública,382.01
Mtro. Amanda,Arteaga,0,Apoyo familiar,Pública,271.13
Orlando Elkin Sandoval,Gutiérrez,0,Trabajo,Pública,329.66
Orlando Elkin Sandoval,Gutiérrez,0,Apoyo familiar,Pública,314.94
Ildefonso Cañete,Lamas,0,Apoyo familiar,Pública,285.66
Manuel Castillo,Jaramillo,0,Crédito educativo,Pública,292.45
Perla Graciela Benavides,Olvera,0,Trabajo,Pública,252.79
Perla Graciela Benavides,Olvera,0,Otro,Pública,377.38
Perla Graciela Benavides,Olvera,0,Apoyo familiar,Pública,327.05
Dr(a). Antonia,Rios,0,Crédito educativo,Privada,292.0
Atilio Prada,Perea,1,Apoyo familiar,Privada,608.85
Atilio Prada,Perea,1,Beca,Privada,327.4
Henry Alberto,Palacios,1,Trabajo,Privada,199.39
Henry Alberto,Palacios,1,Apoyo familiar,Privada,334.76
Henry Alberto,Palacios,1,Beca,Privada,483.35
Alejo Cerro,Mínguez,1,Crédito educativo,Privada,304.4
Alejo Cerro,Mínguez,1,Beca,Privada,537.71
Dr(a). Felipe,Escobar,1,Apoyo familiar,Privada,411.09
Dr(a). Felipe,Escobar,1,Beca,Privada,368.15
Sara Indira Curiel,Orozco,0,Otro,Pública,252.92
Alfonso Alfonso,Rincón,1,Apoyo familiar,Privada,226.62
Alfonso Alfonso,Rincón,1,Beca,Privada,483.62
Nicolás Manuel Gil,Puentes,0,Apoyo familiar,Pública,426.35
Stella,Ortiz,0,Trabajo,Pública,157.75
Stella,Ortiz,0,Crédito educativo,Pública,238.97
Stella,Ortiz,0,Apoyo familiar,Pública,387.71
Rodolfo Rosado de la,Rosa,1,Apoyo familiar,Privada,418.51
Rodolfo Rosado de la,Rosa,1,Beca,Privada,483.15
Gael Emma,Silva,0,Apoyo familiar,Pública,544.48
Agapito,Sainz,0,Apoyo familiar,Pública,355.33
Carlos Barrios,Peña,0,Apoyo familiar,Privada,496.55
Lucia Gutierrez,Castro,0,Apoyo familiar,Pública,353.52
Dr(a). Josefina,Lopez,0,Crédito educativo,Pública,311.89
Dr(a). Josefina,Lopez,0,Otro,Pública,261.54
Dr(a). Josefina,Lopez,0,Apoyo familiar,Pública,549.02
Pedro Oswaldo,Duarte,0,Apoyo familiar,Pública,276.58
Juan Antonio Velásquez,Torres,0,Apoyo familiar,Pública,457.64
Hernando,Barrios,0,Otro,Pública,332.23
Jazmin Lucas Maidana,Muñoz,0,Apoyo familiar,Pública,446.16
Alexandra Luisa,Triana,0,Apoyo familiar,Privada,287.72
Ivan Luciana Garcia,Garcia,0,Apoyo familiar,Pública,326.72
Ángela Salamanca,Jerez,0,Apoyo familiar,Pública,324.81
Sofia Mateo Benjamin,Maidana,0,Otro,Pública,393.2
Luz Mena,Moreno,0,Apoyo familiar,Pública,301.05
Coral,Guerrero,0,Apoyo familiar,Pública,325.98
Hilario Murillo,Sureda,0,Apoyo familiar,Pública,345.75
Abilio Cruz,Ramírez,0,Apoyo familiar,Pública,384.99
Jeremias,Navarro,0,Apoyo familiar,Pública,296.82
Jorge Andrés,Solano,0,Apoyo familiar,Pública,347.68
Sr(a). Delia,Perales,0,Otro,Pública,266.59
Leonel Saldivar,Escamilla,0,Otro,Pública,205.91
Leonel Saldivar,Escamilla,0,Apoyo familiar,Pública,276.7
María,Jaramillo,0,Apoyo familiar,Pública,357.43
Elodia Santos,Zamora,1,Apoyo familiar,Privada,488.93
Elodia Santos,Zamora,1,Beca,Privada,441.1
Mia Jazmin Valentin,Lopez,0,Apoyo familiar,Pública,276.82
Candelas Segarra,Jimenez,0,Trabajo,Pública,237.98
Candelas Segarra,Jimenez,0,Apoyo familiar,Pública,324.53
Iván Lucero,Vanegas,0,Apoyo familiar,Pública,401.42
Santiago Timoteo,Palomino,0,Otro,Pública,449.07
Santiago Timoteo,Palomino,0,Apoyo familiar,Pública,466.06
Dr(a). Catalina,Carrizo,0,Trabajo,Pública,199.65
Dr(a). Catalina,Carrizo,0,Apoyo familiar,Pública,304.52
Mateo Irene,Guzmán,0,Trabajo,Pública,203.13
Mateo Irene,Guzmán,0,Apoyo familiar,Pública,233.58
Gregorio,Gutiérrez-Salom,1,Crédito educativo,Privada,405.88
Gregorio,Gutiérrez-Salom,1,Otro,Privada,313.91
Gregorio,Gutiérrez-Salom,1,Beca,Privada,373.8
Jesús Nelson,Rodríguez,0,Crédito educativo,Pública,345.38
María Luz Suárez,Parra,0,Apoyo familiar,Privada,353.36
Yolanda Nelcy,Morales,0,Otro,Pública,330.84
Yolanda Nelcy,Morales,0,Apoyo familiar,Pública,200.18
Cecilia Mateo,Corral,0,Apoyo familiar,Pública,384.49
Dr(a). Ciro,Molina,0,Otro,Pública,429.08
Sr(a). Paulina,Peralta,0,Apoyo familiar,Pública,424.62
Itziar,Álvarez,0,Apoyo familiar,Pública,352.65
Dolores Luz,Salcedo,0,Apoyo familiar,Pública,327.27
Ing. Conchita de,Anda,0,Otro,Pública,206.74
Luis Alberto Orozco,López,0,Apoyo familiar,Pública,372.4
Facundo Gutierrez,Medina,0,Apoyo familiar,Pública,238.6
Joaquina del,Almeida,0,Trabajo,Pública,182.59
Joaquina del,Almeida,0,Apoyo familiar,Pública,403.01
Augusto Thiago Valentin Silva,Gonzalez,0,Apoyo familiar,Pública,366.04
Luisa María,Lara,0,Apoyo familiar,Pública,342.76
Emilia Lopez,Fernandez,1,Apoyo familiar,Privada,493.62
Emilia Lopez,Fernandez,1,Beca,Privada,419.59
Samuel Olivia Aguero,Barrios,0,Apoyo familiar,Pública,239.28
Thiago Ezequiel Dominguez,Rojas,1,Apoyo familiar,Privada,545.83
Thiago Ezequiel Dominguez,Rojas,1,Beca,Privada,669.55
Andrea Alba,Contreras,0,Trabajo,Pública,285.88
Andrea Alba,Contreras,0,Otro,Pública,380.16
Andrea Alba,Contreras,0,Apoyo familiar,Pública,419.97
Agustín Lugo,Rivas,0,Apoyo familiar,Pública,280.25
Dr(a). Gael,Martinez,0,Apoyo familiar,Pública,391.06
Marcela Cuesta,Vanegas,0,Otro,Pública,314.94
Sandalio Rius,Alcázar,1,Apoyo familiar,Privada,569.87
Sandalio Rius,Alcázar,1,Beca,Privada,342.68
Ángel Benito,Villegas,0,Apoyo familiar,Privada,494.55
María Belén Atienza,Hierro,0,Crédito educativo,Pública,279.12
María Belén Atienza,Hierro,0,Apoyo familiar,Pública,368.05
Isabel Guillén,Gaya,0,Apoyo familiar,Pública,249.99
José Mancebo,Guillén,0,Apoyo familiar,Privada,548.2
David Duván,Rengifo,1,Otro,Privada,306.7
David Duván,Rengifo,1,Apoyo familiar,Privada,413.42
David Duván,Rengifo,1,Beca,Privada,357.05
Helena,Laureano,0,Trabajo,Pública,302.68
Helena,Laureano,0,Apoyo familiar,Pública,497.25
Marta de,Roldán,1,Crédito educativo,Privada,281.73
Marta de,Roldán,1,Apoyo familiar,Privada,500.4
Marta de,Roldán,1,Beca,Privada,412.19
Renzo Acuña,Carrizo,0,Trabajo,Pública,221.22
Renzo Acuña,Carrizo,0,Apoyo familiar,Pública,364.07
Diego Suárez,Díaz,0,Apoyo familiar,Pública,548.31
Juan Francisco Julieta,Vega,1,Apoyo familiar,Privada,482.73
Juan Francisco Julieta,Vega,1,Beca,Privada,472.09
Lucas Martin,Castro,1,Otro,Privada,222.54
Lucas Martin,Castro,1,Apoyo familiar,Privada,489.54
Lucas Martin,Castro,1,Beca,Privada,622.23
Federico,Herrera,0,Apoyo familiar,Pública,245.79
Vicente Arcelia Rascón,Nevárez,0,Crédito educativo,Pública,275.98
Vicente Arcelia Rascón,Nevárez,0,Apoyo familiar,Pública,388.46
Paloma de,Aznar,0,Apoyo familiar,Pública,389.28
Fredy Agudelo,Arboleda,0,Crédito educativo,Pública,234.73
Ing. Esteban,Roque,0,Apoyo familiar,Pública,416.8
Hernán Adela Galarza,Espinal,0,Trabajo,Pública,161.86
Hernán Adela Galarza,Espinal,0,Apoyo familiar,Pública,432.09
Zoraida Herrera,Fuente,0,Apoyo familiar,Pública,258.2
Nicolas Octavio,Alvarez,0,Trabajo,Pública,238.69
Fernando,Molina,1,Otro,Privada,419.67
Fernando,Molina,1,Beca,Privada,486.21
Santino,Chavez,0,Apoyo familiar,Pública,455.92
Uma Thiago Ramirez,Ortiz,0,Apoyo familiar,Pública,465.54
Adriana Francisca,Uribe,0,Trabajo,Pública,227.31
Adriana Francisca,Uribe,0,Crédito educativo,Pública,337.98
Felipe Ignacio Alvarez,Miranda,0,Apoyo familiar,Pública,243.61
Dr(a). Valentina,Paz,1,Apoyo familiar,Privada,485.1
Dr(a). Valentina,Paz,1,Beca,Privada,435.7
Mateo,Arias,0,Trabajo,Pública,256.69
Mateo,Arias,0,Apoyo familiar,Pública,274.72
Patricio Minerva,Enríquez,1,Apoyo familiar,Privada,595.47
Patricio Minerva,Enríquez,1,Beca,Privada,478.25
Alexandra,Benavente,0,Trabajo,Pública,284.08
Alexandra,Benavente,0,Crédito educativo,Pública,272.07
Hilario Cervantes,Guardia,1,Crédito educativo,Privada,353.19
Hilario Cervantes,Guardia,1,Otro,Privada,236.17
Hilario Cervantes,Guardia,1,Beca,Privada,418.08
Adalberto Gil,Vega,0,Trabajo,Privada,197.88
Adalberto Gil,Vega,0,Apoyo familiar,Privada,637.44
Isabella Luca Maidana,Bustos,1,Trabajo,Privada,236.95
Isabella Luca Maidana,Bustos,1,Otro,Privada,294.59
Isabella Luca Maidana,Bustos,1,Beca,Privada,530.51
Benjamin Molina,Gonzalez,0,Trabajo,Pública,259.83
José,Guerra,0,Apoyo familiar,Pública,418.87
Santino Catalina,Fernandez,0,Apoyo familiar,Pública,370.49
Ing. Flavio,Moreno,0,Apoyo familiar,Pública,256.68
Andrés Olaya,Cruz,0,Trabajo,Pública,279.28
Andrés Olaya,Cruz,0,Apoyo familiar,Pública,407.99
Helena Ariadna,Aparicio,0,Apoyo familiar,Pública,355.11
Fortunata Pi,Tamarit,0,Trabajo,Pública,311.16
Fortunata Pi,Tamarit,0,Apoyo familiar,Pública,313.07
Pascual Donoso,Blanch,0,Apoyo familiar,Pública,315.46
Mia Valentina,Romero,0,Trabajo,Pública,125.77
Ágata,Arnau,1,Apoyo familiar,Privada,590.93
Ágata,Arnau,1,Beca,Privada,529.19
Raquel Martín,Juárez,0,Otro,Pública,326.41
Octavio Lozano,Aparicio,1,Trabajo,Privada,322.67
Octavio Lozano,Aparicio,1,Beca,Privada,317.28
Adriana Emilio Villagómez,Colón,0,Trabajo,Pública,289.68
Adriana Emilio Villagómez,Colón,0,Apoyo familiar,Pública,256.49
Juana Ortiz,Ortiz,0,Trabajo,Pública,204.07
Juana Ortiz,Ortiz,0,Apoyo familiar,Pública,284.02
Dr(a). Olivia,Villalba,0,Apoyo familiar,Pública,296.68
Petrona,Oliva,1,Apoyo familiar,Privada,488.55
Petrona,Oliva,1,Beca,Privada,439.63
Isaías Guerra,Benitez,0,Apoyo familiar,Pública,277.94
Erick Valencia,Acevedo,0,Crédito educativo,Pública,340.96
Erick Valencia,Acevedo,0,Apoyo familiar,Pública,339.7
Francisco,Castro,0,Apoyo familiar,Pública,327.29
Santiago,Nuñez,0,Otro,Pública,250.11
Santiago,Nuñez,0,Apoyo familiar,Pública,304.24
Thiago Nahuel Garcia,Martinez,0,Trabajo,Pública,258.32
Eloy Correa,Pinto,0,Otro,Pública,382.32
Ilse,Muro,0,Apoyo familiar,Pública,240.5
Abilio Mendez,Sales,0,Apoyo familiar,Pública,356.0
Luis,García,0,Crédito educativo,Pública,268.95
Luis,García,0,Apoyo familiar,Pública,326.24
Lautaro Benjamin,Gutierrez,1,Trabajo,Privada,277.77
Lautaro Benjamin,Gutierrez,1,Crédito educativo,Privada,262.63
Lautaro Benjamin,Gutierrez,1,Beca,Privada,446.78
Arsenio Otero,Buendía,0,Apoyo familiar,Pública,339.13
José Peña,Patiño,0,Otro,Pública,408.81
Ing. Darío,Olivares,0,Trabajo,Pública,221.46
Ing. Darío,Olivares,0,Apoyo familiar,Pública,378.0
Gabriel Hermelinda,Jasso,0,Trabajo,Pública,231.17
Gabriel Hermelinda,Jasso,0,Apoyo familiar,Pública,318.72
Isabella Lorenzo,Flores,0,Crédito educativo,Pública,257.78
Guadalupe Leiva,Muñoz,0,Trabajo,Pública,367.87
Guadalupe Leiva,Muñoz,0,Otro,Pública,374.03
Guadalupe Leiva,Muñoz,0,Apoyo familiar,Pública,328.27
Sr(a). Malena,Fernandez,0,Crédito educativo,Pública,276.74
Eva Pinto,Mur,0,Apoyo familiar,Pública,370.89
Lorenzo Gael Ferreyra,Luna,0,Apoyo familiar,Pública,375.37
Francisco Edgar,Acosta,0,Trabajo,Pública,282.93
Francisco Edgar,Acosta,0,Apoyo familiar,Pública,493.0
Indira,Lovato,1,Apoyo familiar,Privada,479.95
Indira,Lovato,1,Beca,Privada,351.64
Sr(a). Juan Cruz,Garcia,0,Otro,Pública,348.76
Sr(a). Juan Cruz,Garcia,0,Apoyo familiar,Pública,317.48
Juan Ignacio Lucas Luna,Molina,0,Crédito educativo,Pública,268.94
Olga Gallego,Ríos,0,Trabajo,Pública,261.19
Olga Gallego,Ríos,0,Apoyo familiar,Pública,349.78
Amanda Catalina,Parra,0,Trabajo,Pública,309.42
Juan Manuel Emma,Dominguez,0,Crédito educativo,Pública,451.62
Juan Manuel Emma,Dominguez,0,Apoyo familiar,Pública,313.46
Bautista,Olivera,0,Crédito educativo,Pública,270.63
Bautista,Olivera,0,Apoyo familiar,Pública,430.53
Dr(a). Mateo Benjamin,Blanco,0,Apoyo familiar,Pública,400.16
Sr(a). Sol,Sosa,0,Apoyo familiar,Privada,674.48
Rodrigo Hurtado,Padilla,0,Apoyo familiar,Pública,398.86
Sr(a). Ramón,Pabón,0,Apoyo familiar,Pública,352.21
Luis López,Torres,0,Apoyo familiar,Pública,393.73
José Luis,Ornelas,0,Trabajo,Pública,305.44
Sr(a). Lautaro,Gonzalez,0,Apoyo familiar,Pública,408.02
Hipólito Édgar Boada,Carmona,0,Crédito educativo,Pública,330.44
Hipólito Édgar Boada,Carmona,0,Apoyo familiar,Pública,449.71
Hugo Jacobo Reséndez,Fonseca,0,Apoyo familiar,Pública,433.17
Agustin Simon Quiroga,Sanchez,0,Trabajo,Pública,319.11
Agustin Simon Quiroga,Sanchez,0,Crédito educativo,Pública,338.92
Agustin Simon Quiroga,Sanchez,0,Apoyo familiar,Pública,339.04
Karina,González,1,Trabajo,Privada,257.34
Karina,González,1,Crédito educativo,Privada,372.39
Karina,González,1,Beca,Privada,327.03
Ruth Ana,Castrillón,1,Apoyo familiar,Privada,537.34
Ruth Ana,Castrillón,1,Beca,Privada,470.88
Dr. Pedro,Crespo,0,Apoyo familiar,Pública,392.85
Agustín Moreno,Parra,0,Trabajo,Pública,252.32
Agustín Moreno,Parra,0,Crédito educativo,Pública,218.41
Timoteo Víctor,Preciado,0,Crédito educativo,Pública,344.78
Timoteo Víctor,Preciado,0,Otro,Pública,433.95
Tiziano Benjamin Cruz,Acosta,1,Apoyo familiar,Privada,715.44
Tiziano Benjamin Cruz,Acosta,1,Beca,Privada,463.84
Benjamin,Diaz,0,Otro,Pública,488.9
Nancy Pilar,Montoya,0,Apoyo familiar,Pública,436.21
Juan Luis,Camacho,0,Trabajo,Pública,177.93
Juan Luis,Camacho,0,Apoyo familiar,Pública,363.84
Dr(a). Matias,Cabrera,0,Apoyo familiar,Pública,391.12
Feliciana Seco,Duque,0,Apoyo familiar,Pública,338.25
Mary Lucía,Moreno,0,Trabajo,Pública,229.77
Mary Lucía,Moreno,0,Apoyo familiar,Pública,325.68
Glauco Cid,Vicente,0,Apoyo familiar,Pública,369.52
Matias,Silva,0,Apoyo familiar,Pública,224.01
Pilar Mateo Benjamin,Ayala,1,Trabajo,Privada,298.25
Pilar Mateo Benjamin,Ayala,1,Beca,Privada,436.89
Dr. Minerva,Lomeli,0,Apoyo familiar,Pública,365.98
Ignacio María del Carmen,Avilés,0,Apoyo familiar,Pública,316.66
Olga,Ramírez,0,Apoyo familiar,Pública,377.35
Dr(a). Renata,Aguirre,0,Apoyo familiar,Pública,485.22
Mateo,Ortiz,0,Trabajo,Pública,246.71
Alonso Gerardo Garza,Terrazas,0,Trabajo,Pública,222.24
Alonso Gerardo Garza,Terrazas,0,Otro,Pública,282.09
Sara Ospina,Perdomo,0,Apoyo familiar,Pública,267.52
Sr(a). Franco,Perez,0,Apoyo familiar,Pública,349.72
Mery,Mendoza,0,Apoyo familiar,Pública,399.58
Benjamín,Gutiérrez,0,Apoyo familiar,Pública,421.35
Lorena,Romero,0,Apoyo familiar,Privada,611.62
Teresita Carpio,Gálvez,0,Crédito educativo,Pública,378.63
Mtro. Santiago,Porras,0,Crédito educativo,Pública,286.66
Dr. Emiliano,Fonseca,0,Trabajo,Pública,192.65
Felicia,Lucas-Diéguez,0,Trabajo,Pública,244.27
Jorge,Ortiz,0,Trabajo,Pública,281.66
Jorge,Ortiz,0,Otro,Pública,282.26
Remigio Reina,Barranco,0,Trabajo,Pública,333.01
Remigio Reina,Barranco,0,Apoyo familiar,Pública,349.04
Judith Hernández,Sánchez,1,Trabajo,Privada,262.17
Judith Hernández,Sánchez,1,Beca,Privada,378.52
Mery Gladys Rincón,Escobar,0,Apoyo familiar,Pública,380.58
Eduardo García,Rosero,0,Apoyo familiar,Pública,356.34
Lola Lobo,Peinado,0,Otro,Pública,310.56
Ignacio,Gonzalez,0,Otro,Pública,490.46
Mercedes Palma,Barroso,0,Otro,Pública,255.66
León Antonia,Aguirre,0,Apoyo familiar,Pública,375.42
Enrique,Escobar,0,Apoyo familiar,Pública,419.04
Luciano Benjamin Paulina Gonzalez,Morales,0,Otro,Pública,428.31
Luciano Benjamin Paulina Gonzalez,Morales,0,Apoyo familiar,Pública,381.89
Juan Ignacio Mendez,Benitez,0,Apoyo familiar,Pública,284.3
Cintia Catalán,Matas,0,Apoyo familiar,Privada,531.38
Aurelio Vanesa Muro,Henríquez,1,Trabajo,Privada,312.46
Aurelio Vanesa Muro,Henríquez,1,Apoyo familiar,Privada,539.86
Aurelio Vanesa Muro,Henríquez,1,Beca,Privada,306.65
Natalia Dalmau,Azorin,0,Trabajo,Pública,247.51
Ian Benjamin Zoe Flores,Gomez,0,Apoyo familiar,Pública,303.58
Custodio Tapia,Bermejo,0,Otro,Pública,260.16
Custodio Tapia,Bermejo,0,Apoyo familiar,Pública,299.39
Dr. Norma,Rael,0,Apoyo familiar,Pública,350.81
Pablo Nuñez,Carreño,0,Apoyo familiar,Privada,336.61
Jazmin Francisco,Gomez,1,Crédito educativo,Privada,333.88
Jazmin Francisco,Gomez,1,Otro,Privada,336.57
Jazmin Francisco,Gomez,1,Beca,Privada,445.5
Faustino Pedrero,Martínez,0,Apoyo familiar,Pública,338.88
Cecilia,Collazo,0,Apoyo familiar,Pública,302.57
Marcela,Aguirre,0,Apoyo familiar,Pública,524.74
Jerónimo,Gallardo,0,Apoyo familiar,Pública,321.8
Sergio,Quintero,0,Trabajo,Pública,301.18
Sergio,Quintero,0,Crédito educativo,Pública,234.38
Sergio,Quintero,0,Apoyo familiar,Pública,376.8
Benito Cintrón,Castañeda,0,Apoyo familiar,Pública,388.83
Luisina Josefina Fernandez,Garcia,0,Trabajo,Pública,248.79
Luisina Josefina Fernandez,Garcia,0,Otro,Pública,231.48
Leonel del,Amor,0,Otro,Pública,385.45
Leonel del,Amor,0,Apoyo familiar,Pública,273.18
Beatriz Johana Cano,Jiménez,0,Apoyo familiar,Pública,388.55
Jose Miguel del,Capdevila,0,Apoyo familiar,Pública,476.11
Teodoro,Villegas,0,Apoyo familiar,Pública,289.37
Vilma,Albero,0,Trabajo,Pública,251.88
Vilma,Albero,0,Otro,Pública,223.57
Vilma,Albero,0,Apoyo familiar,Pública,344.98
Carlos Ramiro,Jaramillo,1,Crédito educativo,Privada,239.9
Carlos Ramiro,Jaramillo,1,Apoyo familiar,Privada,499.97
Carlos Ramiro,Jaramillo,1,Beca,Privada,644.52
Nidia Pedraza,Fuentes,0,Otro,Pública,260.05
Anabel,Alcalá-Juárez,0,Apoyo familiar,Pública,449.27
Ana María Otero,Santillán,0,Trabajo,Pública,296.23
Alejandro Castillo,Bedoya,0,Apoyo familiar,Pública,354.76
Armando Horacio Berríos,Segura,0,Trabajo,Pública,217.65
Omar Itzel,Ornelas,0,Otro,Pública,414.23
Omar Itzel,Ornelas,0,Apoyo familiar,Pública,378.19
Paco Isaías Gómez,Barco,0,Trabajo,Pública,221.03
Manuel Carrillo,Rendón,0,Crédito educativo,Pública,365.34
Nazario Raimundo Echevarría,Carreras,0,Trabajo,Pública,255.73
Nazario Raimundo Echevarría,Carreras,0,Apoyo familiar,Pública,430.29
Pascual Alberdi,Céspedes,1,Apoyo familiar,Privada,472.04
Pascual Alberdi,Céspedes,1,Beca,Privada,573.19
Maximo Sofia Belen Muñoz,Lopez,0,Apoyo familiar,Privada,662.33
Caridad Alta Gracia Meza,Portillo,0,Apoyo familiar,Privada,511.01
Marcela Emilce,Méndez,1,Crédito educativo,Privada,260.91
Marcela Emilce,Méndez,1,Beca,Privada,436.56
Bianca,Rodriguez,0,Crédito educativo,Privada,238.11
Bianca,Rodriguez,0,Apoyo familiar,Privada,440.4
Cristina Florencia Candelaria,Vela,0,Apoyo familiar,Pública,394.53
Raimundo de,Arregui,0,Apoyo familiar,Privada,610.2
Alonso del,Pascual,0,Apoyo familiar,Pública,560.48
Joaquin Thiago Daniel,Gonzalez,0,Trabajo,Pública,245.17
Juan Cruz Ciro,Muñoz,0,Trabajo,Pública,203.34
Juan Cruz Ciro,Muñoz,0,Crédito educativo,Pública,345.2
Alexandra Luz,Sandoval,0,Otro,Pública,404.07
Dani Villalobos,Arteaga,0,Apoyo familiar,Privada,574.77
Enzo Aguero,Ramos,0,Apoyo familiar,Pública,333.77
Andrés Miguel,Arias,1,Apoyo familiar,Privada,327.11
Andrés Miguel,Arias,1,Beca,Privada,503.8
Gabriel,Vargas,0,Apoyo familiar,Privada,555.77
Lorenzo Sergio Ardila,Vásquez,0,Apoyo familiar,Pública,220.3
Abraham Lucas,Alva,0,Apoyo familiar,Privada,403.0
Mtro. Teresa,Aguirre,1,Apoyo familiar,Privada,345.2
Mtro. Teresa,Aguirre,1,Beca,Privada,650.16
Lizeth,Rivera,0,Crédito educativo,Privada,364.72
Lizeth,Rivera,0,Apoyo familiar,Privada,487.34
Sandra Nathalia,Guerrero,0,Apoyo familiar,Pública,339.66
Pelayo Losada,Buendía,0,Otro,Privada,283.05
Vidal del,Perales,0,Apoyo familiar,Pública,407.81
Clara Gimenez,Godoy,0,Apoyo familiar,Pública,377.2
Mia Rodriguez,Dominguez,0,Apoyo familiar,Pública,388.34
Guillermo Francisca,Mascareñas,1,Otro,Privada,389.47
Guillermo Francisca,Mascareñas,1,Beca,Privada,405.12
Juan Cruz Victoria Rodriguez,Diaz,0,Apoyo familiar,Pública,382.87
Balduino Córdoba,Sancho,0,Trabajo,Pública,266.19
Lola Mateo Benjamin Soto,Diaz,1,Apoyo familiar,Privada,462.32
Lola Mateo Benjamin Soto,Diaz,1,Beca,Privada,323.69
Fernando Luis Sánchez,Duque,0,Apoyo familiar,Pública,367.52
Silvestre,Mosquera,0,Apoyo familiar,Pública,405.37
Felix Moya,Ortiz,1,Apoyo familiar,Privada,211.5
Felix Moya,Ortiz,1,Beca,Privada,481.15
Eladio Sebastián Dávila,Anguita,0,Otro,Pública,317.32
Eladio Sebastián Dávila,Anguita,0,Apoyo familiar,Pública,259.76
Lautaro Benjamin,Molina,0,Trabajo,Pública,308.04
Aroa Chaves,Carrión,0,Apoyo familiar,Pública,318.28
Severo Girón,Castrillo,0,Apoyo familiar,Privada,533.86
José Emilio,Bravo,0,Crédito educativo,Pública,297.18
José Emilio,Bravo,0,Apoyo familiar,Pública,389.31
María María,Pabón,0,Crédito educativo,Pública,304.61
Catalina Thiago Leonel,Correa,0,Trabajo,Pública,185.85
Jerónimo Ayuso,Diéguez,0,Apoyo familiar,Privada,1091.32
Guillermina,Alvarez,0,Trabajo,Pública,225.31
Guillermina,Alvarez,0,Crédito educativo,Pública,206.61
Benicio Luz Maria,Perez,0,Apoyo familiar,Pública,321.26
Martina Ana Paula,Martinez,0,Apoyo familiar,Pública,456.98
Camilo Iván Martínez,Castro,1,Apoyo familiar,Privada,584.22
Camilo Iván Martínez,Castro,1,Beca,Privada,348.63
Elvira,Sotelo,0,Trabajo,Pública,232.54
Sr(a). Juana,Muñoz,0,Apoyo familiar,Pública,414.96
Dr(a). Alma,Ortiz,0,Trabajo,Pública,311.13
Dr(a). Alma,Ortiz,0,Otro,Pública,441.7
Fernando Rodríguez,Hurtado,0,Apoyo familiar,Pública,344.9
Ambrosio,Suarez-Ávila,0,Apoyo familiar,Pública,430.34
Yurany Luz Hoyos,Ortiz,0,Crédito educativo,Privada,314.33
Lucio del,Pacheco,0,Apoyo familiar,Pública,358.79
Eva Rosalia,Matías,0,Crédito educativo,Pública,288.22
Dayana,Romero,0,Trabajo,Pública,246.42
Dayana,Romero,0,Otro,Pública,359.35
Dayana,Romero,0,Apoyo familiar,Pública,342.32
Dr. Miguel,Torres,0,Apoyo familiar,Pública,278.15
Esther López,Moreno,0,Otro,Pública,352.17
Olivia Romo,Abrego,1,Apoyo familiar,Privada,535.75
Olivia Romo,Abrego,1,Beca,Privada,507.76
Yamile Carolina Díaz,Arenas,0,Otro,Pública,354.68
Yamile Carolina Díaz,Arenas,0,Apoyo familiar,Pública,500.67
María,Fernández,0,Crédito educativo,Pública,291.62
Olivia Nava,Beltrán,0,Otro,Pública,260.56
William Quintero,Ruiz,0,Crédito educativo,Privada,237.61
William Quintero,Ruiz,0,Otro,Privada,333.13
Timoteo,Ruiz,0,Apoyo familiar,Pública,305.47
Sonia Londoño,Naranjo,0,Apoyo familiar,Pública,337.61
Nelly Silvia Rivera,Ardila,0,Apoyo familiar,Pública,368.03
Andrea Rodríguez,Narváez,0,Apoyo familiar,Pública,412.82
Sr(a). Joaquin,Sanchez,0,Apoyo familiar,Pública,386.0
Sr(a). Miriam,Cisneros,1,Apoyo familiar,Privada,510.08
Sr(a). Miriam,Cisneros,1,Beca,Privada,466.36
Paola Dina,Pérez,0,Trabajo,Pública,298.15
Itziar Alberdi,Lara,0,Apoyo familiar,Pública,391.91
Ángel Jerónimo,Hidalgo,0,Otro,Pública,479.28
Ángel Jerónimo,Hidalgo,0,Apoyo familiar,Pública,356.25
Amado Polo,Ríos,0,Otro,Pública,264.7
Amado Polo,Ríos,0,Apoyo familiar,Pública,456.84
Antonio Morena,Alvarez,0,Apoyo familiar,Privada,386.17
Milena Caceres,Silva,0,Apoyo familiar,Pública,464.87
María Cristina Antonia,Aponte,0,Apoyo familiar,Pública,305.78
Cecilia,Angarita,0,Trabajo,Pública,264.83
Cecilia,Angarita,0,Crédito educativo,Pública,360.31
Cecilia,Angarita,0,Apoyo familiar,Pública,332.92
Carlota Perez,Cuevas,0,Trabajo,Pública,267.03
Viviana de,Neira,0,Apoyo familiar,Pública,455.18
Lorenzo Ferreyra,Juarez,0,Crédito educativo,Pública,333.86
Lorenzo Ferreyra,Juarez,0,Apoyo familiar,Pública,379.37
Isabella Ignacio,Bravo,0,Apoyo familiar,Pública,232.51
Dr(a). Antonella,Garcia,0,Apoyo familiar,Pública,289.3
Haroldo Tudela,Corral,1,Trabajo,Privada,302.35
Haroldo Tudela,Corral,1,Apoyo familiar,Privada,548.94
Haroldo Tudela,Corral,1,Beca,Privada,488.19
Abril Roma,Bonilla,0,Apoyo familiar,Privada,553.83
Alberto José Pérez,Jiménez,0,Apoyo familiar,Privada,521.75
Sonia Carlos,Mendez,0,Otro,Privada,363.35
Pilar,Dominguez,0,Trabajo,Pública,186.1
Pilar,Dominguez,0,Otro,Pública,408.64
Gala de,Peláez,0,Crédito educativo,Pública,240.52
Gala de,Peláez,0,Apoyo familiar,Pública,211.37
Santiago Martina Benitez,Perez,0,Crédito educativo,Privada,261.66
Ana,Benavides,0,Trabajo,Pública,183.85
Ana,Benavides,0,Crédito educativo,Pública,398.52
Nicanor Núñez,Riba,1,Apoyo familiar,Privada,589.96
Nicanor Núñez,Riba,1,Beca,Privada,361.65
Sr(a). Julia,Solorzano,0,Crédito educativo,Pública,435.15
Dr(a). Franco,Martinez,0,Apoyo familiar,Pública,355.24
Elena Graciela,Gómez,0,Trabajo,Pública,306.31
Elena Graciela,Gómez,0,Otro,Pública,302.37
Marisol Delgadillo de la,Fuente,1,Trabajo,Privada,249.0
Marisol Delgadillo de la,Fuente,1,Crédito educativo,Privada,216.63
Marisol Delgadillo de la,Fuente,1,Apoyo familiar,Privada,329.68
Marisol Delgadillo de la,Fuente,1,Beca,Privada,540.86
Carmen Alma,Piña,0,Otro,Pública,429.46
Carmen Alma,Piña,0,Apoyo familiar,Pública,402.23
Cintia Coloma,Jordá,0,Apoyo familiar,Pública,414.03
María Yaneth,Caicedo,0,Apoyo familiar,Pública,403.82
Richard José Bermúdez,Fernández,0,Apoyo familiar,Pública,375.39
Renata Fernandez,Nuñez,0,Apoyo familiar,Pública,357.8
Lope Cabrero,Macias,0,Apoyo familiar,Privada,484.98
Fernando Hoyos,Córdoba,0,Apoyo familiar,Pública,297.74
Joaquin Ruiz,Rios,0,Apoyo familiar,Pública,332.12
Camila Lucero,Ledesma,0,Apoyo familiar,Pública,232.04
Águeda Leiva,Perales,0,Trabajo,Pública,245.08
Águeda Leiva,Perales,0,Otro,Pública,440.91
Salomé Mateo,Mercader,0,Otro,Pública,361.75
Edinson Héctor Cardozo,Torres,0,Otro,Pública,414.85
Edinson Héctor Cardozo,Torres,0,Apoyo familiar,Pública,240.5
Sergio Alexander Padilla,Calderón,0,Apoyo familiar,Pública,308.76
Ismael,Galván,0,Apoyo familiar,Pública,239.53
Alejo,Aguero,0,Otro,Pública,404.34
Alejo,Aguero,0,Apoyo familiar,Pública,339.34
Rosa María,Cuenca,0,Trabajo,Pública,255.27
Rosa María,Cuenca,0,Apoyo familiar,Pública,257.11
Pedro José Luis Quintanilla,Cerdá,0,Trabajo,Pública,219.93
Pedro José Luis Quintanilla,Cerdá,0,Crédito educativo,Pública,319.19
Pedro José Luis Quintanilla,Cerdá,0,Apoyo familiar,Pública,240.32
Clemente Font,Barco,0,Trabajo,Privada,272.02
Clemente Font,Barco,0,Apoyo familiar,Privada,491.22
María Eugenia Arteaga,Muro,0,Crédito educativo,Pública,333.15
María Eugenia Arteaga,Muro,0,Apoyo familiar,Pública,366.85
José Carlos Marisol Santiago,Osorio,0,Apoyo familiar,Pública,446.68
Dionisio Perales,Torrijos,0,Apoyo familiar,Pública,360.02
Thiago Daniel Agustin,Molina,0,Apoyo familiar,Privada,456.7
Yuliana Muñoz,Serrano,0,Apoyo familiar,Pública,362.65
Alberto Guadalupe Ayala,Cánovas,0,Apoyo familiar,Pública,388.71
Vicente Espartaco,Fonseca,1,Apoyo familiar,Privada,504.75
Vicente Espartaco,Fonseca,1,Beca,Privada,402.89
Rafael Leal,Parada,0,Trabajo,Pública,274.98
Rafael Leal,Parada,0,Crédito educativo,Pública,222.22
Rafael Leal,Parada,0,Apoyo familiar,Pública,431.55
Zaida Catalán,Duran,0,Apoyo familiar,Privada,461.41
Edmundo del,Llopis,1,Crédito educativo,Privada,283.48
Edmundo del,Llopis,1,Beca,Privada,461.02
Mia Jazmin,Medina,0,Apoyo familiar,Pública,305.9
Hermelinda,Soliz,0,Apoyo familiar,Pública,418.36
Sr(a). Benjamin,Franco,0,Apoyo familiar,Pública,329.9
Jesús,González,0,Trabajo,Pública,312.39
Jesús,González,0,Apoyo familiar,Pública,307.05
Eliana Morcillo,Lluch,0,Apoyo familiar,Pública,370.17
Juan,Delgado,0,Otro,Pública,375.98
Ruby Páez,Maya,0,Trabajo,Pública,357.26
Vanesa Salinas,Lucero,0,Crédito educativo,Pública,331.46
Diego Daza,Orozco,0,Apoyo familiar,Pública,299.89
Estela Oswaldo Rolón,Muñoz,0,Apoyo familiar,Pública,356.77
Marisol Pardo,Díaz,0,Apoyo familiar,Pública,392.08
Belen Jordán,España,0,Apoyo familiar,Pública,437.39
Martha Martha,Bohórquez,0,Apoyo familiar,Pública,508.95
Thiago Maria Victoria Medina,Gomez,0,Apoyo familiar,Privada,372.31
Marisa,Belda-Sureda,0,Trabajo,Pública,263.39
Marisa,Belda-Sureda,0,Crédito educativo,Pública,387.57
Marisa,Belda-Sureda,0,Apoyo familiar,Pública,236.7
Sr(a). Juana,Tamayo,0,Otro,Pública,240.93
Andrés Márquez,Hernández,0,Apoyo familiar,Privada,502.69
Lucas Rebeca Reyna,Collazo,0,Crédito educativo,Privada,251.78
Ligia Reyes,Barrera,0,Otro,Pública,328.46
Ligia Reyes,Barrera,0,Apoyo familiar,Pública,452.28
Tania Ana Luisa Acuña,Razo,0,Apoyo familiar,Pública,432.71
Mery Ana Cabrera,Rincón,0,Trabajo,Pública,265.13
Mery Ana Cabrera,Rincón,0,Otro,Pública,373.52
Marino Roura,Román,0,Apoyo familiar,Privada,459.28
Lucía,Alvarez,0,Trabajo,Pública,239.82
Chus del,Alcalá,0,Trabajo,Pública,220.92
María María Ardila,Torres,0,Apoyo familiar,Privada,402.72
Carlos,Flórez,0,Trabajo,Privada,217.54
Carlos,Flórez,0,Otro,Privada,220.83
Carlos,Flórez,0,Apoyo familiar,Privada,417.28
María Gómez,Núñez,0,Crédito educativo,Pública,302.01
María Gómez,Núñez,0,Apoyo familiar,Pública,307.46
Dr(a). Lorenzo,Castillo,0,Otro,Pública,362.0
Minerva Jorge Escobedo de,Anda,0,Otro,Pública,359.89
Francisco Ojeda,Fernandez,0,Otro,Pública,297.3
Francisco Ojeda,Fernandez,0,Apoyo familiar,Pública,443.16
Ligia,Dominguez-Casal,0,Apoyo familiar,Pública,265.77
Liliana,Bedoya,0,Apoyo familiar,Pública,468.58
Amanda Nadia Campoy,Aller,0,Apoyo familiar,Pública,383.31
Horacio Saldaña,Pinto,0,Apoyo familiar,Pública,303.83
Dolores del,Coronado,0,Apoyo familiar,Pública,357.54
Hermelinda Peres,Campos,0,Crédito educativo,Pública,333.5
Laura Burbano,Molina,0,Apoyo familiar,Pública,355.94
Baudelio Ruben Camino,Valenciano,0,Trabajo,Pública,276.94
Dr. Frida,Solorzano,0,Apoyo familiar,Pública,286.32
Lucas Gustavo Cruz,Arenas,0,Crédito educativo,Pública,310.16
Lucas Gustavo Cruz,Arenas,0,Apoyo familiar,Pública,251.62
Luciano Jazmin,Martinez,0,Otro,Pública,426.85
Wilfredo Cano,Uribe,0,Trabajo,Pública,204.8
Wilfredo Cano,Uribe,0,Apoyo familiar,Pública,444.26
Nayeli Benavídez,Campos,0,Crédito educativo,Pública,227.13
Ángela Francia Ortiz,Martínez,0,Trabajo,Pública,223.3
Ángela Francia Ortiz,Martínez,0,Otro,Pública,245.72
Ángela Francia Ortiz,Martínez,0,Apoyo familiar,Pública,435.92
Gregorio Murillo,Marroquín,0,Otro,Pública,356.29
Gregorio Murillo,Marroquín,0,Apoyo familiar,Pública,308.28
Catalina Navarro,Gonzalez,0,Apoyo familiar,Privada,514.47
Isaac Jorge,Quezada,0,Apoyo familiar,Pública,313.8
Rosa Carolina,González,0,Apoyo familiar,Pública,375.85
Victoria,Alvarez,0,Trabajo,Pública,275.19
Victoria,Alvarez,0,Apoyo familiar,Pública,395.74
Lara,Figueroa,1,Otro,Privada,308.04
Lara,Figueroa,1,Apoyo familiar,Privada,410.42
Lara,Figueroa,1,Beca,Privada,266.78
Pablo Barral,Cuervo,0,Apoyo familiar,Pública,386.85
Zaida Tolosa,Ríos,0,Apoyo familiar,Pública,549.86
Lic. Jorge,Anaya,0,Crédito educativo,Pública,232.11
Micaela,Carreón,0,Trabajo,Pública,291.82
Isabella,Perez,0,Apoyo familiar,Pública,352.87
Dayana,Buitrago,1,Otro,Privada,455.43
Dayana,Buitrago,1,Beca,Privada,396.98
Norma Octavio Cadena,Prieto,0,Apoyo familiar,Pública,320.65
Javier,Olmos,0,Trabajo,Pública,308.32
Ing. Ana,Alba,0,Trabajo,Pública,278.42
Ing. Ana,Alba,0,Apoyo familiar,Pública,392.56
Lic. Miguel Ángel de,Jesús,1,Trabajo,Privada,224.64
Lic. Miguel Ángel de,Jesús,1,Apoyo familiar,Privada,468.47
Lic. Miguel Ángel de,Jesús,1,Beca,Privada,350.97
Estrella Hernando,Muro,0,Apoyo familiar,Pública,326.32
Johana,Caicedo,0,Trabajo,Pública,251.41
Johana,Caicedo,0,Apoyo familiar,Pública,349.98
Augusto,Rodriguez,0,Trabajo,Pública,304.29
Augusto,Rodriguez,0,Crédito educativo,Pública,328.48
Augusto,Rodriguez,0,Apoyo familiar,Pública,349.1
Dr(a). Catalina,Aguirre,0,Crédito educativo,Pública,349.07
Dr(a). Catalina,Aguirre,0,Apoyo familiar,Pública,448.16
Jackeline Alicia,Rodríguez,0,Trabajo,Pública,277.89
Jackeline Alicia,Rodríguez,0,Crédito educativo,Pública,300.62
Jackeline Alicia,Rodríguez,0,Apoyo familiar,Pública,259.12
Martina,Molina,1,Apoyo familiar,Privada,390.9
Martina,Molina,1,Beca,Privada,392.28
María Pilar Merche Mayo,Verdugo,0,Trabajo,Pública,275.39
Jacinto,Narváez,0,Apoyo familiar,Privada,504.7
Telmo del,Mármol,0,Apoyo familiar,Pública,250.7
Thiago Agustin Juan Ignacio Coronel,Diaz,0,Trabajo,Pública,217.67
Thiago Agustin Juan Ignacio Coronel,Diaz,0,Crédito educativo,Pública,126.7
Néstor Ciro,Jiménez,0,Trabajo,Privada,264.66
Néstor Ciro,Jiménez,0,Otro,Privada,264.81
Néstor Ciro,Jiménez,0,Apoyo familiar,Privada,413.15
María Ana,Hernández,0,Apoyo familiar,Pública,462.97
Valentina Diaz,Gomez,0,Crédito educativo,Pública,373.13
Facundo Sofia Belen,Vera,0,Otro,Pública,217.45
Amalia Casal,Sanjuan,0,Apoyo familiar,Pública,457.66
Sr(a). Ciro Benjamin,Gonzalez,0,Otro,Pública,236.42
Sr(a). Ciro Benjamin,Gonzalez,0,Apoyo familiar,Pública,326.3
Iris del,Verdugo,0,Trabajo,Pública,219.33
Iris del,Verdugo,0,Apoyo familiar,Pública,334.27
Dr. Carolina,Cano,0,Trabajo,Pública,230.59
Dr(a). Juan Bautista,Alvarez,0,Apoyo familiar,Pública,362.63
Leonel Jacobo Lozano,Regalado,0,Trabajo,Privada,258.03
Leonel Jacobo Lozano,Regalado,0,Apoyo familiar,Privada,499.18
Liliana Salvador,Sepúlveda,0,Trabajo,Pública,271.85
Guillermo Willian,Barrera,0,Trabajo,Pública,309.53
Guillermo Willian,Barrera,0,Apoyo familiar,Pública,417.07
Sofía Gregorio,Montaño,0,Apoyo familiar,Pública,247.45
Nadia Patricia,Medrano,0,Apoyo familiar,Pública,171.68
Mar Tenorio,Rincón,0,Otro,Pública,239.21
Mar Tenorio,Rincón,0,Apoyo familiar,Pública,374.33
Rubén Guzmán,Rodríguez,0,Trabajo,Privada,299.47
Rubén Guzmán,Rodríguez,0,Apoyo familiar,Privada,441.72
Yuridia Badillo,Feliciano,0,Apoyo familiar,Pública,284.15
Nathalia Carrillo,Sánchez,0,Otro,Pública,420.08
Nathalia Carrillo,Sánchez,0,Apoyo familiar,Pública,331.29
Cristian Renato Antúnez,Palmer,0,Apoyo familiar,Pública,311.24
Mora Peralta,Castro,1,Crédito educativo,Privada,144.54
Mora Peralta,Castro,1,Apoyo familiar,Privada,441.45
Mora Peralta,Castro,1,Beca,Privada,474.04
Lic. Eva,Segura,0,Trabajo,Pública,200.29
Lic. Eva,Segura,0,Crédito educativo,Pública,298.14
Juana,Giraldo,0,Apoyo familiar,Pública,213.16
María,Vargas,0,Apoyo familiar,Pública,502.34
Thiago Emanuel Federico,Moreno,0,Apoyo familiar,Pública,271.67
Guadalupe Marisol,Díaz,0,Apoyo familiar,Pública,347.7
Chema Vilaplana,Carreras,0,Crédito educativo,Pública,370.09
Pedro Castro,Fernandez,0,Trabajo,Privada,206.85
Claudia,Blanco,0,Apoyo familiar,Pública,189.14
Cristian Medrano,Zambrano,0,Apoyo familiar,Pública,319.79
Soledad Nadia Mascaró,Trujillo,0,Apoyo familiar,Pública,290.86
Socorro Cecilia,Torres,0,Apoyo familiar,Pública,191.01
Sr(a). Natalia,Crespo,0,Otro,Pública,486.6
Sr(a). Natalia,Crespo,0,Apoyo familiar,Pública,365.36
Dr(a). Catalina,Diaz,0,Apoyo familiar,Pública,303.73
Isabel Jorge Luis Lozada,Gamez,0,Apoyo familiar,Pública,423.79
Sr(a). Juan Ignacio,Sosa,1,Otro,Privada,276.4
Sr(a). Juan Ignacio,Sosa,1,Apoyo familiar,Privada,670.49
Sr(a). Juan Ignacio,Sosa,1,Beca,Privada,444.84
Ing. Federico,Arenas,0,Trabajo,Pública,296.07
Ing. Federico,Arenas,0,Apoyo familiar,Pública,402.62
Aníbal Garcés,Flórez,0,Apoyo familiar,Pública,378.0
Bertha,Pinto,0,Crédito educativo,Privada,378.1
Bertha,Pinto,0,Apoyo familiar,Privada,646.37
Mauricio Jesús Arango,Ruiz,0,Apoyo familiar,Pública,354.39
Celso Aguilera,Bastida,0,Apoyo familiar,Pública,302.57
Luz Bernardo,Flórez,0,Apoyo familiar,Pública,383.82
Thiago Valentin Fernandez,Medina,0,Apoyo familiar,Pública,307.57
María,Martínez,0,Trabajo,Pública,350.67
María,Martínez,0,Otro,Pública,212.5
Alexandra Martha,Muñoz,1,Otro,Privada,221.63
Alexandra Martha,Muñoz,1,Crédito educativo,Privada,272.71
Alexandra Martha,Muñoz,1,Beca,Privada,303.53
Agustín,Benitez,0,Apoyo familiar,Pública,282.85
Nerea Carrasco,Aguado,0,Apoyo familiar,Pública,398.79
Amalia,Belmonte-Pallarès,1,Apoyo familiar,Privada,652.42
Amalia,Belmonte-Pallarès,1,Beca,Privada,348.23
Rubén Olegario Mata,Bolaños,0,Apoyo familiar,Pública,326.93
Eduardo Emilio Gómez,Sánchez,0,Apoyo familiar,Pública,439.82
Julio César Patricio,Lucero,0,Apoyo familiar,Pública,401.45
Zoé Vicente Niño,Alba,0,Trabajo,Pública,299.8
Zoé Vicente Niño,Alba,0,Apoyo familiar,Pública,297.55
Alma Adame,Vega,0,Trabajo,Pública,178.91
Alma Adame,Vega,0,Crédito educativo,Pública,390.08
Sr(a). Julieta,Cardozo,0,Apoyo familiar,Pública,330.87
Adriana Paula Molina,Pérez,0,Apoyo familiar,Pública,338.91
Mtro. Eloisa,Carrero,0,Apoyo familiar,Pública,443.84
Sr(a). Paulina,Riojas,0,Apoyo familiar,Pública,390.25
Nico Anastasio Iglesia,Cabello,0,Trabajo,Pública,272.79
Nico Anastasio Iglesia,Cabello,0,Crédito educativo,Pública,429.9
Nico Anastasio Iglesia,Cabello,0,Apoyo familiar,Pública,309.29
Lic. Isabel,Munguía,0,Otro,Privada,493.99
Benito Gloria,Barrios,0,Trabajo,Privada,322.78
Benito Gloria,Barrios,0,Apoyo familiar,Privada,669.24
Mercedes María del Carmen Méndez,Malave,0,Trabajo,Pública,287.29
Mercedes María del Carmen Méndez,Malave,0,Apoyo familiar,Pública,392.53
Ing. José,Mata,0,Apoyo familiar,Pública,290.7
Benjamin Emma,Diaz,0,Apoyo familiar,Pública,376.57
Giuliana Valentino Ponce,Lucero,0,Apoyo familiar,Pública,392.49
Benicio,Sanchez,0,Apoyo familiar,Pública,353.97
Mohamed Bilbao,Lozano,0,Apoyo familiar,Pública,309.5
Dr. Frida,Bermúdez,1,Otro,Privada,329.62
Dr. Frida,Bermúdez,1,Beca,Privada,695.18
Teobaldo Vendrell,Anguita,0,Apoyo familiar,Pública,274.23
Sr(a). Mia Morena,Molina,0,Otro,Privada,259.24
Sr(a). Mia Morena,Molina,0,Apoyo familiar,Privada,459.35
Guadalupe Delfina,Ramos,0,Apoyo familiar,Pública,372.21
Cristina Palacios,Medina,0,Crédito educativo,Privada,348.94
Teobaldo de,Vilaplana,0,Apoyo familiar,Pública,411.55
Cristobal,Duarte,1,Apoyo familiar,Privada,433.86
Cristobal,Duarte,1,Beca,Privada,452.51
Jorge,Arevalo,0,Apoyo familiar,Pública,414.17
Esther,Barajas,0,Apoyo familiar,Pública,440.91
David Hernán,Delgado,0,Trabajo,Pública,243.0
Felipe Cárdenas,Gómez,1,Apoyo familiar,Privada,592.7
Felipe Cárdenas,Gómez,1,Beca,Privada,522.18
Dayana Beatriz,Salcedo,0,Apoyo familiar,Pública,363.51
Liliana Rivera,Fernández,0,Apoyo familiar,Pública,260.26
Dionisia,Peñalver,0,Otro,Pública,445.34
Lic. Jesús,Montaño,0,Trabajo,Pública,217.43
Lic. Jesús,Montaño,0,Apoyo familiar,Pública,352.66
Angelina,Gonzalez,0,Trabajo,Pública,175.4
Daniel,Godínez,1,Crédito educativo,Privada,329.67
Daniel,Godínez,1,Beca,Privada,504.24
Milagros,Lucas,0,Apoyo familiar,Pública,380.07
Eduardo Cristina,Nájera,0,Otro,Privada,289.26
Hipólito del,Carballo,1,Trabajo,Privada,340.57
Hipólito del,Carballo,1,Beca,Privada,543.83
Jazmin,Luna,0,Apoyo familiar,Pública,456.15
Emma Fernandez,Luna,0,Apoyo familiar,Pública,402.03
Sr(a). Renato,Contreras,0,Crédito educativo,Pública,291.69
Sr(a). Renato,Contreras,0,Apoyo familiar,Pública,269.36
Efraín Escolano,Villanueva,0,Apoyo familiar,Pública,338.4
Sr(a). Enzo,Ojeda,0,Apoyo familiar,Pública,290.97
Sandra Angie,Ortega,0,Otro,Pública,366.53
Delfina Renata,Fernandez,0,Apoyo familiar,Privada,549.36
Ing. Gabino de la,Fuente,0,Crédito educativo,Privada,343.19
Orlando Andrés Rivera,Hernández,0,Apoyo familiar,Pública,452.46
Juan Carlos,Varela,0,Trabajo,Pública,224.27
Juan Carlos,Varela,0,Apoyo familiar,Pública,273.05
Sofía Joaquin,Mendoza,0,Apoyo familiar,Pública,370.14
Lidia de,Buendía,0,Crédito educativo,Pública,387.29
Lidia de,Buendía,0,Apoyo familiar,Pública,249.24
Alvaro Juan Pablo,Gonzalez,0,Crédito educativo,Pública,233.62
Dr(a). Thiago,Gonzalez,0,Apoyo familiar,Pública,319.87
Maria Luz Jazmin,Vazquez,1,Apoyo familiar,Privada,410.22
Maria Luz Jazmin,Vazquez,1,Beca,Privada,388.06
Fernanda Carmen,Castañeda,0,Apoyo familiar,Privada,290.59
Marcelino Urbano Real,Jiménez,0,Apoyo familiar,Pública,366.71
Abraham Vélez,Solorzano,0,Trabajo,Pública,296.63
Abraham Vélez,Solorzano,0,Crédito educativo,Pública,214.9
Abraham Vélez,Solorzano,0,Apoyo familiar,Pública,229.96
Adelaida,Perez,1,Trabajo,Privada,173.72
Adelaida,Perez,1,Beca,Privada,592.75
Lucas Jos Carbajal,Correa,0,Crédito educativo,Pública,310.87
Lucas Jos Carbajal,Correa,0,Apoyo familiar,Pública,291.98
Dr(a). Thiago Benjamin,Rojas,0,Apoyo familiar,Pública,507.72
Reinel,Medina,0,Apoyo familiar,Pública,355.99
Pedro,Valdés,1,Otro,Privada,368.45
Pedro,Valdés,1,Apoyo familiar,Privada,428.43
Pedro,Valdés,1,Beca,Privada,646.75
Thiago Lautaro Benjamin,Perez,0,Apoyo familiar,Privada,609.6
Sergio Diego,Hernández,0,Trabajo,Pública,218.76
Jacinto de,Cabrera,0,Crédito educativo,Privada,349.67
Jacinto de,Cabrera,0,Apoyo familiar,Privada,529.0
Lic. Ivonne,Urbina,0,Apoyo familiar,Pública,452.18
Guiomar Adadia,Bou,0,Apoyo familiar,Pública,429.49
Ruby,Puga,0,Crédito educativo,Privada,261.04
Ruby,Puga,0,Otro,Privada,355.18
Ruby,Puga,0,Apoyo familiar,Privada,557.64
Eleuterio Girona,Peláez,0,Trabajo,Pública,192.92
Eleuterio Girona,Peláez,0,Apoyo familiar,Pública,346.92
Alma Paloma Planas,Pérez,0,Apoyo familiar,Pública,310.65
Enith,Fonseca,0,Trabajo,Pública,156.67
Benjamin,Roldan,0,Trabajo,Pública,245.87
Benjamin,Roldan,0,Otro,Pública,379.47
Benjamin,Roldan,0,Apoyo familiar,Pública,374.61
María Karen Delgado,Moreno,0,Otro,Pública,326.37
María Karen Delgado,Moreno,0,Apoyo familiar,Pública,436.32
Jorge Luis Griego,Abrego,0,Trabajo,Pública,279.1
Jorge Luis Griego,Abrego,0,Apoyo familiar,Pública,334.96
Gerónimo Pabón,Morales,0,Apoyo familiar,Pública,283.49
Maria Victoria,Gutierrez,0,Crédito educativo,Pública,277.67
Leonardo Luís,Oliveras,0,Apoyo familiar,Pública,426.85
David,Corredor,1,Apoyo familiar,Privada,676.28
David,Corredor,1,Beca,Privada,515.58
Dante,Perez,0,Apoyo familiar,Privada,352.33
Sr(a). Lautaro Benjamin,Gimenez,0,Trabajo,Privada,191.28
Mariela Ivonne,Pardo,1,Apoyo familiar,Privada,439.38
Mariela Ivonne,Pardo,1,Beca,Privada,504.83
Horacio Julio Fuentes,Uribe,0,Apoyo familiar,Privada,522.68
Alfonsina,Guzman,0,Apoyo familiar,Pública,345.05
Valentina Alvarez,Caceres,0,Apoyo familiar,Pública,335.08
Ignacio Liliana,Morales,0,Otro,Pública,461.82
Edelmiro,Madrigal-Buendía,0,Otro,Pública,440.79
Edelmiro,Madrigal-Buendía,0,Apoyo familiar,Pública,379.0
Bautista Isabel Herrera,Sosa,0,Crédito educativo,Pública,229.8
Clemencia Carrillo,Chávez,0,Trabajo,Pública,106.39
Francisco Emma,Perez,0,Apoyo familiar,Pública,348.69
Felix Serafín,Moya,0,Trabajo,Pública,338.61
Carla Berríos,Salcedo,0,Otro,Privada,429.65
Carla Berríos,Salcedo,0,Apoyo familiar,Privada,826.81
Alondra del,Pera,0,Apoyo familiar,Pública,375.77
Mateo Walter Córdoba,Castro,0,Apoyo familiar,Pública,274.01
Mtro. Leonel,Garibay,0,Apoyo familiar,Pública,385.47
Olivia Piña,Romo,0,Apoyo familiar,Pública,310.52
Fanny,Prada,0,Apoyo familiar,Pública,380.88
Carla,Sisneros,0,Crédito educativo,Pública,307.29
Luciano Benjamin Diaz,Nuñez,0,Apoyo familiar,Pública,283.37
Mario Fernando,Caicedo,0,Apoyo familiar,Privada,403.89
Mariana Sara Montalvo,Navarrete,0,Apoyo familiar,Pública,411.23
Luz,Gaitán,0,Trabajo,Pública,238.94
Guadalupe Camila Acosta,Ortiz,0,Trabajo,Pública,207.99
Guadalupe Camila Acosta,Ortiz,0,Crédito educativo,Pública,244.63
Guadalupe Camila Acosta,Ortiz,0,Apoyo familiar,Pública,334.85
Genaro Gracia,Vaca,0,Apoyo familiar,Pública,461.0
Santiago,Figueroa,0,Trabajo,Pública,223.7
Santiago,Figueroa,0,Crédito educativo,Pública,299.16
Abril del,Valle,1,Trabajo,Privada,255.08
Abril del,Valle,1,Otro,Privada,323.33
Abril del,Valle,1,Apoyo familiar,Privada,564.62
Abril del,Valle,1,Beca,Privada,351.86
Valentino,Escobar,0,Apoyo familiar,Pública,372.32
Jesús Julio Jaramillo,Castillo,0,Trabajo,Pública,254.37
Jesús Julio Jaramillo,Castillo,0,Apoyo familiar,Pública,405.78
Esmeralda Hernández,Rolón,0,Apoyo familiar,Pública,357.97
Petrona Nadal,Juan,0,Apoyo familiar,Pública,349.4
Julio Eduar,Muñoz,0,Apoyo familiar,Privada,433.94
Azucena Ortega,Flor,0,Apoyo familiar,Pública,413.22
Joaquín Irma Segovia,Saavedra,0,Otro,Pública,494.39
Olivia Garcia,Morales,0,Trabajo,Pública,289.71
Olivia Garcia,Morales,0,Otro,Pública,259.43
Timoteo Iván,Pérez,0,Trabajo,Privada,183.34
Timoteo Iván,Pérez,0,Apoyo familiar,Privada,728.58
Bautista Romero,Sanchez,0,Otro,Pública,304.85
Ricardo,Medina,1,Trabajo,Privada,267.4
Ricardo,Medina,1,Beca,Privada,409.97
Lautaro Ezequiel Maximo Acosta,Lopez,0,Otro,Pública,368.37
Prudencio Guitart,Infante,1,Apoyo familiar,Privada,392.83
Prudencio Guitart,Infante,1,Beca,Privada,487.76
Celso,Puerta,0,Apoyo familiar,Pública,337.39
Amílcar Sáenz,Balaguer,0,Apoyo familiar,Pública,370.16
Luciana Blanco,Calleja,0,Apoyo familiar,Pública,378.53
María Montenegro,Giraldo,0,Trabajo,Pública,340.58
Gloria Margarita,Castro,0,Trabajo,Pública,245.87
Gloria Margarita,Castro,0,Crédito educativo,Pública,250.26
Gloria Margarita,Castro,0,Apoyo familiar,Pública,261.87
Dr. Alicia,Aragón,0,Otro,Pública,483.71
León Felipe,Bohórquez,1,Trabajo,Privada,271.83
León Felipe,Bohórquez,1,Apoyo familiar,Privada,580.2
León Felipe,Bohórquez,1,Beca,Privada,239.78
Carlos Roger Montoya,Vega,0,Apoyo familiar,Privada,396.02
Dr(a). Bruno,Godoy,0,Trabajo,Pública,214.46
Dr(a). Bruno,Godoy,0,Apoyo familiar,Pública,358.28
Jairo David,López,0,Apoyo familiar,Pública,449.38
Camilo Carlos,Rodríguez,0,Otro,Pública,337.77
Camilo Carlos,Rodríguez,0,Apoyo familiar,Pública,305.56
Gonzalo Mariano Téllez,Aguilera,0,Otro,Pública,249.41
Julieta,Vazquez,0,Otro,Pública,355.82
Fanny Esperanza Díaz,Nieto,0,Apoyo familiar,Privada,420.9
Valentina,Vera,0,Otro,Pública,463.87
Delfina,Rodriguez,0,Apoyo familiar,Pública,335.25
Ing. Georgina,Linares,0,Trabajo,Pública,231.98
Juan García,Hernández,0,Apoyo familiar,Pública,390.41
María Pilar Santamaría,Lladó,1,Apoyo familiar,Privada,527.06
María Pilar Santamaría,Lladó,1,Beca,Privada,467.36
Juan Cruz Felipe,Martin,0,Trabajo,Privada,294.16
Juan Cruz Felipe,Martin,0,Apoyo familiar,Privada,483.18
Aurelio Luján,Leon,0,Trabajo,Pública,240.98
Aurelio Luján,Leon,0,Apoyo familiar,Pública,581.46
Abril,Gonzales,1,Apoyo familiar,Privada,520.29
Abril,Gonzales,1,Beca,Privada,405.17
Adrián Uriarte,Gaya,0,Trabajo,Pública,315.47
Adrián Uriarte,Gaya,0,Crédito educativo,Pública,265.91
Adrián Uriarte,Gaya,0,Apoyo familiar,Pública,223.85
Jesús Vera,Molano,0,Apoyo familiar,Pública,364.72
Ignacio Mansilla,Duarte,0,Apoyo familiar,Pública,376.03
Román,Poza-Bellido,0,Apoyo familiar,Privada,685.1
Santiago Maite,Maldonado,0,Apoyo familiar,Pública,434.93
Rodrigo Ibarra,Plaza,0,Trabajo,Pública,276.84
Tiziano Benjamin Martina,Medina,0,Apoyo familiar,Pública,404.52
Natalia,Galindo,0,Trabajo,Pública,240.41
Natalia,Galindo,0,Crédito educativo,Pública,226.85
Natalia,Galindo,0,Apoyo familiar,Pública,361.48
Thiago Ezequiel,Sanchez,0,Crédito educativo,Pública,358.95
Thiago Ezequiel,Sanchez,0,Apoyo familiar,Pública,397.33
Eugenia Gómez,Cuesta,0,Apoyo familiar,Pública,414.47
Jose Angel,Martín-Fiol,0,Trabajo,Pública,228.61
Yohana,Torres,0,Apoyo familiar,Pública,333.38
Maximiliano del,Morata,0,Apoyo familiar,Pública,386.31
Régulo Llorente,Carretero,1,Trabajo,Privada,222.67
Régulo Llorente,Carretero,1,Otro,Privada,468.2
Régulo Llorente,Carretero,1,Apoyo familiar,Privada,397.24
Régulo Llorente,Carretero,1,Beca,Privada,463.44
Benjamin Martina,Vargas,0,Apoyo familiar,Pública,299.23
Sr(a). Thiago,Gomez,0,Apoyo familiar,Pública,364.87
Aurora,Mireles,1,Trabajo,Privada,259.58
Aurora,Mireles,1,Crédito educativo,Privada,314.47
Aurora,Mireles,1,Apoyo familiar,Privada,593.97
Aurora,Mireles,1,Beca,Privada,424.8
Gaspar Correa,Campo,0,Trabajo,Pública,196.88
Eugenia,Mateo,0,Apoyo familiar,Pública,381.44
Arturo José Rivera,Vanegas,0,Trabajo,Pública,240.64
Olga,Mendoza,0,Trabajo,Pública,299.29
Juan Juan Romero,Ardila,1,Apoyo familiar,Privada,615.72
Juan Juan Romero,Ardila,1,Beca,Privada,703.58
María Sánchez,Jiménez,1,Apoyo familiar,Privada,418.84
María Sánchez,Jiménez,1,Beca,Privada,539.01
Daniel Sergio,Mora,0,Apoyo familiar,Pública,362.8
Silvano Narváez,Griego,0,Trabajo,Pública,315.88
Sofía Alba,Giraldo,0,Apoyo familiar,Pública,288.25
Sr(a). Mora,Sanchez,0,Apoyo familiar,Pública,438.57
Luz Sofía,Gómez,0,Apoyo familiar,Pública,443.08
Alonso Eloy,Carbajal,0,Trabajo,Pública,244.1
Santino Franco,Miranda,0,Apoyo familiar,Pública,201.91
Dr(a). Isabella,Diaz,0,Apoyo familiar,Pública,308.42
Édgar Gallardo,Tur,0,Apoyo familiar,Pública,441.66
Rosario Barrera,Paniagua,0,Apoyo familiar,Pública,348.9
Geronimo Isabella Rios,Pereyra,0,Apoyo familiar,Pública,280.59
Antonio Cándido Vives,Caballero,1,Otro,Privada,413.6
Antonio Cándido Vives,Caballero,1,Beca,Privada,368.29
Juan Pablo del,Falcó,0,Apoyo familiar,Pública,322.75
Dr. Rebeca,Duarte,0,Apoyo familiar,Privada,650.14
Bautista Benjamin Silva,Peralta,0,Apoyo familiar,Pública,331.92
Mateo Lopez,Ruiz,0,Apoyo familiar,Pública,439.79
Mónica Carvajal,Saavedra,0,Apoyo familiar,Privada,641.93
Harold Camilo,Barrera,0,Trabajo,Pública,299.92
Harold Camilo,Barrera,0,Crédito educativo,Pública,274.1
Harold Camilo,Barrera,0,Apoyo familiar,Pública,391.92
Blanca Sandra Castañeda,Carmona,0,Apoyo familiar,Pública,349.0
Arbey Daniel,Medina,0,Apoyo familiar,Pública,314.57
Marc Adán Villaverde,Cepeda,0,Apoyo familiar,Pública,374.98
Milena,Torres,0,Apoyo familiar,Pública,268.25
Constanza,Barbosa,0,Trabajo,Pública,309.38
Luz Cruz,Sánchez,0,Otro,Pública,252.46
Luz Cruz,Sánchez,0,Apoyo familiar,Pública,365.15
Danilo Antonio,Muñoz,0,Trabajo,Pública,229.9
Alexandra Amparo,Rojas,0,Crédito educativo,Pública,331.46
Alexandra Amparo,Rojas,0,Apoyo familiar,Pública,315.08
Rosa María Tolosa,Duran,0,Trabajo,Pública,288.88
Rosa María Tolosa,Duran,0,Apoyo familiar,Pública,452.65
Sr(a). Mia,Garcia,0,Trabajo,Pública,300.63
Sr(a). Mia,Garcia,0,Otro,Pública,263.79
Fausto Ayala,Romero,0,Apoyo familiar,Pública,360.33
Alexander,Gomez,1,Apoyo familiar,Privada,603.19
Alexander,Gomez,1,Beca,Privada,500.61
Sr(a). Tania,Olivas,0,Otro,Pública,399.5
Sr(a). Tania,Olivas,0,Apoyo familiar,Pública,398.52
Juan Francisco Alfonso Montaña,Conde,0,Otro,Pública,401.22
Juan Francisco Alfonso Montaña,Conde,0,Apoyo familiar,Pública,373.1
Ana Gladys Bolívar,Domínguez,0,Crédito educativo,Privada,242.02
Inocencio del,Prado,0,Trabajo,Pública,257.51
Inocencio del,Prado,0,Crédito educativo,Pública,197.71
Inocencio del,Prado,0,Apoyo familiar,Pública,191.22
Iván Armando,Rolón,0,Otro,Pública,314.12
Gloria del,Blázquez,1,Crédito educativo,Privada,366.04
Gloria del,Blázquez,1,Apoyo familiar,Privada,439.82
Gloria del,Blázquez,1,Beca,Privada,457.75
Dr(a). Thiago Nahuel,Fernandez,0,Crédito educativo,Pública,286.69
Dr(a). Thiago Nahuel,Fernandez,0,Apoyo familiar,Pública,380.34
Rafaél,Fajardo,0,Crédito educativo,Pública,273.89
Rafaél,Fajardo,0,Apoyo familiar,Pública,403.33
Jeremias,Diaz,0,Apoyo familiar,Pública,365.59
Angélica Gabriela,Posada,0,Apoyo familiar,Pública,372.86
Luz Adriana,Morales,0,Apoyo familiar,Pública,414.37
Jaime Rosario Alva,Magaña,0,Apoyo familiar,Pública,319.75
Sergio Margarita Concepción,Quintana,0,Apoyo familiar,Pública,408.5
Cornelio del,Costa,0,Apoyo familiar,Pública,323.51
Rafael Ballester,Herrero,0,Apoyo familiar,Pública,381.48
Adela Jacobo Carranza,Magaña,0,Otro,Pública,362.21
Adela Jacobo Carranza,Magaña,0,Apoyo familiar,Pública,335.71
Patricio Octavio,Holguín,1,Apoyo familiar,Privada,464.78
Patricio Octavio,Holguín,1,Beca,Privada,407.58
Sr(a). Juliana,Carrizo,0,Apoyo familiar,Pública,332.95
Sr(a). Valentina,Rodriguez,0,Trabajo,Privada,169.68
Mtro. Ana,Rivero,1,Trabajo,Privada,288.96
Mtro. Ana,Rivero,1,Apoyo familiar,Privada,1101.12
Mtro. Ana,Rivero,1,Beca,Privada,311.24
Guillermo Linares,Palomino,1,Trabajo,Privada,297.52
Guillermo Linares,Palomino,1,Apoyo familiar,Privada,663.41
Guillermo Linares,Palomino,1,Beca,Privada,463.41
Esteban Pomares,Guardia,0,Apoyo familiar,Pública,339.27
Sr(a). Florencia,Suarez,0,Trabajo,Pública,254.16
Sr(a). Florencia,Suarez,0,Apoyo familiar,Pública,318.32
Conrado Valle,Seco,0,Trabajo,Pública,213.31
Duilio Ávila,Mayol,1,Trabajo,Privada,251.8
Duilio Ávila,Mayol,1,Apoyo familiar,Privada,526.05
Duilio Ávila,Mayol,1,Beca,Privada,474.52
Jhon Carlos Romero,Romero,0,Apoyo familiar,Pública,458.85
Katherin Josefa Castro,Martínez,0,Trabajo,Pública,275.05
Giovanny Aguilar,Gómez,0,Apoyo familiar,Pública,383.53
Ana Mayerly Hoyos,López,0,Crédito educativo,Pública,360.06
Sr(a). Ciro,Silva,0,Trabajo,Pública,114.84
Sr(a). Ciro,Silva,0,Apoyo familiar,Pública,398.19
Nahuel Ignacio Molina,Diaz,0,Apoyo familiar,Pública,305.81
Ing. Eloy,Chavarría,0,Apoyo familiar,Pública,222.24
Fernanda Chávez,Fuentes,0,Apoyo familiar,Privada,585.58
Ángel Porfirio Tejada,Casanova,1,Apoyo familiar,Privada,627.45
Ángel Porfirio Tejada,Casanova,1,Beca,Privada,436.58
Clemente Alta Gracia Matos,Pedraza,0,Trabajo,Pública,297.64
Clemente Alta Gracia Matos,Pedraza,0,Crédito educativo,Pública,373.31
Clemente Alta Gracia Matos,Pedraza,0,Apoyo familiar,Pública,482.23
Simon Lucas Benjamin Escobar,Maidana,1,Apoyo familiar,Privada,397.97
Simon Lucas Benjamin Escobar,Maidana,1,Beca,Privada,504.97
Ligia González,Díaz,0,Otro,Pública,346.3
Ligia González,Díaz,0,Apoyo familiar,Pública,291.6
Stella Martha Rodríguez,García,0,Apoyo familiar,Pública,380.89
Juan Bautista Sofía,Vera,0,Trabajo,Pública,257.17
Juan Bautista Sofía,Vera,0,Crédito educativo,Pública,388.74
Juan Bautista Sofía,Vera,0,Apoyo familiar,Pública,393.68
Jennifer Rincón,Hernández,0,Trabajo,Pública,364.54
Jennifer Rincón,Hernández,0,Otro,Pública,221.28
Alonso Lucas,Alejandro,0,Apoyo familiar,Pública,323.12
David Sandoval,Ramírez,0,Apoyo familiar,Pública,258.58
Diana Quiñones,Saiz,0,Trabajo,Pública,219.41
Ariel Alejandro Guevara,Calderón,0,Apoyo familiar,Pública,348.02
Camila Luisana Silva,Rojas,0,Trabajo,Pública,228.53
Camila Luisana Silva,Rojas,0,Crédito educativo,Pública,258.45
Asunción,Sanmiguel,0,Apoyo familiar,Pública,252.1
Enzo Martinez,Rojas,0,Trabajo,Pública,245.84
Gala de,Falcó,0,Apoyo familiar,Pública,247.92
Diego Jesús Niño,Restrepo,0,Apoyo familiar,Pública,407.8
Mora Isabella Gutierrez,Fernandez,0,Apoyo familiar,Pública,384.63
Lisandro Gomez,Vargas,0,Otro,Pública,201.65
Liliana,Mejía,0,Apoyo familiar,Pública,433.04
Joaquin Luna,Vera,0,Otro,Pública,371.61
Joaquin Luna,Vera,0,Apoyo familiar,Pública,219.25
Aurora,Henríquez,1,Apoyo familiar,Privada,506.56
Aurora,Henríquez,1,Beca,Privada,369.11
Clara González,González,0,Apoyo familiar,Pública,398.52
Catalina Lucia Ojeda,Bravo,0,Crédito educativo,Pública,246.83
Catalina Lucia Ojeda,Bravo,0,Otro,Pública,303.57
Catalina Lucia Ojeda,Bravo,0,Apoyo familiar,Pública,430.17
Paulina,Olivares,0,Apoyo familiar,Pública,352.18
Yago Naranjo,Conesa,0,Apoyo familiar,Pública,492.49
Diego Amelia,Perea,1,Apoyo familiar,Privada,485.59
Diego Amelia,Perea,1,Beca,Privada,364.65
Wilson,Salamanca,1,Apoyo familiar,Privada,352.3
Wilson,Salamanca,1,Beca,Privada,539.78
Luz Hernández,Ramírez,0,Otro,Pública,382.37
Luz Hernández,Ramírez,0,Apoyo familiar,Pública,416.0
Ángela,Ordóñez,0,Trabajo,Pública,222.88
Ángela,Ordóñez,0,Apoyo familiar,Pública,367.15
Vera Leire Gárate,Gaya,0,Apoyo familiar,Pública,311.7
Renata,Rodriguez,0,Apoyo familiar,Pública,303.57
Valero del,Galiano,0,Trabajo,Pública,267.14
Valero del,Galiano,0,Apoyo familiar,Pública,292.28
Candelario Ballesteros,Oller,0,Crédito educativo,Pública,167.45
Teófilo Antúnez,Martín,0,Apoyo familiar,Pública,288.33
María Laura,Díaz,1,Apoyo familiar,Privada,465.11
María Laura,Díaz,1,Beca,Privada,494.62
Lidia Zambrano,Mosquera,0,Trabajo,Pública,225.45
Lidia Zambrano,Mosquera,0,Apoyo familiar,Pública,335.48
Rodrigo Martínez,Moraleda,0,Apoyo familiar,Pública,305.47
Steven Uribe,Benítez,0,Apoyo familiar,Pública,365.6
Jonatan Bonifacio Carro,Llobet,0,Apoyo familiar,Pública,383.39
Cristian Vélez,Ávila,0,Trabajo,Pública,195.48
Cristian Vélez,Ávila,0,Apoyo familiar,Pública,457.36
Pastora,Ángel-Bonilla,0,Otro,Privada,390.83
Dr(a). Pedro,Farias,0,Trabajo,Pública,250.94
Dr(a). Pedro,Farias,0,Crédito educativo,Pública,312.4
Edilberto Mario,Zapata,0,Trabajo,Pública,287.95
Edilberto Mario,Zapata,0,Apoyo familiar,Pública,377.58
Micaela,Cruz,0,Trabajo,Pública,281.83
Eloisa Abel Casanova,Alva,0,Apoyo familiar,Pública,375.53
Tiziano Benjamin Diaz,Cabrera,0,Apoyo familiar,Pública,298.78
Martina,Sosa,0,Trabajo,Pública,165.15
Martina,Sosa,0,Crédito educativo,Pública,261.27
Martina,Sosa,0,Apoyo familiar,Pública,545.76
Timoteo Ferrer,Lerma,0,Trabajo,Pública,225.72
Lucía Johana,Valencia,0,Apoyo familiar,Privada,298.73
Olegario Mínguez,Noguera,0,Apoyo familiar,Pública,403.01
Sr(a). Ludmila,Diaz,0,Apoyo familiar,Pública,411.18
Aníbal Ernesto Jaimes,Ramos,0,Trabajo,Pública,314.37
Dr(a). Malena,Correa,0,Trabajo,Pública,273.55
Emperatriz,Moles,1,Apoyo familiar,Privada,574.32
Emperatriz,Moles,1,Beca,Privada,555.15
Luis,Mármol,0,Crédito educativo,Pública,255.27
Dolly Isabel,Gómez,0,Crédito educativo,Pública,360.03
Dolly Isabel,Gómez,0,Apoyo familiar,Pública,304.63
Sr(a). Franco,Alvarez,0,Trabajo,Pública,319.62
Patricio Timoteo Miranda,Angulo,0,Crédito educativo,Pública,285.0
Patricio Timoteo Miranda,Angulo,0,Apoyo familiar,Pública,377.3
Andrés Monsalve,Arias,0,Apoyo familiar,Privada,516.38
Lina Andrea Arias,Gómez,0,Trabajo,Pública,243.28
Lina Andrea Arias,Gómez,0,Apoyo familiar,Pública,407.69
María Santillán,Alvarado,0,Apoyo familiar,Pública,413.09
Sr(a). Santiago,Blanco,0,Otro,Pública,311.35
Sr(a). Santiago,Blanco,0,Apoyo familiar,Pública,465.87
Carlos Freddy,Pinto,0,Apoyo familiar,Privada,568.47
Alejandro María Luisa,Ontiveros,0,Trabajo,Pública,200.66
Alejandro María Luisa,Ontiveros,0,Apoyo familiar,Pública,454.59
Fabricio Arregui,Bonet,0,Crédito educativo,Pública,284.8
Fabricio Arregui,Bonet,0,Apoyo familiar,Pública,269.19
Danilo Luis Castañeda,Sarmiento,0,Apoyo familiar,Pública,286.08
Purificación,Miguel-Gallego,0,Apoyo familiar,Pública,320.52
Diana Isabel Ruiz,Mendoza,0,Trabajo,Pública,252.48
Carlito,Criado-Llanos,0,Apoyo familiar,Pública,347.87
María Vilaplana,Calatayud,1,Apoyo familiar,Privada,352.39
María Vilaplana,Calatayud,1,Beca,Privada,471.37
Mtro. Paulina,Matos,0,Apoyo familiar,Pública,233.09
Gilma Arenas,Córdoba,0,Trabajo,Pública,209.71
Hugo Mireles,Toledo,0,Apoyo familiar,Privada,590.68
Valentino Herrera,Peralta,0,Apoyo familiar,Pública,467.28
Amelia Boix,Roldan,0,Apoyo familiar,Pública,264.33
Federico Uma,Morales,0,Crédito educativo,Pública,264.45
Federico Uma,Morales,0,Apoyo familiar,Pública,354.77
Dr(a). Josefina,Maldonado,0,Apoyo familiar,Pública,374.67
Margarita Catalá,Buendía,0,Apoyo familiar,Pública,293.8
Facundo Castillo,Vega,0,Apoyo familiar,Pública,381.73
Francisco,Martinez,1,Apoyo familiar,Privada,444.36
Francisco,Martinez,1,Beca,Privada,434.45
Jhon Gustavo,Vergara,0,Trabajo,Pública,244.89
Mauricio Andrés González,Acosta,0,Trabajo,Pública,270.46
Jaqueline Salma Velasco,Cavazos,0,Trabajo,Pública,195.09
Jaqueline Salma Velasco,Cavazos,0,Apoyo familiar,Pública,331.21
Salomé Campo,Moreno,0,Trabajo,Pública,159.81
Juan Pablo Jerónimo Pérez,Reyes,0,Crédito educativo,Pública,278.7
Juan Pablo Jerónimo Pérez,Reyes,0,Apoyo familiar,Pública,344.57
Dr. Pascual,Covarrubias,1,Trabajo,Privada,261.45
Dr. Pascual,Covarrubias,1,Apoyo familiar,Privada,563.66
Dr. Pascual,Covarrubias,1,Beca,Privada,563.79
Bautista,Diaz,0,Trabajo,Pública,244.63
Bautista,Diaz,0,Crédito educativo,Pública,326.86
Tiziano,Romero,0,Trabajo,Pública,171.46
Wilfrido Yolanda,Bernal,1,Crédito educativo,Privada,232.39
Wilfrido Yolanda,Bernal,1,Otro,Privada,366.11
Wilfrido Yolanda,Bernal,1,Beca,Privada,453.01
Mia Medina,Castro,0,Crédito educativo,Pública,338.28
Mia Medina,Castro,0,Apoyo familiar,Pública,385.81
Julieta Lola,Luna,0,Otro,Pública,277.8
Morena Milagros Gomez,Maldonado,0,Apoyo familiar,Pública,316.44
Natalio Company,Santamaría,0,Apoyo familiar,Pública,265.61
Mario Cardona,Rojas,0,Apoyo familiar,Pública,295.12
Julián,Barreto,0,Trabajo,Pública,253.06
Humberto Ceballos,Cerón,0,Trabajo,Pública,274.7
Lina Graciana Castell,Mariscal,0,Trabajo,Pública,298.07
Xiomara Baena,Abascal,0,Trabajo,Privada,158.76
Xiomara Baena,Abascal,0,Apoyo familiar,Privada,519.07
Gabriela Karol,Moreno,0,Apoyo familiar,Pública,277.65
Luz Milagros Lola Benitez,Diaz,0,Apoyo familiar,Pública,343.47
Clara,Escobedo,0,Apoyo familiar,Pública,534.14
Giuliana Felipe Franco,Carrizo,0,Trabajo,Pública,264.59
Giuliana Felipe Franco,Carrizo,0,Crédito educativo,Pública,353.97
Giuliana Felipe Franco,Carrizo,0,Apoyo familiar,Pública,493.71
Angélica Alemán,Colón,0,Otro,Pública,260.39
Angélica Alemán,Colón,0,Apoyo familiar,Pública,319.22
Martin,Fernandez,0,Apoyo familiar,Pública,343.65
María Eugenia,Zayas,0,Apoyo familiar,Pública,541.21
Sr(a). Facundo,Flores,0,Apoyo familiar,Pública,245.8
Benicio,Lopez,0,Apoyo familiar,Pública,369.25
Leticia,Guzmán-Valls,0,Apoyo familiar,Pública,391.67
Franklin Escobar,Gómez,0,Apoyo familiar,Pública,427.71
Julie,Pedrosa-Carbajo,0,Apoyo familiar,Privada,500.78
Valentino Ojeda,Velazquez,0,Trabajo,Pública,265.4
Rafael Cristian León,Vargas,0,Apoyo familiar,Pública,323.97
Rosalva del,Baena,1,Apoyo familiar,Privada,518.25
Rosalva del,Baena,1,Beca,Privada,377.99
Cristina,Molina,0,Apoyo familiar,Pública,341.76
Dr(a). Ciro,Campos,0,Apoyo familiar,Privada,377.03
Juan,Vélez,0,Apoyo familiar,Pública,353.49
Andrés,Ortega,0,Apoyo familiar,Pública,381.59
Sr(a). Víctor,Lovato,0,Crédito educativo,Privada,315.32
Sr(a). Víctor,Lovato,0,Apoyo familiar,Privada,597.7
Jose Carlos Ariel Castañeda,Vega,0,Apoyo familiar,Pública,263.69
Edmundo,Cazorla-Lucas,0,Trabajo,Pública,207.86
José,González,0,Trabajo,Pública,281.99
José,González,0,Crédito educativo,Pública,256.48
Dr. Victoria,Ramón,1,Apoyo familiar,Privada,518.21
Dr. Victoria,Ramón,1,Beca,Privada,223.97
Carmen Bermúdez,Reyes,0,Apoyo familiar,Pública,447.17
Anselma Codina,Correa,0,Apoyo familiar,Pública,372.05
Milo,Martinez,0,Apoyo familiar,Pública,350.89
Sofia Abril,Romero,0,Trabajo,Pública,264.28
Sofia Abril,Romero,0,Apoyo familiar,Pública,387.06
María Cristina,Acosta,0,Trabajo,Pública,282.26
María Cristina,Acosta,0,Crédito educativo,Pública,333.34
Sr(a). Olivia,Vega,0,Trabajo,Pública,254.48
Sr(a). Olivia,Vega,0,Apoyo familiar,Pública,337.22
Felipe Tiziana Gonzalez,Blanco,0,Apoyo familiar,Pública,342.48
Agostina,Soto,0,Trabajo,Pública,240.25
Agostina,Soto,0,Crédito educativo,Pública,368.03
Agostina,Soto,0,Apoyo familiar,Pública,402.14
Álvaro Otero,Rosales,1,Apoyo familiar,Privada,218.84
Álvaro Otero,Rosales,1,Beca,Privada,421.35
Fernando Rodrigo,Muñoz,0,Trabajo,Pública,259.74
Thiago Nahuel,Cardozo,0,Trabajo,Pública,347.85
Mtro. Zoé,Dueñas,0,Crédito educativo,Pública,285.52
Mtro. Zoé,Dueñas,0,Otro,Pública,240.33
Mary,Serrano,0,Apoyo familiar,Pública,435.02
Ariel Zapata,Calleja,0,Trabajo,Pública,201.42
Delfina Emilia Lopez,Gonzalez,0,Apoyo familiar,Pública,255.38
Manuel Gaya,Carro,1,Apoyo familiar,Privada,439.86
Manuel Gaya,Carro,1,Beca,Privada,465.93
Tiburcio Castillo,Peña,0,Crédito educativo,Pública,267.86
Tiburcio Castillo,Peña,0,Apoyo familiar,Pública,410.85
Dulce María Hernandes,Lozano,0,Apoyo familiar,Pública,396.21
Luca Ayala,Perez,1,Trabajo,Privada,285.78
Luca Ayala,Perez,1,Beca,Privada,509.57
Valentina Fausto Garcia,Rodriguez,0,Otro,Pública,397.56
Valentina Fausto Garcia,Rodriguez,0,Apoyo familiar,Pública,423.84
Máximo Valentina Correa,Lopez,0,Apoyo familiar,Pública,395.22
Áurea Fonseca,Pozo,1,Trabajo,Privada,211.65
Áurea Fonseca,Pozo,1,Beca,Privada,451.75
Bianca,Colón,0,Trabajo,Pública,241.85
Bianca,Colón,0,Crédito educativo,Pública,255.31
Bianca,Colón,0,Apoyo familiar,Pública,305.47
Mora Santino,Benitez,0,Crédito educativo,Pública,291.33
María María,Padilla,0,Apoyo familiar,Pública,295.53
Kiara Fernandez,Godoy,1,Trabajo,Privada,234.6
Kiara Fernandez,Godoy,1,Beca,Privada,236.08
Débora Cordero,Murcia,0,Otro,Pública,350.19
Débora Cordero,Murcia,0,Apoyo familiar,Pública,405.86
Sr(a). Agustina,Acuña,0,Trabajo,Pública,296.88
Sr(a). Agustina,Acuña,0,Apoyo familiar,Pública,237.92
Lorenzo,Farias,0,Apoyo familiar,Pública,298.42
Coral de,Planas,0,Apoyo familiar,Pública,297.2
Tiziano Maidana,Sosa,0,Apoyo familiar,Privada,407.65
Andrés Bolívar,Jaimes,0,Otro,Pública,296.45
Andrés Miguel,Castañeda,1,Trabajo,Privada,240.31
Andrés Miguel,Castañeda,1,Beca,Privada,313.59
Perla Alfredo,Olivo,1,Apoyo familiar,Privada,478.53
Perla Alfredo,Olivo,1,Beca,Privada,421.51
Julio Bernabé Muñoz,Ruiz,0,Apoyo familiar,Pública,370.83
Paulina Falcó,Chaves,0,Trabajo,Pública,207.27
Albano,Gómez,0,Otro,Pública,466.6
Isabella,Rojas,0,Trabajo,Pública,100.0
Sebastián Wilmer Cardona,Barragán,0,Crédito educativo,Pública,311.03
Sebastián Wilmer Cardona,Barragán,0,Trabajo,Pública,340.03
Sebastián Wilmer Cardona,Barragán,0,Apoyo familiar,Pública,445.97
Amor Nebot,Arnau,0,Trabajo,Pública,260.48
Delfina Ferreyra,Pereyra,0,Apoyo familiar,Pública,316.14
Dr. Angélica,Arce,0,Apoyo familiar,Pública,412.58
Úrsula,Almaraz,0,Crédito educativo,Pública,241.59
Úrsula,Almaraz,0,Apoyo familiar,Pública,387.93
Sr(a). Emma,Moreno,0,Apoyo familiar,Privada,540.45
Maximiano Ayllón,Meléndez,0,Apoyo familiar,Pública,424.85
María Jesús Donaire,Bartolomé,0,Apoyo familiar,Pública,544.84
Jose Ramón Giménez,Barroso,0,Apoyo familiar,Pública,378.34
Iván,Padilla,0,Apoyo familiar,Privada,445.72
Yenifer Alexandra,Hernández,0,Apoyo familiar,Pública,349.18
Rosalia Delgadillo,Meza,0,Apoyo familiar,Pública,226.83
Emigdio Cid,Ribes,0,Apoyo familiar,Pública,303.69
Perla Daniel Quiñones,Guerrero,0,Crédito educativo,Pública,275.44
Perla Daniel Quiñones,Guerrero,0,Apoyo familiar,Pública,314.19
Aureliano Peñalver,Cruz,1,Crédito educativo,Privada,309.14
Aureliano Peñalver,Cruz,1,Otro,Privada,200.04
Aureliano Peñalver,Cruz,1,Beca,Privada,534.3
Anita Agudo,Aguilar,0,Apoyo familiar,Pública,331.39
Uriel Villaseñor,Limón,0,Trabajo,Pública,257.76
Uriel Villaseñor,Limón,0,Apoyo familiar,Pública,409.46
Helena,Diaz,0,Apoyo familiar,Pública,292.76
Camilo Isaac León,Gómez,0,Crédito educativo,Pública,260.51
Camilo Isaac León,Gómez,0,Apoyo familiar,Pública,329.94
Sara,Bueno,0,Otro,Pública,452.81
Camilo Jaime,Ramírez,0,Apoyo familiar,Pública,308.47
Fidela Tere Vera,Gimenez,0,Trabajo,Pública,301.37
Fidela Tere Vera,Gimenez,0,Apoyo familiar,Pública,321.92
Victoria Santiago,Figueroa,0,Trabajo,Pública,242.02
Victoria Santiago,Figueroa,0,Otro,Pública,472.98
Victoria Santiago,Figueroa,0,Apoyo familiar,Pública,378.5
Joaquin,Carrizo,0,Apoyo familiar,Pública,343.69
Mohamed Pascual,López,0,Otro,Privada,348.14
Mohamed Pascual,López,0,Apoyo familiar,Privada,462.72
Fidel,Mesa,0,Apoyo familiar,Privada,721.02
Santino Rodriguez,Rojas,1,Apoyo familiar,Privada,363.62
Santino Rodriguez,Rojas,1,Beca,Privada,504.32
Mercedes Serrato,Carrillo,0,Apoyo familiar,Pública,293.54
Poncio del,Moreno,0,Trabajo,Pública,254.43
Thiago Valentin Tiziano Valentin,Martinez,0,Apoyo familiar,Pública,364.42
Corona Cabañas,Gálvez,0,Apoyo familiar,Pública,307.75
Thiago Delfina,Herrera,0,Apoyo familiar,Pública,328.52
Mateo Agustin Fernandez,Soria,0,Apoyo familiar,Pública,393.96
Francesca Valentino,Muñoz,0,Crédito educativo,Pública,372.23
Francesca Valentino,Muñoz,0,Apoyo familiar,Pública,344.31
Alberto,Hernández,0,Apoyo familiar,Pública,319.0
Borja,Cantero-Solana,0,Crédito educativo,Pública,300.03
Joaquin,Romero,0,Otro,Pública,329.82
Joaquin,Romero,0,Apoyo familiar,Pública,250.58
Dary Henao,Ávila,0,Trabajo,Pública,239.53
Ing. Estela,Briseño,0,Apoyo familiar,Pública,254.88
Dr(a). Morena Jazmin,Diaz,0,Apoyo familiar,Privada,352.01
Victoria,Ojeda,1,Crédito educativo,Privada,374.11
Victoria,Ojeda,1,Beca,Privada,449.78
Itzel Manuel,Venegas,0,Otro,Pública,341.68
Itzel Manuel,Venegas,0,Apoyo familiar,Pública,271.46
Dr. Renato,Adame,0,Apoyo familiar,Pública,331.53
Martina Herrera,Vazquez,0,Trabajo,Pública,268.26
Martina Herrera,Vazquez,0,Otro,Pública,288.59
Luisa Prado,Tello,0,Apoyo familiar,Pública,463.16
Leocadia Hernandez,Blanco,0,Apoyo familiar,Privada,529.73
Concha Cazorla,Palmer,0,Crédito educativo,Privada,245.88
Concha Cazorla,Palmer,0,Otro,Privada,393.45
Paula María Acosta,Suárez,0,Trabajo,Pública,306.27
Sr(a). Candelaria,Medina,0,Apoyo familiar,Pública,459.17
Dulce María,Nevárez,0,Trabajo,Pública,211.93
Dulce María,Nevárez,0,Otro,Pública,286.22
Dulce María,Nevárez,0,Apoyo familiar,Pública,340.68
Candela Rodriguez,Escobar,0,Apoyo familiar,Pública,312.64
Milena,Gallego,1,Trabajo,Privada,241.86
Milena,Gallego,1,Otro,Privada,280.28
Milena,Gallego,1,Beca,Privada,382.68
Silvano Meza,Baca,0,Apoyo familiar,Pública,335.73
Luz,Morales,0,Apoyo familiar,Pública,282.2
Flavia Díez,Bautista,0,Apoyo familiar,Pública,171.09
Israel Evelio,Tirado,0,Apoyo familiar,Pública,337.42
Paz Gallego,Gomis,0,Apoyo familiar,Pública,521.59
Mateo César,Salazar,1,Trabajo,Privada,289.23
Mateo César,Salazar,1,Apoyo familiar,Privada,488.82
Mateo César,Salazar,1,Beca,Privada,469.22
Gilberto Ojeda,Santamaria,1,Crédito educativo,Privada,421.07
Gilberto Ojeda,Santamaria,1,Beca,Privada,428.3
Sr(a). Valentin,Rojas,0,Trabajo,Pública,285.77
Sr(a). Valentin,Rojas,0,Crédito educativo,Pública,343.09
Edwin Raúl Garcés,Montes,0,Apoyo familiar,Pública,382.27
Victor Manuel,Seco,0,Trabajo,Pública,250.98
Victor Manuel,Seco,0,Otro,Pública,236.06
Gustavo Escamilla,Maldonado,0,Otro,Pública,279.67
Gustavo Escamilla,Maldonado,0,Apoyo familiar,Pública,364.32
Celestino Llorente,Caparrós,0,Trabajo,Pública,327.45
Celestino Llorente,Caparrós,0,Crédito educativo,Pública,225.65
Celestino Llorente,Caparrós,0,Apoyo familiar,Pública,248.43
Cornelio,Flores,0,Crédito educativo,Pública,309.89
Horacio Néstor Catalán,Sáez,0,Apoyo familiar,Pública,355.38
Daniel Franco,Jiménez,1,Apoyo familiar,Privada,508.27
Daniel Franco,Jiménez,1,Beca,Privada,494.45
Tristán Guerra,Vizcaíno,0,Apoyo familiar,Pública,194.75
Fabián Hoyos,Mesa,1,Apoyo familiar,Privada,436.89
Fabián Hoyos,Mesa,1,Beca,Privada,368.03
Dr(a). Malena,Ortiz,0,Trabajo,Pública,241.02
Dr(a). Malena,Ortiz,0,Apoyo familiar,Pública,349.15
Dary Torres,Arias,0,Apoyo familiar,Pública,235.44
Patricia,Gutiérrez,0,Trabajo,Privada,241.21
Dr. Omar,Lira,0,Apoyo familiar,Pública,474.1
Yeni Cristian,Cuellar,0,Otro,Pública,488.83
Alma Mateo,Velasco,0,Otro,Pública,222.68
Francisca,Negrón,0,Otro,Pública,258.75
Francisca,Negrón,0,Apoyo familiar,Pública,308.72
Ramiro Aldo,Mateo,1,Apoyo familiar,Privada,524.44
Ramiro Aldo,Mateo,1,Beca,Privada,377.81
Rosa Montoya,Pérez,0,Apoyo familiar,Pública,287.38
Magda Alejandra,Sierra,0,Apoyo familiar,Pública,389.5
Indira,Cortés,0,Trabajo,Privada,274.91
Indira,Cortés,0,Apoyo familiar,Privada,612.63
Lilia del,Marqués,0,Apoyo familiar,Pública,461.45
Faustino Zoe Toledo,Carrizo,1,Trabajo,Privada,199.25
Faustino Zoe Toledo,Carrizo,1,Beca,Privada,409.93
Luciano Maria Paz Mendoza,Fernandez,1,Apoyo familiar,Privada,367.55
Luciano Maria Paz Mendoza,Fernandez,1,Beca,Privada,460.17
Albano Herberto Giménez,Salmerón,0,Trabajo,Pública,158.21
Cecilia Angie,Ramírez,0,Trabajo,Privada,234.01
Cecilia Angie,Ramírez,0,Apoyo familiar,Privada,505.78
Elsa Agustín Botello,Tijerina,0,Apoyo familiar,Pública,293.06
Candelaria Ruiz,Aguirre,0,Trabajo,Pública,354.48
Candelaria Ruiz,Aguirre,0,Otro,Pública,350.18
Candelaria Ruiz,Aguirre,0,Apoyo familiar,Pública,363.78
Gisela Coloma,Roma,0,Crédito educativo,Pública,268.2
Gisela Coloma,Roma,0,Otro,Pública,282.41
Eduardo Gutiérrez,Romero,0,Crédito educativo,Pública,289.18
Sr(a). Delfina,Paez,0,Otro,Privada,363.97
Emilia,Cordoba,0,Apoyo familiar,Privada,435.52
Valentino,Nuñez,0,Apoyo familiar,Pública,345.72
Cristóbal Mateos,Taboada,0,Apoyo familiar,Pública,376.28
Liceth Elizabeth,Rivera,1,Apoyo familiar,Privada,369.93
Liceth Elizabeth,Rivera,1,Beca,Privada,437.42
Micaela Llano,Ribas,0,Otro,Pública,488.19
Lic. Raquel,Chapa,1,Trabajo,Privada,252.4
Lic. Raquel,Chapa,1,Beca,Privada,430.54
Juana Gregorio,Urrutia,0,Crédito educativo,Pública,421.46
Gael Sanchez,Nuñez,0,Apoyo familiar,Pública,255.67
Dr(a). Francisco,Arias,0,Apoyo familiar,Pública,369.04
Helena Timoteo Rodríquez,Castellanos,0,Apoyo familiar,Pública,304.55
Juan Fajardo,Franco,0,Apoyo familiar,Pública,425.41
Roberto Lluch,Ureña,0,Trabajo,Pública,250.96
Roberto Lluch,Ureña,0,Apoyo familiar,Pública,306.16
Petrona Fidela Terrón,Rubio,0,Otro,Pública,343.07
Petrona Fidela Terrón,Rubio,0,Apoyo familiar,Pública,287.18
Gildardo Ferney Arias,Ardila,0,Trabajo,Privada,291.54
Gildardo Ferney Arias,Ardila,0,Otro,Privada,248.81
Gildardo Ferney Arias,Ardila,0,Apoyo familiar,Privada,641.59
Ceferino,Barragán-Coll,0,Apoyo familiar,Pública,492.11
Samuel Carlos Pérez,Ortiz,0,Trabajo,Pública,267.78
Isabella Juana Godoy,Rodriguez,0,Otro,Pública,202.71
Isabella Juana Godoy,Rodriguez,0,Apoyo familiar,Pública,351.37
Barbara Rufino de la,Fuente,0,Apoyo familiar,Pública,394.35
Arley Héctor,Suárez,0,Trabajo,Pública,239.63
Arley Héctor,Suárez,0,Otro,Pública,266.62
Arley Héctor,Suárez,0,Apoyo familiar,Pública,261.52
Mónica Gloria,Sánchez,0,Apoyo familiar,Pública,412.92
Mtro. José Emilio,Rubio,0,Otro,Privada,418.66
Mtro. José Emilio,Rubio,0,Apoyo familiar,Privada,882.0
Mateo Valentin Mateo Diaz,Gimenez,0,Apoyo familiar,Privada,408.69
Ing. Olivia,Tapia,1,Trabajo,Privada,249.01
Ing. Olivia,Tapia,1,Beca,Privada,411.73
Jimena Benito,Carnero,0,Apoyo familiar,Pública,342.48
Mauro Montero,Marrero,0,Crédito educativo,Privada,261.15
Maribel Naranjo,Carvajal,0,Trabajo,Pública,287.21
Maribel Naranjo,Carvajal,0,Apoyo familiar,Pública,337.88
Maritza Gómez,Aguilar,0,Crédito educativo,Pública,261.04
Maritza Gómez,Aguilar,0,Apoyo familiar,Pública,443.53
Claudia Esperanza,Maldonado,0,Apoyo familiar,Pública,450.15
Catalina Arcelia,Pizarro,0,Apoyo familiar,Pública,309.57
Agapito Tomé,Rosado,0,Trabajo,Privada,156.67
Agapito Tomé,Rosado,0,Apoyo familiar,Privada,591.2
Baltasar,Aparicio,0,Apoyo familiar,Pública,319.89
Azahara Isern,Aroca,0,Crédito educativo,Pública,347.44
Azahara Isern,Aroca,0,Apoyo familiar,Pública,212.72
Nazario Adelardo Bárcena,Casals,0,Crédito educativo,Pública,353.56
Nazario Adelardo Bárcena,Casals,0,Apoyo familiar,Pública,268.99
Dr. Dulce María,Montoya,0,Apoyo familiar,Pública,401.79
Camilo Lobato,Oliveras,0,Apoyo familiar,Pública,351.62
Yadira Ocampo,Ávila,0,Crédito educativo,Pública,242.76
Sebastián Alcalá,Ángel,0,Apoyo familiar,Pública,327.33
Guillermina David,Terrazas,0,Otro,Pública,485.14
Guillermina David,Terrazas,0,Apoyo familiar,Pública,249.73
Óscar Gargallo,Varela,0,Apoyo familiar,Pública,495.04
Genaro Santiago Peralta,Gomez,0,Apoyo familiar,Pública,389.01
Alejandro Molina,Parra,0,Apoyo familiar,Pública,535.35
Cristina Beatriz,Zapata,1,Apoyo familiar,Privada,416.79
Cristina Beatriz,Zapata,1,Beca,Privada,495.57
Jaime,Gómez,1,Apoyo familiar,Privada,473.93
Jaime,Gómez,1,Beca,Privada,558.35
Luis Jorge Carvajal,Álvarez,0,Trabajo,Pública,231.96
Luis Jorge Carvajal,Álvarez,0,Otro,Pública,261.4
Nicolas Juana,Mendez,0,Otro,Pública,299.47
Nicolas Juana,Mendez,0,Apoyo familiar,Pública,376.65
Martín Nazario,Duarte,0,Apoyo familiar,Pública,330.49
Nerea Calzada,Prieto,0,Otro,Pública,221.35
Sr(a). Juan Ignacio,Ruiz,0,Apoyo familiar,Pública,168.17
Anacleto Parra,Flor,0,Trabajo,Pública,259.95
Anacleto Parra,Flor,0,Crédito educativo,Pública,326.2
Stella Aleida González,Velasco,0,Trabajo,Pública,270.21
Stella Aleida González,Velasco,0,Apoyo familiar,Pública,452.23
Bautista Benjamin Bautista Benjamin Luna,Navarro,0,Trabajo,Pública,196.45
Bautista Benjamin Bautista Benjamin Luna,Navarro,0,Otro,Pública,245.48
Bautista Benjamin Bautista Benjamin Luna,Navarro,0,Apoyo familiar,Pública,434.2
Agustin Juan Martin Ruiz,Suarez,0,Apoyo familiar,Pública,358.42
Kelly González,Vargas,1,Apoyo familiar,Privada,629.18
Kelly González,Vargas,1,Beca,Privada,331.93
Lucía Valentino,Gomez,0,Apoyo familiar,Pública,234.4
Josep Amor,Escamilla,0,Crédito educativo,Pública,320.86
Josep Amor,Escamilla,0,Apoyo familiar,Pública,328.66
Dr(a). Felipe,Rios,0,Apoyo familiar,Pública,307.71
Natalio Vizcaíno,Ugarte,0,Apoyo familiar,Pública,354.22
Juana Guillermina,Gimenez,0,Trabajo,Pública,195.64
Juana Guillermina,Gimenez,0,Apoyo familiar,Pública,274.69
Irene,Gómez,0,Crédito educativo,Pública,340.76
Olivia Sanchez,Torres,0,Apoyo familiar,Pública,270.05
Martina Castro,Guzman,0,Apoyo familiar,Pública,397.43
Esther Hernández,Becerra,0,Trabajo,Privada,273.13
Esther Hernández,Becerra,0,Apoyo familiar,Privada,359.39
Franco Aguirre,Castro,0,Trabajo,Pública,216.12
Franco Aguirre,Castro,0,Apoyo familiar,Pública,447.09
Lucas,Fernandez,0,Otro,Pública,445.03
Lucas,Fernandez,0,Apoyo familiar,Pública,318.33
Dorotea Uría,Pina,0,Apoyo familiar,Pública,271.51
Silvio Pazos,Oller,0,Trabajo,Pública,322.99
Fortunata Cabanillas,Roman,0,Apoyo familiar,Pública,234.33
Camilo Andrés,Vargas,0,Crédito educativo,Pública,264.09
Camilo Andrés,Vargas,0,Apoyo familiar,Pública,388.02
Rosalia Arturo Barraza,Magaña,0,Apoyo familiar,Privada,669.52
Carla Aller,Moreno,0,Apoyo familiar,Pública,377.48
Máxima Rocamora,Villa,0,Apoyo familiar,Pública,385.03
Benjamin Valentin Gonzalez,Sanchez,0,Apoyo familiar,Privada,806.37
Franco Micaela Gomez,Peralta,0,Crédito educativo,Pública,334.11
Franco Micaela Gomez,Peralta,0,Otro,Pública,212.73
César Alonso Herrera,Garzón,0,Trabajo,Pública,282.52
César Alonso Herrera,Garzón,0,Apoyo familiar,Pública,247.38
Alberto Acevedo,Quiroz,0,Apoyo familiar,Privada,612.71
Clotilde del,Lara,0,Trabajo,Pública,200.1
Clotilde del,Lara,0,Apoyo familiar,Pública,324.14
Luciano Herberto Gonzalez,Briones,0,Apoyo familiar,Pública,369.88
Evangelina,Llano-Bautista,0,Apoyo familiar,Pública,490.94
Sofia,Arias,0,Apoyo familiar,Pública,569.78
Óscar,Montoya,0,Apoyo familiar,Pública,396.9
Karla,Heredia,0,Apoyo familiar,Pública,338.26
Sr(a). Justina,Morales,0,Trabajo,Pública,276.73
Sr(a). Justina,Morales,0,Otro,Pública,414.3
Lic. Ernesto,Robles,0,Trabajo,Pública,290.8
Fidel Bonilla,Martínez,0,Trabajo,Privada,246.29
Fidel Bonilla,Martínez,0,Apoyo familiar,Privada,599.69
María Teresa Concepción Guajardo,Corona,0,Trabajo,Pública,296.21
María Teresa Concepción Guajardo,Corona,0,Apoyo familiar,Pública,321.32
Camilo Estrada,Vallejo,0,Apoyo familiar,Pública,405.57
Gabriela,Llamas,0,Apoyo familiar,Pública,313.25
Ruby Eugenio Palomino,Griego,0,Apoyo familiar,Pública,398.01
Clemente Amorós,Higueras,0,Apoyo familiar,Pública,260.42
Mauricio Ronal Salazar,Espitia,0,Apoyo familiar,Pública,265.83
Georgina Celia,Anaya,0,Crédito educativo,Privada,363.49
Álvaro,Díaz,0,Trabajo,Pública,296.88
Álvaro,Díaz,0,Apoyo familiar,Pública,416.34
Ricarda Aller,Baquero,0,Apoyo familiar,Pública,357.3
María Cristina Martí,Bartolomé,0,Otro,Privada,248.91
Felicitas Antonio Ruiz,Mansilla,1,Apoyo familiar,Privada,485.18
Felicitas Antonio Ruiz,Mansilla,1,Beca,Privada,478.39
Bruno Reina,Sanches,0,Apoyo familiar,Privada,584.55
Natalia,Zapata,0,Apoyo familiar,Pública,348.81
James David González,Arévalo,0,Apoyo familiar,Pública,382.58
Roberto Sarmiento,Rubio,0,Apoyo familiar,Pública,405.95
Bernabé Delia,Gallegos,0,Apoyo familiar,Pública,280.77
Diego Jhonatan Martínez,Lozano,0,Apoyo familiar,Pública,365.58
Magdalena Roda,Taboada,0,Apoyo familiar,Pública,443.21
Clemente Jos Roldán,Nazario,0,Apoyo familiar,Pública,479.18
Paula,Espitia,0,Apoyo familiar,Privada,504.0
Onofre Heras,Isern,0,Apoyo familiar,Privada,467.79
Luca Constanza Barrios,Castillo,1,Trabajo,Privada,263.45
Luca Constanza Barrios,Castillo,1,Apoyo familiar,Privada,524.22
Luca Constanza Barrios,Castillo,1,Beca,Privada,538.47
Julia,Aguilera,0,Apoyo familiar,Pública,317.11
Julieta Santiago Nicolas Navarro,Garcia,0,Crédito educativo,Pública,248.23
Susana,Mateo,0,Otro,Pública,401.81
Susana,Mateo,0,Apoyo familiar,Pública,323.6
Victoria Rodriguez,Vargas,0,Apoyo familiar,Pública,305.31
Tiziano Benjamin,Blanco,0,Trabajo,Pública,288.6
Tiziano Benjamin,Blanco,0,Apoyo familiar,Pública,433.26
Duván Fonseca,Bravo,0,Otro,Pública,449.85
Gloria Karen,Guerra,0,Apoyo familiar,Pública,328.03
Edgar Alonso Bedoya,Díaz,0,Otro,Privada,364.66
Benjamin Sofia,Sanchez,1,Apoyo familiar,Privada,393.47
Benjamin Sofia,Sanchez,1,Beca,Privada,324.24
Cayetano Iborra,Villalonga,0,Trabajo,Pública,173.88
Cayetano Iborra,Villalonga,0,Otro,Pública,419.81
Cayetano Iborra,Villalonga,0,Apoyo familiar,Pública,306.22
Lic. Indira,Razo,1,Apoyo familiar,Privada,481.45
Lic. Indira,Razo,1,Beca,Privada,366.27
Thiago Benjamin Luciano,Rivero,0,Trabajo,Pública,296.6
Thiago Benjamin Luciano,Rivero,0,Apoyo familiar,Pública,272.24
María Rosa Medina,Rivera,0,Crédito educativo,Pública,374.15
Agustín Valdez,Girón,1,Apoyo familiar,Privada,476.73
Agustín Valdez,Girón,1,Beca,Privada,438.74
Chita Juárez,Domingo,1,Trabajo,Privada,319.36
Chita Juárez,Domingo,1,Apoyo familiar,Privada,604.47
Chita Juárez,Domingo,1,Beca,Privada,323.77
María Pilar Romeu,Juan,0,Apoyo familiar,Pública,387.35
José Carlos de la Rosa,Valverde,0,Apoyo familiar,Pública,321.8
Plinio Zaragoza,Rozas,0,Apoyo familiar,Pública,369.09
Juan Ignacio,Vera,0,Crédito educativo,Pública,242.17
Juan Ignacio,Vera,0,Apoyo familiar,Pública,283.91
Graciela Miguel Ángel Olivas,Cedillo,1,Trabajo,Privada,267.19
Graciela Miguel Ángel Olivas,Cedillo,1,Crédito educativo,Privada,297.08
Graciela Miguel Ángel Olivas,Cedillo,1,Beca,Privada,395.9
Matias Jeronimo,Garcia,1,Apoyo familiar,Privada,416.39
Matias Jeronimo,Garcia,1,Beca,Privada,601.33
Dolores,Paredes,0,Otro,Pública,326.82
Gregorio Iglesias,Gracia,0,Crédito educativo,Pública,233.5
Gregorio Iglesias,Gracia,0,Apoyo familiar,Pública,238.06
Thiago Ramiro,Medina,1,Apoyo familiar,Privada,416.82
Thiago Ramiro,Medina,1,Beca,Privada,375.43
Benita Morales,Puga,0,Apoyo familiar,Pública,286.52
Luisa,Zambrano,0,Apoyo familiar,Pública,284.31
Luz María,Quintero,0,Apoyo familiar,Pública,365.05
Joaquín,Zelaya,0,Trabajo,Pública,253.47
Joaquín,Zelaya,0,Crédito educativo,Pública,256.7
Joaquín,Zelaya,0,Apoyo familiar,Pública,364.28
Edmundo Vargas,Piquer,0,Crédito educativo,Pública,267.2
Fredy Hernández,Galindo,0,Apoyo familiar,Pública,331.81
Carmina,Juliá-Doménech,0,Apoyo familiar,Pública,467.81
Enzo Valentino Sanchez,Pereyra,0,Apoyo familiar,Privada,623.02
Camilo Humberto Armendáriz,Cavazos,1,Trabajo,Privada,185.02
Camilo Humberto Armendáriz,Cavazos,1,Crédito educativo,Privada,349.78
Camilo Humberto Armendáriz,Cavazos,1,Beca,Privada,536.81
Lautaro Ezequiel Gabriel Garcia,Lucero,0,Apoyo familiar,Pública,270.8
Óscar Juan,Daza,0,Apoyo familiar,Pública,253.12
Lautaro Benjamin Thiago Gabriel,Godoy,0,Trabajo,Pública,296.3
Lautaro Benjamin Thiago Gabriel,Godoy,0,Apoyo familiar,Pública,397.0
Santiago Rodriguez,Lopez,0,Apoyo familiar,Pública,243.92
Mateo Valentin Gomez,Escobar,0,Trabajo,Pública,239.25
Mateo Valentin Gomez,Escobar,0,Crédito educativo,Pública,316.61
Simon Olivera,Castro,1,Apoyo familiar,Privada,692.66
Simon Olivera,Castro,1,Beca,Privada,524.86
Santino,Muñoz,0,Apoyo familiar,Pública,334.72
Jaqueline Cabán,Figueroa,0,Apoyo familiar,Pública,354.04
Elvira Zambrano,Pinto,0,Trabajo,Pública,173.44
Elvira Zambrano,Pinto,0,Apoyo familiar,Pública,392.12
Sr(a). Olivia,Vásquez,0,Apoyo familiar,Privada,547.91
Araceli,Gurule,0,Trabajo,Pública,246.89
Angelina Gonzalez,Castillo,0,Otro,Pública,256.56
Angelina Gonzalez,Castillo,0,Apoyo familiar,Pública,344.53
Florentina Camino,Morales,0,Apoyo familiar,Pública,294.66
Ariadna Rincón,Rosado,0,Crédito educativo,Pública,291.54
Ariadna Rincón,Rosado,0,Apoyo familiar,Pública,372.86
Mia Benjamin Valdez,Ferreyra,0,Crédito educativo,Pública,311.38
Abigail Angel Gabriel Barrios,Figueroa,0,Apoyo familiar,Pública,238.73
Amanda Trinidad,Leyva,0,Apoyo familiar,Pública,319.73
Alicia,Vásquez,0,Crédito educativo,Pública,400.65
Alicia,Vásquez,0,Otro,Pública,202.72
Camila Lopez,Soto,1,Apoyo familiar,Privada,668.39
Camila Lopez,Soto,1,Beca,Privada,578.03
Benjamin Diaz,Alvarez,0,Apoyo familiar,Pública,408.25
Lara Ivan Fernandez,Garcia,0,Crédito educativo,Pública,241.61
Lara Ivan Fernandez,Garcia,0,Otro,Pública,204.12
Florencia Juan Martin Sosa,Gomez,0,Trabajo,Pública,278.4
Florencia Juan Martin Sosa,Gomez,0,Apoyo familiar,Pública,298.25
Olga Lida Acosta,Londoño,0,Trabajo,Pública,215.47
Olga Lida Acosta,Londoño,0,Apoyo familiar,Pública,286.76
Matilda Correa,Cabrera,0,Apoyo familiar,Pública,320.09
Catalina,Gutierrez,0,Crédito educativo,Pública,295.97
Lara Luz Milagros,Soria,0,Apoyo familiar,Pública,300.9
Joaquín Isaías Bernad,Tejedor,0,Apoyo familiar,Privada,563.72
Amelia Duque,Suárez,0,Apoyo familiar,Pública,478.65
Lic. Gustavo,Varela,0,Otro,Pública,485.45
Lic. Gustavo,Varela,0,Apoyo familiar,Pública,367.29
Angélica de,Vilanova,1,Apoyo familiar,Privada,531.19
Angélica de,Vilanova,1,Beca,Privada,520.16
Imelda,Rey,0,Apoyo familiar,Pública,355.91
Nadia Isern,Padilla,0,Apoyo familiar,Pública,403.46
Kelly María,Mena,0,Apoyo familiar,Pública,385.77
Maia Valentina Jazmin,Gonzalez,0,Apoyo familiar,Pública,279.36
Josefina Lisandro Navarro,Acosta,0,Apoyo familiar,Pública,411.88
Jader Freddy,Díaz,0,Trabajo,Pública,294.36
Jader Freddy,Díaz,0,Apoyo familiar,Pública,317.01
Salma Huerta,Caraballo,0,Crédito educativo,Pública,302.28
Sr(a). Benjamin,Gomez,0,Trabajo,Pública,284.17
Sr(a). Benjamin,Gomez,0,Crédito educativo,Pública,287.44
Sr(a). Benjamin,Gomez,0,Apoyo familiar,Pública,476.14
María Luisa,Palacios,0,Crédito educativo,Pública,441.83
Ana Paula Martin Sosa,Peralta,0,Apoyo familiar,Pública,302.96
Catalina Valentino Lopez,Maldonado,0,Crédito educativo,Pública,217.14
Enrique Rosales,Colunga,0,Crédito educativo,Pública,318.23
Socorro,Tijerina,0,Trabajo,Pública,286.08
Hermelinda Rivas,Cordero,0,Apoyo familiar,Pública,335.33
Benjamin,Lopez,0,Apoyo familiar,Pública,453.15
Mercedes,Rodríguez,1,Apoyo familiar,Privada,359.65
Mercedes,Rodríguez,1,Beca,Privada,525.7
Marisol Herrera,Fortuny,0,Apoyo familiar,Pública,237.76
Andrés Rodríguez,Méndez,1,Apoyo familiar,Privada,301.0
Andrés Rodríguez,Méndez,1,Beca,Privada,419.05
Juan Francisco,Ponce,0,Apoyo familiar,Pública,368.62
Olga,Reyes,0,Trabajo,Pública,222.52
Thiago Agustin Bruno,Flores,0,Apoyo familiar,Pública,435.09
Marcela Camila,Campo,0,Trabajo,Pública,230.64
Marcela Camila,Campo,0,Apoyo familiar,Pública,347.57
María Ángeles Oliver,Sanabria,0,Apoyo familiar,Pública,352.67
Mateo Ojeda,Herrera,0,Crédito educativo,Pública,184.82
Mateo Ojeda,Herrera,0,Apoyo familiar,Pública,367.9
Bianca Salvador,Castillo,0,Apoyo familiar,Pública,304.37
Lautaro Nicolas Lisandro,Alvarez,0,Trabajo,Pública,225.34
Lautaro Nicolas Lisandro,Alvarez,0,Apoyo familiar,Pública,459.22
Violeta Juan Farias,Rios,0,Apoyo familiar,Pública,262.71
Nelly Patricia,Ramírez,1,Trabajo,Privada,290.66
Nelly Patricia,Ramírez,1,Apoyo familiar,Privada,463.56
Nelly Patricia,Ramírez,1,Beca,Privada,357.95
Geronimo Leiva,Aguirre,0,Trabajo,Pública,277.14
Porfirio Amanda,Almanza,0,Trabajo,Pública,198.06
Porfirio Amanda,Almanza,0,Apoyo familiar,Pública,360.11
Javier,Sánchez,0,Apoyo familiar,Pública,362.17
Florentino Ros,Carbonell,0,Apoyo familiar,Pública,307.77
Ramiro Garrido,Ruiz,0,Apoyo familiar,Pública,374.3
Stiven Hugo,Fuentes,0,Trabajo,Pública,199.61
Graciela Arboleda,Agudelo,0,Trabajo,Pública,194.15
Isidoro Sebastián,Cantero,0,Trabajo,Pública,254.98
María Jesús Ricarda Cal,Arnaiz,1,Crédito educativo,Privada,200.41
María Jesús Ricarda Cal,Arnaiz,1,Beca,Privada,237.55
Maxi Carranza,Fuertes,0,Trabajo,Pública,276.64
Maxi Carranza,Fuertes,0,Apoyo familiar,Pública,385.01
Juliana Toro,Castellanos,0,Crédito educativo,Pública,332.84
Felipe Torres,Maldonado,0,Apoyo familiar,Pública,389.78
Isidoro,Ricart,0,Apoyo familiar,Pública,333.36
Silvestre del,Noguera,0,Apoyo familiar,Pública,342.71
María Arias,Tovar,0,Apoyo familiar,Pública,378.11
Ana Leonor Salazar,Torres,0,Apoyo familiar,Pública,356.68
Bastian,Mendoza,0,Otro,Pública,482.34
Bastian,Mendoza,0,Apoyo familiar,Pública,432.86
Inés,Fuentes,0,Apoyo familiar,Pública,211.99
Fortunato Miranda,Querol,0,Trabajo,Pública,179.97
Fortunato Miranda,Querol,0,Crédito educativo,Pública,300.86
Fortunato Miranda,Querol,0,Apoyo familiar,Pública,385.52
Anel,Orozco,1,Apoyo familiar,Privada,583.24
Anel,Orozco,1,Beca,Privada,483.62
Vito Barco,Vizcaíno,0,Apoyo familiar,Privada,513.06
Diego Duarte,Cortés,1,Apoyo familiar,Privada,694.47
Diego Duarte,Cortés,1,Beca,Privada,302.45
Wilmar José,Castro,0,Trabajo,Pública,200.61
Wilmar José,Castro,0,Crédito educativo,Pública,332.09
Marisela,Flórez,0,Trabajo,Pública,198.15
Marisela,Flórez,0,Apoyo familiar,Pública,403.31
Tomas Benjamin Sofia Belen Ruiz,Diaz,0,Apoyo familiar,Pública,359.0
María Claudia,Bonilla,0,Otro,Pública,248.41
Ing. Gloria,Gallardo,1,Otro,Privada,231.6
Ing. Gloria,Gallardo,1,Apoyo familiar,Privada,374.05
Ing. Gloria,Gallardo,1,Beca,Privada,458.5
Mamen,Miguel,0,Trabajo,Pública,173.64
María Naranjo,Montoya,0,Apoyo familiar,Pública,258.8
Marta Lucía Salazar,Mora,1,Trabajo,Privada,221.76
Marta Lucía Salazar,Mora,1,Beca,Privada,510.67
Dora Vera,Pablo,0,Apoyo familiar,Pública,504.01
Reyes Casanovas,Sanchez,0,Apoyo familiar,Pública,445.8
Lorena,Riascos,0,Crédito educativo,Pública,160.16
Lorena,Riascos,0,Apoyo familiar,Pública,426.86
Helena Gloria Vega,Cintrón,0,Apoyo familiar,Privada,1102.05
Sr(a). Santino,Gutierrez,0,Apoyo familiar,Pública,350.62
María Elena Berta Contreras,Pizarro,0,Apoyo familiar,Pública,260.07
Catalina Flores,Fernandez,0,Apoyo familiar,Pública,422.42
Araceli,Negrón,0,Otro,Pública,389.43
Araceli,Negrón,0,Apoyo familiar,Pública,279.58
Dr(a). Luna,Nuñez,0,Trabajo,Pública,254.28
Luciano,Duarte,0,Apoyo familiar,Privada,741.57
Felipe Juan Ignacio,Vega,0,Apoyo familiar,Pública,372.56
Ing. Caridad,Galindo,0,Apoyo familiar,Privada,403.53
Martina,Fernandez,0,Otro,Privada,407.62
Karen Adriana,González,0,Apoyo familiar,Pública,329.71
Lina,González,0,Apoyo familiar,Privada,377.27
Jesús Mauricio,Mercado,0,Crédito educativo,Pública,292.07
Jesús Mauricio,Mercado,0,Otro,Pública,352.34
Jesús Mauricio,Mercado,0,Apoyo familiar,Pública,333.2
Lic. Amanda,Magaña,0,Trabajo,Pública,247.49
Lic. Amanda,Magaña,0,Otro,Pública,388.53
Lic. Amanda,Magaña,0,Apoyo familiar,Pública,273.3
Andrea Eliana Rodríguez,Vásquez,1,Trabajo,Privada,195.18
Andrea Eliana Rodríguez,Vásquez,1,Otro,Privada,202.99
Andrea Eliana Rodríguez,Vásquez,1,Beca,Privada,505.56
Horacio Teruel,Menendez,0,Trabajo,Pública,337.93
Horacio Teruel,Menendez,0,Apoyo familiar,Pública,377.3
Sofia Belen Agustin Muñoz,Juarez,0,Crédito educativo,Pública,320.3
Sofia Belen Agustin Muñoz,Juarez,0,Apoyo familiar,Pública,204.34
Lic. María del Carmen,Rangel,0,Apoyo familiar,Pública,339.51
Augusto Sofía Parra,Ontiveros,0,Apoyo familiar,Pública,333.94
Ivonne,Toledo,0,Otro,Pública,255.03
Ivonne,Toledo,0,Apoyo familiar,Pública,294.58
Paulina Lobato,Borrego,0,Trabajo,Pública,246.82
Paulina Lobato,Borrego,0,Apoyo familiar,Pública,444.92
Reina Mares,Valentín,1,Apoyo familiar,Privada,446.05
Reina Mares,Valentín,1,Beca,Privada,375.46
Anselma de,Baena,0,Trabajo,Pública,252.9
Nadia,Almaraz,0,Crédito educativo,Pública,283.46
Carolina de,Llopis,0,Crédito educativo,Pública,356.44
Ricardo María,Bravo,0,Apoyo familiar,Pública,385.29
William Rincón,Saavedra,0,Apoyo familiar,Privada,918.06
Juan Rodríguez,Silva,0,Trabajo,Privada,259.58
Juan Rodríguez,Silva,0,Otro,Privada,222.23
Juan Rodríguez,Silva,0,Apoyo familiar,Privada,678.25
Catalina Giovanni Rojas,Garcia,0,Trabajo,Pública,225.4
Catalina Giovanni Rojas,Garcia,0,Otro,Pública,266.03
Augusto Cristian Maldonado,Pantoja,0,Trabajo,Pública,280.99
Augusto Cristian Maldonado,Pantoja,0,Apoyo familiar,Pública,266.58
Sessa Melgar,Durán,0,Apoyo familiar,Pública,250.93
Eustaquio Porta,Cabeza,0,Apoyo familiar,Pública,337.56
Adriana Valencia,Rivera,0,Crédito educativo,Pública,262.94
Adriana Valencia,Rivera,0,Apoyo familiar,Pública,474.8
Cosme Heras,Guzmán,0,Crédito educativo,Pública,283.03
Dr(a). Santino Agustin,Perez,0,Apoyo familiar,Pública,441.37
Jaime Andrés Gómez,Barrera,0,Apoyo familiar,Pública,432.81
Leonel,Cadenas-Hoz,0,Otro,Pública,201.59
Leonel,Cadenas-Hoz,0,Apoyo familiar,Pública,505.39
Raquel Lorenzo Ramírez,Botello,0,Apoyo familiar,Pública,393.02
José Luis Paola de la,Garza,0,Crédito educativo,Pública,340.1
José Luis Paola de la,Garza,0,Apoyo familiar,Pública,299.12
Lic. Pilar,Razo,0,Otro,Pública,429.95
Santos Sobrino,Mancebo,1,Trabajo,Privada,319.83
Santos Sobrino,Mancebo,1,Apoyo familiar,Privada,532.34
Santos Sobrino,Mancebo,1,Beca,Privada,503.04
Ana María Rosario,Laboy,0,Apoyo familiar,Pública,397.14
Jhan Benítez,Rojas,0,Apoyo familiar,Pública,391.21
Ana,Lozano,0,Trabajo,Pública,206.95
Ana,Lozano,0,Otro,Pública,250.96
Arsenio Hector Casado,Chaves,0,Trabajo,Privada,284.9
Alberto Mora,Meneses,0,Apoyo familiar,Pública,361.71
Evelio,Toro,0,Otro,Pública,424.99
Vanessa Cecilia Rojas,Bustos,0,Apoyo familiar,Pública,371.14
Tania,Hernández,0,Crédito educativo,Privada,318.68
Tania,Hernández,0,Otro,Privada,466.74
Juanita Adela Agustí,Durán,1,Apoyo familiar,Privada,596.11
Juanita Adela Agustí,Durán,1,Beca,Privada,535.91
Dr(a). Paulina,Rojas,0,Otro,Pública,342.18
Dr(a). Paulina,Rojas,0,Apoyo familiar,Pública,281.45
Ale del,Casal,0,Apoyo familiar,Pública,418.35
Arley Mosquera,Díaz,0,Apoyo familiar,Pública,306.48
Jerónimo Pellicer,Ferrando,0,Trabajo,Pública,199.6
Delfina Gonzalez,Garcia,0,Trabajo,Pública,212.1
Delfina Gonzalez,Garcia,0,Otro,Pública,327.46
Delfina Gonzalez,Garcia,0,Apoyo familiar,Pública,379.57
María Viviana Suárez,Becerra,0,Apoyo familiar,Pública,413.92
Jos,Arce,0,Trabajo,Pública,204.61
Jos,Arce,0,Apoyo familiar,Pública,458.34
Joaquín Guillermo Rojas,Ramírez,0,Apoyo familiar,Pública,395.21
Tiziana Ortiz,Aguirre,0,Trabajo,Privada,301.53
Tiziana Ortiz,Aguirre,0,Apoyo familiar,Privada,426.53
Ing. Raúl del,Río,0,Apoyo familiar,Pública,417.24
Belen,Bas-Castejón,0,Trabajo,Pública,195.4
Belen,Bas-Castejón,0,Apoyo familiar,Pública,413.97
Carmenza Dora Castro,Miranda,0,Apoyo familiar,Pública,362.55
María Luisa del,Santiago,0,Trabajo,Pública,277.66
María Luisa del,Santiago,0,Crédito educativo,Pública,229.46
María Luisa del,Santiago,0,Apoyo familiar,Pública,315.23
Miguela Azorin,Moraleda,0,Apoyo familiar,Pública,393.18
Victoria,Peralta,0,Otro,Pública,265.61
Guadalupe,Coronel,0,Apoyo familiar,Privada,358.86
Germán Peres,Tejada,0,Trabajo,Privada,280.89
Germán Peres,Tejada,0,Apoyo familiar,Privada,595.55
Benjamin Santiago Rodriguez,Silva,0,Apoyo familiar,Pública,388.18
Onofre del,Benavente,0,Apoyo familiar,Pública,401.34
Daniel Isaac,Márquez,0,Apoyo familiar,Pública,404.35
Alberto Tena,Rosales,1,Apoyo familiar,Privada,403.25
Alberto Tena,Rosales,1,Beca,Privada,548.5
Rosalva,Múñiz-Ibáñez,1,Apoyo familiar,Privada,525.95
Rosalva,Múñiz-Ibáñez,1,Beca,Privada,257.69
Mario Griego,Molina,0,Trabajo,Pública,188.23
Mario Griego,Molina,0,Apoyo familiar,Pública,432.53
Loreto Guzmán,Beltran,0,Trabajo,Privada,283.54
Loreto Guzmán,Beltran,0,Crédito educativo,Privada,282.46
Lucía Silva,Rodriguez,0,Apoyo familiar,Pública,319.94
Gonzalo Millán,Bas,0,Apoyo familiar,Pública,396.76
Margarita Baca,Madera,0,Otro,Pública,228.48
Margarita Baca,Madera,0,Crédito educativo,Pública,307.52
Santino Rodriguez,Rodriguez,1,Apoyo familiar,Privada,572.18
Santino Rodriguez,Rodriguez,1,Beca,Privada,540.53
Catalina,Cardozo,0,Apoyo familiar,Pública,344.0
Ing. Adalberto,Rendón,1,Apoyo familiar,Privada,441.5
Ing. Adalberto,Rendón,1,Beca,Privada,551.38
Violeta,Lucero,0,Apoyo familiar,Privada,801.24
Modesta Amo,Santiago,0,Apoyo familiar,Pública,433.64
Luz María Forero,Vega,0,Trabajo,Pública,184.39
Luz María Forero,Vega,0,Apoyo familiar,Pública,399.43
Dr. Teodoro,Saucedo,0,Trabajo,Pública,316.45
Dr. Teodoro,Saucedo,0,Crédito educativo,Pública,323.21
Camilo Nelson,Marín,0,Apoyo familiar,Pública,433.98
Alvaro Ana María,Cavazos,0,Apoyo familiar,Pública,498.6
Alfonso Arango,Mosquera,0,Trabajo,Pública,301.19
Alfonso Arango,Mosquera,0,Apoyo familiar,Pública,374.96
Mariano Horacio,Zavala,0,Apoyo familiar,Pública,424.13
Manuel,Rodríguez,0,Crédito educativo,Pública,308.69
Eva Sarabia,Valdivia,0,Apoyo familiar,Pública,352.91
Fabiola Ferrán,Fonseca,0,Apoyo familiar,Pública,331.63
Jacinto Esparza,Rolón,0,Apoyo familiar,Pública,460.17
Dr(a). Mia Jazmin,Ortiz,0,Apoyo familiar,Pública,293.49
Camilo,Pérez,0,Trabajo,Pública,326.62
Camilo,Pérez,0,Otro,Pública,478.45
Camilo,Pérez,0,Apoyo familiar,Pública,252.67
Guillermina Ayala,Godoy,1,Apoyo familiar,Privada,470.88
Guillermina Ayala,Godoy,1,Beca,Privada,487.76
Sofía,Gallardo,0,Apoyo familiar,Pública,399.67
Isabel,Núñez,0,Apoyo familiar,Pública,413.27
Dulce María,Aguayo,0,Apoyo familiar,Privada,433.22
María,Gómez,0,Apoyo familiar,Pública,364.34
Espiridión Sacristán,Ferreras,0,Otro,Pública,403.26
Tulia,Ramírez,0,Apoyo familiar,Pública,315.75
Sandra Muñoz,Pérez,1,Otro,Privada,250.21
Sandra Muñoz,Pérez,1,Beca,Privada,421.09
Elsa Agustín del,Valle,0,Apoyo familiar,Pública,443.32
María Ruth,Rivera,0,Otro,Pública,394.59
María Ruth,Rivera,0,Apoyo familiar,Pública,298.82
Clementina Mayol,Sastre,0,Trabajo,Pública,225.73
José Emilio Virginia de la Torre,Soto,0,Apoyo familiar,Pública,436.92
Juan Ignacio Cruz,Fernandez,0,Trabajo,Pública,334.25
Juan Ignacio Cruz,Fernandez,0,Otro,Pública,336.55
Óscar José María,Noriega,0,Apoyo familiar,Pública,288.89
Elmer Vargas,Gómez,0,Apoyo familiar,Pública,418.37
Mtro. Conchita,Menchaca,0,Apoyo familiar,Pública,388.4
Sonia Lemus,Castro,0,Apoyo familiar,Privada,551.49
Ian Benjamin Martín,Arias,0,Trabajo,Pública,316.54
Ian Benjamin Martín,Arias,0,Crédito educativo,Pública,350.79
José Manuel Pons,Verdú,0,Trabajo,Pública,274.99
José Manuel Pons,Verdú,0,Apoyo familiar,Pública,291.54
Rafael Juan Amaya,Silva,0,Apoyo familiar,Pública,595.81
Agustin,Nuñez,0,Trabajo,Pública,194.84
Damián,Franco,0,Apoyo familiar,Privada,853.12
Camila Julieta,Paez,0,Crédito educativo,Pública,200.72
Camila Julieta,Paez,0,Apoyo familiar,Pública,388.41
Florencia Paulina Bravo,Cervantes,0,Apoyo familiar,Privada,506.43
Iván Juan Antonio Ortiz,Grau,0,Trabajo,Pública,288.26
Loida Navarrete,Rojas,0,Otro,Privada,215.6
Loida Navarrete,Rojas,0,Apoyo familiar,Privada,600.12
Lorenzo,Torres,0,Trabajo,Pública,246.3
Lorenzo,Torres,0,Crédito educativo,Pública,272.9
Lorenzo,Torres,0,Apoyo familiar,Pública,364.29
Victoria Benjamin Benitez,Perez,0,Otro,Pública,464.29
Victoria Benjamin Benitez,Perez,0,Crédito educativo,Pública,319.92
Victoria Benjamin Benitez,Perez,0,Apoyo familiar,Pública,407.75
Xiomara Blanca,Mariño,0,Otro,Pública,465.83
Xiomara Blanca,Mariño,0,Apoyo familiar,Pública,364.04
Danilo,Cabello-Carrasco,1,Otro,Privada,285.96
Danilo,Cabello-Carrasco,1,Apoyo familiar,Privada,411.98
Danilo,Cabello-Carrasco,1,Beca,Privada,455.3
Alma Fonseca,Múgica,0,Otro,Pública,454.22
Fidel Hermelinda Laureano,Espino,0,Apoyo familiar,Pública,338.46
Mtro. Abril,Luna,0,Apoyo familiar,Pública,354.02
Stiven Diego,Parra,1,Trabajo,Privada,267.15
Stiven Diego,Parra,1,Crédito educativo,Privada,318.51
Stiven Diego,Parra,1,Apoyo familiar,Privada,425.78
Stiven Diego,Parra,1,Beca,Privada,383.28
Montserrat Vila,Company,0,Apoyo familiar,Pública,338.22
Francisco Lautaro Ezequiel,Herrera,0,Trabajo,Pública,172.57
Alma,Rodriguez,0,Crédito educativo,Pública,270.53
Alma,Rodriguez,0,Apoyo familiar,Pública,331.79
Lorena,Fuentes,0,Apoyo familiar,Pública,335.81
Elena,Gonzalez,0,Otro,Pública,491.92
Dr. Hilda,Aguirre,0,Apoyo familiar,Pública,231.65
Alma Ciro Castillo,Ruiz,0,Trabajo,Pública,226.86
Alma Ciro Castillo,Ruiz,0,Crédito educativo,Pública,263.24
William Julián,Gómez,0,Trabajo,Pública,302.59
William Julián,Gómez,0,Crédito educativo,Pública,239.1
William Julián,Gómez,0,Apoyo familiar,Pública,297.23
Isabel Raquel,Zavala,0,Apoyo familiar,Pública,323.76
Sofia,Alvarez,0,Trabajo,Pública,220.99
Agustin Ignacio,Soto,0,Crédito educativo,Pública,382.16
Andrea Gladys,Díaz,0,Trabajo,Pública,193.07
Andrea Gladys,Díaz,0,Apoyo familiar,Pública,324.35
Santiago Rodriguez,Soto,0,Trabajo,Pública,266.6
Martha Sofía García,Martínez,1,Otro,Privada,246.48
Martha Sofía García,Martínez,1,Apoyo familiar,Privada,454.27
Martha Sofía García,Martínez,1,Beca,Privada,406.74
Fernando Reig,Portillo,0,Trabajo,Pública,207.58
Fernando Reig,Portillo,0,Crédito educativo,Pública,381.12
Catalina Terán,Peralta,0,Apoyo familiar,Pública,370.68
Francesca Barrios,Diaz,0,Crédito educativo,Pública,314.19
Magdalena Wendolin Roldán,Covarrubias,0,Apoyo familiar,Pública,276.27
Tatiana Nubia Castro,Rodríguez,0,Trabajo,Pública,191.72
Tatiana Nubia Castro,Rodríguez,0,Apoyo familiar,Pública,365.46
Andrea,Ozuna,0,Apoyo familiar,Pública,250.51
Mtro. Rebeca,Salas,0,Apoyo familiar,Pública,409.26
Dante,Ponce,1,Apoyo familiar,Privada,407.78
Dante,Ponce,1,Beca,Privada,427.63
Javier Marco Mercado,Giraldo,0,Trabajo,Pública,295.77
Javier Marco Mercado,Giraldo,0,Otro,Pública,217.09
Felix,Duarte,0,Apoyo familiar,Privada,374.97
Olivia,Dominguez,0,Trabajo,Pública,133.9
Octavia Arranz,Heras,0,Trabajo,Pública,277.09
Octavia Arranz,Heras,0,Apoyo familiar,Pública,466.18
Soledad Pablo Lovato,Barrera,0,Trabajo,Pública,306.47
Lilia,Uribe,0,Apoyo familiar,Pública,412.05
Angélica Calzada,Vargas,0,Otro,Pública,361.41
Daniel Muñoz,Mora,0,Apoyo familiar,Privada,570.1
Bautista Ledesma,Cardozo,0,Trabajo,Pública,236.06
Bautista Ledesma,Cardozo,0,Apoyo familiar,Pública,414.37
Thiago Valentin Ian Ruiz,Gonzalez,0,Apoyo familiar,Pública,353.66
Fernando Simó,Tormo,0,Trabajo,Pública,179.74
Fernando Simó,Tormo,0,Otro,Pública,344.95
Catalina Ferreyra,Vera,0,Trabajo,Pública,335.21
Agustin Victoria,Lopez,0,Crédito educativo,Pública,274.53
Armida Carmen Mariscal,Casanova,0,Crédito educativo,Privada,362.15
Bautista Paulina,Peralta,0,Crédito educativo,Pública,283.61
Bautista Paulina,Peralta,0,Apoyo familiar,Pública,449.31
Jorge,Domínguez,0,Apoyo familiar,Pública,316.7
Zeferino Tejada,Gálvez,0,Apoyo familiar,Privada,313.58
Luana Correa,Moreno,0,Crédito educativo,Pública,270.51
Luana Correa,Moreno,0,Apoyo familiar,Pública,375.35
Nuria Mendez,Saldaña,1,Trabajo,Privada,263.1
Nuria Mendez,Saldaña,1,Otro,Privada,373.79
Nuria Mendez,Saldaña,1,Apoyo familiar,Privada,710.4
Nuria Mendez,Saldaña,1,Beca,Privada,387.16
Adela Amanda Pi,Franch,1,Apoyo familiar,Privada,287.02
Adela Amanda Pi,Franch,1,Beca,Privada,534.8
Evelio Elvira Bustos,Alemán,1,Trabajo,Privada,260.84
Evelio Elvira Bustos,Alemán,1,Otro,Privada,255.58
Evelio Elvira Bustos,Alemán,1,Beca,Privada,322.21
Juan Sebastian Romero,Lopez,0,Apoyo familiar,Pública,300.47
Valero de,Diez,0,Apoyo familiar,Pública,313.23
Linda Sepúlveda,Cardenas,0,Apoyo familiar,Pública,412.94
Julio Juan,Rojas,0,Crédito educativo,Pública,233.71
Julio Juan,Rojas,0,Apoyo familiar,Pública,366.15
Juan Ignacio,Diaz,0,Crédito educativo,Pública,373.08
Juan Ignacio,Diaz,0,Apoyo familiar,Pública,314.86
Juan Diego,Ruiz,0,Apoyo familiar,Pública,302.46
Malena Bautista,Maldonado,0,Otro,Pública,367.04
Malena Bautista,Maldonado,0,Apoyo familiar,Pública,382.91
María,Torres,1,Otro,Privada,252.54
María,Torres,1,Beca,Privada,310.54
Argemiro Luis Lozano,Cerón,0,Apoyo familiar,Pública,398.81
Barbara Ruby Meléndez,Oquendo,0,Apoyo familiar,Pública,325.33
Delia Teresa Matías,Rosario,0,Otro,Pública,278.97
Delia Teresa Matías,Rosario,0,Apoyo familiar,Pública,388.11
Agustina Sanchez,Piñeiro,0,Apoyo familiar,Pública,438.36
Ing. Adán,Gonzales,0,Trabajo,Privada,218.13
Ing. Adán,Gonzales,0,Crédito educativo,Privada,327.5
Ing. Adán,Gonzales,0,Apoyo familiar,Privada,291.51
Purificación Viviana Casanova,Mendizábal,0,Crédito educativo,Privada,264.92
Purificación Viviana Casanova,Mendizábal,0,Otro,Privada,476.22
Federico,Bétancourt,0,Apoyo familiar,Pública,297.89
Glauco Valenzuela,Martin,0,Apoyo familiar,Pública,304.63
José Manuél Emilia,Archuleta,1,Crédito educativo,Privada,256.03
José Manuél Emilia,Archuleta,1,Apoyo familiar,Privada,484.02
José Manuél Emilia,Archuleta,1,Beca,Privada,507.27
Lic. Isaac,Cervantes,0,Apoyo familiar,Pública,308.04
Armando Fabio,Guzmán,1,Apoyo familiar,Privada,536.66
Armando Fabio,Guzmán,1,Beca,Privada,201.64
Gonzalo Francisco Ponce,Romero,0,Apoyo familiar,Pública,319.38
Sr(a). Wendolin,Guzmán,0,Crédito educativo,Pública,370.3
Sr(a). Wendolin,Guzmán,0,Otro,Pública,251.21
Lic. Nicolás,Medina,0,Apoyo familiar,Pública,366.73
Sonia,Aguayo,1,Apoyo familiar,Privada,282.16
Sonia,Aguayo,1,Beca,Privada,503.31
Anastasia Fernández,Azorin,0,Trabajo,Privada,260.77
Anastasia Fernández,Azorin,0,Apoyo familiar,Privada,428.15
Carmen Aurora,Delgadillo,0,Apoyo familiar,Pública,350.77
Natividad Arcelia,Polanco,1,Trabajo,Privada,252.82
Natividad Arcelia,Polanco,1,Otro,Privada,331.45
Natividad Arcelia,Polanco,1,Beca,Privada,351.79
Mateo Santiago Flores,Juarez,0,Apoyo familiar,Pública,370.78
Fabián,Bolaños,1,Trabajo,Privada,172.34
Fabián,Bolaños,1,Crédito educativo,Privada,281.91
Fabián,Bolaños,1,Beca,Privada,426.8
Mauricio Arcelia Murillo,Otero,0,Trabajo,Pública,205.33
Agustin Ciro,Cabrera,0,Apoyo familiar,Pública,321.42
Tobias Geronimo,Gonzalez,0,Crédito educativo,Pública,232.2
Ian,Navarro,0,Crédito educativo,Pública,273.0
Ian,Navarro,0,Apoyo familiar,Pública,439.01
Yaneth Díaz,Flórez,0,Trabajo,Pública,223.23
Jorge Julio Ramos,Quintero,0,Crédito educativo,Pública,321.51
Jorge Julio Ramos,Quintero,0,Apoyo familiar,Pública,299.59
Felipe Santiago,Gonzalez,0,Apoyo familiar,Pública,407.31
Diego Camilo Medina,Villamizar,0,Crédito educativo,Pública,341.13
Diego Camilo Medina,Villamizar,0,Apoyo familiar,Pública,526.26
Julieta,Olivera,0,Trabajo,Privada,241.22
Vicenta Arias,Casanova,0,Trabajo,Pública,283.43
Vicenta Arias,Casanova,0,Apoyo familiar,Pública,358.0
Sr(a). Santiago,Benitez,0,Apoyo familiar,Pública,445.74
Alfonso Mauricio,Pacheco,0,Apoyo familiar,Privada,779.17
Ángeles Rodrigo,Huerta,0,Crédito educativo,Pública,344.7
Aldo,Nájera,0,Apoyo familiar,Pública,341.88
Eladio Sarabia,Colom,0,Apoyo familiar,Pública,364.18
Karen Delia Sepúlveda,Rodríguez,0,Apoyo familiar,Pública,356.94
Gisela Bernat,Villegas,0,Trabajo,Pública,262.61
Gisela Bernat,Villegas,0,Apoyo familiar,Pública,342.6
Daniel,Ponce,1,Trabajo,Privada,260.74
Daniel,Ponce,1,Apoyo familiar,Privada,646.68
Daniel,Ponce,1,Beca,Privada,492.34
César,Lozano,0,Trabajo,Pública,266.57
César,Lozano,0,Apoyo familiar,Pública,393.82
Dr(a). Abril,Cardozo,0,Apoyo familiar,Pública,286.97
Maximino Ocaña,Clavero,1,Otro,Privada,489.01
Maximino Ocaña,Clavero,1,Beca,Privada,586.09
Antonia Alejandra Álvarez,Ospino,0,Trabajo,Pública,323.63
Catalina Ramos,Ramirez,0,Apoyo familiar,Pública,277.56
Maria Paz Joaquin Torres,Vega,1,Apoyo familiar,Privada,394.2
Maria Paz Joaquin Torres,Vega,1,Beca,Privada,395.16
Dulce,Sandoval,0,Trabajo,Pública,210.03
Dulce,Sandoval,0,Apoyo familiar,Pública,421.3
Margarita Garcia,Estevez,0,Apoyo familiar,Pública,318.33
Dulce Espinosa,Huerta,1,Trabajo,Privada,282.02
Dulce Espinosa,Huerta,1,Crédito educativo,Privada,288.57
Dulce Espinosa,Huerta,1,Beca,Privada,414.81
Lucía,Morales,0,Crédito educativo,Pública,231.14
Lucía,Morales,0,Otro,Pública,350.46
Guadalupe Briones,Ocasio,0,Otro,Pública,274.0
Amílcar,Nogués-Andreu,0,Otro,Pública,425.35
Amílcar,Nogués-Andreu,0,Apoyo familiar,Pública,325.3
Mercedes,Campos,0,Apoyo familiar,Pública,383.48
Eliseo Aguilar,Arnaiz,0,Crédito educativo,Pública,391.26
Juan Carlos,Aguilar,0,Trabajo,Privada,202.55
Juan Carlos,Aguilar,0,Apoyo familiar,Privada,664.13
Dr(a). Paula,Herrera,0,Apoyo familiar,Pública,416.76
Enrique Carrillo,Herrera,0,Trabajo,Pública,238.17
Enrique Carrillo,Herrera,0,Apoyo familiar,Pública,440.8
Nelcy Nelly Rivera,Martínez,0,Otro,Pública,281.49
Roberto José,Polo,0,Trabajo,Privada,224.89
Roberto José,Polo,0,Crédito educativo,Privada,270.43
Benjamin Juan Ignacio,Pereyra,0,Trabajo,Pública,208.19
María Cristina Serafín Roldán,Serrato,0,Apoyo familiar,Privada,307.26
Benjamin Luca,Acuña,0,Apoyo familiar,Pública,367.09
Valentina,Arboleda,0,Otro,Pública,286.38
David Jairo Mena,Alzate,0,Crédito educativo,Pública,185.26
David Jairo Mena,Alzate,0,Apoyo familiar,Pública,346.29
Saúl Ibarra,Acosta,0,Apoyo familiar,Pública,254.66
Emilia Ferrero,Clemente,0,Apoyo familiar,Pública,490.68
Jose Ramón Bonet,Mata,0,Trabajo,Pública,295.57
Jose Ramón Bonet,Mata,0,Otro,Pública,303.19
Kiara Ivan,Suarez,0,Apoyo familiar,Pública,410.66
Eric David,Burgos,0,Otro,Pública,479.47
Eric David,Burgos,0,Apoyo familiar,Pública,369.01
Otilia Andres,Cueto,0,Trabajo,Pública,313.62
Otilia Andres,Cueto,0,Crédito educativo,Pública,343.95
Otilia Andres,Cueto,0,Apoyo familiar,Pública,377.77
Brayan Torres,Muñoz,0,Crédito educativo,Pública,200.71
Brayan Torres,Muñoz,0,Otro,Pública,203.24
Brayan Torres,Muñoz,0,Apoyo familiar,Pública,384.13
Vicente Ayala,Godoy,0,Crédito educativo,Pública,330.38
Vicente Ayala,Godoy,0,Apoyo familiar,Pública,366.74
Violeta Romero,Martinez,0,Crédito educativo,Pública,245.28
Florinda Pizarro,Rueda,0,Trabajo,Pública,198.6
Florinda Pizarro,Rueda,0,Apoyo familiar,Pública,347.12
Francisco Javier Camilo,López,0,Apoyo familiar,Pública,366.1
Arsenio Nieto,Fabra,0,Apoyo familiar,Pública,308.42
Flor,Castejón-Millán,1,Apoyo familiar,Privada,540.83
Flor,Castejón-Millán,1,Beca,Privada,542.99
Sr(a). Josefina,Luna,0,Crédito educativo,Pública,315.47
Luisa,Maya,0,Crédito educativo,Pública,225.49
Luisa,Maya,0,Apoyo familiar,Pública,396.07
Beatriz Agudelo,Torres,0,Apoyo familiar,Pública,340.28
Mateo Benjamin Medina,Fernandez,0,Trabajo,Pública,154.61
Mateo Benjamin Medina,Fernandez,0,Apoyo familiar,Pública,295.69
Tatiana Ángela Agudelo,Sánchez,0,Apoyo familiar,Pública,321.78
Esther Esmeralda Vallés,Casal,0,Trabajo,Pública,344.38
Víctor Alberto Jiménez,Parada,0,Trabajo,Pública,277.83
Víctor Alberto Jiménez,Parada,0,Apoyo familiar,Pública,257.9
Calista Galvez,Gomila,1,Apoyo familiar,Privada,547.08
Calista Galvez,Gomila,1,Beca,Privada,287.75
Tiburcio Torrent,Pou,0,Apoyo familiar,Pública,387.35
Aleida Vásquez,Quintero,0,Trabajo,Privada,271.67
Aleida Vásquez,Quintero,0,Otro,Privada,308.77
Aleida Vásquez,Quintero,0,Apoyo familiar,Privada,464.64
Matilda Francesca Pereyra,Garcia,0,Apoyo familiar,Pública,315.46
Lic. Beatriz,Ceja,0,Crédito educativo,Pública,362.3
Lic. Beatriz,Ceja,0,Apoyo familiar,Pública,245.42
Miriam,Blanco,0,Apoyo familiar,Pública,151.97
Dante Simon,Suarez,1,Apoyo familiar,Privada,449.81
Dante Simon,Suarez,1,Beca,Privada,465.82
Esteban Elsa,Aguirre,1,Trabajo,Privada,274.22
Esteban Elsa,Aguirre,1,Apoyo familiar,Privada,536.38
Esteban Elsa,Aguirre,1,Beca,Privada,344.56
Ruth Candelaria,Sánchez,0,Apoyo familiar,Pública,194.33
Gabriel Catalina,Bravo,1,Apoyo familiar,Privada,524.51
Gabriel Catalina,Bravo,1,Beca,Privada,478.56
Caridad Serrato,Mireles,1,Apoyo familiar,Privada,488.21
Caridad Serrato,Mireles,1,Beca,Privada,379.54
Lucía Lola,Gonzalez,1,Apoyo familiar,Privada,548.9
Lucía Lola,Gonzalez,1,Beca,Privada,398.76
Minerva,Madrid,0,Apoyo familiar,Pública,471.47
Yuridia,Burgos,0,Crédito educativo,Pública,329.95
Yuridia,Burgos,0,Apoyo familiar,Pública,342.33
Victoria,Ferreyra,0,Trabajo,Pública,214.67
Victoria,Ferreyra,0,Crédito educativo,Pública,316.0
Victoria,Ferreyra,0,Apoyo familiar,Pública,287.13
Luz,García,0,Apoyo familiar,Pública,366.72
Sr(a). Benjamin,Silva,0,Apoyo familiar,Pública,386.91
Juliana Catalina Luna,Alvarez,0,Apoyo familiar,Pública,341.41
Franco Santino Rodriguez,Bustos,0,Crédito educativo,Pública,262.18
Franco Santino Rodriguez,Bustos,0,Apoyo familiar,Pública,197.72
Alejandra,Orta,0,Apoyo familiar,Privada,604.9
Maximo Nuñez,Vera,0,Crédito educativo,Privada,324.2
Narciso,Carpio,1,Apoyo familiar,Privada,533.71
Narciso,Carpio,1,Beca,Privada,277.29
Dr. Abigail,Vaca,0,Apoyo familiar,Pública,447.23
Juan Ignacio Valentino Diaz,Lopez,0,Trabajo,Pública,235.57
Juan Ignacio Valentino Diaz,Lopez,0,Apoyo familiar,Pública,295.68
María,González,0,Apoyo familiar,Pública,472.78
Horacio Juan,Rendón,1,Trabajo,Privada,207.16
Horacio Juan,Rendón,1,Beca,Privada,374.56
Eutimio de,Vives,1,Apoyo familiar,Privada,511.31
Eutimio de,Vives,1,Beca,Privada,441.54
Carlos Mauricio Álvarez,Vallejo,0,Trabajo,Pública,232.52
Carlos Mauricio Álvarez,Vallejo,0,Apoyo familiar,Pública,355.84
Nubia Vanessa Gómez,Gómez,0,Crédito educativo,Pública,268.24
Nubia Vanessa Gómez,Gómez,0,Otro,Pública,350.73
Nubia Vanessa Gómez,Gómez,0,Apoyo familiar,Pública,374.11
Esmeralda Cecilia Zarate,Urías,0,Apoyo familiar,Pública,376.33
Mtro. Germán,Cazares,0,Trabajo,Pública,237.2
Nicolas Perez,Ferreyra,0,Apoyo familiar,Pública,454.91
María Eugenia,Botello,0,Apoyo familiar,Pública,450.82
Marcos Sánchez,Ramírez,1,Trabajo,Privada,323.22
Marcos Sánchez,Ramírez,1,Crédito educativo,Privada,266.3
Marcos Sánchez,Ramírez,1,Apoyo familiar,Privada,686.15
Marcos Sánchez,Ramírez,1,Beca,Privada,455.58
Edith Blanca Jaimes,Molina,0,Apoyo familiar,Pública,405.67
Cristian,Mata,0,Apoyo familiar,Pública,389.96
Benjamin,Juarez,0,Apoyo familiar,Pública,367.56
Bernabé,Canet-Ramírez,0,Apoyo familiar,Pública,338.92
Micaela Borrell,Parejo,1,Crédito educativo,Privada,372.03
Micaela Borrell,Parejo,1,Beca,Privada,438.03
Carlos,Bautista,0,Trabajo,Pública,286.61
Luz,Gonzáles,0,Apoyo familiar,Pública,336.5
Bernardo,Castañeda,0,Trabajo,Pública,282.73
Bernardo,Castañeda,0,Crédito educativo,Pública,271.6
Mtro. Rolando,Saiz,0,Apoyo familiar,Pública,522.67
Febe,Luján,0,Apoyo familiar,Pública,166.73
Yésica Andrea,Monroy,0,Apoyo familiar,Pública,400.59
Lautaro Thiago Nicolas,Martin,0,Otro,Pública,297.56
Lautaro Thiago Nicolas,Martin,0,Apoyo familiar,Pública,344.49
Mia,Perez,0,Apoyo familiar,Pública,386.24
Claudio José María,Vanegas,0,Apoyo familiar,Pública,289.99
Matilde,Henao,1,Apoyo familiar,Privada,652.66
Matilde,Henao,1,Beca,Privada,595.81
Ruth Laura Cruz,Mendoza,0,Otro,Pública,320.06
Ruth Laura Cruz,Mendoza,0,Apoyo familiar,Pública,305.88
César Fernando Osorio,Ibarra,0,Apoyo familiar,Pública,417.93
Teresa Asunción Magaña,Palomo,0,Trabajo,Pública,332.47
Teresa Asunción Magaña,Palomo,0,Otro,Pública,406.41
Teresa Asunción Magaña,Palomo,0,Apoyo familiar,Pública,388.13
Yolanda María,Moreno,0,Apoyo familiar,Pública,272.19
Lucio Barceló,Blazquez,0,Apoyo familiar,Pública,310.78
Rubén José Núñez,Buitrago,0,Trabajo,Pública,198.57
Rubén José Núñez,Buitrago,0,Apoyo familiar,Pública,197.84
Miriam,Serrato,0,Apoyo familiar,Pública,445.62
Adoración Falcón,Aguilar,0,Apoyo familiar,Pública,328.25
Dr(a). Emma,Ponce,0,Otro,Pública,325.44
Jacinta Carla Zabaleta,Gomila,0,Apoyo familiar,Privada,529.6
Josefina Cepeda,Serrano,0,Apoyo familiar,Pública,368.28
Laura,Rivera,0,Apoyo familiar,Pública,341.74
Claudia Ruth,Roa,0,Trabajo,Pública,212.21
Claudia Ruth,Roa,0,Apoyo familiar,Pública,424.59
Eutimio Jose Antonio Marin,Landa,0,Otro,Pública,248.91
Eutimio Jose Antonio Marin,Landa,0,Apoyo familiar,Pública,324.64
Susana Varela,Orta,0,Trabajo,Pública,224.64
Susana Varela,Orta,0,Apoyo familiar,Pública,309.86
Trinidad Noelia Aranda,Rivas,0,Apoyo familiar,Pública,344.5
Benicio Cabrera,Romero,0,Apoyo familiar,Pública,356.68
María Mabel,Díaz,0,Apoyo familiar,Pública,315.24
Luz,Rincón,0,Apoyo familiar,Pública,325.45
Lola,Corral,0,Apoyo familiar,Pública,345.44
Ian Ezequiel Gonzalez,Vazquez,0,Apoyo familiar,Pública,337.8
Leidy Liliana Morales,Galindo,0,Apoyo familiar,Pública,358.87
Mirian Teresa,Mendoza,0,Apoyo familiar,Pública,303.07
Manuel Abigail Muñoz,Farías,0,Apoyo familiar,Pública,422.12
Erasmo,Arjona,0,Crédito educativo,Pública,305.81
Erasmo,Arjona,0,Apoyo familiar,Pública,316.6
Lucía,Meraz,0,Apoyo familiar,Privada,537.54
Nazario Flor,Tello,0,Trabajo,Pública,246.28
Nazario Flor,Tello,0,Apoyo familiar,Pública,236.2
Laura Esperanza,Vera,0,Apoyo familiar,Pública,396.51
Leonor Mónica Ordóñez,Ceja,0,Trabajo,Pública,199.02
Ruy Almazán,Cases,1,Otro,Privada,471.27
Ruy Almazán,Cases,1,Beca,Privada,440.35
Mónica Adán Granado,Ávila,0,Apoyo familiar,Privada,282.22
Adalberto Daza,Mejía,0,Apoyo familiar,Privada,610.32
Mauricio,Ochoa,0,Crédito educativo,Pública,283.86
Mauricio,Ochoa,0,Otro,Pública,267.82
Dr. Nayeli,Escobar,0,Apoyo familiar,Pública,400.04
Camila Frida Gutiérrez,Portillo,0,Apoyo familiar,Privada,534.86
Benjamín,Sandoval,0,Apoyo familiar,Pública,288.04
Rosa Sonia,Córdova,0,Apoyo familiar,Pública,410.24
César Pacheco,Arellano,0,Trabajo,Pública,231.54
César Pacheco,Arellano,0,Apoyo familiar,Pública,146.97
Margoth Fernanda Garzón,López,0,Trabajo,Pública,231.26
Griselda Zapata,Medina,0,Otro,Pública,358.98
Iván Luis,Roque,0,Apoyo familiar,Pública,240.27
Inmaculada,Aznar,0,Apoyo familiar,Pública,370.98
Marcela Isabel,Romero,0,Apoyo familiar,Pública,267.4
Juan Cruz Isabella,Gonzalez,0,Apoyo familiar,Pública,393.64
Cloe Machado,Suarez,0,Apoyo familiar,Pública,400.6
Fernanda Carmen,Rincón,0,Trabajo,Pública,241.4
Fernanda Carmen,Rincón,0,Apoyo familiar,Pública,338.71
Luis,Camacho,0,Apoyo familiar,Pública,294.25
Jorge Luis Jos Villalpando,Tafoya,0,Apoyo familiar,Privada,358.77
Camila Sandra Flórez,Murcia,0,Trabajo,Pública,334.9
Camila Sandra Flórez,Murcia,0,Otro,Pública,217.0
Sr(a). Alma,Villa,1,Apoyo familiar,Privada,508.87
Sr(a). Alma,Villa,1,Beca,Privada,422.31
Marisela Berta,Benavídez,0,Apoyo familiar,Pública,387.68
Nelson,Cerón,0,Otro,Pública,277.95
Nelson,Cerón,0,Apoyo familiar,Pública,289.93
Dr. Alvaro,Cavazos,0,Apoyo familiar,Pública,333.02
Paulina,Hernádez,1,Apoyo familiar,Privada,347.87
Paulina,Hernádez,1,Beca,Privada,411.54
Daniel Humberto,Vallejo,0,Apoyo familiar,Pública,386.82
Hortensia Zabaleta,Vara,0,Apoyo familiar,Privada,1087.09
Marcelino Lledó,Castelló,0,Trabajo,Pública,231.23
Marcelino Lledó,Castelló,0,Apoyo familiar,Pública,433.39
Magaly,Martínez,0,Otro,Pública,308.14
Miguel Ángel,Tejada,0,Apoyo familiar,Pública,309.22
Isidoro Vergara,Plana,0,Apoyo familiar,Pública,268.27
Sofía,Diaz,0,Apoyo familiar,Privada,587.15
Lucho Gibert,Agullo,0,Apoyo familiar,Pública,414.65
Dr(a). Julieta,Diaz,0,Trabajo,Pública,341.48
Dr(a). Julieta,Diaz,0,Otro,Pública,340.3
Andrea María,Moreno,0,Apoyo familiar,Pública,400.64
Vasco Lobato,Cañas,1,Apoyo familiar,Privada,362.24
Vasco Lobato,Cañas,1,Beca,Privada,575.94
Angélica,Vargas,0,Apoyo familiar,Pública,401.41
Sr(a). Abel,Montenegro,1,Apoyo familiar,Privada,306.22
Sr(a). Abel,Montenegro,1,Beca,Privada,454.88
Andrés Hernando,Caicedo,0,Trabajo,Pública,271.87
Andrés Hernando,Caicedo,0,Apoyo familiar,Pública,416.47
Sara,Lozano,0,Apoyo familiar,Pública,392.09
Eugenia,Rodríguez,0,Crédito educativo,Pública,388.17
Dora Isabel Muñoz,Rodríguez,0,Apoyo familiar,Pública,371.27
Montserrat Jiménez,Fábregas,0,Trabajo,Pública,283.17
Montserrat Jiménez,Fábregas,0,Apoyo familiar,Pública,300.56
Juan Cruz Sofia,Morales,0,Apoyo familiar,Privada,549.47
Tomàs Sebastian,Benitez,0,Trabajo,Pública,230.19
Tomàs Sebastian,Benitez,0,Apoyo familiar,Pública,319.22
Aurelio,Saldivar,0,Apoyo familiar,Pública,414.2
Dulce María del,Valle,0,Otro,Pública,380.95
Dulce María del,Valle,0,Apoyo familiar,Pública,469.21
Lic. Dolores,Lerma,0,Apoyo familiar,Pública,406.6
Ceferino Venceslás Elías,Prado,0,Apoyo familiar,Pública,482.05
Claudio Becerra,Polanco,0,Crédito educativo,Pública,200.6
Claudio Becerra,Polanco,0,Apoyo familiar,Pública,313.81
Verónica,Padrón,0,Apoyo familiar,Pública,300.12
Bernardita,Albero,0,Crédito educativo,Pública,343.29
Fátima Almansa,Canet,0,Apoyo familiar,Pública,277.09
Blas Hurtado,Blanes,0,Trabajo,Pública,287.87
Yudy Carvajal,Mercado,0,Trabajo,Pública,318.53
Yudy Carvajal,Mercado,0,Apoyo familiar,Pública,399.41
Kike Nevado,Blázquez,1,Apoyo familiar,Privada,568.41
Kike Nevado,Blázquez,1,Beca,Privada,385.51
Mauro Ramón,Quiroz,0,Apoyo familiar,Pública,330.53
Isabel Mauro Correa,Guerrero,0,Apoyo familiar,Pública,204.24
Nydia del,Casal,0,Apoyo familiar,Pública,335.96
Aurelio Martin,Calderon,0,Otro,Privada,339.6
Aurelio Martin,Calderon,0,Apoyo familiar,Privada,385.94
Benjamin Francisco,Martinez,0,Trabajo,Pública,345.57
Benicio Emilia,Ayala,0,Apoyo familiar,Pública,274.65
Morena Olivera,Martinez,0,Apoyo familiar,Pública,365.42
Andrés Enrique,Mosquera,1,Otro,Privada,489.59
Andrés Enrique,Mosquera,1,Trabajo,Privada,187.25
Andrés Enrique,Mosquera,1,Beca,Privada,576.18
Marciano Corbacho,Enríquez,0,Trabajo,Pública,347.56
Dr(a). Matias,Peralta,0,Otro,Pública,475.18
Sofía Gonzalo Montero,Cano,0,Crédito educativo,Pública,363.52
Álvaro Junior Arrieta,Amaya,0,Crédito educativo,Pública,235.94
Álvaro Junior Arrieta,Amaya,0,Otro,Pública,414.42
Álvaro Junior Arrieta,Amaya,0,Apoyo familiar,Pública,366.66
Tomás Comas,Collado,0,Trabajo,Pública,157.1
Tomás Comas,Collado,0,Apoyo familiar,Pública,399.68
Elena Camargo,Serna,0,Otro,Pública,437.66
Santino Flores,Ojeda,0,Apoyo familiar,Pública,435.2
Irene Cavazos,Echeverría,0,Apoyo familiar,Pública,473.4
Juan Cruz Pedro Ledesma,Ramirez,0,Apoyo familiar,Pública,348.37
Yenny Arango,Vargas,1,Trabajo,Privada,262.63
Yenny Arango,Vargas,1,Apoyo familiar,Privada,565.4
Yenny Arango,Vargas,1,Beca,Privada,349.45
Dr(a). Mateo Benjamin,Aguirre,1,Apoyo familiar,Privada,492.69
Dr(a). Mateo Benjamin,Aguirre,1,Beca,Privada,469.02
Armando,Vera,0,Otro,Pública,366.97
Sr(a). Federico,Martinez,0,Crédito educativo,Pública,225.26
Teodoro,Alemany,0,Apoyo familiar,Pública,290.74
Nilson Darwin Martínez,Romero,0,Apoyo familiar,Pública,324.53
María Luisa Claudio Ureña,Pérez,0,Crédito educativo,Pública,313.89
Esparta Anabel,Chavarría,0,Trabajo,Pública,282.32
Esparta Anabel,Chavarría,0,Crédito educativo,Pública,287.06
Gonzalo Amo,Rodriguez,0,Trabajo,Privada,206.35
Judith,Vergara,0,Apoyo familiar,Pública,413.21
Socorro Cruz,Andrés,0,Apoyo familiar,Pública,401.35
Claudia Arcelia Guevara,Bermúdez,1,Otro,Privada,276.34
Claudia Arcelia Guevara,Bermúdez,1,Apoyo familiar,Privada,623.98
Claudia Arcelia Guevara,Bermúdez,1,Beca,Privada,483.04
Selena,Rico-Conde,0,Apoyo familiar,Pública,330.03
Clara,Suárez,0,Otro,Pública,354.34
Clara,Suárez,0,Apoyo familiar,Pública,390.98
Camilo Enrique Ocampo,Vélez,0,Apoyo familiar,Pública,358.45
Ana Edna,Gómez,0,Apoyo familiar,Pública,296.66
Dr. Adalberto,Ortiz,0,Apoyo familiar,Pública,476.49
Lautaro Benjamin,Rivero,0,Trabajo,Pública,170.56
Lautaro Benjamin,Rivero,0,Crédito educativo,Pública,216.67
Laura Ana Quiroz,Guzmán,0,Crédito educativo,Pública,264.29
Karla Serafín,Badillo,0,Apoyo familiar,Pública,334.89
Dulce María,Valdivia,0,Apoyo familiar,Pública,309.44
Judith Millán,Quirós,1,Trabajo,Privada,248.42
Judith Millán,Quirós,1,Crédito educativo,Privada,316.48
Judith Millán,Quirós,1,Apoyo familiar,Privada,597.53
Judith Millán,Quirós,1,Beca,Privada,508.53
Isabella Thiago,Flores,0,Apoyo familiar,Pública,440.8
Luz Rosa,Patiño,0,Apoyo familiar,Pública,374.93
Paola,Pérez,0,Otro,Pública,320.81
Curro Alba,Mendoza,0,Apoyo familiar,Pública,275.69
Dr. Teodoro,Apodaca,0,Apoyo familiar,Pública,450.07
Arturo Rebeca Vallejo,Armendáriz,0,Apoyo familiar,Privada,611.45
Isabella Gomez,Sanchez,0,Apoyo familiar,Pública,329.9
Tomás,Sierra,0,Apoyo familiar,Pública,322.8
Nelson Quiroz,Narváez,1,Crédito educativo,Privada,244.98
Nelson Quiroz,Narváez,1,Beca,Privada,474.29
Griselda Vara,Cabrero,1,Apoyo familiar,Privada,607.88
Griselda Vara,Cabrero,1,Beca,Privada,567.29
Rodrigo Olivas,Romero,0,Trabajo,Pública,249.99
Rodrigo Olivas,Romero,0,Apoyo familiar,Pública,427.28
Cecilio Carlos Sierra,Bermúdez,0,Trabajo,Pública,287.25
Cecilio Carlos Sierra,Bermúdez,0,Apoyo familiar,Pública,452.18
Vasco de,Chico,0,Trabajo,Pública,227.02
Ing. Sandra,Solorzano,0,Apoyo familiar,Pública,228.78
Stiven Enrique Mosquera,Ordóñez,0,Apoyo familiar,Pública,423.88
Mateo Agustin Ramos,Alvarez,0,Crédito educativo,Pública,320.99
Mateo Agustin Ramos,Alvarez,0,Otro,Pública,489.04
Mateo Agustin Ramos,Alvarez,0,Apoyo familiar,Pública,352.84
Ing. Antonio,Corral,0,Otro,Pública,375.67
Luciana Fernandez,Aguero,0,Trabajo,Pública,200.88
Arcelia Sanz,Mir,0,Apoyo familiar,Pública,291.82
Cynthia Ángel Lemus,Velázquez,0,Otro,Pública,217.11
Cynthia Ángel Lemus,Velázquez,0,Apoyo familiar,Pública,365.25
Luis Juan,Fuentes,0,Apoyo familiar,Pública,287.21
Eider Alonso Marín,Salgado,0,Apoyo familiar,Pública,242.04
Lara,Ariño-Parra,0,Apoyo familiar,Pública,389.77
Diego Beltrán,Duarte,0,Apoyo familiar,Privada,600.75
Agustina Julian Sanchez,Rodriguez,1,Crédito educativo,Privada,328.51
Agustina Julian Sanchez,Rodriguez,1,Otro,Privada,406.79
Agustina Julian Sanchez,Rodriguez,1,Beca,Privada,355.33
Dr(a). Thiago Benjamin,Hernandez,0,Apoyo familiar,Pública,415.14
Milagros Amparo Hierro,Aguiló,0,Otro,Pública,469.38
Gregorio Núñez,Covarrubias,0,Apoyo familiar,Pública,375.65
Delfina Hernandez,Carrizo,0,Apoyo familiar,Pública,443.44
Felipe Sebastián Figueroa,González,0,Apoyo familiar,Pública,294.68
Leonel Prieto,Feliciano,0,Apoyo familiar,Privada,625.45
Bautista Alma Juarez,Diaz,0,Trabajo,Pública,224.04
Bautista Alma Juarez,Diaz,0,Crédito educativo,Pública,429.84
Bautista Alma Juarez,Diaz,0,Apoyo familiar,Pública,392.74
Victoria Gonzalez,Fernandez,1,Apoyo familiar,Privada,404.33
Victoria Gonzalez,Fernandez,1,Beca,Privada,290.6
Santino Benjamin Juan Cruz,Gonzalez,0,Apoyo familiar,Pública,408.74
Santiago Nicolas Sosa,Flores,0,Trabajo,Pública,198.68
Santiago Nicolas Sosa,Flores,0,Crédito educativo,Pública,373.8
Isabella Joaquina,Moyano,0,Trabajo,Pública,201.76
Valentina Joaquin Fernandez,Perez,1,Trabajo,Privada,331.42
Valentina Joaquin Fernandez,Perez,1,Otro,Privada,323.68
Valentina Joaquin Fernandez,Perez,1,Apoyo familiar,Privada,698.27
Valentina Joaquin Fernandez,Perez,1,Beca,Privada,517.64
Ulises Pelayo Sanmiguel,Rivas,1,Apoyo familiar,Privada,394.64
Ulises Pelayo Sanmiguel,Rivas,1,Beca,Privada,364.93
Dulce María Ana Caballero,Porras,0,Apoyo familiar,Pública,343.09
Carlos,Romero,0,Apoyo familiar,Pública,262.91
Agustin,Ledesma,0,Apoyo familiar,Pública,354.09
Joaquín,Vásquez,0,Apoyo familiar,Pública,206.37
Lucas Escobar,Diaz,0,Trabajo,Pública,215.7
Lucas Escobar,Diaz,0,Crédito educativo,Pública,244.33
Wendolin Ilse Alcaraz,Corona,0,Apoyo familiar,Privada,522.55
Guillermina Josefina,Arias,0,Otro,Pública,316.18
Maximo Benjamin Acosta,Miranda,0,Apoyo familiar,Pública,418.73
Timoteo,Véliz,0,Apoyo familiar,Pública,316.84
César Expósito,Rivera,1,Trabajo,Privada,347.66
César Expósito,Rivera,1,Beca,Privada,425.74
Lic. Esmeralda,Montero,0,Apoyo familiar,Pública,363.28
Reynaldo Adela,Nevárez,1,Trabajo,Privada,258.63
Reynaldo Adela,Nevárez,1,Apoyo familiar,Privada,544.8
Reynaldo Adela,Nevárez,1,Beca,Privada,663.5
Lucía,Suárez,1,Apoyo familiar,Privada,448.68
Lucía,Suárez,1,Beca,Privada,256.42
Mirta Sarmiento,Riba,0,Apoyo familiar,Pública,278.73
Lautaro Juan Pablo Pereyra,Coronel,0,Apoyo familiar,Privada,390.48
Jenaro Romero,Perea,0,Crédito educativo,Pública,278.48
Jenaro Romero,Perea,0,Apoyo familiar,Pública,296.0
Ing. Dalia,Torres,0,Trabajo,Pública,283.82
Emilia,Dominguez,0,Trabajo,Pública,254.04
Emilia,Dominguez,0,Crédito educativo,Pública,259.14
Emilia,Dominguez,0,Apoyo familiar,Pública,420.7
Constanza Maria Luz Barrios,Gomez,0,Apoyo familiar,Pública,374.8
Arsenio Alegre,Reina,1,Apoyo familiar,Privada,314.96
Arsenio Alegre,Reina,1,Beca,Privada,561.65
Pilar Cabo,Saldaña,0,Crédito educativo,Pública,251.03
Teodosio Humberto Galán,Gisbert,0,Trabajo,Pública,253.91
Teodosio Humberto Galán,Gisbert,0,Crédito educativo,Pública,351.7
Teodosio Humberto Galán,Gisbert,0,Apoyo familiar,Pública,360.43
Dr(a). Juan Ignacio,Mendez,0,Apoyo familiar,Pública,242.57
Rosalina Simó,Rey,0,Apoyo familiar,Pública,295.06
Luisana Vargas,Gimenez,1,Apoyo familiar,Privada,484.04
Luisana Vargas,Gimenez,1,Beca,Privada,419.81
Jesús,Pabón,0,Crédito educativo,Pública,254.62
Jesús,Pabón,0,Apoyo familiar,Pública,366.41
Benjamin Nahuel,Gonzalez,0,Apoyo familiar,Pública,439.07
Ruperto Perelló,Villena,0,Trabajo,Pública,265.86
Ruperto Perelló,Villena,0,Apoyo familiar,Pública,351.59
Juan Julián,Osorio,0,Apoyo familiar,Pública,293.37
Mora Francesca,Rodriguez,0,Apoyo familiar,Pública,427.39
Luisana Francesca,Ojeda,0,Otro,Pública,435.04
Luisana Francesca,Ojeda,0,Apoyo familiar,Pública,364.9
Agustina Lorenzo Gomez,Figueroa,0,Apoyo familiar,Pública,345.02
Rita,Pou-Juan,0,Apoyo familiar,Pública,385.79
Emilia Aurelio Cabán,Alvarez,0,Otro,Pública,374.19
Emilia Aurelio Cabán,Alvarez,0,Apoyo familiar,Pública,363.7
Agustín Luna,Gonzalez,0,Apoyo familiar,Pública,385.1
Francisca,Amaya-Castrillo,0,Trabajo,Pública,318.96
Santiago Jeremias Diaz,Diaz,0,Trabajo,Pública,245.83
Santiago Jeremias Diaz,Diaz,0,Apoyo familiar,Pública,309.68
Francisca,Ávalos,0,Crédito educativo,Privada,350.66
Nury Eugenia,Henao,0,Crédito educativo,Privada,289.5
Nury Eugenia,Henao,0,Apoyo familiar,Privada,386.37
Jeremías Casado,Campo,0,Otro,Pública,216.37
Jeremías Casado,Campo,0,Apoyo familiar,Pública,458.8
Frida Dolores Cabán,Bernal,0,Apoyo familiar,Pública,409.44
Ian Ezequiel Sofia Gomez,Arias,0,Apoyo familiar,Pública,365.58
Pilar Morales,Diaz,0,Apoyo familiar,Pública,259.98
Mateo Agustin,Godoy,0,Apoyo familiar,Pública,315.49
Joaquin Benjamin,Lopez,0,Apoyo familiar,Privada,431.54
Francisco Javier Oliver,Tomé,0,Trabajo,Pública,246.14
Francisco Javier Oliver,Tomé,0,Crédito educativo,Pública,325.55
Francisco Javier Oliver,Tomé,0,Apoyo familiar,Pública,380.5
Juan Carlos Iñiguez,Carro,0,Apoyo familiar,Pública,227.66
Sr(a). Omar,Altamirano,1,Trabajo,Privada,303.2
Sr(a). Omar,Altamirano,1,Otro,Privada,447.78
Sr(a). Omar,Altamirano,1,Beca,Privada,577.28
José Camila,Gamboa,0,Apoyo familiar,Pública,383.89
Bernardita Gimeno,Blanco,0,Trabajo,Pública,317.31
Bernardita Gimeno,Blanco,0,Otro,Pública,362.33
Bernardita Gimeno,Blanco,0,Apoyo familiar,Pública,344.56
Gerardo Mauricio Feliciano,Caballero,0,Trabajo,Privada,182.8
Felipe,Montes,0,Otro,Pública,387.7
Dr(a). Thiago Gabriel,Martinez,0,Trabajo,Pública,185.58
Laura Benjamín Vergara,Villagómez,0,Apoyo familiar,Privada,520.5
Catalina Posada,Reyes,0,Trabajo,Pública,257.28
Matias,Perez,0,Crédito educativo,Pública,263.15
Angie Fernanda,Ospina,0,Trabajo,Pública,257.05
Lorena Hilda,Bustos,0,Apoyo familiar,Pública,462.69
Jorge Niño,Franco,0,Otro,Pública,224.03
José Díaz,Ruiz,0,Apoyo familiar,Pública,273.71
Felipe Antonia Galván,Nieto,0,Crédito educativo,Pública,227.02
Felipe Antonia Galván,Nieto,0,Apoyo familiar,Pública,340.3
Ligia González,Ruiz,1,Apoyo familiar,Privada,440.27
Ligia González,Ruiz,1,Beca,Privada,374.2
Clotilde Solana,Montoya,0,Otro,Pública,353.51
Sr(a). Judith,Limón,0,Apoyo familiar,Pública,311.21
Dr. Benjamín,Valentín,0,Otro,Pública,451.74
Dr. Benjamín,Valentín,0,Apoyo familiar,Pública,326.81
Alexandra Paula,Carrillo,1,Apoyo familiar,Privada,494.14
Alexandra Paula,Carrillo,1,Beca,Privada,289.47
Zoe Valentina Sofia Rodriguez,Aguirre,0,Trabajo,Pública,256.33
Zoe Valentina Sofia Rodriguez,Aguirre,0,Crédito educativo,Pública,255.93
Humberto,Carreras-Casanova,0,Trabajo,Pública,300.67
Juan Martin Salvador,Martinez,0,Apoyo familiar,Pública,367.54
Agapito Modesto Acuña,Serrano,0,Apoyo familiar,Privada,544.68
Marisol Castillo,Triana,0,Otro,Pública,214.61
Mireia Alegre,Baños,0,Apoyo familiar,Pública,374.25
Milena Ramirez,Sanchez,0,Apoyo familiar,Pública,257.24
Diego Jaime,Álvarez,0,Otro,Pública,483.79
Emma Santos,Uriarte,0,Crédito educativo,Pública,307.92
Emma Santos,Uriarte,0,Otro,Pública,223.16
Emma Santos,Uriarte,0,Apoyo familiar,Pública,409.6
María Pilar Calderon,Andres,0,Trabajo,Pública,245.43
María Pilar Calderon,Andres,0,Apoyo familiar,Pública,345.35
Adalberto Chávez,Cantú,0,Apoyo familiar,Pública,360.88
David López,Vanegas,0,Apoyo familiar,Pública,276.28
Yuli,Salas,0,Otro,Pública,496.85
Luz,Erazo,0,Apoyo familiar,Pública,260.96
Fidel,Pino-Lerma,0,Trabajo,Pública,265.96
Rodolfo María Luisa,Casares,1,Otro,Privada,242.77
Rodolfo María Luisa,Casares,1,Beca,Privada,454.29
Concepción Rocío Pedraza,Ramón,1,Otro,Privada,201.26
Concepción Rocío Pedraza,Ramón,1,Apoyo familiar,Privada,623.0
Concepción Rocío Pedraza,Ramón,1,Beca,Privada,540.8
Lucía,Hernandez,0,Apoyo familiar,Pública,166.63
Candelaria,Sanchez,0,Apoyo familiar,Pública,359.13
Catalina Bautista Benjamin,Vera,0,Apoyo familiar,Pública,378.83
Sofía Aura Rojas,García,0,Apoyo familiar,Pública,386.08
Delfina Carrizo,Herrera,1,Apoyo familiar,Privada,402.4
Delfina Carrizo,Herrera,1,Beca,Privada,516.64
Pilar Alma,Correa,0,Apoyo familiar,Pública,328.63
Guillermo,Hoyos,0,Trabajo,Pública,239.33
Guillermo,Hoyos,0,Crédito educativo,Pública,329.77
Guillermo,Hoyos,0,Apoyo familiar,Pública,318.02
Damián Parra,Pol,0,Crédito educativo,Pública,330.69
Damián Parra,Pol,0,Otro,Pública,342.53
Damián Parra,Pol,0,Apoyo familiar,Pública,293.11
Sr(a). Fausto,Lopez,0,Trabajo,Pública,184.39
Sr(a). Fausto,Lopez,0,Crédito educativo,Pública,330.16
Sr(a). Fausto,Lopez,0,Apoyo familiar,Pública,326.71
Carlos Suárez,Polo,0,Apoyo familiar,Pública,316.61
Jerónimo Campo,Canet,0,Trabajo,Pública,279.78
Jerónimo Campo,Canet,0,Crédito educativo,Pública,208.36
María Luisa Escobar,Jaramillo,0,Apoyo familiar,Pública,231.59
Nadia Santamaría,Ortiz,0,Apoyo familiar,Pública,308.91
Juana María,Mejía,0,Otro,Pública,419.26
Nadia,Prado,0,Apoyo familiar,Pública,470.52
Inés,Arias,0,Apoyo familiar,Pública,229.72
Patricia Rocamora,Ferrera,0,Apoyo familiar,Pública,381.82
Alejandra Stella Contreras,Rincón,0,Crédito educativo,Pública,328.53
Thiago Ezequiel Moreno,Campos,0,Apoyo familiar,Pública,312.02
Ana Aranda,Velásquez,0,Apoyo familiar,Pública,387.1
María Luz Torres,Beltrán,0,Trabajo,Privada,313.98
Francesca,Diaz,0,Trabajo,Pública,139.16
Francesca,Diaz,0,Apoyo familiar,Pública,386.27
Alberto Stiven Romero,Gutiérrez,0,Apoyo familiar,Pública,175.99
Luz,Mora,0,Apoyo familiar,Pública,297.67
Elena Luciano Lopez,Castillo,0,Trabajo,Pública,331.46
Elena Luciano Lopez,Castillo,0,Crédito educativo,Pública,265.09
Isabela María Eugenia,Collado,0,Otro,Pública,400.77
Isabela María Eugenia,Collado,0,Crédito educativo,Pública,142.38
Inés Múñiz,Almansa,0,Apoyo familiar,Pública,323.27
Araceli David Aguirre,Villegas,0,Trabajo,Pública,307.13
Araceli David Aguirre,Villegas,0,Apoyo familiar,Pública,229.06
Dario Mauricio Vargas,González,0,Crédito educativo,Privada,229.18
Dario Mauricio Vargas,González,0,Otro,Privada,341.52
Nieves,Manso-Gracia,0,Apoyo familiar,Pública,498.11
Barbara Benito,Maestas,0,Crédito educativo,Privada,395.67
Mauricio Javier Vásquez,Vergara,0,Trabajo,Pública,283.95
Miguel Arley,Suárez,0,Apoyo familiar,Pública,295.7
Luis Héctor Padilla,Rodríguez,0,Apoyo familiar,Privada,486.82
Milagros Valentino,Aguirre,0,Apoyo familiar,Pública,339.35
Lic. Jorge Luis,Fonseca,0,Crédito educativo,Pública,319.85
Édgar,Pina,1,Apoyo familiar,Privada,634.96
Édgar,Pina,1,Beca,Privada,521.81
Valentín,Sancho-Águila,0,Apoyo familiar,Pública,275.11
Jaqueline Isabel Ornelas,Villalpando,0,Apoyo familiar,Pública,396.9
Josefina Martina Gutierrez,Romero,0,Apoyo familiar,Pública,410.14
Rosalinda Sanz,Oliver,0,Apoyo familiar,Pública,332.68
Marly Tatiana,Duque,0,Crédito educativo,Pública,446.49
Bruno Emilia,Castro,0,Trabajo,Pública,230.09
Micaela Graciela Barragán,Lozano,0,Otro,Pública,325.73
Micaela Graciela Barragán,Lozano,0,Apoyo familiar,Pública,379.02
Almudena Gelabert,Luna,0,Apoyo familiar,Pública,528.64
Jose Ignacio Maza,Adadia,0,Trabajo,Privada,158.0
Milagros Benjamin Martinez,Sosa,0,Apoyo familiar,Pública,348.96
Virginia Amaya,Sánchez,0,Trabajo,Pública,282.03
Virginia Amaya,Sánchez,0,Crédito educativo,Pública,307.38
Virginia Amaya,Sánchez,0,Apoyo familiar,Pública,343.18
Rocío,Blanco,0,Apoyo familiar,Privada,374.67
María Liceth Vargas,Buitrago,1,Apoyo familiar,Privada,514.89
María Liceth Vargas,Buitrago,1,Beca,Privada,374.74
Camila,Barrios,0,Trabajo,Pública,278.97
Camila,Barrios,0,Apoyo familiar,Pública,175.14
Orlando,Pérez,0,Crédito educativo,Pública,297.71
Luciana Valentino Vazquez,Martinez,0,Crédito educativo,Pública,302.99
Sr(a). Julieta,Rodriguez,0,Trabajo,Pública,296.81
Sr(a). Thiago,Hernandez,1,Apoyo familiar,Privada,514.58
Sr(a). Thiago,Hernandez,1,Beca,Privada,532.59
Valentino Benitez,Sanchez,0,Trabajo,Pública,269.58
Valentino Benitez,Sanchez,0,Crédito educativo,Pública,319.25
Javier Felipe Salamanca,Restrepo,0,Apoyo familiar,Privada,518.11
Anunciación Checa,Mate,0,Apoyo familiar,Pública,261.76
Ing. José Luis,Cavazos,0,Trabajo,Pública,264.35
Myriam,Medina,0,Apoyo familiar,Pública,292.38
Malena Coronel,Gutierrez,0,Trabajo,Pública,218.09
Amaro León,Campo,0,Apoyo familiar,Pública,303.48
Lucy Amparo,Barrios,0,Crédito educativo,Pública,236.03
Raimundo Vicente,Baena,0,Apoyo familiar,Pública,500.91
Dr. Ramiro,Saldivar,0,Apoyo familiar,Pública,443.96
Zeferino Timoteo,Correa,0,Crédito educativo,Pública,415.22
Humberto,Rubio,0,Crédito educativo,Pública,226.63
Humberto,Rubio,0,Apoyo familiar,Pública,355.64
Sr(a). Juan Ignacio,Gonzalez,0,Trabajo,Pública,185.32
Sr(a). Juan Ignacio,Gonzalez,0,Crédito educativo,Pública,258.26
Sr(a). Juan Ignacio,Gonzalez,0,Apoyo familiar,Pública,286.39
Ariadna,Huertas,0,Apoyo familiar,Pública,444.01
Mario Alvarado,Santiago,0,Apoyo familiar,Privada,452.68
Isabella,Gomez,0,Apoyo familiar,Pública,425.71
Lautaro Nahuel,Maldonado,0,Trabajo,Pública,280.21
Edinson Mario Mejía,Acevedo,1,Apoyo familiar,Privada,727.48
Edinson Mario Mejía,Acevedo,1,Beca,Privada,321.21
Víctor Fabiola de la,Rosa,0,Apoyo familiar,Pública,389.49
Mauro,Longoria,0,Apoyo familiar,Privada,510.51
Carol Esther,Soto,0,Apoyo familiar,Pública,400.5
Genaro,Gomez,0,Apoyo familiar,Pública,344.18
Felipe,Garcia,0,Apoyo familiar,Pública,331.52
Gema,Alba-Mateo,0,Apoyo familiar,Pública,382.28
Isidora Alondra Pacheco,Chaparro,0,Apoyo familiar,Pública,317.8
Victoria,Chavez,0,Apoyo familiar,Pública,328.27
Carolina Sonia Giraldo,Martínez,0,Apoyo familiar,Pública,350.84
Vanesa Ramón Mojica,Rico,0,Apoyo familiar,Pública,431.23
Victoria Hernán Orta,Barreto,0,Apoyo familiar,Pública,275.75
Luisina,Juarez,0,Trabajo,Pública,287.96
Luisina,Juarez,0,Apoyo familiar,Pública,406.1
Ing. Victoria,Sotelo,0,Trabajo,Privada,289.29
Ing. Victoria,Sotelo,0,Apoyo familiar,Privada,414.65
Doris Fernández,Murillo,0,Apoyo familiar,Pública,232.32
Martina Roldan,Fernandez,0,Apoyo familiar,Pública,390.54
Josep Tamayo,Morales,0,Trabajo,Pública,259.38
Josep Tamayo,Morales,0,Apoyo familiar,Pública,422.51
Bernardo Delia,Olivo,1,Apoyo familiar,Privada,423.11
Bernardo Delia,Olivo,1,Beca,Privada,570.87
Isabella Martinez,Gonzalez,0,Apoyo familiar,Privada,603.93
Rafaela Perelló,Andreu,0,Apoyo familiar,Pública,281.41
Bianca María del Carmen Ocasio,Cepeda,0,Crédito educativo,Pública,282.95
Bianca María del Carmen Ocasio,Cepeda,0,Apoyo familiar,Pública,434.45
Flavio Mitzy,Quezada,0,Apoyo familiar,Pública,447.37
Diana Ana Aguilar,Montes,0,Apoyo familiar,Pública,275.28
Rodolfo Alva,Caldera,0,Trabajo,Pública,267.57
Clara Adame,Murillo,0,Apoyo familiar,Pública,211.95
Sr(a). Alma,Castillo,0,Apoyo familiar,Pública,394.36
Zoe Jazmin Franco,Herrera,0,Apoyo familiar,Pública,489.53
Edwin Julio,Hernández,0,Apoyo familiar,Pública,284.73
Inmaculada Peñalver,Belda,1,Apoyo familiar,Privada,408.94
Inmaculada Peñalver,Belda,1,Beca,Privada,487.28
Rosendo Villar,Martí,0,Apoyo familiar,Pública,294.31
Josep Gual,Aznar,0,Trabajo,Pública,218.09
Martha,Ibarra,0,Apoyo familiar,Pública,358.56
Hernando García,Bohórquez,0,Apoyo familiar,Pública,360.62
Mónica Paola,Delgado,0,Apoyo familiar,Pública,470.79
Edwin Vásquez,Galindo,0,Apoyo familiar,Pública,307.67
Jeremias Martina Flores,Diaz,0,Apoyo familiar,Pública,245.29
Cristian Murcia,Barrios,0,Apoyo familiar,Pública,272.33
Antonia,Valle,0,Crédito educativo,Pública,298.62
Antonia,Valle,0,Apoyo familiar,Pública,300.0
Andrea Rico,Berrocal,0,Apoyo familiar,Pública,330.34
Victoria Martina,Gonzalez,0,Crédito educativo,Pública,272.76
Victoria Martina,Gonzalez,0,Apoyo familiar,Pública,429.6
Luis Manuel Mateo Madrigal,Gil,1,Otro,Privada,462.65
Luis Manuel Mateo Madrigal,Gil,1,Apoyo familiar,Privada,578.43
Luis Manuel Mateo Madrigal,Gil,1,Beca,Privada,439.93
Albert Ferrández,Pinilla,0,Trabajo,Pública,221.75
Albert Ferrández,Pinilla,0,Otro,Pública,407.1
Juliana de,Pombo,0,Apoyo familiar,Pública,361.03
Pedro Pedro,Fernandez,0,Crédito educativo,Pública,321.85
Pedro Pedro,Fernandez,0,Otro,Pública,393.72
Alfonsina Chavez,Torres,0,Otro,Pública,353.17
Alfonsina Chavez,Torres,0,Apoyo familiar,Pública,325.88
Marco Antonio Ana Luisa Granados,Gómez,0,Trabajo,Pública,213.6
Marco Antonio Ana Luisa Granados,Gómez,0,Apoyo familiar,Pública,377.69
Adelina,Gordillo-Rey,0,Apoyo familiar,Pública,373.8
Ulises Iborra,Barberá,0,Trabajo,Privada,309.64
Bernardino Ródenas,Escribano,0,Otro,Pública,425.55
Lucía,Agudelo,1,Trabajo,Privada,290.84
Lucía,Agudelo,1,Beca,Privada,354.12
Catalina Samuel Otero,Roque,0,Apoyo familiar,Pública,422.86
Antonio Ibáñez,Fuster,0,Trabajo,Pública,293.62
Antonio Ibáñez,Fuster,0,Apoyo familiar,Pública,271.02
Alfonsina Alma Mia Acosta,Sanchez,0,Apoyo familiar,Pública,409.54
Ignacio,Vargas,0,Apoyo familiar,Pública,352.53
Gustavo César,Martínez,0,Apoyo familiar,Pública,355.67
Dr(a). Victoria,Diaz,0,Apoyo familiar,Pública,360.43
Dr. Hilda,Uribe,0,Apoyo familiar,Pública,341.95
José Emilio Collado,Aranda,0,Apoyo familiar,Pública,434.79
Violeta,Rendón,1,Apoyo familiar,Privada,483.41
Violeta,Rendón,1,Beca,Privada,371.54
Josep Aragón,León,0,Crédito educativo,Pública,276.39
Jesús Paz,Martínez,0,Trabajo,Pública,182.77
Benjamin,Alvarez,0,Otro,Pública,416.12
Benjamin,Alvarez,0,Apoyo familiar,Pública,525.26
Francisco Alvarez,Dominguez,0,Apoyo familiar,Pública,388.74
Alcides Kike Oliveras,Amo,0,Crédito educativo,Pública,376.52
Alcides Kike Oliveras,Amo,0,Apoyo familiar,Pública,341.4
Anderson,Vega,0,Trabajo,Pública,276.67
Anderson,Vega,0,Apoyo familiar,Pública,419.52
Paola Roura,Roma,0,Crédito educativo,Privada,373.09
Paola Roura,Roma,0,Otro,Privada,308.89
Leonel Pons,Madrigal,0,Trabajo,Pública,268.07
Leonel Pons,Madrigal,0,Otro,Pública,233.78
Leonel Pons,Madrigal,0,Apoyo familiar,Pública,455.91
Franco,Ortiz,0,Trabajo,Pública,238.86
Franco,Ortiz,0,Crédito educativo,Pública,363.91
Yeimy Correa,Ángel,1,Trabajo,Privada,322.63
Yeimy Correa,Ángel,1,Apoyo familiar,Privada,402.78
Yeimy Correa,Ángel,1,Beca,Privada,410.04
Adela Gilberto,Lara,0,Apoyo familiar,Pública,423.55
Rogelio del,Nebot,1,Apoyo familiar,Privada,419.61
Rogelio del,Nebot,1,Beca,Privada,295.44
Mora Sosa,Dominguez,0,Apoyo familiar,Pública,334.29
Fabio Montesinos,Lamas,0,Apoyo familiar,Pública,380.44
María Teresa,Alfaro,0,Trabajo,Pública,251.97
María Teresa,Alfaro,0,Apoyo familiar,Pública,252.57
Valentin Martin,Suarez,0,Crédito educativo,Pública,221.05
Valentin Martin,Suarez,0,Otro,Pública,332.2
Ana Luisa,Venegas,0,Trabajo,Pública,143.37
Vidal,Miralles-Baró,0,Apoyo familiar,Pública,351.68
Valentina Maia,Perez,1,Apoyo familiar,Privada,595.45
Valentina Maia,Perez,1,Beca,Privada,384.49
Francisco Joaquin,Hernandez,0,Trabajo,Pública,251.22
Francisco Joaquin,Hernandez,0,Crédito educativo,Pública,289.11
Baudelio de,Espinosa,0,Apoyo familiar,Pública,382.38
Dr(a). Martina,Vera,0,Apoyo familiar,Pública,425.97
Eduardo,Alegre-Osuna,0,Apoyo familiar,Pública,478.42
Custodia Felicia Canales,Berenguer,0,Apoyo familiar,Pública,235.74
Bianca Martinez,Romero,0,Apoyo familiar,Pública,225.28
Andrés Osorio,Gutiérrez,1,Apoyo familiar,Privada,430.37
Andrés Osorio,Gutiérrez,1,Beca,Privada,532.18
María Dolores Palomino,Naranjo,0,Apoyo familiar,Pública,284.91
Agustin Renzo Rios,Fernandez,0,Apoyo familiar,Pública,482.1
Carlito Xavier Amigó,Camino,1,Apoyo familiar,Privada,328.25
Carlito Xavier Amigó,Camino,1,Beca,Privada,441.06
Nayeli Nancy Verdugo,Montañez,0,Apoyo familiar,Pública,209.26
Rodolfo,Apodaca,0,Otro,Pública,378.82
Violeta,Berríos,0,Apoyo familiar,Pública,350.66
Lorenzo del,Carrión,0,Apoyo familiar,Pública,352.51
Jovita Mónica Zamorano,Viña,1,Apoyo familiar,Privada,468.64
Jovita Mónica Zamorano,Viña,1,Beca,Privada,423.86
Thiago Benjamin Miguel Angel Garcia,Martinez,0,Trabajo,Pública,231.47
Thiago Benjamin Miguel Angel Garcia,Martinez,0,Apoyo familiar,Pública,265.97
Esther María Eugenia Mascareñas,Carrillo,0,Apoyo familiar,Pública,303.78
Lucas,Nájera,1,Apoyo familiar,Privada,542.62
Lucas,Nájera,1,Beca,Privada,453.37
Manuelita Vega,Benito,1,Otro,Privada,235.74
Manuelita Vega,Benito,1,Beca,Privada,236.41
Ricardo Daniel Guerrero,Jaramillo,0,Apoyo familiar,Pública,364.03
Dr. Lorenzo,Viera,0,Apoyo familiar,Pública,454.8
Mtro. Gonzalo,Mondragón,0,Trabajo,Pública,290.37
Mtro. Gonzalo,Mondragón,0,Apoyo familiar,Pública,343.5
María Laura,Castrillón,0,Trabajo,Pública,227.31
María Laura,Castrillón,0,Otro,Pública,333.26
Tiziano Valentin Thiago Lionel,Gonzalez,0,Apoyo familiar,Pública,427.27
Dorotea Soriano,Cabrero,0,Apoyo familiar,Pública,361.27
Luis Manuel Alva de la,Crúz,0,Trabajo,Pública,352.1
Luis Manuel Alva de la,Crúz,0,Otro,Pública,344.97
José Ángel Ávila,Pons,0,Apoyo familiar,Pública,359.97
Juan Ignacio Genaro Martinez,Garcia,0,Trabajo,Pública,262.41
Juan Ignacio Genaro Martinez,Garcia,0,Otro,Pública,497.64
William Mario,Portilla,0,Apoyo familiar,Pública,287.25
Rafael Pacheco,Sanchez,0,Trabajo,Pública,315.18
Thiago Nicolas,Benitez,0,Apoyo familiar,Pública,402.82
Maria Paz Lisandro,Nuñez,0,Trabajo,Pública,222.35
Maria Paz Lisandro,Nuñez,0,Apoyo familiar,Pública,421.45
Victorino Aguilera,Pelayo,0,Trabajo,Pública,225.12
Victorino Aguilera,Pelayo,0,Apoyo familiar,Pública,295.94
Juan Cruz,Lopez,0,Apoyo familiar,Pública,297.81
Martha Esther,Martínez,0,Apoyo familiar,Pública,228.01
Juan Cruz Juan Cruz Lopez,Fernandez,0,Trabajo,Pública,273.58
Juan Cruz Juan Cruz Lopez,Fernandez,0,Apoyo familiar,Pública,237.11
Norma,Ledesma,0,Otro,Pública,462.77
Carolina Ana,Gutiérrez,0,Apoyo familiar,Pública,349.97
Delfina,Lopez,1,Apoyo familiar,Privada,587.13
Delfina,Lopez,1,Beca,Privada,422.59
Lucila Nelly,Hernández,0,Apoyo familiar,Pública,328.93
Ing. Darío,Amaya,0,Trabajo,Pública,242.48
Lupita de,Agudo,0,Apoyo familiar,Pública,327.62
Thiago Garcia,Duarte,0,Apoyo familiar,Pública,277.43
Maximo,Rivero,0,Otro,Pública,249.29
Maximo,Rivero,0,Apoyo familiar,Pública,329.17
Clara Matilde,González,0,Otro,Pública,390.47
Thiago Benjamin,Guzman,0,Apoyo familiar,Pública,365.86
Yeny Mariela,Sarmiento,0,Apoyo familiar,Pública,442.34
Itzel Cortez,Sarabia,0,Apoyo familiar,Privada,567.21
Daniel,Galvis,0,Trabajo,Pública,229.38
Daniel,Galvis,0,Apoyo familiar,Pública,368.53
Violeta Arenas,Rosselló,0,Apoyo familiar,Pública,338.61
Ester,Falcón,0,Trabajo,Pública,250.39
Ester,Falcón,0,Otro,Pública,430.83
Ester,Falcón,0,Apoyo familiar,Pública,306.29
Donato Cerro,Peñalver,1,Apoyo familiar,Privada,403.4
Donato Cerro,Peñalver,1,Beca,Privada,349.35
Gabino Mariano,Coronado,0,Trabajo,Privada,176.86
Gabino Mariano,Coronado,0,Otro,Privada,407.37
Gabino Mariano,Coronado,0,Apoyo familiar,Privada,506.81
Maria Paz Emilia,Diaz,0,Otro,Pública,351.0
Tatiana,Gargallo,0,Otro,Pública,438.93
Anabel Trujillo,Gallardo,0,Apoyo familiar,Pública,408.99
Lourdes Irizarry,Olivares,0,Apoyo familiar,Pública,442.51
Maximiliano Olga Dueñas,Macías,0,Trabajo,Pública,258.17
Yolanda Mercedes Saiz,Orosco,0,Apoyo familiar,Pública,266.98
Jesús Alberto Corredor,Triana,0,Trabajo,Pública,238.97
Jesús Alberto Corredor,Triana,0,Apoyo familiar,Pública,298.54
Eugenio Valencia,Durán,0,Otro,Pública,282.2
Eugenio Valencia,Durán,0,Apoyo familiar,Pública,343.87
Jesús Montaña,Carballo,0,Apoyo familiar,Pública,324.24
Hernando Perdomo,Ramos,1,Trabajo,Privada,243.81
Hernando Perdomo,Ramos,1,Crédito educativo,Privada,276.14
Hernando Perdomo,Ramos,1,Apoyo familiar,Privada,374.51
Hernando Perdomo,Ramos,1,Beca,Privada,457.77
Dr(a). Luciano,Gonzalez,1,Trabajo,Privada,263.46
Dr(a). Luciano,Gonzalez,1,Apoyo familiar,Privada,620.28
Dr(a). Luciano,Gonzalez,1,Beca,Privada,367.65
Hilda Socorro Martínez,Fuentes,0,Trabajo,Pública,191.19
Camilo Anderson,Salazar,1,Apoyo familiar,Privada,538.82
Camilo Anderson,Salazar,1,Beca,Privada,468.56
Marcela,Padilla,0,Apoyo familiar,Privada,538.48
Lucía,Peña,0,Otro,Pública,390.69
Dr. Socorro,Carmona,0,Apoyo familiar,Pública,273.68
Angie Rodríguez,Camargo,0,Apoyo familiar,Pública,282.5
Fausto Romero,Sosa,0,Apoyo familiar,Pública,328.29
Juan Antonio Galvez,Paredes,0,Apoyo familiar,Pública,443.79
Omar Leonardo,Girón,0,Trabajo,Pública,268.99
Omar Leonardo,Girón,0,Otro,Pública,259.01
Yasmín Quintero,Rojas,0,Trabajo,Pública,234.48
Yasmín Quintero,Rojas,0,Otro,Pública,392.84
Alejandro Almonte,Soto,1,Apoyo familiar,Privada,397.13
Alejandro Almonte,Soto,1,Beca,Privada,551.34
Gisela,Toro,0,Apoyo familiar,Pública,408.57
Epifanio Mata,Amador,1,Apoyo familiar,Privada,443.66
Epifanio Mata,Amador,1,Beca,Privada,476.97
Aldo Georgina,Castañeda,0,Trabajo,Pública,223.77
Aldo Georgina,Castañeda,0,Apoyo familiar,Pública,396.53
Valentino,Villalba,0,Otro,Pública,207.6
María Johana,Narváez,0,Crédito educativo,Pública,233.57
María Johana,Narváez,0,Apoyo familiar,Pública,273.35
Benjamin Rivero,Juarez,0,Apoyo familiar,Pública,431.5
Rolando Ornelas,Esquibel,0,Apoyo familiar,Pública,367.01
Alejandro Alfredo,Suárez,0,Crédito educativo,Pública,265.33
Santino Faustino,Silva,0,Crédito educativo,Privada,263.75
Pedro Delfina Ramirez,Garcia,0,Apoyo familiar,Pública,253.87
Liliana Azucena Padilla,Angarita,0,Crédito educativo,Pública,267.83
Consuelo Amat,Puerta,0,Apoyo familiar,Pública,334.52
José Eduardo,Romero,0,Trabajo,Pública,196.94
Flavio Calixto Blanes,Bustos,0,Trabajo,Pública,247.73
Minerva Rosalia,Haro,0,Trabajo,Pública,273.65
Minerva Rosalia,Haro,0,Crédito educativo,Pública,287.19
Heriberto Sáenz,Zabala,0,Trabajo,Pública,283.14
Heriberto Sáenz,Zabala,0,Otro,Pública,364.0
Miguel Hernádez,Patiño,0,Trabajo,Pública,256.99
Wilmer José,Barrios,0,Apoyo familiar,Pública,421.53
Thiago Benjamin Diaz,Ortiz,0,Apoyo familiar,Pública,256.87
Dr(a). Josefina,Ferreyra,0,Apoyo familiar,Pública,362.01
Guillermo Rafael Andrade,Ángel,1,Apoyo familiar,Privada,390.16
Guillermo Rafael Andrade,Ángel,1,Beca,Privada,330.31
Ibán Berenguer,Peña,0,Trabajo,Pública,269.06
Ibán Berenguer,Peña,0,Apoyo familiar,Pública,368.1
Cynthia Solís,Casas,1,Crédito educativo,Privada,337.09
Cynthia Solís,Casas,1,Beca,Privada,630.79
Marcela Camila,Arellano,0,Otro,Pública,423.17
Marcela Camila,Arellano,0,Apoyo familiar,Pública,336.8
Joaquin,Cordoba,1,Apoyo familiar,Privada,478.87
Joaquin,Cordoba,1,Beca,Privada,479.72
Lautaro Ezequiel Manuel,Ruiz,0,Apoyo familiar,Pública,369.33
Marina Milena,Caballero,0,Apoyo familiar,Pública,388.09
Mario Manuel,Bernal,0,Crédito educativo,Privada,168.23
Mario Manuel,Bernal,0,Apoyo familiar,Privada,500.11
Octavio Emilia Nieto,Solano,0,Apoyo familiar,Pública,360.71
Miguel Willian Carmona,Pinzón,0,Apoyo familiar,Pública,410.23
Ofelia Mario,Alarcón,0,Apoyo familiar,Pública,399.29
Juan Correa,Chacón,1,Crédito educativo,Privada,334.95
Juan Correa,Chacón,1,Apoyo familiar,Privada,412.5
Juan Correa,Chacón,1,Beca,Privada,297.02
Pascual Ciríaco Flores,Burgos,0,Otro,Pública,482.3
Catalina Lucía Luna,Rodriguez,0,Apoyo familiar,Pública,312.31
Soledad Adela Espinoza,Laureano,1,Crédito educativo,Privada,383.61
Soledad Adela Espinoza,Laureano,1,Beca,Privada,542.12
Dario Suárez,Pineda,0,Apoyo familiar,Privada,458.19
Lucas Santino Benjamin Diaz,Luna,0,Otro,Pública,215.38
Enrique,Escalona,0,Crédito educativo,Pública,400.14
Patricia Beatriz,Franco,0,Apoyo familiar,Pública,299.6
Dante Elena Juarez,Martin,0,Trabajo,Pública,330.74
Dante Elena Juarez,Martin,0,Otro,Pública,307.09
Mateo Sofia Belen,Olivera,0,Otro,Pública,424.81
Brunilda Bienvenida Cózar,Talavera,0,Apoyo familiar,Pública,430.27
Angélica Azorin,Cerro,1,Otro,Privada,287.57
Angélica Azorin,Cerro,1,Apoyo familiar,Privada,513.03
Angélica Azorin,Cerro,1,Beca,Privada,388.81
Vicente,Romero,0,Crédito educativo,Pública,399.89
Lino del,Pi,0,Apoyo familiar,Pública,345.68
Benicio,Mansilla,0,Apoyo familiar,Pública,389.29
Mayra Piedad,Pedraza,0,Crédito educativo,Pública,356.98
Mayra Piedad,Pedraza,0,Trabajo,Pública,247.03
Mayra Piedad,Pedraza,0,Apoyo familiar,Pública,489.55
Mireya Londoño,Rincón,0,Trabajo,Pública,261.21
Yaneth Marina,Romero,0,Apoyo familiar,Privada,464.93
Tania Solano,Oliva,0,Crédito educativo,Pública,203.31
Tania Solano,Oliva,0,Otro,Pública,200.28
Ana Paula Thiago Lionel,Ayala,1,Trabajo,Privada,233.18
Ana Paula Thiago Lionel,Ayala,1,Beca,Privada,551.2
José Luis,Duarte,0,Apoyo familiar,Pública,281.76
Ismael,Paniagua,1,Crédito educativo,Privada,229.24
Ismael,Paniagua,1,Apoyo familiar,Privada,507.89
Ismael,Paniagua,1,Beca,Privada,527.52
Rodrigo Marín,Méndez,1,Apoyo familiar,Privada,650.34
Rodrigo Marín,Méndez,1,Beca,Privada,285.26
Zoraida Izaguirre,Valverde,0,Apoyo familiar,Pública,415.72
Elena Alexandra Llopis,Tejero,0,Apoyo familiar,Pública,326.45
Jeronimo Vega,Perez,0,Apoyo familiar,Pública,296.55
Sandra,Anglada-Sotelo,0,Trabajo,Pública,268.96
Joaquin,Cardozo,1,Apoyo familiar,Privada,612.27
Joaquin,Cardozo,1,Beca,Privada,423.65
Gil Andres,Coronado,1,Trabajo,Privada,130.48
Gil Andres,Coronado,1,Beca,Privada,446.57
Armando Lourdes,Casares,0,Apoyo familiar,Pública,330.76
Merche Barrios,Miralles,0,Trabajo,Pública,276.88
Merche Barrios,Miralles,0,Apoyo familiar,Pública,381.2
Eligia de,Alegria,0,Trabajo,Pública,236.0
Efrain Juan,Rengifo,0,Trabajo,Pública,186.05
Efrain Juan,Rengifo,0,Otro,Pública,360.6
Heidy,Castillo,0,Apoyo familiar,Pública,326.61
Clemente Valls,Coloma,0,Otro,Pública,263.52
Clemente Valls,Coloma,0,Apoyo familiar,Pública,400.39
Andrea María,León,0,Apoyo familiar,Pública,344.74
Juan Manuel Maite,Acuña,0,Trabajo,Pública,238.02
Juan Manuel Maite,Acuña,0,Apoyo familiar,Pública,428.91
Julio,González,0,Trabajo,Pública,259.32
Julio,González,0,Crédito educativo,Pública,256.1
Julio,González,0,Apoyo familiar,Pública,483.47
Sr(a). Tiziano,Medina,0,Apoyo familiar,Pública,364.46
Ciriaco Boix,Estevez,0,Trabajo,Pública,288.44
Jenny,Angulo,0,Otro,Pública,290.83
María Luisa Ariadna Gurule,Manzanares,0,Crédito educativo,Pública,321.79
Horacio Ana,Ojeda,0,Crédito educativo,Pública,449.1
Horacio Ana,Ojeda,0,Otro,Pública,380.17
Horacio Ana,Ojeda,0,Apoyo familiar,Pública,327.01
Isabel Ospina,Peña,0,Trabajo,Pública,194.89
Isabel Ospina,Peña,0,Crédito educativo,Pública,320.85
Elvira Diana Lucero,Huerta,0,Crédito educativo,Pública,305.2
Catalina Benicio Torres,Ramos,0,Apoyo familiar,Pública,376.15
Martina Miguel Angel,Alvarez,0,Crédito educativo,Pública,311.49
Javier,Lomeli,0,Apoyo familiar,Pública,395.58
Nadia Pedro Jiménez,Bustamante,0,Trabajo,Pública,322.37
Nadia Pedro Jiménez,Bustamante,0,Crédito educativo,Pública,334.09
Esteban Mayte Ibarra,Aparicio,0,Trabajo,Pública,197.52
Esteban Mayte Ibarra,Aparicio,0,Crédito educativo,Pública,381.75
Mónica,Estrada,0,Apoyo familiar,Pública,465.91
Valentin Juan Cruz,Ortiz,0,Apoyo familiar,Pública,581.75
Odalys Calvo,Palmer,0,Apoyo familiar,Pública,274.22
Humberto Talavera,Nadal,0,Crédito educativo,Privada,314.57
Humberto Talavera,Nadal,0,Apoyo familiar,Privada,287.57
Andrea Gloria,Pérez,0,Trabajo,Pública,277.66
Marcela Reyes,Villaseñor,0,Apoyo familiar,Privada,438.54
Agustin,Martinez,0,Apoyo familiar,Pública,485.86
Jairo Diego,Gómez,0,Trabajo,Pública,211.27
Jairo Diego,Gómez,0,Apoyo familiar,Pública,232.33
Sr(a). Lucía,Polanco,0,Apoyo familiar,Privada,445.07
Orlando Pérez,Pérez,1,Trabajo,Privada,151.23
Orlando Pérez,Pérez,1,Beca,Privada,565.07
Damaris Amparo Hernández,Vergara,0,Otro,Pública,298.37
Damaris Amparo Hernández,Vergara,0,Trabajo,Pública,290.99
Fabián Cid,Oliva,0,Trabajo,Pública,146.11
Fabián Cid,Oliva,0,Apoyo familiar,Pública,336.2
Mateo,Gonzalez,0,Apoyo familiar,Pública,519.1
Débora Hermelinda,Maldonado,1,Apoyo familiar,Privada,533.62
Débora Hermelinda,Maldonado,1,Beca,Privada,410.69
Desiderio Frutos,Rueda,0,Apoyo familiar,Privada,904.32
Carmelo del,Adadia,0,Apoyo familiar,Pública,526.72
Lautaro Agustin,Castillo,0,Crédito educativo,Pública,322.63
Yolanda,Ocampo,0,Apoyo familiar,Pública,349.68
Paulina Catalina,Fernandez,0,Crédito educativo,Pública,204.26
Itzel,Leyva,0,Apoyo familiar,Privada,463.78
Dr(a). Mateo Benjamin,Sosa,0,Apoyo familiar,Pública,382.08
Venceslás de,Gutierrez,0,Trabajo,Pública,214.25
Enrique Emilio,León,0,Trabajo,Pública,219.5
Mia Valentina Fernandez,Lopez,1,Apoyo familiar,Privada,651.21
Mia Valentina Fernandez,Lopez,1,Beca,Privada,380.23
Manuel Aurelio Mojica,Olivo,0,Apoyo familiar,Pública,282.21
Cornelio,Linares,1,Otro,Privada,210.94
Cornelio,Linares,1,Beca,Privada,499.29
Pedro Ramos,Muñoz,0,Apoyo familiar,Pública,336.06
Mateo Thiago Ezequiel,Miranda,0,Apoyo familiar,Pública,321.45
Lautaro Ponce,Ferreyra,0,Apoyo familiar,Pública,344.65
Mateo Fernandez,Gimenez,1,Otro,Privada,371.27
Mateo Fernandez,Gimenez,1,Apoyo familiar,Privada,356.22
Mateo Fernandez,Gimenez,1,Beca,Privada,289.03
Pilar Campos,Ruiz,1,Apoyo familiar,Privada,381.8
Pilar Campos,Ruiz,1,Beca,Privada,396.28
Ibán Efraín Carmona,Sanjuan,0,Apoyo familiar,Pública,336.53
Esteban Elkin Domínguez,González,0,Apoyo familiar,Privada,518.42
Óscar,Olivera,1,Apoyo familiar,Privada,600.11
Óscar,Olivera,1,Beca,Privada,355.79
Abraham Navas,Jordá,0,Apoyo familiar,Pública,427.26
Ing. María Elena,Puga,0,Apoyo familiar,Pública,273.88
Elisabet Ariño,Carrión,0,Trabajo,Privada,108.05
Elisabet Ariño,Carrión,0,Otro,Privada,295.41
Guadalupe,Paez,0,Trabajo,Pública,297.84
Guadalupe,Paez,0,Apoyo familiar,Pública,416.78
Alejandro,Gil,1,Trabajo,Privada,248.48
Alejandro,Gil,1,Beca,Privada,477.07
Débora de,Marcos,0,Trabajo,Pública,360.21
Débora de,Marcos,0,Otro,Pública,367.77
José Valencia,Acevedo,0,Apoyo familiar,Pública,347.97
Patricia Arce,Prieto,0,Apoyo familiar,Pública,307.22
Arturo Oswaldo,Cabrera,0,Apoyo familiar,Pública,359.29
Tania Miguel,Prado,0,Apoyo familiar,Pública,446.61
Yamid Santiago,Vargas,0,Apoyo familiar,Pública,236.13
Bautista Torres,Fernandez,0,Trabajo,Pública,261.77
Loida Bermúdez,Nebot,0,Apoyo familiar,Pública,312.98
Diego Díaz,Cano,0,Trabajo,Pública,256.21
Azahar Feliu,Julián,0,Otro,Pública,237.83
Azahar Feliu,Julián,0,Crédito educativo,Pública,387.73
Erika María Córdoba,Rojas,0,Crédito educativo,Pública,326.92
Thiago Valentin Santiago Benjamin Garcia,Carrizo,0,Crédito educativo,Pública,357.72
Agostina Victoria,Ramirez,0,Apoyo familiar,Privada,472.96
Máxima Castilla,Llobet,0,Trabajo,Pública,287.5
Máxima Castilla,Llobet,0,Apoyo familiar,Pública,373.76
Francisco Misael Ruiz,Torres,0,Crédito educativo,Pública,242.95
Consuela Bartolomé,Maestre,0,Trabajo,Pública,265.93
Dr(a). Juan Manuel,Romero,0,Trabajo,Pública,200.42
Dr(a). Juan Manuel,Romero,0,Apoyo familiar,Pública,311.65
Alexander,Gonzalez,0,Apoyo familiar,Pública,370.21
Javier Daniel,Restrepo,0,Crédito educativo,Privada,317.83
Julia Mateo,Alvarez,0,Apoyo familiar,Pública,267.37
Antonella Ortiz,Rodriguez,0,Apoyo familiar,Pública,428.26
Dr(a). Catalina,Cardozo,1,Apoyo familiar,Privada,556.85
Dr(a). Catalina,Cardozo,1,Beca,Privada,370.8
Jorge,Álvarez,0,Apoyo familiar,Pública,390.85
Felipe Nuñez,Rios,0,Apoyo familiar,Pública,260.49
Jeronimo,Gonzalez,0,Crédito educativo,Pública,294.42
Cristobal Eduardo Montoya,Rivera,0,Apoyo familiar,Pública,334.93
Hector Gil,Galván,0,Trabajo,Pública,191.34
Ema,Escalona-Cuenca,0,Crédito educativo,Pública,293.71
Ema,Escalona-Cuenca,0,Apoyo familiar,Pública,336.34
Dr(a). Lautaro,Diaz,0,Apoyo familiar,Privada,456.1
Hugo Víctor,Vergara,0,Apoyo familiar,Pública,338.86
David Parra,Tovar,0,Apoyo familiar,Pública,461.88
Carlos Segundo Castillo,Rodríguez,0,Crédito educativo,Pública,278.18
Carlos Segundo Castillo,Rodríguez,0,Apoyo familiar,Pública,354.16
Pablo Héctor López,Murillo,0,Apoyo familiar,Pública,346.86
Renata,Godoy,0,Crédito educativo,Pública,269.7
Santiago Silvano,Santacruz,0,Apoyo familiar,Pública,360.88
Marianela Patricia Rebollo,Alsina,0,Apoyo familiar,Pública,361.48
Ana Eugenia Duque,Angarita,0,Apoyo familiar,Pública,356.94
Verónica Rosa Porras,Vidal,0,Apoyo familiar,Pública,290.77
María José José Carlos,Grijalva,0,Apoyo familiar,Privada,482.51
Elvira,Medrano,0,Crédito educativo,Pública,345.62
Elvira,Medrano,0,Apoyo familiar,Pública,338.78
Andrés Alta Gracia Fonseca,Vélez,1,Crédito educativo,Privada,309.71
Andrés Alta Gracia Fonseca,Vélez,1,Beca,Privada,431.18
Emma,Juarez,0,Apoyo familiar,Pública,379.77
María Teresa Mónica,Carranza,0,Apoyo familiar,Pública,343.2
Paola Camargo,García,0,Apoyo familiar,Pública,366.4
Teresita Vizcaíno,Soriano,0,Trabajo,Pública,311.74
Sofia Belen Campos,Cruz,0,Apoyo familiar,Pública,283.26
Miriam Luna Alvarez,Ródenas,0,Apoyo familiar,Pública,392.31
Juana Ruiz,Paz,0,Apoyo familiar,Pública,315.01
Gloria Vidal,Sacristán,0,Apoyo familiar,Pública,341.41
Santino Farias,Navarro,0,Trabajo,Privada,253.61
Santino Farias,Navarro,0,Apoyo familiar,Privada,343.61
Gervasio Rey,Nicolás,0,Otro,Pública,291.35
Gervasio Rey,Nicolás,0,Apoyo familiar,Pública,435.58
Maximiliano Enrique,Jaime,1,Otro,Privada,330.36
Maximiliano Enrique,Jaime,1,Apoyo familiar,Privada,471.04
Maximiliano Enrique,Jaime,1,Beca,Privada,516.07
Miguela Benavent,Sedano,0,Trabajo,Pública,216.19
Matilda Alma,Ledesma,0,Crédito educativo,Pública,234.34
Matilda Alma,Ledesma,0,Apoyo familiar,Pública,309.56
Gustavo Julián Hurtado,Castellanos,0,Apoyo familiar,Pública,451.18
Mtro. Aldonza,García,0,Otro,Pública,422.71
Mtro. Aldonza,García,0,Apoyo familiar,Pública,499.76
Esteban Jesús,Becerra,0,Apoyo familiar,Privada,511.78
Esteban Fredy Sánchez,Cifuentes,0,Apoyo familiar,Pública,218.61
Sandra Guillermo,Olivo,0,Apoyo familiar,Pública,321.75
María Sandra Suárez,Orozco,0,Apoyo familiar,Pública,277.61
Humberto Omar,Orjuela,0,Crédito educativo,Pública,263.54
Humberto Omar,Orjuela,0,Apoyo familiar,Pública,361.06
Ana Paula,Lopez,0,Trabajo,Pública,297.89
Margarita Sierra,Guzmán,0,Apoyo familiar,Pública,368.89
Lara,Aguero,0,Trabajo,Pública,265.38
Lara,Aguero,0,Apoyo familiar,Pública,277.84
Pilar Olivia,Carrizo,0,Crédito educativo,Pública,247.15
Coral Mendoza,Fábregas,0,Apoyo familiar,Pública,476.74
Germán Sandra,Casares,0,Apoyo familiar,Pública,304.44
Modesto María Luisa Vargas,Alcala,0,Trabajo,Pública,332.81
Modesto María Luisa Vargas,Alcala,0,Apoyo familiar,Pública,333.55
José Wendolin,Apodaca,0,Crédito educativo,Pública,300.14
Oriana Gimenez,Perez,0,Trabajo,Pública,303.52
Oriana Gimenez,Perez,0,Crédito educativo,Pública,376.31
Oriana Gimenez,Perez,0,Apoyo familiar,Pública,348.36
Jacinto Yáñez,Huguet,0,Apoyo familiar,Pública,324.01
Dulce Uriel Guevara,Gil,0,Crédito educativo,Pública,296.64
Dulce Uriel Guevara,Gil,0,Apoyo familiar,Pública,399.41
Martina Tomas,Molina,0,Apoyo familiar,Pública,415.05
Quique,Bartolomé,0,Trabajo,Pública,250.21
Mtro. Anel,Franco,0,Apoyo familiar,Pública,393.95
Rocío Roberto,Romero,0,Apoyo familiar,Pública,469.6
Mateo Benjamin Vargas,Sanchez,0,Trabajo,Pública,269.07
Jorge,Carnero,0,Crédito educativo,Privada,318.7
Agustin Gomez,Nuñez,1,Apoyo familiar,Privada,341.64
Agustin Gomez,Nuñez,1,Beca,Privada,199.11
Franco Clara Guzman,Gomez,0,Apoyo familiar,Pública,312.41
Salvador Juan Manuel,Navarro,0,Apoyo familiar,Pública,348.7
René,Ramírez-Lillo,0,Apoyo familiar,Pública,196.52
Ignacio Pilar,Garcia,0,Apoyo familiar,Pública,443.8
Oswaldo,Vargas,1,Apoyo familiar,Privada,475.37
Oswaldo,Vargas,1,Beca,Privada,507.88
John,González,0,Apoyo familiar,Pública,305.04
Abraham,Matos,0,Apoyo familiar,Pública,360.95
Mateo,Rodriguez,0,Otro,Pública,287.26
Mateo,Rodriguez,0,Apoyo familiar,Pública,385.65
Catalina Morena Jazmin Romero,Castillo,0,Apoyo familiar,Pública,430.95
Bianca Esther,Gallardo,0,Crédito educativo,Pública,294.12
Alexander,Contreras,1,Crédito educativo,Privada,242.92
Alexander,Contreras,1,Trabajo,Privada,219.81
Alexander,Contreras,1,Beca,Privada,434.36
Marcos Cruz Cortes,Morante,0,Trabajo,Pública,213.95
Leonardo David,Cotto,0,Apoyo familiar,Pública,245.35
Noemí Mario Yáñez,Peña,0,Trabajo,Pública,241.97
Noemí Mario Yáñez,Peña,0,Otro,Pública,481.98
Liceth Leidy Zuluaga,Suárez,0,Apoyo familiar,Pública,299.35
Isabela Joaquín Mascareñas,Rascón,1,Otro,Privada,467.34
Isabela Joaquín Mascareñas,Rascón,1,Apoyo familiar,Privada,485.37
Isabela Joaquín Mascareñas,Rascón,1,Beca,Privada,678.46
Julio Castellanos,Rodríguez,0,Trabajo,Pública,232.86
León Sosa,Cordoba,0,Otro,Pública,255.29
Benjamin Federico Diaz,Vera,0,Trabajo,Pública,299.12
Benjamin Federico Diaz,Vera,0,Apoyo familiar,Pública,320.52
José Alejandro,Flórez,0,Apoyo familiar,Pública,378.46
Serafín Nadia,Quiñónez,0,Apoyo familiar,Pública,515.95
María Ana,Vanegas,0,Crédito educativo,Pública,257.04
Fausto Alvarez,Campos,1,Trabajo,Privada,229.17
Fausto Alvarez,Campos,1,Crédito educativo,Privada,296.21
Fausto Alvarez,Campos,1,Apoyo familiar,Privada,541.75
Fausto Alvarez,Campos,1,Beca,Privada,448.74
Emilia Sofía,Torres,0,Crédito educativo,Pública,197.51
Emilia Sofía,Torres,0,Apoyo familiar,Pública,566.81
Miguel Noriega,Llorente,0,Apoyo familiar,Pública,440.96
Giovanni Luis Hernández,Zambrano,0,Apoyo familiar,Pública,332.6
Yeison Pulido,Fernández,0,Apoyo familiar,Pública,333.06
Sr(a). Marcela,Guillen,1,Trabajo,Privada,286.73
Sr(a). Marcela,Guillen,1,Crédito educativo,Privada,340.63
Sr(a). Marcela,Guillen,1,Apoyo familiar,Privada,514.16
Sr(a). Marcela,Guillen,1,Beca,Privada,429.8
Jaime,Figueroa,0,Apoyo familiar,Pública,399.81
Rolando Bayo,Mir,0,Apoyo familiar,Pública,371.92
Omar Alberto Ruiz,Torres,0,Otro,Pública,284.77
Alberto Israel,Muñoz,0,Trabajo,Privada,216.21
Alberto Israel,Muñoz,0,Crédito educativo,Privada,205.71
Alberto Israel,Muñoz,0,Apoyo familiar,Privada,412.83
Benito Reig,Roma,0,Apoyo familiar,Pública,361.77
Lourdes,Rivero,0,Apoyo familiar,Pública,338.22
Florentina,Alegre,0,Apoyo familiar,Pública,269.39
Rafael Hernandez,Romero,0,Trabajo,Pública,164.76
Dante Juan Manuel Ponce,Ortiz,0,Trabajo,Pública,253.7
Dante Juan Manuel Ponce,Ortiz,0,Apoyo familiar,Pública,309.81
Candela de,Solís,0,Crédito educativo,Pública,284.52
Luis Manuel Lebrón,Rivero,1,Otro,Privada,371.26
Luis Manuel Lebrón,Rivero,1,Beca,Privada,530.24
Jeremias Bautista,Moreno,0,Crédito educativo,Pública,280.77
Jeremias Bautista,Moreno,0,Apoyo familiar,Pública,358.92
Cristian Edgar Fonseca,Mejía,1,Trabajo,Privada,233.04
Cristian Edgar Fonseca,Mejía,1,Otro,Privada,407.87
Cristian Edgar Fonseca,Mejía,1,Beca,Privada,467.84
Maricela Marin,Agudo,0,Apoyo familiar,Pública,224.92
Benjamin Sanchez,Fernandez,0,Otro,Pública,493.24
Mtro. Óscar,Reyna,1,Apoyo familiar,Privada,459.72
Mtro. Óscar,Reyna,1,Beca,Privada,447.92
Mtro. Reynaldo,Corral,0,Otro,Pública,268.18
Emiliano Homero,Durán,0,Trabajo,Privada,343.44
Emiliano Homero,Durán,0,Otro,Privada,354.55
Emiliano Homero,Durán,0,Apoyo familiar,Privada,635.28
Juanito Ariza,Castejón,0,Apoyo familiar,Pública,307.79
Claudia Cecilia,Torres,0,Otro,Pública,304.09
Claudia Cecilia,Torres,0,Apoyo familiar,Pública,271.23
Hernán Dalia,Pineda,1,Apoyo familiar,Privada,631.69
Hernán Dalia,Pineda,1,Beca,Privada,402.87
Vilma Sandra Mosquera,Hernández,0,Otro,Pública,302.62
Vilma Sandra Mosquera,Hernández,0,Apoyo familiar,Pública,446.28
Zoe Jazmin Torres,Acosta,0,Apoyo familiar,Pública,309.28
Amador,Ramón,0,Trabajo,Pública,284.93
Amador,Ramón,0,Crédito educativo,Pública,301.51
Sofia,Vazquez,1,Trabajo,Privada,172.84
Sofia,Vazquez,1,Beca,Privada,441.98
Chucho Velázquez,Villalonga,0,Apoyo familiar,Pública,505.44
Reyes Gallego,Carreño,0,Apoyo familiar,Pública,355.54
Dr(a). Lautaro Ezequiel,Sanchez,0,Apoyo familiar,Pública,390.46
Aurora Natividad,Murillo,1,Apoyo familiar,Privada,605.14
Aurora Natividad,Murillo,1,Beca,Privada,463.53
Bianca Rosario Gonzalez,Alvarez,1,Trabajo,Privada,208.2
Bianca Rosario Gonzalez,Alvarez,1,Beca,Privada,490.86
Thiago Daniel,Gomez,0,Apoyo familiar,Pública,192.2
Gerardo,Mejía,0,Trabajo,Pública,204.89
Gerardo,Mejía,0,Apoyo familiar,Pública,324.25
Catherine María Franco,Giraldo,0,Apoyo familiar,Pública,393.39
Oriana Perez,Moreno,0,Trabajo,Pública,212.48
Oriana Perez,Moreno,0,Apoyo familiar,Pública,264.32
Patricia,Vargas,0,Trabajo,Pública,155.62
Juan Antonio Cortés,Checa,0,Trabajo,Pública,220.18
Juan Antonio Cortés,Checa,0,Apoyo familiar,Pública,487.47
Isabella Figueroa,Aguero,0,Apoyo familiar,Pública,369.59
Edwin Emilio,Guerrero,0,Apoyo familiar,Pública,416.6
Dr. Yolanda,Durán,0,Apoyo familiar,Pública,292.92
Ingrid María,Ramírez,0,Apoyo familiar,Pública,240.77
Nahuel Thiago Benjamin Sanchez,Vargas,0,Trabajo,Pública,188.95
Nahuel Thiago Benjamin Sanchez,Vargas,0,Apoyo familiar,Pública,344.17
Hilda,Gómez,0,Apoyo familiar,Pública,228.13
Amalia,Tirado,0,Apoyo familiar,Pública,280.66
Sr(a). Mateo,Gonzalez,0,Crédito educativo,Pública,264.82
Lourdes Barraza,Carreón,0,Apoyo familiar,Pública,258.18
Lautaro Nahuel,Mendez,0,Trabajo,Pública,143.82
Lautaro Nahuel,Mendez,0,Crédito educativo,Pública,317.38
Lautaro Nahuel,Mendez,0,Apoyo familiar,Pública,353.81
Jazmín Alma Valentina,Gonzalez,0,Trabajo,Privada,288.95
Jazmín Alma Valentina,Gonzalez,0,Apoyo familiar,Privada,390.08
Tiziano Valentin,Perez,0,Apoyo familiar,Pública,404.46
Eduard Hernán,López,0,Apoyo familiar,Pública,462.21
Sr(a). Juan Ignacio,Gutierrez,0,Crédito educativo,Pública,315.73
Sr(a). Juan Ignacio,Gutierrez,0,Apoyo familiar,Pública,308.17
Victoria Armando,Cadena,0,Apoyo familiar,Pública,380.24
Angelina Santino Martinez,Lopez,0,Apoyo familiar,Pública,311.05
Guillermo Miguel,Vega,1,Apoyo familiar,Privada,431.66
Guillermo Miguel,Vega,1,Beca,Privada,544.92
Claudia Rivera,Sánchez,0,Trabajo,Pública,175.8
Claudia Rivera,Sánchez,0,Otro,Pública,240.13
Melania Asensio,Figuerola,0,Apoyo familiar,Pública,316.75
Claudio Aponte,Granados,0,Apoyo familiar,Pública,275.04
Irene,Alba,0,Apoyo familiar,Pública,416.51
Jazmín,Lopez,0,Apoyo familiar,Pública,533.26
Samuel,Acosta,0,Trabajo,Pública,230.89
Samuel,Acosta,0,Crédito educativo,Pública,259.17
Samuel,Acosta,0,Apoyo familiar,Pública,298.42
Luis Jorge Solano,Salgado,0,Trabajo,Pública,216.01
Luis Jorge Solano,Salgado,0,Otro,Pública,265.24
Carmen Arévalo,Reyes,0,Apoyo familiar,Privada,469.96
Valentina Romero,Gutierrez,0,Apoyo familiar,Pública,259.24
Inmaculada Amigó,Cases,0,Crédito educativo,Pública,204.13
Inmaculada Amigó,Cases,0,Apoyo familiar,Pública,306.42
Jenaro de,Carreño,0,Apoyo familiar,Pública,403.02
Shirley Suárez,Mejía,0,Apoyo familiar,Pública,339.77
Casandra,Puga,1,Trabajo,Privada,226.77
Casandra,Puga,1,Apoyo familiar,Privada,495.17
Casandra,Puga,1,Beca,Privada,306.62
Estela Adriana,Farías,0,Trabajo,Pública,255.08
Estela Adriana,Farías,0,Apoyo familiar,Pública,359.32
Blanca Contreras,Gómez,1,Crédito educativo,Privada,383.68
Blanca Contreras,Gómez,1,Beca,Privada,324.82
Erika Leticia Pérez,Pérez,0,Apoyo familiar,Pública,364.63
Dr. Cornelio,Toledo,0,Crédito educativo,Pública,279.81
Victoria Rafael,Duarte,1,Apoyo familiar,Privada,489.11
Victoria Rafael,Duarte,1,Beca,Privada,403.96
Leandro Cardozo,Santos,0,Trabajo,Pública,302.33
Valentino Maria Luz Gonzalez,Martinez,1,Apoyo familiar,Privada,572.32
Valentino Maria Luz Gonzalez,Martinez,1,Beca,Privada,484.71
Esmeralda Viviana Olaya,Martínez,0,Apoyo familiar,Pública,315.14
Felipe Gael,Coronel,0,Trabajo,Pública,334.97
Felipe Gael,Coronel,0,Crédito educativo,Pública,275.89
Cristobal,Perea,1,Apoyo familiar,Privada,563.65
Cristobal,Perea,1,Beca,Privada,345.6
Sr(a). Valentina,Sosa,0,Apoyo familiar,Pública,385.53
Clara Karla Castañeda,Vigil,1,Apoyo familiar,Privada,654.52
Clara Karla Castañeda,Vigil,1,Beca,Privada,396.82
María Claudia,Leal,0,Apoyo familiar,Privada,336.08
Yolanda,Guzmán,0,Crédito educativo,Pública,356.47
Jovita Cristina Ríos,Martín,0,Trabajo,Pública,259.59
Jovita Cristina Ríos,Martín,0,Apoyo familiar,Pública,488.09
Perlita del,Corral,0,Apoyo familiar,Privada,592.96
Valentina Lladó,Armas,0,Otro,Pública,269.86
Santino Valentin Nuñez,Hernandez,0,Apoyo familiar,Pública,357.34
Francisco Santino Franco,Juarez,0,Otro,Pública,254.53
Francisco Santino Franco,Juarez,0,Apoyo familiar,Pública,364.91
Edilma Vanessa Perea,Corredor,0,Trabajo,Pública,148.19
Luca Guzman,Garcia,0,Apoyo familiar,Pública,354.01
Leonardo,Valencia,0,Apoyo familiar,Pública,351.11
Andrés Luis,Arévalo,0,Apoyo familiar,Pública,247.0
Lic. Estela,Villareal,0,Apoyo familiar,Pública,379.19
Santino Fausto Vega,Castro,0,Apoyo familiar,Pública,422.05
Dr(a). Martina,Gomez,0,Apoyo familiar,Pública,369.77
Arcelia,Carpio-Gómez,1,Apoyo familiar,Privada,459.72
Arcelia,Carpio-Gómez,1,Beca,Privada,430.33
Nicolás Pinzón,Gómez,0,Apoyo familiar,Pública,399.98
Franco,Pereyra,0,Apoyo familiar,Pública,430.68
Valentina,Gonzalez,0,Apoyo familiar,Pública,382.42
Sonia Méndez,Camacho,0,Apoyo familiar,Pública,480.95
Rodrigo Padilla,Gaitán,0,Apoyo familiar,Pública,419.57
Ferney Javier,Quiroz,1,Apoyo familiar,Privada,660.27
Ferney Javier,Quiroz,1,Beca,Privada,187.81
Marisela Amanda Meléndez,Reynoso,0,Apoyo familiar,Privada,447.02
Sandra Fuentes,Vásquez,0,Trabajo,Pública,261.16
Sandra Fuentes,Vásquez,0,Apoyo familiar,Pública,230.43
Germán Ocampo,Pérez,0,Apoyo familiar,Pública,318.22
Ignacio Rios,Villalba,0,Apoyo familiar,Pública,274.04
Hilda Benito Bustamante,Palomino,0,Apoyo familiar,Pública,361.66
Leonardo Henry Ramírez,Ordóñez,0,Apoyo familiar,Pública,468.4
Alma Simon Sosa,Fernandez,0,Apoyo familiar,Pública,433.85
Adriana Bruno Espinal,Verdugo,0,Crédito educativo,Pública,157.7
Adriana Bruno Espinal,Verdugo,0,Otro,Pública,232.01
Adriana Bruno Espinal,Verdugo,0,Apoyo familiar,Pública,427.07
Henry,Montoya,1,Trabajo,Privada,268.06
Henry,Montoya,1,Beca,Privada,412.11
Sr(a). Sofia,Gomez,0,Trabajo,Pública,305.4
Sr(a). Sofia,Gomez,0,Apoyo familiar,Pública,308.44
Felipe Alma Sosa,Fernandez,0,Apoyo familiar,Pública,323.1
Juan Gabriel Ponce,Lucero,1,Crédito educativo,Privada,258.82
Juan Gabriel Ponce,Lucero,1,Beca,Privada,351.44
Cecilia Martha,Luna,0,Crédito educativo,Pública,367.33
Dr. Yeni,Lara,0,Crédito educativo,Pública,322.19
Consuelo Gilabert,Higueras,0,Apoyo familiar,Pública,343.15
Vicente,Gálvez,0,Apoyo familiar,Pública,374.78
Gustavo Guerrero,Alonso,0,Crédito educativo,Privada,245.84
Renata,Molina,0,Apoyo familiar,Pública,423.11
Eduardo,Solano,0,Crédito educativo,Pública,216.17
Eduardo,Solano,0,Apoyo familiar,Pública,442.41
Dr(a). Thiago Valentin,Vega,0,Apoyo familiar,Pública,373.6
Alejandro,Morales,1,Crédito educativo,Privada,290.13
Alejandro,Morales,1,Otro,Privada,492.33
Alejandro,Morales,1,Beca,Privada,547.64
Paola Jonás Bermúdez,Cervantes,0,Apoyo familiar,Pública,444.31
Catalina Nancy López,Alarcón,0,Apoyo familiar,Pública,443.9
Dr(a). Santino,Rivero,0,Apoyo familiar,Pública,394.91
Verónica Perla Garrido,Rivero,0,Trabajo,Pública,206.41
Ángela,Mendoza,0,Crédito educativo,Pública,267.51
Ángela,Mendoza,0,Otro,Pública,308.69
Ángela,Mendoza,0,Apoyo familiar,Pública,388.59
Benjamin Alejandro Lopez,Castro,0,Apoyo familiar,Pública,412.9
Judith Coloma,Bartolomé,0,Apoyo familiar,Pública,308.63
Paulina Isabel,Vargas,0,Apoyo familiar,Pública,347.15
Leandra Irene Cañellas,Prieto,0,Trabajo,Privada,197.08
Leandra Irene Cañellas,Prieto,0,Otro,Privada,478.57
Horacio,Tijerina,0,Trabajo,Pública,180.52
Horacio,Tijerina,0,Apoyo familiar,Pública,429.94
David Raúl,Palacios,0,Trabajo,Pública,212.65
David Raúl,Palacios,0,Apoyo familiar,Pública,358.96
Bautista Benjamin Giovanni,Nuñez,0,Apoyo familiar,Pública,348.35
Amelia Olivia Palma,Carretero,0,Otro,Privada,343.36
Amelia Olivia Palma,Carretero,0,Apoyo familiar,Privada,625.56
Ana Belén Luisa Riba,Cuéllar,0,Crédito educativo,Pública,234.84
Ana Belén Luisa Riba,Cuéllar,0,Apoyo familiar,Pública,439.55
Ruby Diego,Durán,0,Apoyo familiar,Pública,433.03
Pastora Carreras,Mármol,0,Apoyo familiar,Pública,288.0
Heriberto Ponce,Ramón,0,Crédito educativo,Pública,232.03
Heriberto Ponce,Ramón,0,Otro,Pública,211.94
Heriberto Ponce,Ramón,0,Apoyo familiar,Pública,294.88
Valentino,Romero,0,Otro,Pública,467.25
Galo Chus Ros,Iniesta,0,Apoyo familiar,Pública,369.15
Santiago Ruiz,Martinez,0,Apoyo familiar,Pública,227.05
Jennifer Burgos,Zabaleta,0,Apoyo familiar,Pública,216.41
Estella,Martínez,0,Apoyo familiar,Pública,367.21
Arcelia Domingo,Abellán,0,Otro,Privada,446.38
Arcelia Domingo,Abellán,0,Apoyo familiar,Privada,825.13
Fernando Planas,Medina,1,Apoyo familiar,Privada,343.76
Fernando Planas,Medina,1,Beca,Privada,419.58
Marcela,Perera-Baños,0,Crédito educativo,Privada,205.28
Teresa Silvano,Samaniego,0,Trabajo,Pública,277.59
Teresa Silvano,Samaniego,0,Apoyo familiar,Pública,402.53
Dr. Jaime,Calderón,0,Apoyo familiar,Pública,227.45
Mtro. Renato,Díaz,0,Trabajo,Pública,211.93
Bianca Zoe Valentina,Acosta,1,Apoyo familiar,Privada,404.71
Bianca Zoe Valentina,Acosta,1,Beca,Privada,477.72
Victoria de,Mesa,0,Apoyo familiar,Pública,263.13
Carolina Andrea,Delgado,0,Apoyo familiar,Pública,374.63
Celia Cortina,Navas,1,Apoyo familiar,Privada,466.45
Celia Cortina,Navas,1,Beca,Privada,340.76
Dr(a). Martín,Leiva,0,Apoyo familiar,Privada,612.54
Delia Pavón,Cid,0,Apoyo familiar,Pública,371.47
Elena,Páez,0,Apoyo familiar,Pública,439.36
América Tenorio,Cabeza,0,Apoyo familiar,Pública,374.09
Zaida Águila,Vélez,0,Crédito educativo,Pública,230.57
Sr(a). Emilia,Fernandez,0,Apoyo familiar,Pública,261.33
Socorro Luis Páez,Puga,1,Trabajo,Privada,172.42
Socorro Luis Páez,Puga,1,Apoyo familiar,Privada,556.92
Socorro Luis Páez,Puga,1,Beca,Privada,577.3
Morena Aguirre,Sanchez,0,Trabajo,Pública,342.47
Morena Aguirre,Sanchez,0,Apoyo familiar,Pública,309.11
Dr(a). Julieta,Toledo,0,Apoyo familiar,Pública,394.79
Lina,Gómez,0,Apoyo familiar,Pública,289.78
Victor Manuel Lázaro Durán,Mir,0,Apoyo familiar,Privada,847.58
Albina de,Mateo,0,Apoyo familiar,Pública,397.48
Lautaro Mateo Benjamin,Paz,0,Otro,Pública,457.58
Sr(a). Bianca,Castillo,0,Trabajo,Pública,255.37
Sr(a). Bianca,Castillo,0,Apoyo familiar,Pública,377.86
Augusto,Sebastián,0,Otro,Pública,385.49
Augusto,Sebastián,0,Apoyo familiar,Pública,466.59
Indira Antonia,Figueroa,0,Apoyo familiar,Pública,407.66
Franco Mora,Gonzalez,1,Apoyo familiar,Privada,587.85
Franco Mora,Gonzalez,1,Beca,Privada,459.13
Santino Nicolas Juan Ignacio,Garcia,1,Apoyo familiar,Privada,535.15
Santino Nicolas Juan Ignacio,Garcia,1,Beca,Privada,356.61
Diana Julio Gil,Nieto,0,Apoyo familiar,Pública,424.61
Felipe Juarez,Rios,0,Crédito educativo,Pública,304.73
Felipe Juarez,Rios,0,Otro,Pública,249.95
Felipe Juarez,Rios,0,Apoyo familiar,Pública,295.19
Pedro Blanco,Pabón,1,Crédito educativo,Privada,333.2
Pedro Blanco,Pabón,1,Apoyo familiar,Privada,488.24
Pedro Blanco,Pabón,1,Beca,Privada,332.98
Heidy Teresa Caro,Peña,0,Apoyo familiar,Pública,339.64
Sandra Riba,Pi,1,Apoyo familiar,Privada,455.24
Sandra Riba,Pi,1,Beca,Privada,488.91
Maribel Olga Carvajal,Pineda,0,Trabajo,Pública,331.11
Juliana Acosta,Dominguez,0,Crédito educativo,Pública,323.73
Juliana Acosta,Dominguez,0,Apoyo familiar,Pública,283.63
Teodoro Carrero,Carrillo,0,Apoyo familiar,Pública,310.99
Ángel,Elizondo,0,Apoyo familiar,Pública,318.64
Gilma Muñoz,Duarte,0,Apoyo familiar,Pública,411.13
Mateo Benjamin Emilia Ortiz,Gomez,1,Apoyo familiar,Privada,656.45
Mateo Benjamin Emilia Ortiz,Gomez,1,Beca,Privada,359.28
Sandra Franch,Bolaños,0,Apoyo familiar,Pública,433.72
Juan Ignacio Jeronimo,Herrera,0,Trabajo,Pública,261.46
Juan Ignacio Jeronimo,Herrera,0,Apoyo familiar,Pública,347.47
Darío Arellano,Pons,0,Apoyo familiar,Pública,281.02
Ángel Guardado,Pulido,0,Trabajo,Pública,197.82
Ángel Guardado,Pulido,0,Apoyo familiar,Pública,412.71
Gabriel Óscar Solano,Vergara,1,Trabajo,Privada,152.22
Gabriel Óscar Solano,Vergara,1,Apoyo familiar,Privada,522.63
Gabriel Óscar Solano,Vergara,1,Beca,Privada,389.37
Ilse Alvaro,Varela,0,Apoyo familiar,Pública,405.74
Francisco Iglesia,Echevarría,0,Apoyo familiar,Pública,370.26
Alberto Armando Giraldo,Sánchez,0,Trabajo,Pública,282.89
Alberto Armando Giraldo,Sánchez,0,Apoyo familiar,Pública,349.51
Martha Eugenia,Quintero,0,Apoyo familiar,Pública,267.77
Luna Rodriguez,Martinez,0,Otro,Pública,256.49
Patricia Alfonso,Martínez,0,Apoyo familiar,Pública,315.63
Lorenza Alemany,Doménech,1,Apoyo familiar,Privada,464.39
Lorenza Alemany,Doménech,1,Beca,Privada,493.91
José Jhoan,Duque,0,Apoyo familiar,Pública,331.02
Abril Barragán,Ponce,0,Apoyo familiar,Pública,377.77
Rico de,Benavent,0,Apoyo familiar,Pública,297.52
Marianela Polo,Lumbreras,0,Crédito educativo,Pública,270.74
Marianela Polo,Lumbreras,0,Otro,Pública,396.75
Marianela Polo,Lumbreras,0,Apoyo familiar,Pública,490.19
Nahuel,Martinez,0,Apoyo familiar,Pública,379.94
Dr(a). Lautaro,Olivera,1,Crédito educativo,Privada,362.03
Dr(a). Lautaro,Olivera,1,Apoyo familiar,Privada,635.57
Dr(a). Lautaro,Olivera,1,Beca,Privada,530.41
Alma Jazmin,Fernandez,0,Otro,Pública,449.72
Alma Jazmin,Fernandez,0,Apoyo familiar,Pública,434.39
Patricia Yolanda Pérez,Parada,0,Trabajo,Pública,309.99
Patricia Yolanda Pérez,Parada,0,Apoyo familiar,Pública,274.41
Rosa Rodríguez,Cifuentes,0,Apoyo familiar,Pública,411.36
María Luisa Partida,Toro,0,Apoyo familiar,Pública,338.84
Carmen,Morales,0,Apoyo familiar,Pública,360.45
Lucía,Perales,0,Trabajo,Pública,256.35
Lucía,Perales,0,Apoyo familiar,Pública,357.64
Simon,Alvarez,1,Otro,Privada,329.04
Simon,Alvarez,1,Beca,Privada,310.24
Alexander Diego,Vanegas,0,Apoyo familiar,Pública,426.17
Esteban Elias,Varela,0,Apoyo familiar,Pública,300.55
Mtro. Marisol,Ulibarri,0,Apoyo familiar,Pública,363.31
Mia Valentina Delfina Fernandez,Gomez,0,Crédito educativo,Privada,293.12
Florencia Maximiliano Aguero,Ramirez,0,Trabajo,Pública,205.68
Florencia Maximiliano Aguero,Ramirez,0,Apoyo familiar,Pública,417.34
Iván Pedro,Cortez,0,Apoyo familiar,Pública,341.93
Dr(a). Joaquin,Acosta,0,Apoyo familiar,Pública,333.84
Raquel de,León,0,Crédito educativo,Privada,313.97
Raquel de,León,0,Apoyo familiar,Privada,561.69
Angélica Córdoba,Meneses,0,Apoyo familiar,Pública,286.1
Ilse,Rocha,0,Crédito educativo,Pública,352.38
Ilse,Rocha,0,Otro,Pública,243.83
Ilse,Rocha,0,Apoyo familiar,Pública,250.76
Micaela Ignacio,Tamez,0,Otro,Pública,395.68
Rubén Bas,Boada,0,Apoyo familiar,Pública,397.96
Édgar Baena,Muñoz,0,Crédito educativo,Pública,397.74
Íngrid Palacios,Franco,0,Otro,Pública,232.24
Homero Andrés,Naranjo,0,Apoyo familiar,Pública,411.49
Felipe Hernando Gutiérrez,López,0,Apoyo familiar,Pública,328.89
Dalia Linda,Casanova,0,Otro,Pública,489.63
Dalia Linda,Casanova,0,Apoyo familiar,Pública,264.92
Lucas Agustín,Quiroga,0,Trabajo,Pública,250.3
Yenifer Vanessa Sánchez,Marín,0,Crédito educativo,Pública,351.52
Yenifer Vanessa Sánchez,Marín,0,Apoyo familiar,Pública,322.98
Valerio Piquer,Suárez,1,Crédito educativo,Privada,319.18
Valerio Piquer,Suárez,1,Otro,Privada,230.05
Valerio Piquer,Suárez,1,Beca,Privada,336.47
Joaquin,Gonzalez,0,Apoyo familiar,Privada,447.43
Dario Juan Santos,Manrique,1,Apoyo familiar,Privada,605.21
Dario Juan Santos,Manrique,1,Beca,Privada,472.29
Ovidio Vicente,García,0,Trabajo,Pública,216.85
Ovidio Vicente,García,0,Apoyo familiar,Pública,271.83
Mtro. Zoé,Orta,0,Apoyo familiar,Pública,479.56
Yolanda Estrada,Mayorga,0,Trabajo,Privada,221.68
Yolanda Estrada,Mayorga,0,Otro,Privada,221.02
Gloria Nathalia,Zapata,0,Trabajo,Pública,286.28
Gloria Nathalia,Zapata,0,Crédito educativo,Pública,308.2
Guadalupe Valentina,Gutierrez,0,Apoyo familiar,Pública,438.61
Esther Diaz,Azorin,0,Apoyo familiar,Pública,351.01
Frida Marisol Prieto,Miranda,0,Crédito educativo,Pública,406.57
Reinaldo,Sedano-Bernat,0,Apoyo familiar,Pública,343.52
Patricia,Mantilla,1,Trabajo,Privada,211.52
Patricia,Mantilla,1,Otro,Privada,308.36
Patricia,Mantilla,1,Apoyo familiar,Privada,437.65
Patricia,Mantilla,1,Beca,Privada,433.37
Agustina,Mate-Pintor,0,Apoyo familiar,Pública,360.83
Juan,Oquendo,0,Otro,Pública,342.36
Juan,Oquendo,0,Apoyo familiar,Pública,334.52
Pablo,Perez-Narváez,0,Trabajo,Pública,314.56
Pablo,Perez-Narváez,0,Otro,Pública,465.98
Diego Herrera,Valderrama,0,Apoyo familiar,Pública,449.1
Olga Marcela Caro,Prada,0,Trabajo,Pública,336.49
Olga Marcela Caro,Prada,0,Otro,Pública,389.01
Olga Marcela Caro,Prada,0,Apoyo familiar,Pública,280.75
Tere Verdú,Carballo,1,Otro,Privada,228.07
Tere Verdú,Carballo,1,Apoyo familiar,Privada,419.49
Tere Verdú,Carballo,1,Beca,Privada,403.3
Samuel Campo,Herrero,0,Apoyo familiar,Privada,497.58
Glauco Bas,Correa,0,Apoyo familiar,Pública,208.91
Antonio Aguirre,Alcántar,0,Trabajo,Pública,322.1
Ana Eugenia,Bohórquez,1,Apoyo familiar,Privada,441.2
Ana Eugenia,Bohórquez,1,Beca,Privada,434.0
Maia Santino Gomez,Vega,0,Apoyo familiar,Pública,329.25
Eduardo Bustos,Bustos,0,Otro,Pública,326.81
Eduardo Bustos,Bustos,0,Apoyo familiar,Pública,351.17
Rosa María Guijarro,Gallo,0,Crédito educativo,Pública,272.78
Guillermo Montes,Ávila,0,Apoyo familiar,Pública,472.57
Elvia,Saldivar,0,Apoyo familiar,Pública,289.74
Graciela,Villarreal,0,Otro,Pública,443.94
Catalina Vera,Aguado,0,Otro,Pública,271.02
Catalina Vera,Aguado,0,Apoyo familiar,Pública,379.72
Conrado Lago,Cobo,0,Apoyo familiar,Pública,428.29
Antonio Escobedo,Escobar,0,Apoyo familiar,Pública,380.89
Ana Yolanda Vega,Agudelo,0,Apoyo familiar,Pública,251.63
Fernanda Jessica Galvis,Contreras,0,Apoyo familiar,Pública,314.1
Henry,Martínez,0,Apoyo familiar,Pública,379.06
Fabiola Barrena,Ropero,0,Apoyo familiar,Pública,411.13
Adora Borja,Montalbán,0,Trabajo,Pública,216.04
Adora Borja,Montalbán,0,Apoyo familiar,Pública,146.66
Amparo Juliana,Ruiz,0,Trabajo,Pública,276.16
Amparo Juliana,Ruiz,0,Crédito educativo,Pública,226.78
Amparo Juliana,Ruiz,0,Apoyo familiar,Pública,210.97
Manuel Jesús Reyes,Vásquez,1,Apoyo familiar,Privada,224.08
Manuel Jesús Reyes,Vásquez,1,Beca,Privada,551.29
Rodrigo David,Arias,0,Apoyo familiar,Pública,371.94
Miguel Restrepo,Salgado,0,Apoyo familiar,Pública,474.2
Joaquina,Medina,0,Trabajo,Pública,230.46
Joaquina,Medina,0,Apoyo familiar,Pública,334.55
Judith Lourdes,Alvarado,0,Otro,Pública,257.69
Juana Susana Córdova,Pabón,0,Apoyo familiar,Pública,238.07
Marina,Figueroa,0,Trabajo,Pública,238.53
Marina,Figueroa,0,Crédito educativo,Pública,285.08
Marina,Figueroa,0,Apoyo familiar,Pública,425.81
Rosalia Dulce María,Gamboa,0,Apoyo familiar,Pública,367.46
Gustavo Sureda,Conde,0,Crédito educativo,Pública,337.4
Alberto César,Sánchez,0,Trabajo,Pública,285.17
Alberto César,Sánchez,0,Crédito educativo,Pública,429.3
Diana Angie Sierra,Mejía,0,Apoyo familiar,Pública,329.65
Wendolin,Balderas,0,Crédito educativo,Privada,243.54
Wendolin,Balderas,0,Apoyo familiar,Privada,515.04
María Cecilia,Acosta,0,Trabajo,Pública,209.89
María Cecilia,Acosta,0,Apoyo familiar,Pública,462.57
Paola Barbosa,Arenas,0,Apoyo familiar,Pública,331.33
Benjamin,Sanchez,0,Trabajo,Pública,221.72
Benjamin,Sanchez,0,Apoyo familiar,Pública,317.75
Sonia Hugo Portillo,Casas,0,Apoyo familiar,Pública,401.28
Mtro. Jacinto,Niño,0,Trabajo,Pública,242.11
Raúl Mario Barajas,Almanza,0,Trabajo,Privada,217.92
Raúl Mario Barajas,Almanza,0,Apoyo familiar,Privada,656.57
Ciro Sofia Romero,Martinez,0,Apoyo familiar,Pública,290.57
Kevin Jaime Escobar,Valencia,0,Apoyo familiar,Pública,359.95
Inés Susana,Vega,0,Apoyo familiar,Pública,398.01
Ing. Eva,Haro,1,Apoyo familiar,Privada,350.18
Ing. Eva,Haro,1,Beca,Privada,440.51
Dr(a). Mateo Agustin,Sanchez,1,Crédito educativo,Privada,236.69
Dr(a). Mateo Agustin,Sanchez,1,Beca,Privada,542.76
Pili Colomer,Montoya,0,Trabajo,Pública,286.6
Pili Colomer,Montoya,0,Apoyo familiar,Pública,411.96
Leandra,Sevillano,0,Apoyo familiar,Pública,368.22
Lorena Ligia,Mercado,0,Apoyo familiar,Pública,338.55
Rosa Castaño,Ortega,0,Apoyo familiar,Pública,314.43
Itzel Moya,Rosas,0,Trabajo,Pública,323.55
Indira Mercedes Martínez,Zedillo,0,Apoyo familiar,Pública,302.62
Rubén Salma,Casárez,0,Crédito educativo,Pública,237.78
Rubén Salma,Casárez,0,Apoyo familiar,Pública,397.15
Aura,Ramírez,0,Apoyo familiar,Pública,295.2
Dary Laura Figueroa,Rodríguez,1,Apoyo familiar,Privada,397.56
Dary Laura Figueroa,Rodríguez,1,Beca,Privada,264.99
Patricia María Arango,Castellanos,0,Apoyo familiar,Pública,321.84
Josefa Coloma,Salom,1,Apoyo familiar,Privada,366.64
Josefa Coloma,Salom,1,Beca,Privada,278.39
Sr(a). Mia,Navarro,0,Apoyo familiar,Pública,421.29
Javier,Llorente-Figuerola,0,Apoyo familiar,Pública,392.24
Mateo Valentino Moyano,Gomez,1,Apoyo familiar,Privada,473.83
Mateo Valentino Moyano,Gomez,1,Beca,Privada,453.97
Manuel Alexander Camargo,Caicedo,0,Trabajo,Privada,225.8
Manuel Alexander Camargo,Caicedo,0,Crédito educativo,Privada,307.42
Manuel Alexander Camargo,Caicedo,0,Apoyo familiar,Privada,376.95
Camila Juan Cruz Miranda,Gonzalez,0,Apoyo familiar,Pública,419.05
Julián Julián,Nieto,0,Apoyo familiar,Pública,441.34
Jose Ramón Bartolomé,Bayo,0,Trabajo,Pública,218.72
Jose Ramón Bartolomé,Bayo,0,Apoyo familiar,Pública,325.02
Benjamín Octavio,Dávila,1,Apoyo familiar,Privada,623.94
Benjamín Octavio,Dávila,1,Beca,Privada,458.76
Jorge Luis Munguía,Mireles,0,Crédito educativo,Pública,335.29
Fabiana Baños,Ugarte,0,Crédito educativo,Pública,357.32
Fabiana Baños,Ugarte,0,Apoyo familiar,Pública,347.87
Sr(a). Bruno,Moreno,0,Trabajo,Pública,219.58
Manuel Catalina,Diaz,0,Otro,Pública,441.54
Manuel Catalina,Diaz,0,Apoyo familiar,Pública,327.46
Francisca Gaytán,Grijalva,0,Trabajo,Pública,288.46
Francisca Gaytán,Grijalva,0,Apoyo familiar,Pública,362.0
Aitana de,Gomis,0,Apoyo familiar,Pública,283.82
Martina Navarro,Duarte,0,Crédito educativo,Pública,412.39
Martina Navarro,Duarte,0,Otro,Pública,205.09
Martina Navarro,Duarte,0,Apoyo familiar,Pública,407.23
Mtro. Irene,Ontiveros,0,Apoyo familiar,Pública,358.34
Bianca Garcia,Gonzalez,0,Apoyo familiar,Pública,422.19
Sr(a). Martina,Nuñez,0,Trabajo,Pública,275.9
Rodolfo Mitzy,Aguilar,0,Trabajo,Pública,251.31
Rodolfo Mitzy,Aguilar,0,Apoyo familiar,Pública,366.97
Nancy Rosa,Burbano,0,Apoyo familiar,Pública,345.4
Eric,Coronado,0,Trabajo,Pública,100.0
Elisabet Débora Perelló,Vicente,0,Trabajo,Pública,260.53
Elisabet Débora Perelló,Vicente,0,Crédito educativo,Pública,270.69
Elisabet Débora Perelló,Vicente,0,Apoyo familiar,Pública,463.5
Miguel Angel Zoe,Perez,0,Apoyo familiar,Pública,352.81
Francisca Laura Casares,Lira,0,Crédito educativo,Pública,228.66
Francisca Laura Casares,Lira,0,Apoyo familiar,Pública,347.49
Tomàs Martin,Carrizo,0,Otro,Privada,461.72
Santiago Martina,Cordoba,0,Otro,Pública,383.93
Santiago Martina,Cordoba,0,Apoyo familiar,Pública,296.18
Rebeca Héctor,Gallegos,0,Trabajo,Pública,251.7
Miguel Augusto,Torres,1,Apoyo familiar,Privada,356.9
Miguel Augusto,Torres,1,Beca,Privada,541.05
Rocío Lucía Rojas,Díaz,1,Trabajo,Privada,100.0
Rocío Lucía Rojas,Díaz,1,Beca,Privada,479.99
Tatiana Consuelo Pinzón,Cruz,0,Otro,Privada,363.87
Tatiana Consuelo Pinzón,Cruz,0,Apoyo familiar,Privada,384.84
Sr(a). Mateo Valentin,Suarez,0,Trabajo,Pública,241.74
Sr(a). Mateo Valentin,Suarez,0,Otro,Pública,455.99
Sr(a). Mateo Valentin,Suarez,0,Apoyo familiar,Pública,340.08
María Luz Rodríguez,Gómez,0,Apoyo familiar,Pública,327.5
Emigdio Abad,Mateos,0,Crédito educativo,Pública,267.91
Emigdio Abad,Mateos,0,Otro,Pública,386.94
Sebastian,Soto,0,Apoyo familiar,Pública,435.17
Gerónimo Garrido,Farré,0,Apoyo familiar,Pública,314.92
Bautista Ciro Gonzalez,Vazquez,0,Apoyo familiar,Pública,397.14
Calisto Eleuterio Saura,Fuentes,0,Apoyo familiar,Pública,265.59
Valerio Tamayo,Díaz,0,Apoyo familiar,Pública,406.38
Armando Guitart,Sarabia,0,Trabajo,Pública,201.68
Armando Guitart,Sarabia,0,Apoyo familiar,Pública,369.33
José,Londoño,0,Apoyo familiar,Pública,426.99
Cándido Bas,Puga,0,Crédito educativo,Pública,288.0
Cándido Bas,Puga,0,Apoyo familiar,Pública,278.81
Martina Benitez,Medina,0,Trabajo,Pública,274.84
Martina Benitez,Medina,0,Apoyo familiar,Pública,292.66
Reynaldo Armendáriz,Barajas,0,Apoyo familiar,Pública,323.2
Humberto,Ramírez,0,Apoyo familiar,Pública,378.28
Mary,Corredor,0,Apoyo familiar,Pública,447.62
Marisol Abel,Armendáriz,0,Apoyo familiar,Pública,363.5
Dr(a). Sol,Vera,0,Otro,Pública,485.08
Germán Arsenio Pedrero,Sastre,0,Apoyo familiar,Pública,403.9
Sr(a). Thiago,Mendoza,0,Crédito educativo,Pública,160.78
Timoteo Javier Palomo,Delgado,0,Apoyo familiar,Pública,406.15
Valentin Lautaro Garcia,Correa,0,Apoyo familiar,Pública,349.29
Dr(a). Benicio,Benitez,0,Apoyo familiar,Pública,434.97
Claudia Mosquera,Correa,0,Trabajo,Pública,195.24
Jacobo Santillán,Colunga,1,Apoyo familiar,Privada,181.36
Jacobo Santillán,Colunga,1,Beca,Privada,446.04
Manuela Córdoba,Rendón,1,Otro,Privada,299.99
Manuela Córdoba,Rendón,1,Apoyo familiar,Privada,763.27
Manuela Córdoba,Rendón,1,Beca,Privada,376.47
Ariadna,Perea,0,Trabajo,Pública,246.66
Ariadna,Perea,0,Crédito educativo,Pública,387.28
Ariadna,Perea,0,Apoyo familiar,Pública,300.49
Macaria,Arnaiz,0,Trabajo,Pública,234.52
Macaria,Arnaiz,0,Otro,Pública,338.2
Adela,Iñiguez-Cózar,0,Trabajo,Pública,223.97
Minerva Camilo Melgar,Niño,0,Crédito educativo,Pública,329.17
Dr(a). Delfina,Sosa,0,Apoyo familiar,Pública,217.04
Francisco Moreno,Fernandez,0,Apoyo familiar,Pública,223.86
Natalia Cardenas,Saldivar,0,Trabajo,Pública,286.96
Natalia Cardenas,Saldivar,0,Otro,Pública,313.2
Natalia Cardenas,Saldivar,0,Apoyo familiar,Pública,348.5
Hilda Guardado,Palomino,0,Apoyo familiar,Pública,292.38
Luisa Luz Aguilar,Rodríguez,0,Trabajo,Pública,209.45
Luisa Luz Aguilar,Rodríguez,0,Crédito educativo,Pública,394.95
Benito Cristóbal Estevez,Bellido,0,Apoyo familiar,Privada,466.13
Jaime,Carrera-Roca,0,Apoyo familiar,Pública,397.27
José Carvajal,Herrera,0,Apoyo familiar,Pública,285.36
Lucía Natalia Villegas,Acevedo,0,Otro,Pública,432.76
Alejandra Valero,Montenegro,0,Trabajo,Pública,233.18
Alejandra Valero,Montenegro,0,Crédito educativo,Pública,345.39
Carmen,Ortega,1,Apoyo familiar,Privada,308.21
Carmen,Ortega,1,Beca,Privada,426.49
Sr(a). Ciro,Nuñez,0,Apoyo familiar,Privada,435.96
Dany Eduardo Corredor,Uribe,0,Apoyo familiar,Pública,326.59
Dolores Briones,Blanch,1,Trabajo,Privada,270.74
Dolores Briones,Blanch,1,Otro,Privada,416.81
Dolores Briones,Blanch,1,Beca,Privada,482.87
María Elena Ojeda,Miranda,0,Apoyo familiar,Pública,349.31
Lic. Aldo,Medrano,0,Crédito educativo,Pública,220.29
Alberto Camilo Rodríguez,Hernández,1,Apoyo familiar,Privada,557.47
Alberto Camilo Rodríguez,Hernández,1,Beca,Privada,423.3
Isidora,Bayón,0,Trabajo,Pública,296.18
Gerardo,Vallejo,0,Apoyo familiar,Pública,279.87
Sr(a). Valentina,Gomez,0,Apoyo familiar,Pública,418.15
Alvaro Juana,Lopez,0,Apoyo familiar,Pública,267.49
Alejandro Santiago,Tamayo,0,Apoyo familiar,Pública,392.72
Jose Angel,Torre,1,Apoyo familiar,Privada,565.64
Jose Angel,Torre,1,Beca,Privada,240.71
Julia del Valle,Ocampo,0,Trabajo,Pública,254.65
Julia del Valle,Ocampo,0,Otro,Pública,426.89
Ciriaco Dani Nieto,Uriarte,0,Crédito educativo,Pública,213.05
Ciriaco Dani Nieto,Uriarte,0,Apoyo familiar,Pública,294.49
Camilo,Campos,0,Crédito educativo,Pública,304.54
Camilo,Campos,0,Apoyo familiar,Pública,399.68
César Salma,Valladares,0,Trabajo,Pública,242.92
César Salma,Valladares,0,Apoyo familiar,Pública,432.65
Leonor Pazos,Ropero,0,Apoyo familiar,Pública,410.0
Viviana,Pedrosa,0,Apoyo familiar,Pública,197.87
Juana Aragonés,Lorenzo,0,Trabajo,Pública,223.53
Juana Aragonés,Lorenzo,0,Apoyo familiar,Pública,315.46
Dr(a). Bautista,Rodriguez,0,Trabajo,Pública,273.97
Dr(a). Bautista,Rodriguez,0,Crédito educativo,Pública,142.51
Diego Jaider Fajardo,Pardo,0,Crédito educativo,Pública,452.94
Cecilio Boix,Estévez,0,Apoyo familiar,Pública,388.58
Victoria,Treviño,0,Apoyo familiar,Pública,361.1
Jairo,Domínguez,0,Apoyo familiar,Privada,606.83
Lic. Camilo,Valencia,0,Crédito educativo,Pública,440.62
Lic. Camilo,Valencia,0,Apoyo familiar,Pública,412.75
Cosme de,Mas,0,Trabajo,Pública,297.44
Adalberto,Nieto,0,Apoyo familiar,Pública,360.36
Rocío,Albero,0,Otro,Pública,246.44
Rocío,Albero,0,Apoyo familiar,Pública,278.52
Natalia,Larrañaga,0,Apoyo familiar,Pública,325.92
Valerio Santiago Cerro,Montenegro,0,Crédito educativo,Pública,218.09
Valerio Santiago Cerro,Montenegro,0,Apoyo familiar,Pública,301.21
Ernesto,Esparza,0,Trabajo,Pública,121.32
Ernesto,Esparza,0,Crédito educativo,Pública,281.57
Ernesto,Esparza,0,Apoyo familiar,Pública,319.22
Jazmin,Gomez,0,Apoyo familiar,Pública,361.72
Sr(a). Felipe,Fernandez,1,Apoyo familiar,Privada,495.83
Sr(a). Felipe,Fernandez,1,Beca,Privada,548.76
Mateo Serna,Beltrán,0,Apoyo familiar,Pública,265.66
Socorro Liliana,Nájera,0,Otro,Pública,259.31
Lorenzo Ana María Preciado,Arias,0,Crédito educativo,Privada,352.12
Lorenzo Ana María Preciado,Arias,0,Apoyo familiar,Privada,330.84
José Sandoval,Granados,0,Apoyo familiar,Pública,328.9
Sofía,Aguero,0,Trabajo,Pública,238.09
Sofía,Aguero,0,Apoyo familiar,Pública,401.47
Sessa,Saucedo,0,Apoyo familiar,Pública,416.84
Emma Maximo,Aguirre,1,Trabajo,Privada,212.77
Emma Maximo,Aguirre,1,Apoyo familiar,Privada,450.45
Emma Maximo,Aguirre,1,Beca,Privada,493.94
María Carmen Anguita,Rincón,0,Apoyo familiar,Pública,294.82
Anselma de,Ariño,0,Trabajo,Pública,207.38
Jhon,Restrepo,0,Apoyo familiar,Pública,383.91
Gerardo,Calderón,0,Trabajo,Pública,281.62
Alfonso Jhon Bohórquez,Pacheco,0,Crédito educativo,Pública,271.55
Iván,Bustos,1,Apoyo familiar,Privada,415.38
Iván,Bustos,1,Beca,Privada,647.21
Julia Mora Rodriguez,Morales,0,Apoyo familiar,Pública,306.25
Orlando,Torres,0,Apoyo familiar,Pública,368.54
Amparo Carolina Suárez,Luna,0,Apoyo familiar,Pública,280.27
Thiago Benjamin Pedro Dominguez,Vazquez,0,Apoyo familiar,Pública,232.46
Elias Jos Torres,Uribe,0,Apoyo familiar,Pública,351.72
Fanny Margarita Pérez,Vanegas,0,Apoyo familiar,Pública,304.69
Sandra Dary Serrano,Díaz,0,Crédito educativo,Pública,284.75
Sandra Dary Serrano,Díaz,0,Apoyo familiar,Pública,285.91
Emma Pilar Perez,Ortiz,0,Trabajo,Pública,310.45
Emma Pilar Perez,Ortiz,0,Apoyo familiar,Pública,304.35
Carmen García,González,0,Apoyo familiar,Pública,326.29
Dr(a). Benjamin,Lopez,0,Trabajo,Pública,268.89
Miguel Yerson Orozco,Castro,0,Otro,Pública,245.42
Miguel Yerson Orozco,Castro,0,Apoyo familiar,Pública,253.18
Thiago Benjamin Lautaro Gabriel,Morales,0,Apoyo familiar,Pública,395.79
Sr(a). Agustin,Alvarez,0,Apoyo familiar,Pública,423.18
Cipriano Casado,Pardo,0,Trabajo,Pública,225.17
Teo Becerra,Lobato,0,Apoyo familiar,Pública,270.37
Lupe del,Castejón,0,Apoyo familiar,Pública,411.62
Clara Ariño,Barreda,0,Crédito educativo,Pública,250.59
Clara Ariño,Barreda,0,Otro,Pública,373.57
Clara Ariño,Barreda,0,Apoyo familiar,Pública,444.64
Florentino Lluch,Luís,0,Trabajo,Pública,255.63
Florentino Lluch,Luís,0,Otro,Pública,252.35
Francisco Ana Paula,Ortiz,0,Trabajo,Pública,303.13
Francisco Ana Paula,Ortiz,0,Apoyo familiar,Pública,324.47
Marco Carlos,Cortés,0,Apoyo familiar,Pública,445.4
Andrea Lidia Flórez,Ríos,0,Trabajo,Pública,314.64
Artemio Lerma,Torre,0,Trabajo,Pública,333.19
Duilio Ramos,Giner,0,Apoyo familiar,Pública,384.77
Santiago de,Jesús,0,Apoyo familiar,Pública,405.21
Gilberto Bernabé,Acosta,0,Crédito educativo,Pública,384.85
Manuel Ricardo Zapata,Olvera,0,Apoyo familiar,Privada,534.74
Francisco Thiago Leonel,Ramirez,0,Trabajo,Pública,224.94
Felipe,Paez,0,Trabajo,Pública,227.57
Felipe,Paez,0,Apoyo familiar,Pública,378.12
Juan Pablo Perez,Cruz,0,Trabajo,Pública,185.47
Francesco,Pereyra,1,Crédito educativo,Privada,291.4
Francesco,Pereyra,1,Apoyo familiar,Privada,609.09
Francesco,Pereyra,1,Beca,Privada,253.09
Tatiana,Garzón,0,Apoyo familiar,Pública,418.85
Sr(a). Thiago,Quiroga,1,Otro,Privada,264.64
Sr(a). Thiago,Quiroga,1,Beca,Privada,497.9
Maia Sofia,Sanchez,0,Trabajo,Pública,311.5
Maia Sofia,Sanchez,0,Apoyo familiar,Pública,333.38
Valentina Juana Martinez,Juarez,0,Apoyo familiar,Pública,311.64
Ramiro Ortiz,Moreno,0,Apoyo familiar,Pública,252.88
Oriana Almeida,Porcel,0,Trabajo,Privada,314.17
Oriana Almeida,Porcel,0,Apoyo familiar,Privada,775.15
Eduardo Mauricio,Vanegas,0,Otro,Pública,395.82
Lorenzo Sosa,Perez,0,Apoyo familiar,Pública,298.91
Carlos David Orozco,Delgado,0,Crédito educativo,Pública,219.92
Juana Nava,Arriaga,0,Apoyo familiar,Pública,323.47
Cristobal Caballero,Uribe,1,Apoyo familiar,Privada,533.64
Cristobal Caballero,Uribe,1,Beca,Privada,491.62
Aníbal,Zapata-Jara,0,Apoyo familiar,Pública,439.67
Juana Alma Mia,Garcia,0,Trabajo,Pública,204.14
Lucas Hugo de la,Crúz,0,Apoyo familiar,Pública,397.52
Tristán de,Azorin,0,Apoyo familiar,Privada,604.8
Pascual Mariano Piña de la,Fuente,0,Trabajo,Pública,259.91
Elsa Zavala,Bermúdez,0,Apoyo familiar,Pública,384.44
Eloy Escamilla,Casanova,0,Crédito educativo,Pública,295.81
Dr(a). Lisandro,Fernandez,0,Apoyo familiar,Privada,401.85
Abril Irma de la,Torre,0,Trabajo,Pública,242.41
Abril Irma de la,Torre,0,Apoyo familiar,Pública,391.39
Tatiana,Lara,0,Apoyo familiar,Privada,482.46
Mateo Valentin,Farias,0,Apoyo familiar,Pública,406.86
Mtro. Renato,Leiva,0,Apoyo familiar,Pública,327.63
Facundo Paloma,Vera,0,Apoyo familiar,Pública,327.74
Sr(a). Ángel,Ocasio,0,Crédito educativo,Pública,349.87
Graciela Rincón,Tafoya,0,Trabajo,Pública,261.09
Graciela Rincón,Tafoya,0,Apoyo familiar,Pública,322.25
Nicolas,Ojeda,0,Apoyo familiar,Pública,423.28
Dr(a). Maia,Silva,0,Crédito educativo,Pública,258.68
Dr(a). Maia,Silva,0,Apoyo familiar,Pública,303.86
Bruno Lola Gimenez,Gimenez,0,Trabajo,Pública,108.53
Angelino,Pedrero,0,Apoyo familiar,Pública,312.28
Angie Adriana,Rivera,0,Apoyo familiar,Pública,466.24
Cecilia,Ramírez,1,Apoyo familiar,Privada,314.96
Cecilia,Ramírez,1,Beca,Privada,338.22
Isaac,Colom,0,Apoyo familiar,Pública,447.69
Sr(a). Lara,Sanchez,1,Apoyo familiar,Privada,502.93
Sr(a). Lara,Sanchez,1,Beca,Privada,492.82
Adriana Esperanza,Quiñones,0,Apoyo familiar,Pública,197.23
Diego Esteban Arias,Ramírez,0,Apoyo familiar,Pública,290.7
Amelia,Guillen,0,Otro,Pública,480.02
Gustavo Noriega,Avilés,0,Apoyo familiar,Pública,391.02
Wilmar Vicente Bohórquez,García,0,Apoyo familiar,Pública,492.64
Steven Jaime,Gómez,0,Apoyo familiar,Pública,345.59
Lautaro Lopez,Ayala,0,Apoyo familiar,Pública,361.87
Benito Concepción,Valenzuela,0,Crédito educativo,Pública,311.56
Benito Concepción,Valenzuela,0,Apoyo familiar,Pública,520.11
Inés,Quintero,1,Crédito educativo,Privada,174.04
Inés,Quintero,1,Apoyo familiar,Privada,621.71
Inés,Quintero,1,Beca,Privada,420.78
Julian Emilia Rodriguez,Gutierrez,0,Apoyo familiar,Pública,391.49
Purificación Torrent,Rosselló,0,Trabajo,Pública,265.63
Purificación Torrent,Rosselló,0,Crédito educativo,Pública,406.95
Purificación Torrent,Rosselló,0,Apoyo familiar,Pública,236.2
Pastora de,Corral,0,Apoyo familiar,Pública,382.57
Antonella Simon Muñoz,Perez,0,Trabajo,Pública,214.65
Antonella Simon Muñoz,Perez,0,Crédito educativo,Pública,331.29
Antonella Simon Muñoz,Perez,0,Apoyo familiar,Pública,344.06
Aurelio Sergio,Olivo,0,Apoyo familiar,Pública,269.0
David Gómez,Rodríguez,1,Otro,Privada,393.57
David Gómez,Rodríguez,1,Apoyo familiar,Privada,415.81
David Gómez,Rodríguez,1,Beca,Privada,513.28
Lourdes Rebeca,Esquibel,0,Trabajo,Pública,274.39
Pedro Tiziano,Olivera,0,Apoyo familiar,Pública,339.63
Andrés Dávila,Archuleta,0,Otro,Pública,494.0
Kevin David Ceballos,Pérez,0,Apoyo familiar,Pública,464.35
Bautista Medina,Mendoza,0,Apoyo familiar,Pública,407.67
Bryan Antonio Velásquez,Campo,0,Apoyo familiar,Privada,911.6
Cristian Hernán,Perea,0,Apoyo familiar,Pública,336.29
Martha María Ramos,Valencia,0,Apoyo familiar,Pública,369.72
Emerson Ronal Martínez,Vega,1,Trabajo,Privada,224.41
Emerson Ronal Martínez,Vega,1,Otro,Privada,483.51
Emerson Ronal Martínez,Vega,1,Beca,Privada,644.46
Jessica Yaneth,Meza,0,Otro,Pública,272.07
Marisol Cristian,Calvillo,0,Otro,Pública,340.94
Alfredo Guerrero,Valencia,0,Crédito educativo,Pública,436.63
Ceferino del,Batalla,0,Apoyo familiar,Pública,267.08
Marina,Aguilar,1,Apoyo familiar,Privada,389.59
Marina,Aguilar,1,Beca,Privada,397.14
Mario,Angulo,0,Trabajo,Pública,274.55
Luis David,Cuéllar,0,Apoyo familiar,Privada,589.27
Salvador,Ramirez,0,Trabajo,Pública,275.42
Federico Santiago de Anda,Miramontes,0,Trabajo,Privada,240.56
Federico Santiago de Anda,Miramontes,0,Otro,Privada,359.02
Federico Santiago de Anda,Miramontes,0,Apoyo familiar,Privada,580.17
Mtro. Rosalia,Ocampo,0,Trabajo,Pública,359.25
Mtro. Rosalia,Ocampo,0,Apoyo familiar,Pública,303.22
Ariel Blanca,Aguirre,0,Apoyo familiar,Pública,464.45
Lic. Miguel,Caballero,0,Apoyo familiar,Pública,377.37
Abelardo Rodríguez,Díaz,0,Apoyo familiar,Pública,406.05
Esteban Pedraza,Palau,0,Crédito educativo,Pública,198.46
Esteban Pedraza,Palau,0,Apoyo familiar,Pública,338.93
Celestino Menendez,Murillo,0,Apoyo familiar,Pública,293.63
Lupe Blanca,Ariza,0,Otro,Pública,497.19
Ruperto,Domínguez,0,Crédito educativo,Pública,364.26
Santino,Luna,0,Apoyo familiar,Pública,354.19
Elodia Bernardita Bas,Sevilla,0,Apoyo familiar,Pública,224.62
Paula Bermúdez,López,0,Trabajo,Pública,216.79
Paula Bermúdez,López,0,Apoyo familiar,Pública,220.71
Alonso Laura Mireles,Curiel,0,Apoyo familiar,Pública,380.68
Benicio,Gimenez,0,Trabajo,Pública,291.58
Camilo Granados,Alzate,0,Apoyo familiar,Pública,336.64
Alberto Miguel,Narváez,1,Trabajo,Privada,264.29
Alberto Miguel,Narváez,1,Beca,Privada,384.13
Amor Carranza,Coloma,1,Otro,Privada,353.63
Amor Carranza,Coloma,1,Apoyo familiar,Privada,603.09
Amor Carranza,Coloma,1,Beca,Privada,388.65
Begoña Company,Beltrán,0,Apoyo familiar,Pública,327.93
Santiago Dario,Pinzón,0,Apoyo familiar,Pública,262.87
Juan Ignacio,Moreno,1,Apoyo familiar,Privada,564.6
Juan Ignacio,Moreno,1,Beca,Privada,449.83
Lady Teresa Morales,Giraldo,0,Apoyo familiar,Pública,372.07
María Marisol,Arenas,0,Trabajo,Pública,250.16
Nina Malena,Martin,0,Apoyo familiar,Pública,302.26
Carlos Alexander Parada,Salazar,0,Apoyo familiar,Pública,347.16
María Páez,Posada,1,Apoyo familiar,Privada,448.19
María Páez,Posada,1,Beca,Privada,263.46
Pilar Olivera,Fernandez,0,Trabajo,Pública,280.48
Nelly Salma,Saldivar,0,Apoyo familiar,Pública,254.57
Consuelo Laura Fuentes,Barrera,0,Apoyo familiar,Pública,364.67
Enrique Luis,Fuentes,0,Apoyo familiar,Pública,357.57
Concepción Isabela,Santiago,0,Apoyo familiar,Pública,359.81
Danilo Chacón,Ávila,0,Trabajo,Pública,301.86
Alfredo,Rentería,0,Trabajo,Pública,266.72
Alfredo,Rentería,0,Crédito educativo,Pública,388.68
José Enrique Parra,Pineda,0,Trabajo,Pública,200.32
José Enrique Parra,Pineda,0,Apoyo familiar,Pública,361.19
Saturnina Rincón,Silva,0,Trabajo,Pública,254.22
Saturnina Rincón,Silva,0,Crédito educativo,Pública,235.84
Rosa Esparta Rascón,Jaimes,0,Apoyo familiar,Pública,419.17
Maribel,Camacho,0,Apoyo familiar,Privada,721.01
Fernando Contreras,Gómez,0,Apoyo familiar,Privada,492.75
Camila Pedro,Campos,0,Crédito educativo,Pública,330.3
Camila Pedro,Campos,0,Apoyo familiar,Pública,356.53
José Salas,Ardila,0,Crédito educativo,Pública,257.18
José Salas,Ardila,0,Apoyo familiar,Pública,222.96
Esther,Murillo,0,Apoyo familiar,Pública,301.81
Yadira Gladis,Giraldo,0,Apoyo familiar,Pública,253.34
Luisa Ramírez,Duque,0,Trabajo,Pública,335.21
Miriam Higueras,Tena,0,Trabajo,Pública,244.24
Berto Jordá,Dominguez,0,Crédito educativo,Pública,279.24
Berto Jordá,Dominguez,0,Apoyo familiar,Pública,413.5
Camilo,Espitia,0,Apoyo familiar,Pública,272.12
Jos Beatriz,Lomeli,1,Trabajo,Privada,211.66
Jos Beatriz,Lomeli,1,Apoyo familiar,Privada,497.64
Jos Beatriz,Lomeli,1,Beca,Privada,547.63
María Ana,González,0,Trabajo,Pública,275.08
Anacleto del,Escamilla,0,Apoyo familiar,Pública,357.71
Evangelina Carrión,Vall,0,Apoyo familiar,Pública,407.2
Sr(a). Jazmin,Cabrera,0,Apoyo familiar,Pública,356.47
Rocío Briones,Osuna,0,Apoyo familiar,Privada,723.46
Elena,Trejo,0,Trabajo,Pública,262.34
Elena,Trejo,0,Apoyo familiar,Pública,280.81
Bertha,Beltrán,0,Trabajo,Pública,366.96
Bertha,Beltrán,0,Apoyo familiar,Pública,327.25
Ceferino Coello,Nogués,0,Apoyo familiar,Pública,397.23
Ing. Eloisa,Roque,0,Apoyo familiar,Pública,350.71
Carolina,Giraldo,0,Trabajo,Privada,188.32
Micaela Ramos,Ruiz,1,Apoyo familiar,Privada,304.45
Micaela Ramos,Ruiz,1,Beca,Privada,470.11
Silvano Teodoro,Roybal,0,Trabajo,Pública,327.47
Silvestre del,Seco,0,Trabajo,Privada,180.97
Silvestre del,Seco,0,Apoyo familiar,Privada,451.3
Santino Benjamin Sofia Gonzalez,Acosta,0,Apoyo familiar,Pública,333.0
Felicidad,Alemany-Perales,0,Apoyo familiar,Pública,346.29
Germán Rodríguez,Álvarez,0,Apoyo familiar,Pública,402.78
Valentino Gomez,Gutierrez,0,Trabajo,Pública,215.82
Valentino Gomez,Gutierrez,0,Otro,Pública,225.43
Valentino Gomez,Gutierrez,0,Apoyo familiar,Pública,349.69
Bernarda,Sáenz-Urrutia,0,Apoyo familiar,Pública,396.75
Eugenia María,Palacio,0,Apoyo familiar,Pública,444.3
Lucía Lucy Jiménez,Andrade,1,Otro,Privada,434.85
Lucía Lucy Jiménez,Andrade,1,Apoyo familiar,Privada,504.37
Lucía Lucy Jiménez,Andrade,1,Beca,Privada,470.35
Nazaret Bruno Jordá,Pino,0,Trabajo,Pública,272.68
Jacinto Lilia Benavídez,Tamez,0,Otro,Pública,418.15
Jacinto Lilia Benavídez,Tamez,0,Apoyo familiar,Pública,319.53
Tatiana Eliana,Parra,0,Apoyo familiar,Pública,302.3
Fernando Cirino Buendía,Cervantes,0,Crédito educativo,Pública,260.46
Aurora Bustamante,Lamas,0,Trabajo,Pública,221.29
Aurora Bustamante,Lamas,0,Apoyo familiar,Pública,388.65
Ariel Juan,Rojas,1,Apoyo familiar,Privada,594.41
Ariel Juan,Rojas,1,Beca,Privada,406.07
Amador del,Merino,0,Apoyo familiar,Pública,408.0
Maricruz del,Martorell,0,Trabajo,Pública,191.17
Primitiva Armas,Mesa,0,Apoyo familiar,Pública,346.76
Milagros Perez,Rodriguez,1,Otro,Privada,382.09
Milagros Perez,Rodriguez,1,Beca,Privada,547.12
Macario Acosta,Campillo,0,Trabajo,Pública,223.54
Macario Acosta,Campillo,0,Apoyo familiar,Pública,359.79
Valentin Sosa,Rojas,0,Apoyo familiar,Privada,344.81
Elizabeth Londoño,Alzate,0,Trabajo,Privada,255.98
Elizabeth Londoño,Alzate,0,Crédito educativo,Privada,249.75
Elizabeth Londoño,Alzate,0,Apoyo familiar,Privada,420.66
Carla Esteve,Calleja,0,Apoyo familiar,Pública,355.44
Concha Castañeda,Dominguez,1,Apoyo familiar,Privada,301.73
Concha Castañeda,Dominguez,1,Beca,Privada,378.79
Abigail,Solorzano,0,Apoyo familiar,Pública,347.92
Esther Paola Osorio,Ávila,0,Crédito educativo,Pública,300.96
Antonia Juana,Fernandez,0,Otro,Pública,309.89
Dr(a). Thiago Benjamin,Rios,0,Apoyo familiar,Pública,419.18
Dominga Valenciano,Abella,1,Apoyo familiar,Privada,416.41
Dominga Valenciano,Abella,1,Beca,Privada,395.72
Marta Feijoo,Isern,0,Trabajo,Pública,229.27
Dr. Tomás,Vera,0,Crédito educativo,Pública,240.29
Dr. Tomás,Vera,0,Apoyo familiar,Pública,390.14
Blas de,Gual,0,Crédito educativo,Pública,408.09
Angélica Ortega,Cepeda,0,Crédito educativo,Pública,221.9
Bruno René Acevedo,Gaitán,0,Apoyo familiar,Pública,221.48
Hilario Campo,Noguera,0,Otro,Pública,223.55
Claudio,Contreras,0,Crédito educativo,Pública,300.94
Eufemia Reig,Pinedo,0,Otro,Pública,281.21
Eufemia Reig,Pinedo,0,Apoyo familiar,Pública,401.36
Álvaro Adrián Sánchez,Giraldo,0,Crédito educativo,Pública,362.43
Álvaro Adrián Sánchez,Giraldo,0,Apoyo familiar,Pública,213.61
Minerva Minerva,Lara,0,Apoyo familiar,Pública,328.3
Valentina Benitez,Fernandez,0,Trabajo,Pública,260.69
Valentina Benitez,Fernandez,0,Crédito educativo,Pública,244.92
Valentina Benitez,Fernandez,0,Apoyo familiar,Pública,472.35
Luciana Mancebo,Frías,1,Apoyo familiar,Privada,428.53
Luciana Mancebo,Frías,1,Beca,Privada,391.58
Justina Fernandez,Garcia,0,Apoyo familiar,Pública,335.15
Agustin Coronel,Rodriguez,0,Apoyo familiar,Pública,452.24
Julieta Francisco Diaz,Guzman,0,Otro,Pública,456.32
Thiago Benjamin,Suarez,0,Trabajo,Pública,173.88
Thiago Benjamin,Suarez,0,Apoyo familiar,Pública,302.5
Benjamin Francisco,Suarez,0,Trabajo,Pública,296.28
Benjamin Francisco,Suarez,0,Apoyo familiar,Pública,331.89
Ing. Tomás,Colunga,0,Apoyo familiar,Pública,318.17
Poncio,Peláez-Yuste,0,Trabajo,Pública,257.47
Marcela Sofía,Vera,0,Apoyo familiar,Pública,404.63
Isabella Campos,Gomez,0,Apoyo familiar,Pública,517.93
Anderson,Uribe,0,Apoyo familiar,Pública,410.21
Óliver,Acosta,0,Otro,Pública,356.99
Óliver,Acosta,0,Apoyo familiar,Pública,333.14
Itzel Urrutia,Perea,0,Apoyo familiar,Pública,401.64
Daniela,Díaz,0,Apoyo familiar,Pública,357.01
Antonio Cifuentes,Orozco,0,Trabajo,Pública,288.0
Dr(a). Catalina,Herrera,0,Trabajo,Pública,230.29
Dr(a). Catalina,Herrera,0,Apoyo familiar,Pública,319.79
Irma Amalia,Miramontes,0,Apoyo familiar,Pública,407.62
Fabio Sebastián Rincón,Osorio,0,Apoyo familiar,Pública,291.33
Aurelio Cerro,Guardia,1,Apoyo familiar,Privada,555.9
Aurelio Cerro,Guardia,1,Beca,Privada,467.17
Sofia Ramirez,Franco,0,Apoyo familiar,Pública,187.41
Noé Sainz,Cerdá,0,Trabajo,Pública,238.76
Noé Sainz,Cerdá,0,Apoyo familiar,Pública,285.98
Esteban José Eduardo,Calderón,0,Apoyo familiar,Pública,557.54
Adelardo,Rebollo-Carreño,1,Apoyo familiar,Privada,392.31
Adelardo,Rebollo-Carreño,1,Beca,Privada,434.28
Gonzalo Luis Salgado,Ávila,0,Apoyo familiar,Pública,380.04
Ruy,Hernando-Arregui,0,Apoyo familiar,Privada,1006.73
Juan Pablo Milagros Ledesma,Gonzalez,1,Apoyo familiar,Privada,671.11
Juan Pablo Milagros Ledesma,Gonzalez,1,Beca,Privada,330.95
Violeta Angelina,Gomez,0,Crédito educativo,Pública,400.02
Violeta Angelina,Gomez,0,Otro,Pública,391.81
Mtro. Abel,Ponce,0,Apoyo familiar,Pública,495.76
Germán Jaime,Pérez,1,Apoyo familiar,Privada,578.77
Germán Jaime,Pérez,1,Beca,Privada,422.31
Ainara,Llopis-Fernández,0,Apoyo familiar,Pública,345.96
Eugenia Amalia,Duarte,0,Otro,Pública,426.91
Elvia César,Lucero,0,Crédito educativo,Pública,298.39
Antonella Martinez,Fernandez,0,Apoyo familiar,Pública,458.36
Gervasio,Marí,0,Apoyo familiar,Privada,477.19
Luciano Zoe Jazmin,Fernandez,0,Apoyo familiar,Privada,551.43
Joaquin Gonzalez,Lopez,1,Apoyo familiar,Privada,576.98
Joaquin Gonzalez,Lopez,1,Beca,Privada,467.37
Catalina Fernandez,Rodriguez,0,Otro,Pública,226.63
Lorenzo Quiroga,Lopez,0,Apoyo familiar,Pública,391.5
Carlos Wilfrido Lozano,Ospina,0,Trabajo,Pública,229.95
Carlos Wilfrido Lozano,Ospina,0,Apoyo familiar,Pública,421.77
Joaquin,Miranda,0,Crédito educativo,Pública,267.18
Josefina Sofía Blanco,Figueroa,0,Apoyo familiar,Pública,306.93
Hermenegildo,Marqués,0,Apoyo familiar,Privada,349.31
Dr(a). Dylan,Hernandez,0,Apoyo familiar,Pública,315.76
Virgilio Balaguer,Gras,0,Apoyo familiar,Pública,298.66
Julia del,Cepeda,0,Trabajo,Pública,229.96
Julia del,Cepeda,0,Apoyo familiar,Pública,393.57
Carolina,Guardiola,0,Trabajo,Pública,163.72
Carolina,Guardiola,0,Crédito educativo,Pública,181.52
Amador Nancy,Zepeda,0,Apoyo familiar,Pública,298.07
Julio César de,Nicolau,0,Apoyo familiar,Pública,419.65
Eladio,Márquez-Cerdán,0,Crédito educativo,Pública,317.33
Luis Salas,Flórez,0,Crédito educativo,Pública,254.1
Luis Salas,Flórez,0,Otro,Pública,423.33
Teresa Augusto,Sisneros,0,Apoyo familiar,Pública,430.92
Lic. Angélica,Pichardo,0,Crédito educativo,Pública,267.13
Jimena Cózar,Llorente,0,Otro,Pública,366.59
María,Rodríguez,0,Apoyo familiar,Pública,401.47
Tomás Anglada,Blanes,0,Apoyo familiar,Pública,506.26
Lizeth Montes,Orozco,0,Apoyo familiar,Pública,376.9
Jose Angel,Cabello,0,Apoyo familiar,Pública,388.38
Dr(a). Isabella,Morales,0,Trabajo,Pública,231.16
Dr(a). Isabella,Morales,0,Apoyo familiar,Pública,430.53
Gabriel Milla,Pinilla,0,Apoyo familiar,Pública,283.35
Mireia,Manjón,1,Apoyo familiar,Privada,558.77
Mireia,Manjón,1,Beca,Privada,221.63
Carlos,Vásquez,0,Apoyo familiar,Pública,307.88
Ing. Paola,Romero,0,Trabajo,Pública,282.95
Ing. Paola,Romero,0,Apoyo familiar,Pública,423.5
Cristian Brayan Sánchez,Bravo,0,Apoyo familiar,Pública,395.41
Lucía,Correa,0,Trabajo,Pública,330.94
Venceslás,Hoyos-Pina,0,Apoyo familiar,Pública,389.37
Luis Nelson,Castro,0,Apoyo familiar,Pública,265.67
José María,Valladares,0,Otro,Pública,442.66
Hilario de,Leon,0,Apoyo familiar,Pública,437.44
José Eduardo Virginia Arroyo,Navarrete,0,Apoyo familiar,Pública,229.87
Ingrid Rivera,Gómez,0,Apoyo familiar,Pública,331.21
Amelia Ramos,Galiano,0,Trabajo,Pública,319.63
Salvador,Valdez,0,Apoyo familiar,Privada,454.82
Dr(a). Maia,Gonzalez,0,Trabajo,Pública,156.6
Dr(a). Maia,Gonzalez,0,Otro,Pública,470.98
Andrés Anel,Jasso,0,Apoyo familiar,Privada,548.42
Toribio Pou,Iriarte,0,Crédito educativo,Pública,287.48
Toribio Pou,Iriarte,0,Apoyo familiar,Pública,328.89
Zoraida de,Jurado,0,Apoyo familiar,Pública,410.82
Esperanza Ortega,Rangel,1,Apoyo familiar,Privada,554.67
Esperanza Ortega,Rangel,1,Beca,Privada,361.98
Dr. José María,Escobedo,0,Apoyo familiar,Privada,597.23
Edelmira Herrera,Cortina,1,Apoyo familiar,Privada,346.06
Edelmira Herrera,Cortina,1,Beca,Privada,379.57
Pablo Páez,Marquez,0,Crédito educativo,Pública,283.66
Pablo Páez,Marquez,0,Apoyo familiar,Pública,441.28
Ing. Verónica,Maldonado,0,Trabajo,Pública,209.75
Mateo Emma Flores,Vera,0,Apoyo familiar,Pública,363.77
Alberto Álvarez,Castaño,0,Apoyo familiar,Privada,434.65
Trinidad Armas,Portero,0,Trabajo,Privada,236.98
Carlos Monroy,Arias,1,Apoyo familiar,Privada,342.87
Carlos Monroy,Arias,1,Beca,Privada,469.68
Andrea,Angulo,0,Trabajo,Privada,200.78
Ángel Juan,Ramírez,0,Apoyo familiar,Pública,318.96
Joel Pi,Mena,0,Crédito educativo,Pública,339.27
Morena Jazmin Agustina Campos,Pereyra,0,Apoyo familiar,Pública,357.73
Pío de,Pedrosa,1,Trabajo,Privada,258.76
Pío de,Pedrosa,1,Beca,Privada,388.98
Ing. Norma,Domínguez,0,Apoyo familiar,Pública,365.02
Nelson Carlos,León,0,Trabajo,Pública,249.54
Nelson Carlos,León,0,Crédito educativo,Pública,268.93
Nelson Carlos,León,0,Apoyo familiar,Pública,365.77
Alma Manjón,Barceló,0,Otro,Pública,291.29
Sandra Sandra Manrique,Bravo,0,Trabajo,Pública,162.66
Sandra Sandra Manrique,Bravo,0,Apoyo familiar,Pública,437.45
Mtro. Rodrigo,Mascareñas,1,Crédito educativo,Privada,289.0
Mtro. Rodrigo,Mascareñas,1,Beca,Privada,312.18
Pascuala Girona,Cid,0,Apoyo familiar,Pública,298.72
Asdrubal Sanz,Zorrilla,0,Apoyo familiar,Pública,314.59
Manuel Juarez,Diaz,0,Apoyo familiar,Privada,433.69
Jose Manuel,Gascón,0,Trabajo,Pública,232.64
Trinidad,Medrano,0,Apoyo familiar,Pública,409.31
Lorenzo Aragón,Bermúdez,0,Apoyo familiar,Pública,277.42
Pía Ligia Valdés,Morán,0,Trabajo,Pública,271.39
Malena Gimenez,Ramirez,0,Apoyo familiar,Pública,231.43
Xavier Esteban,Gallardo,0,Apoyo familiar,Pública,311.25
Lázaro Campillo,Nadal,0,Apoyo familiar,Pública,327.5
Nicolas Miranda,Pereyra,0,Crédito educativo,Pública,400.49
Omar del,Múgica,0,Apoyo familiar,Privada,464.51
Thiago Benjamin,Garcia,0,Apoyo familiar,Pública,196.24
África Acero,García,0,Apoyo familiar,Pública,224.56
Tomas Lautaro Cruz,Rodriguez,0,Otro,Pública,418.77
Tomas Lautaro Cruz,Rodriguez,0,Apoyo familiar,Pública,385.75
Trinidad Zorrilla,Madrid,0,Crédito educativo,Pública,321.3
Trinidad Zorrilla,Madrid,0,Otro,Pública,291.05
Trinidad Zorrilla,Madrid,0,Apoyo familiar,Pública,368.34
Emelina de,Guardia,0,Apoyo familiar,Pública,237.2
Dr(a). Alma,Gonzalez,0,Apoyo familiar,Privada,402.56
Eloisa de la,Rosa,0,Crédito educativo,Pública,191.58
Eloisa de la,Rosa,0,Apoyo familiar,Pública,332.3
Samuel Salvador,Santiago,1,Apoyo familiar,Privada,486.28
Samuel Salvador,Santiago,1,Beca,Privada,391.48
Evelio Razo,Laureano,0,Apoyo familiar,Pública,302.65
Camilo Luis,Saavedra,0,Otro,Privada,233.16
Camilo Luis,Saavedra,0,Apoyo familiar,Privada,474.16
Beatriz Parra,Cano,0,Crédito educativo,Pública,210.15
Beatriz Parra,Cano,0,Apoyo familiar,Pública,446.07
Ligia,Quintero,0,Apoyo familiar,Privada,487.94
Pedro,Martin,0,Otro,Pública,300.11
Pedro,Martin,0,Trabajo,Pública,329.45
Pedro,Martin,0,Apoyo familiar,Pública,426.37
Nélida,Báez,0,Crédito educativo,Pública,256.92
Nélida,Báez,0,Otro,Pública,239.26
Ignacio Alemán,Arnal,0,Apoyo familiar,Pública,451.73
Nicolás Figueroa,Muro,0,Apoyo familiar,Pública,380.86
Antonio,Rodriguez,0,Apoyo familiar,Pública,402.48
Calista Sarmiento,Belmonte,1,Otro,Privada,492.57
Calista Sarmiento,Belmonte,1,Beca,Privada,272.61
Luz Andrea Torres,Burbano,0,Otro,Pública,259.17
Maribel,Palacios,1,Trabajo,Privada,222.14
Maribel,Palacios,1,Otro,Privada,321.5
Maribel,Palacios,1,Beca,Privada,385.69
Reina,Cardona,0,Apoyo familiar,Pública,358.92
Pedro,Castro,0,Apoyo familiar,Pública,292.64
Dr. Ofelia,Jaime,0,Apoyo familiar,Pública,323.92
Luz,Suárez,0,Apoyo familiar,Pública,279.91
Jacinta,Ferrera,0,Otro,Pública,490.41
Jacinta,Ferrera,0,Apoyo familiar,Pública,377.28
David,Alvarado,1,Otro,Privada,379.7
David,Alvarado,1,Apoyo familiar,Privada,281.09
David,Alvarado,1,Beca,Privada,494.4
Amalia,Galindo,0,Otro,Pública,472.88
Amalia,Galindo,0,Apoyo familiar,Pública,306.95
Sessa Carlota Avilés,Canales,0,Apoyo familiar,Pública,364.69
Santiago José Pinto,Palacios,0,Apoyo familiar,Pública,359.26
Eric Luciano Espada,Alcázar,0,Apoyo familiar,Pública,293.71
Maria Victoria Mateo Navarro,Vega,0,Apoyo familiar,Pública,301.67
Dr(a). Tiziana,Ferreyra,0,Apoyo familiar,Pública,241.25
Tomas Benjamin Garcia,Rojas,0,Apoyo familiar,Pública,374.75
Leonardo Jaramillo,Sánchez,0,Apoyo familiar,Pública,262.75
Agustín Rolando Vall,Menendez,0,Trabajo,Pública,250.2
Elias Bianca,Escalante,0,Apoyo familiar,Pública,392.57
Claudia Luis Manuel Páez,Valle,0,Crédito educativo,Pública,312.48
María Ángeles Alvarado,Suárez,0,Crédito educativo,Pública,256.61
Timoteo,Carvajal,0,Apoyo familiar,Pública,414.83
Renzo,Gonzalez,1,Apoyo familiar,Privada,451.12
Renzo,Gonzalez,1,Beca,Privada,289.49
Lautaro Ezequiel Josefina,Leiva,0,Crédito educativo,Privada,282.98
Ing. Estefanía,Melgar,0,Apoyo familiar,Pública,297.03
Verónica Beatriz Navarro,Londoño,0,Trabajo,Pública,293.81
Verónica Beatriz Navarro,Londoño,0,Apoyo familiar,Pública,305.07
Severiano Abel Ocaña,Ramón,0,Trabajo,Pública,282.23
Severiano Abel Ocaña,Ramón,0,Otro,Pública,482.96
Severiano Abel Ocaña,Ramón,0,Apoyo familiar,Pública,215.4
Virgilio Rovira,Noguera,1,Apoyo familiar,Privada,402.12
Virgilio Rovira,Noguera,1,Beca,Privada,401.72
Rosaura de,Ramis,0,Apoyo familiar,Pública,416.09
Marina Ortiz,Páez,0,Apoyo familiar,Pública,344.6
Dr(a). Lautaro,Morales,0,Apoyo familiar,Pública,342.19
Ramiro Rosario,Polanco,0,Trabajo,Pública,282.79
Ramiro Rosario,Polanco,0,Otro,Pública,442.01
Ramiro Rosario,Polanco,0,Apoyo familiar,Pública,369.57
Rodolfo Falcón,Álvaro,1,Trabajo,Privada,177.17
Rodolfo Falcón,Álvaro,1,Apoyo familiar,Privada,450.13
Rodolfo Falcón,Álvaro,1,Beca,Privada,277.77
Heriberto Germán,Vargas,0,Apoyo familiar,Pública,411.93
Leonor Patricia Córdova,Guajardo,1,Apoyo familiar,Privada,567.78
Leonor Patricia Córdova,Guajardo,1,Beca,Privada,421.76
John,Gómez,0,Apoyo familiar,Pública,168.22
Jorge Goicoechea,Abella,0,Apoyo familiar,Pública,319.04
Irma,Portillo,0,Otro,Pública,251.83
Mateo Joaquin Gomez,Chavez,0,Trabajo,Pública,202.3
Mateo Joaquin Gomez,Chavez,0,Otro,Pública,384.6
Mateo Joaquin Gomez,Chavez,0,Apoyo familiar,Pública,341.3
Sr(a). Bautista,Carrizo,0,Crédito educativo,Pública,340.82
Sr(a). Bautista,Carrizo,0,Apoyo familiar,Pública,342.12
Miriam Eligia Bernat,Marcos,0,Apoyo familiar,Pública,499.06
Amelia Santana,Raya,0,Trabajo,Pública,307.0
Dr. Rodolfo,Quintero,0,Trabajo,Pública,244.92
Dr. Rodolfo,Quintero,0,Crédito educativo,Pública,271.06
Dr. Rodolfo,Quintero,0,Apoyo familiar,Pública,445.02
Isabella Guadalupe,Godoy,0,Crédito educativo,Pública,360.45
Lady,Mendoza,1,Apoyo familiar,Privada,353.66
Lady,Mendoza,1,Beca,Privada,465.15
Carlos Forero,Cardona,0,Apoyo familiar,Pública,278.32
Lilia,Cedillo,0,Apoyo familiar,Pública,337.04
Aida Pilar Caballero,Salazar,0,Apoyo familiar,Pública,349.01
Thiago Gabriel,Chavez,0,Apoyo familiar,Pública,397.5
Aitor,Puerta-Zamora,0,Apoyo familiar,Pública,427.81
Leydi Diana,Cárdenas,1,Apoyo familiar,Privada,418.45
Leydi Diana,Cárdenas,1,Beca,Privada,288.44
Faustino Pallarès,Donoso,0,Otro,Pública,460.15
Faustino Pallarès,Donoso,0,Apoyo familiar,Pública,328.52
Karla Bianca Robles,Tovar,0,Apoyo familiar,Pública,360.41
Adelina Fuentes,Córdoba,0,Apoyo familiar,Pública,464.7
Marcial Cárdenas,Abad,1,Apoyo familiar,Privada,546.41
Marcial Cárdenas,Abad,1,Beca,Privada,448.53
Delfina Flores,Paz,0,Trabajo,Pública,224.99
Delfina Flores,Paz,0,Apoyo familiar,Pública,169.42
Cristina Vásquez,Obando,0,Apoyo familiar,Pública,260.76
Santiago Acosta,Paez,0,Apoyo familiar,Pública,394.34
Fernando,Martínez,1,Trabajo,Privada,143.46
Fernando,Martínez,1,Beca,Privada,611.34
Mtro. Amanda,Cisneros,0,Trabajo,Pública,301.81
Mtro. Amanda,Cisneros,0,Otro,Pública,486.11
Bianca Renzo Gomez,Perez,0,Crédito educativo,Pública,344.71
Jaime de,Ibáñez,0,Otro,Pública,237.94
José Campoy,Cifuentes,0,Trabajo,Pública,298.36
Valentina,Lopez,0,Apoyo familiar,Pública,322.59
Adela Cuellar,Caballero,0,Crédito educativo,Pública,361.3
Adela Cuellar,Caballero,0,Apoyo familiar,Pública,327.97
Sr(a). Santino,Lopez,0,Apoyo familiar,Privada,695.84
Franco Alma,Rivero,0,Apoyo familiar,Pública,402.58
Matilda Mateo Ezequiel,Martinez,0,Trabajo,Pública,186.22
Noelia Díaz,Tórrez,0,Apoyo familiar,Pública,342.37
José Torres,Espinosa,0,Crédito educativo,Privada,260.9
José Torres,Espinosa,0,Apoyo familiar,Privada,275.96
Roberta Romero,Quevedo,0,Apoyo familiar,Pública,466.84
Judith Barriga,Quevedo,0,Otro,Pública,431.37
Judith Barriga,Quevedo,0,Apoyo familiar,Pública,388.24
Santino Nicolas Maximo,Cordoba,0,Trabajo,Pública,286.77
Santino Nicolas Maximo,Cordoba,0,Apoyo familiar,Pública,359.92
Ramona Abril,Peñalver,0,Trabajo,Pública,264.78
Ramona Abril,Peñalver,0,Apoyo familiar,Pública,371.02
Victoria de la Torre,Dueñas,0,Apoyo familiar,Pública,311.88
Itzel Zeferino Crespo,Briseño,0,Crédito educativo,Pública,194.52
Benjamin Ignacio Olivera,Maidana,0,Apoyo familiar,Pública,265.54
Julián Ardila,Guzmán,0,Crédito educativo,Pública,293.75
Reina Chávez,Menchaca,0,Apoyo familiar,Pública,299.33
Zoe,Moyano,0,Apoyo familiar,Pública,330.51
Fernanda Angie Gutiérrez,Vásquez,0,Crédito educativo,Privada,407.96
Bernardino Arellano,Muro,0,Apoyo familiar,Pública,410.94
Nydia Pastora Gras,Rosselló,0,Apoyo familiar,Pública,333.52
Augusto,Jiménez,0,Otro,Pública,386.45
Augusto,Jiménez,0,Apoyo familiar,Pública,389.93
Paula Isabel,Cárdenas,0,Apoyo familiar,Pública,395.9
Juliana Benitez,Sosa,0,Crédito educativo,Pública,225.63
Juliana Benitez,Sosa,0,Apoyo familiar,Pública,245.79
Pamela Karla,Ramos,0,Trabajo,Pública,212.7
Pamela Karla,Ramos,0,Otro,Pública,275.14
Santiago,Vazquez,0,Crédito educativo,Pública,262.73
Santiago,Vazquez,0,Otro,Pública,257.46
Santiago,Vazquez,0,Apoyo familiar,Pública,429.38
Sergio Razo,Laureano,0,Trabajo,Pública,250.65
Sergio Razo,Laureano,0,Apoyo familiar,Pública,338.04
Ciro Benjamin Rodriguez,Morales,0,Apoyo familiar,Pública,342.9
Tomas,Aguirre,0,Apoyo familiar,Pública,456.31
Ing. Marco Antonio,Santiago,0,Apoyo familiar,Pública,298.26
Luana Valentino,Gutierrez,0,Apoyo familiar,Privada,619.97
Alfonso,Tapia,0,Apoyo familiar,Pública,371.67
Alejandra,Díaz,0,Crédito educativo,Pública,290.37
Alejandra,Díaz,0,Apoyo familiar,Pública,534.44
Amelia Gabriel Anguiano,Muro,0,Trabajo,Pública,197.22
Ian Benjamin,Romero,0,Trabajo,Pública,232.32
Sr(a). Martina,Gomez,0,Apoyo familiar,Pública,264.8
Ligia Herrera,Rivera,0,Apoyo familiar,Pública,424.22
Nury Medina,Vega,0,Apoyo familiar,Pública,469.32
Jesús Sara,Lozano,0,Apoyo familiar,Pública,467.81
Tania Cecilia,Tejada,0,Crédito educativo,Pública,373.44
Tania Cecilia,Tejada,0,Apoyo familiar,Pública,337.06
Albeiro Torres,Ibarra,0,Trabajo,Pública,231.74
Albeiro Torres,Ibarra,0,Otro,Pública,361.31
Albeiro Torres,Ibarra,0,Apoyo familiar,Pública,436.94
Graciela Córdoba,Juliá,0,Apoyo familiar,Pública,397.54
Cayetana Nebot,Tomas,0,Trabajo,Pública,332.02
Julio Daniela Velásquez de la,Torre,0,Apoyo familiar,Privada,379.98
Sr(a). Joaquina,Diaz,0,Trabajo,Pública,322.56
Martha Eva,Mora,0,Apoyo familiar,Pública,299.44
Guadalupe Oriana Aguirre,Perez,0,Apoyo familiar,Pública,425.25
Dr(a). Benjamin,Sanchez,0,Apoyo familiar,Pública,348.6
Antonia Francisco Diaz,Morales,0,Trabajo,Pública,288.54
Antonia Francisco Diaz,Morales,0,Crédito educativo,Pública,302.93
Antonia Francisco Diaz,Morales,0,Apoyo familiar,Pública,221.83
Sara,Benavente,0,Crédito educativo,Pública,112.77
María Belén Tomé,Cózar,0,Apoyo familiar,Pública,371.63
Juan Carlos,Múgica,0,Crédito educativo,Pública,284.18
Juan Carlos,Múgica,0,Apoyo familiar,Pública,378.77
Alfonso Asunción Narváez,Gaitán,0,Trabajo,Pública,237.39
Alfonso Asunción Narváez,Gaitán,0,Otro,Pública,433.55
Catalina Juana Gomez,Rivero,0,Otro,Privada,239.3
Esmeralda Delgadillo,Navarrete,0,Apoyo familiar,Pública,325.04
Martín,Sosa,0,Apoyo familiar,Pública,357.7
Sabas del,Salvà,0,Trabajo,Pública,189.13
Sabas del,Salvà,0,Crédito educativo,Pública,299.48
Sabas del,Salvà,0,Apoyo familiar,Pública,343.21
María,Beltrán,1,Apoyo familiar,Privada,380.78
María,Beltrán,1,Beca,Privada,529.7
Gloria Brito,Aranda,0,Apoyo familiar,Pública,275.69
Ángela Garzón,Erazo,1,Apoyo familiar,Privada,358.79
Ángela Garzón,Erazo,1,Beca,Privada,446.01
Luciana,Suárez-Barrena,0,Apoyo familiar,Pública,410.19
Abraham,Jurado,0,Otro,Pública,421.49
Abraham,Jurado,0,Apoyo familiar,Pública,433.19
Paola Molina,Velásquez,0,Trabajo,Pública,213.8
Paola Molina,Velásquez,0,Crédito educativo,Pública,261.34
Carlos Hernández,Valencia,1,Apoyo familiar,Privada,222.6
Carlos Hernández,Valencia,1,Beca,Privada,507.61
Isabella,Romero,0,Apoyo familiar,Pública,458.55
Mateo Benjamin,Garcia,0,Apoyo familiar,Pública,367.88
Miguel Iván,Segovia,0,Trabajo,Pública,275.09
Miguel Iván,Segovia,0,Apoyo familiar,Pública,365.37
Ángel,Herrera,0,Otro,Pública,377.74
Ángel,Herrera,0,Apoyo familiar,Pública,386.03
Violeta Josefina Vera,Cabrera,0,Trabajo,Pública,236.17
Violeta Josefina Vera,Cabrera,0,Otro,Pública,278.5
Violeta Josefina Vera,Cabrera,0,Apoyo familiar,Pública,383.15
Dr. Hernán,Casanova,0,Otro,Pública,324.77
Eva Amigó,Cerdán,0,Apoyo familiar,Pública,328.69
Alfonso Costa,Melero,0,Apoyo familiar,Pública,379.95
Margarita Melissa García,Moreno,0,Apoyo familiar,Pública,371.49
Teófila Molins,Bayón,0,Apoyo familiar,Pública,262.17
Irene Molina,Rosales,0,Crédito educativo,Pública,277.29
Irene Molina,Rosales,0,Apoyo familiar,Pública,420.82
Clara,Roig,1,Apoyo familiar,Privada,552.96
Clara,Roig,1,Beca,Privada,552.34
Gloria Madrigal,Linares,1,Crédito educativo,Privada,405.99
Gloria Madrigal,Linares,1,Apoyo familiar,Privada,500.59
Gloria Madrigal,Linares,1,Beca,Privada,382.79
Maria Victoria,Toledo,0,Apoyo familiar,Pública,318.69
Guillermina Mia Jazmin,Olivera,0,Crédito educativo,Pública,146.79
Guillermina Mia Jazmin,Olivera,0,Apoyo familiar,Pública,339.36
Marisol,Quintana,0,Trabajo,Pública,233.7
Marisol,Quintana,0,Crédito educativo,Pública,323.42
Carlos Rodríguez,Morales,0,Trabajo,Pública,242.3
Graciela Enrique Barrios,Sotelo,0,Apoyo familiar,Pública,333.05
Pamela Bernabé,Cepeda,0,Apoyo familiar,Pública,232.46
Carmen Feliciano,Zepeda,0,Apoyo familiar,Pública,285.41
Socorro Magaña,Caballero,1,Apoyo familiar,Privada,537.62
Socorro Magaña,Caballero,1,Beca,Privada,648.34
Pepita Aguiló,Bosch,0,Trabajo,Pública,245.12
Pepita Aguiló,Bosch,0,Crédito educativo,Pública,389.3
Frida,Saiz,0,Apoyo familiar,Privada,600.32
Perla Marisol,Montaño,1,Trabajo,Privada,267.57
Perla Marisol,Montaño,1,Apoyo familiar,Privada,445.33
Perla Marisol,Montaño,1,Beca,Privada,482.57
Caridad del,Quintero,0,Trabajo,Pública,244.45
Caridad del,Quintero,0,Crédito educativo,Pública,253.04
Carmen Escrivá,Olmo,0,Otro,Pública,332.91
Juan Cruz,Cardozo,0,Apoyo familiar,Pública,455.33
Jairo,Rivera,0,Apoyo familiar,Pública,392.55
Bibiana Bosch,Vicente,0,Otro,Pública,446.83
Tiziano Valentin,Castro,0,Apoyo familiar,Pública,388.96
Amelia Espada,Sabater,1,Crédito educativo,Privada,130.02
Amelia Espada,Sabater,1,Beca,Privada,522.57
Carmelita Barroso,Sebastián,0,Crédito educativo,Pública,395.94
Carmelita Barroso,Sebastián,0,Otro,Pública,323.28
Carmelita Barroso,Sebastián,0,Apoyo familiar,Pública,453.25
Margarita Esteban,Vallejo,0,Apoyo familiar,Pública,421.92
Irma Echeverría de,León,0,Apoyo familiar,Pública,366.11
Ing. Sessa,Gallegos,1,Apoyo familiar,Privada,505.58
Ing. Sessa,Gallegos,1,Beca,Privada,393.53
Ivan Maria Paz,Figueroa,0,Apoyo familiar,Pública,436.08
Desiderio Leonel Cobo,Guzmán,0,Apoyo familiar,Pública,343.14
Úrsula José Guevara,Vélez,0,Trabajo,Pública,169.02
Úrsula José Guevara,Vélez,0,Otro,Pública,424.92
Úrsula José Guevara,Vélez,0,Apoyo familiar,Pública,411.84
Pilar Homero Jaramillo,Perales,0,Apoyo familiar,Pública,353.24
Paola Sierra,Ureña,0,Crédito educativo,Pública,244.66
Paola Sierra,Ureña,0,Otro,Pública,270.09
Paola Sierra,Ureña,0,Apoyo familiar,Pública,247.54
Laura Gregorio,Gutiérrez,0,Otro,Pública,431.37
Eva,Julián-Izaguirre,0,Crédito educativo,Pública,273.16
Eva,Julián-Izaguirre,0,Otro,Pública,350.58
Sr(a). Joaquin,Acosta,0,Apoyo familiar,Pública,451.8
Santiago Lopez,Rodriguez,0,Apoyo familiar,Pública,433.99
Delia Solís,Águila,0,Crédito educativo,Pública,424.2
Delfina Vega,Maldonado,0,Trabajo,Pública,314.2
Ing. Norma,Guerra,0,Apoyo familiar,Pública,105.97
Alicia Zeferino,Calvillo,0,Apoyo familiar,Pública,383.36
Leonel Ana Ulibarri,Escobedo,0,Trabajo,Pública,226.66
Alvaro Jaimes,Urrutia,0,Trabajo,Pública,195.79
Alvaro Jaimes,Urrutia,0,Crédito educativo,Pública,307.36
Alvaro Jaimes,Urrutia,0,Apoyo familiar,Pública,380.34
Dr(a). Maximo,Gimenez,0,Otro,Pública,240.66
Dr(a). Maximo,Gimenez,0,Apoyo familiar,Pública,287.08
Ramiro Juliana Muñoz,Lucero,0,Apoyo familiar,Pública,354.54
Paola Lozano,Salgado,0,Crédito educativo,Pública,266.15
Paola Lozano,Salgado,0,Apoyo familiar,Pública,246.41
Adán,Lobo,0,Trabajo,Pública,312.76
Esmeralda Paula Aguilar,Ordóñez,0,Apoyo familiar,Pública,317.08
Ángela Carolina,Bohórquez,0,Apoyo familiar,Pública,261.68
Sr(a). Agustín,Córdova,0,Trabajo,Pública,241.59
Sr(a). Agustín,Córdova,0,Crédito educativo,Pública,304.1
Mtro. Wilfrido,Alva,0,Apoyo familiar,Pública,231.81
Conrado Jorge Lluch,Vidal,0,Apoyo familiar,Pública,403.49
Sara Estrada,Adame,0,Apoyo familiar,Pública,295.77
Catalina,Castillo,1,Apoyo familiar,Privada,669.43
Catalina,Castillo,1,Beca,Privada,543.45
Tomas Gomez,Ruiz,0,Trabajo,Pública,222.83
Tomas Gomez,Ruiz,0,Apoyo familiar,Pública,327.51
Camilo Emilio,Cotto,0,Apoyo familiar,Pública,396.91
Guadalupe Soler,Chaparro,0,Trabajo,Pública,234.26
Marcio Borrell,Carmona,0,Otro,Pública,332.72
Marcio Borrell,Carmona,0,Apoyo familiar,Pública,349.15
Graciana Calvo,Castilla,0,Crédito educativo,Pública,303.5
Carla Aparicio,Ramón,0,Apoyo familiar,Privada,432.09
Virginia Óliver Quezada,Guzmán,0,Crédito educativo,Pública,279.41
Dr. Alejandro,Lozada,0,Trabajo,Pública,145.71
Dr. Alejandro,Lozada,0,Otro,Pública,398.57
Juan,Miranda,0,Apoyo familiar,Pública,374.27
Sr(a). Virginia,Duarte,0,Crédito educativo,Pública,376.81
Santiago Benjamin Santino Coronel,Garcia,0,Apoyo familiar,Pública,335.01
Erasmo Alsina,Prat,0,Apoyo familiar,Privada,318.87
Abril Reynaldo Mena,Cervantes,0,Apoyo familiar,Pública,370.63
Mtro. José Manuél,Cazares,0,Apoyo familiar,Pública,360.52
Charo,Pedraza-Olmo,0,Trabajo,Privada,232.72
Charo,Pedraza-Olmo,0,Apoyo familiar,Privada,478.91
Alma Valentina Ponce,Gonzalez,0,Apoyo familiar,Pública,360.95
Ing. Jaime,Cazares,0,Otro,Pública,474.3
Octavio Martinez,Acosta,0,Apoyo familiar,Pública,394.35
Elias Luz Muñoz,Ulloa,0,Apoyo familiar,Pública,425.89
Jhon Alonso,Hernández,0,Apoyo familiar,Privada,465.43
Anselmo,Costa-Amigó,1,Trabajo,Privada,277.8
Anselmo,Costa-Amigó,1,Apoyo familiar,Privada,332.75
Anselmo,Costa-Amigó,1,Beca,Privada,368.32
Ana,Pichardo,0,Apoyo familiar,Pública,476.52
María Luisa Cáceres,Tello,0,Otro,Pública,200.12
María Luisa Cáceres,Tello,0,Apoyo familiar,Pública,282.01
Lic. Germán,Balderas,0,Apoyo familiar,Pública,321.52
Ing. Anel,Quintero,0,Apoyo familiar,Pública,265.42
Inmaculada Alonso,Revilla,0,Apoyo familiar,Pública,211.27
Carmen Guillermina,Tamez,0,Otro,Pública,296.21
Esther Julián,Cuadrado,0,Apoyo familiar,Pública,359.3
Pascual del,Antúnez,0,Apoyo familiar,Pública,374.92
Carlota Alfaro,Naranjo,0,Apoyo familiar,Pública,349.7
Tiziano,Vazquez,0,Apoyo familiar,Privada,490.61
Pedro Maia Rios,Torres,0,Trabajo,Pública,231.04
Jorge Elkin,Monroy,0,Trabajo,Pública,285.8
Jorge Elkin,Monroy,0,Otro,Pública,381.8
Marco Carlos Arrieta,Restrepo,0,Otro,Pública,371.09
Marco Carlos Arrieta,Restrepo,0,Apoyo familiar,Pública,263.99
Alfredo Barranco,Carrasco,0,Trabajo,Pública,276.13
Cristóbal Amor,Revilla,0,Apoyo familiar,Pública,580.18
María del Carmen Ozuna,Leal,0,Trabajo,Pública,264.01
María del Carmen Ozuna,Leal,0,Crédito educativo,Pública,306.93
Candelaria Roda,Villalonga,1,Trabajo,Privada,247.21
Candelaria Roda,Villalonga,1,Beca,Privada,417.41
Adora de,Pazos,1,Apoyo familiar,Privada,564.99
Adora de,Pazos,1,Beca,Privada,389.49
Felipe Gonzalez,Muñoz,0,Apoyo familiar,Pública,282.07
Cristina,Ramírez,1,Apoyo familiar,Privada,270.99
Cristina,Ramírez,1,Beca,Privada,434.15
Jennifer Cal,Hoz,0,Otro,Pública,282.41
Olivia Grande,Márquez,0,Apoyo familiar,Pública,278.52
Santos Maestre,Paniagua,0,Trabajo,Pública,298.33
Jesús Raúl Pérez,Rueda,0,Apoyo familiar,Pública,303.46
Lorenzo Rozas,Espada,0,Apoyo familiar,Pública,217.38
Daniel Hernando,Hurtado,0,Apoyo familiar,Pública,369.67
Sofia Castro,Romero,0,Apoyo familiar,Pública,309.49
Lic. Cristina,Quiñónez,0,Otro,Privada,496.8
Lic. Cristina,Quiñónez,0,Apoyo familiar,Privada,535.0
Danilo Mendoza,Sánchez,0,Apoyo familiar,Pública,328.45
Lina Marleny,Bermúdez,0,Trabajo,Pública,281.32
Martina Chavez,Ruiz,0,Apoyo familiar,Pública,345.27
Josefina Romero,Nuñez,0,Crédito educativo,Pública,312.3
Josefina Romero,Nuñez,0,Otro,Pública,344.71
Josefina Romero,Nuñez,0,Apoyo familiar,Pública,323.99
Amador Salvador,Torralba,1,Apoyo familiar,Privada,509.92
Amador Salvador,Torralba,1,Beca,Privada,412.39
Uma Gonzalez,Cardozo,0,Trabajo,Pública,219.17
Uma Gonzalez,Cardozo,0,Apoyo familiar,Pública,372.41
Luisa Ofelia García,Forero,0,Trabajo,Privada,184.86
Luisa Ofelia García,Forero,0,Crédito educativo,Privada,327.12
Luisa Ofelia García,Forero,0,Apoyo familiar,Privada,845.21
Cecilia,Soto,0,Apoyo familiar,Pública,358.73
Rita Dueñas,Arnal,0,Trabajo,Pública,284.9
Lilia,Jiménez,0,Apoyo familiar,Pública,265.21
Sofia Belen,Pereyra,1,Otro,Privada,214.93
Sofia Belen,Pereyra,1,Beca,Privada,513.99
Lara Sofia,Luna,0,Otro,Pública,483.21
Francisca Marco,Calatayud,1,Crédito educativo,Privada,395.91
Francisca Marco,Calatayud,1,Beca,Privada,359.45
Ivan,Fernandez,0,Otro,Pública,336.49
Oriana Pilar Ortiz,Martinez,0,Apoyo familiar,Pública,369.5
Marco Antonio Dulce Gaitán,Serrato,0,Apoyo familiar,Pública,526.44
Iris Inés,Rodríguez,0,Apoyo familiar,Pública,332.62
Mayra Miranda,Arteaga,1,Apoyo familiar,Privada,474.34
Mayra Miranda,Arteaga,1,Beca,Privada,408.77
Ernesto Robles,Ávalos,0,Apoyo familiar,Pública,567.83
Sr(a). Santino,Ramirez,1,Crédito educativo,Privada,284.51
Sr(a). Santino,Ramirez,1,Apoyo familiar,Privada,545.65
Sr(a). Santino,Ramirez,1,Beca,Privada,433.36
Sonia Huerta,Cadena,0,Trabajo,Pública,268.94
Sonia Huerta,Cadena,0,Apoyo familiar,Pública,399.74
Gil del,Collado,0,Trabajo,Pública,345.64
Iván Alonso,Vara,0,Apoyo familiar,Pública,198.12
Julia,Melo,0,Otro,Pública,311.96
Julia,Melo,0,Apoyo familiar,Pública,435.35
Julieta Valentino Navarro,Acosta,0,Trabajo,Privada,385.15
Julieta Valentino Navarro,Acosta,0,Crédito educativo,Privada,286.16
Julieta Valentino Navarro,Acosta,0,Apoyo familiar,Privada,599.14
Alexandra Marina Mora,Mendoza,0,Apoyo familiar,Privada,634.56
Carmela de,Amigó,1,Trabajo,Privada,260.95
Carmela de,Amigó,1,Beca,Privada,320.78
Laura,Ruiz,0,Crédito educativo,Pública,303.19
Laura,Ruiz,0,Apoyo familiar,Pública,295.88
Tadeo Fabregat,Pinto,0,Apoyo familiar,Pública,464.74
Manuel Heriberto Bravo,Blasco,0,Otro,Pública,226.77
Manuel Heriberto Bravo,Blasco,0,Apoyo familiar,Pública,266.24
Lic. Zeferino,Villanueva,0,Otro,Pública,496.13
Lic. Zeferino,Villanueva,0,Apoyo familiar,Pública,484.94
Karen Salazar,Rentería,0,Trabajo,Pública,279.92
Karen Salazar,Rentería,0,Crédito educativo,Pública,261.04
Julio César,Véliz,0,Apoyo familiar,Pública,331.82
Thiago Benjamin Nuñez,Martinez,0,Apoyo familiar,Pública,492.06
Víctor,Borrego-Roda,0,Apoyo familiar,Pública,284.28
Inmaculada Arregui,Urrutia,0,Apoyo familiar,Pública,229.71
Micaela Gloria,Uribe,0,Crédito educativo,Privada,317.46
Micaela Gloria,Uribe,0,Apoyo familiar,Privada,522.05
José María Joaquín Carbajal,Rincón,0,Trabajo,Pública,283.3
José María Joaquín Carbajal,Rincón,0,Apoyo familiar,Pública,419.23
Juana Martina,Juarez,0,Crédito educativo,Pública,406.24
Miguel Angel Thiago Molina,Muñoz,0,Apoyo familiar,Pública,231.1
Thiago Benjamin Gutierrez,Fernandez,1,Apoyo familiar,Privada,374.08
Thiago Benjamin Gutierrez,Fernandez,1,Beca,Privada,561.9
Felipe Romero,Alvarez,0,Apoyo familiar,Pública,277.12
Ricardo Federico Palomo,Laureano,0,Apoyo familiar,Pública,405.51
Nadia Vela,Garibay,0,Otro,Privada,327.26
Nadia Vela,Garibay,0,Apoyo familiar,Privada,332.02
Sebastián Sierra,Ávila,0,Apoyo familiar,Pública,331.13
Lucas Ezequiel Camila,Fernandez,0,Apoyo familiar,Pública,346.52
Sr(a). Pedro,Rios,0,Otro,Privada,363.02
Sr(a). Pedro,Rios,0,Apoyo familiar,Privada,400.62
Eutimio Benavent,Garmendia,1,Apoyo familiar,Privada,435.75
Eutimio Benavent,Garmendia,1,Beca,Privada,414.74
Visitación,Hurtado-Pallarès,0,Apoyo familiar,Pública,317.7
Lorenzo Bianca,Gonzales,0,Apoyo familiar,Pública,287.73
Lorenzo,Abrego,0,Apoyo familiar,Pública,461.47
Jackeline Gómez,Muñoz,0,Apoyo familiar,Pública,288.27
Eva Almeida,Daza,0,Trabajo,Privada,126.9
Eva Almeida,Daza,0,Apoyo familiar,Privada,413.57
Germán,Zapata,0,Apoyo familiar,Pública,333.11
Natalia Fernanda,Bernal,0,Trabajo,Pública,304.12
Gerardo Alicia Valverde,Peña,0,Crédito educativo,Privada,224.5
Gerardo Alicia Valverde,Peña,0,Apoyo familiar,Privada,369.95
Valentin Villalba,Escobar,0,Apoyo familiar,Pública,419.39
Begoña,Jordán,0,Otro,Pública,263.11
Begoña,Jordán,0,Apoyo familiar,Pública,338.04
Macarena de,Pérez,0,Apoyo familiar,Pública,304.56
Sr(a). Catalina,Rodriguez,1,Apoyo familiar,Privada,422.4
Sr(a). Catalina,Rodriguez,1,Beca,Privada,393.89
Rafael Barragán,Mesa,0,Apoyo familiar,Pública,327.36
Matilde Pineda,Erazo,0,Trabajo,Pública,182.0
Matilde Pineda,Erazo,0,Otro,Pública,412.38
Matilde Pineda,Erazo,0,Apoyo familiar,Pública,237.1
Sr(a). Genaro,Nuñez,0,Apoyo familiar,Pública,397.31
Alexander Olivia Sanchez,Escobar,1,Apoyo familiar,Privada,416.02
Alexander Olivia Sanchez,Escobar,1,Beca,Privada,467.99
Evita Julián,Mir,0,Otro,Pública,381.2
Evita Julián,Mir,0,Apoyo familiar,Pública,322.51
Bernabé Cepeda,Escribano,0,Apoyo familiar,Pública,247.1
Fernanda Hoz,Pizarro,0,Trabajo,Pública,333.61
Aurora Bejarano,Sánchez,0,Apoyo familiar,Pública,303.09
Nilda Barrio,Gordillo,0,Trabajo,Pública,208.29
Nilda Barrio,Gordillo,0,Apoyo familiar,Pública,196.41
Ciro Valentina,Bravo,0,Otro,Pública,474.14
Noelia Venegas,Hurtado,0,Apoyo familiar,Pública,255.54
Francisco Eduardo,Rodríguez,0,Apoyo familiar,Pública,249.07
Morena Modesta Mascaró,Cerdán,0,Apoyo familiar,Pública,428.42
Juan,Jiménez,0,Apoyo familiar,Pública,323.98
Thiago Ezequiel,Perez,0,Apoyo familiar,Pública,442.27
Guillermina,Rodriguez,0,Apoyo familiar,Pública,462.1
Mateo Tobias Soria,Sanchez,0,Apoyo familiar,Pública,423.11
Henry Enrique Galindo,Jaramillo,0,Trabajo,Pública,223.33
Henry Enrique Galindo,Jaramillo,0,Apoyo familiar,Pública,175.45
Ciro Juan,Mora,0,Otro,Pública,349.15
Ciro Juan,Mora,0,Apoyo familiar,Pública,339.99
Belén Herrera,Peiró,0,Trabajo,Pública,303.01
Duván Páez,Márquez,0,Apoyo familiar,Pública,304.9
Iván,Longoria,0,Crédito educativo,Pública,276.72
Iván,Longoria,0,Otro,Pública,321.09
Heliodoro Múñiz,Oliver,0,Apoyo familiar,Pública,148.85
Abril Pizarro,Cruz,0,Apoyo familiar,Pública,297.21
Delia Coronado,Lozano,0,Apoyo familiar,Privada,1232.63
Luis Miguel,Romo,0,Apoyo familiar,Pública,358.17
Lola Paulina Cabrera,Alvarez,0,Trabajo,Pública,273.48
Lola Paulina Cabrera,Alvarez,0,Otro,Pública,319.19
Lola Paulina Cabrera,Alvarez,0,Apoyo familiar,Pública,367.67
Chus Lucas,Cabo,0,Apoyo familiar,Pública,428.48
Zaida Vaquero,Iglesias,0,Otro,Pública,458.33
Benjamin Barrios,Rojas,0,Trabajo,Privada,230.07
Marita Villalonga,Prieto,0,Crédito educativo,Privada,329.17
Marita Villalonga,Prieto,0,Apoyo familiar,Privada,550.08
Dylan Ezequiel,Fernandez,0,Apoyo familiar,Pública,492.0
Luis Palma,Saldaña,0,Apoyo familiar,Privada,515.83
Jacinto,Cepeda-Real,0,Trabajo,Pública,196.87
Yolanda Salazar,Sánchez,0,Apoyo familiar,Pública,342.81
Amando Frías,Álvaro,0,Apoyo familiar,Pública,393.16
Aura Vanesa Herrera,Osorio,0,Apoyo familiar,Pública,421.17
Sr(a). Malena,Sosa,0,Apoyo familiar,Privada,354.59
Gabino Noelia del Río,Marín,0,Apoyo familiar,Pública,369.0
Yuridia Valdés,Gonzales,0,Otro,Pública,446.17
Yuridia Valdés,Gonzales,0,Apoyo familiar,Pública,282.99
Manuel,Espinosa,0,Apoyo familiar,Pública,311.63
María,Garcés,1,Trabajo,Privada,255.15
María,Garcés,1,Otro,Privada,368.1
María,Garcés,1,Beca,Privada,374.15
Augusto,Gutiérrez,0,Apoyo familiar,Pública,444.17
Thiago Nicolas Tiziana Farias,Rodriguez,0,Apoyo familiar,Privada,663.5
Cristian Marisol,Lira,0,Trabajo,Pública,361.57
Cristian Marisol,Lira,0,Apoyo familiar,Pública,258.62
Sr(a). Tomàs,Mendoza,0,Apoyo familiar,Pública,404.67
Emma Juana,Moreno,0,Apoyo familiar,Privada,516.6
Darío,Angulo,0,Apoyo familiar,Pública,242.28
Ing. Juan de la,O,0,Trabajo,Pública,274.64
Ing. Juan de la,O,0,Apoyo familiar,Pública,409.32
Felicidad Alberola,Barrera,0,Apoyo familiar,Pública,309.53
Rita Gala Huerta,Arnaiz,0,Apoyo familiar,Pública,433.34
Esteban Juan,Giraldo,0,Crédito educativo,Pública,199.99
Patricio Nadia Colunga,Jaramillo,0,Apoyo familiar,Privada,344.57
Estela Hilda Alcala,Aranda,0,Apoyo familiar,Pública,360.47
Anastasia,Prieto,0,Apoyo familiar,Pública,358.73
Juan Bautista,Gutierrez,0,Trabajo,Pública,214.17
Juan Bautista,Gutierrez,0,Apoyo familiar,Pública,408.15
Fabiola Dueñas,Lorenzo,1,Apoyo familiar,Privada,544.22
Fabiola Dueñas,Lorenzo,1,Beca,Privada,577.54
Richard,Pedraza,0,Trabajo,Pública,336.72
Richard,Pedraza,0,Apoyo familiar,Pública,285.47
Alejandro,Luna,0,Apoyo familiar,Pública,506.72
Mtro. Andrés,Roldán,0,Apoyo familiar,Pública,308.84
Pedro,Carbajal,0,Apoyo familiar,Privada,360.24
Dalila Casal,Colom,0,Trabajo,Pública,239.15
Dr(a). Francisca,Ponce,0,Trabajo,Pública,412.01
Sr(a). Antonio,Coronel,0,Apoyo familiar,Pública,417.32
Fausto Jose Angel Cañas,Tello,0,Apoyo familiar,Pública,399.1
Simón,Sancho-Cervantes,0,Apoyo familiar,Pública,411.21
David Arrieta,Prieto,0,Apoyo familiar,Privada,769.93
Joaquin Valentino Diaz,Castro,1,Trabajo,Privada,266.3
Joaquin Valentino Diaz,Castro,1,Apoyo familiar,Privada,499.36
Joaquin Valentino Diaz,Castro,1,Beca,Privada,662.16
Lic. Dalia,Soliz,0,Apoyo familiar,Pública,411.18
Raquel Benjamín,Corona,0,Crédito educativo,Pública,170.78
Raquel Benjamín,Corona,0,Apoyo familiar,Pública,403.78
Leticia de,Pou,0,Trabajo,Pública,218.07
Leticia de,Pou,0,Crédito educativo,Pública,399.2
Dr. Débora,Sierra,0,Crédito educativo,Pública,337.39
Manuela,Garay-Diez,0,Apoyo familiar,Privada,516.56
Alvaro Carrión,Alejandro,0,Otro,Privada,401.53
Delia Abelardo,Alemán,0,Apoyo familiar,Pública,357.79
Gabriela,Serra,1,Apoyo familiar,Privada,390.51
Gabriela,Serra,1,Beca,Privada,387.74
Juan Ignacio,Bustos,0,Apoyo familiar,Pública,475.27
Juan Ignacio,Molina,0,Trabajo,Pública,210.14
Rosa Fanny Gutiérrez,Alarcón,1,Apoyo familiar,Privada,524.02
Rosa Fanny Gutiérrez,Alarcón,1,Beca,Privada,504.62
Mtro. Indira,Guerrero,0,Trabajo,Pública,230.3
Mtro. Indira,Guerrero,0,Crédito educativo,Pública,356.32
Lina,Asenjo-Tolosa,0,Apoyo familiar,Pública,267.17
Stiven Castañeda,Caicedo,0,Apoyo familiar,Pública,374.34
Ignacio Horacio,Paredes,0,Apoyo familiar,Pública,284.78
María Diana,Perdomo,0,Crédito educativo,Pública,282.91
María Diana,Perdomo,0,Otro,Pública,401.08
María Diana,Perdomo,0,Apoyo familiar,Pública,384.73
Silvia Quintero,Esparza,0,Crédito educativo,Pública,229.78
Silvia Quintero,Esparza,0,Apoyo familiar,Pública,277.22
Salomé Lorenzo,Mur,0,Otro,Pública,293.95
Salomé Lorenzo,Mur,0,Apoyo familiar,Pública,252.61
Zoe Jazmin,Romero,0,Trabajo,Privada,221.03
Iris Porta,Roca,0,Apoyo familiar,Pública,217.14
María Maira,Medina,0,Trabajo,Pública,222.58
María Maira,Medina,0,Crédito educativo,Pública,365.97
Oswaldo,Blanco,0,Trabajo,Pública,240.56
Abel Marisela Toro,Mejía,0,Trabajo,Pública,191.12
Abel Marisela Toro,Mejía,0,Crédito educativo,Pública,313.58
Abel Marisela Toro,Mejía,0,Apoyo familiar,Pública,360.32
María Luisa Leiva,Soria,0,Crédito educativo,Pública,417.4
María Luisa,Alcolea,0,Apoyo familiar,Pública,406.63
Fernanda Esperanza Jiménez,Hernández,0,Apoyo familiar,Pública,372.2
Francesca Malena,Gonzalez,0,Apoyo familiar,Privada,581.12
Lic. Porfirio,Vaca,1,Otro,Privada,425.2
Lic. Porfirio,Vaca,1,Trabajo,Privada,374.61
Lic. Porfirio,Vaca,1,Apoyo familiar,Privada,463.87
Lic. Porfirio,Vaca,1,Beca,Privada,386.25
Lucía Toro,Belmonte,0,Apoyo familiar,Pública,359.06
Rosa,Vega,0,Apoyo familiar,Pública,312.97
María Elena Araceli Vargas,Rentería,0,Apoyo familiar,Pública,362.13
Juliana Martinez,Gonzalez,0,Trabajo,Pública,247.82
Ildefonso Palmer,Santos,0,Trabajo,Pública,229.26
Adela,Madrid,0,Apoyo familiar,Pública,302.6
Tania de,Pedrosa,0,Apoyo familiar,Pública,217.61
María Teresa Muro,Meza,1,Otro,Privada,406.74
María Teresa Muro,Meza,1,Apoyo familiar,Privada,441.28
María Teresa Muro,Meza,1,Beca,Privada,294.11
Ángela Ángela,Toro,1,Apoyo familiar,Privada,497.73
Ángela Ángela,Toro,1,Beca,Privada,333.56
Gustavo,Olmos,0,Trabajo,Pública,257.67
Beatriz Toro,Ureña,0,Apoyo familiar,Pública,410.04
Aurelio Sandra Villarreal,Padrón,0,Trabajo,Pública,290.87
Aurelio Sandra Villarreal,Padrón,0,Apoyo familiar,Pública,417.96
Gabriela,Díaz,0,Trabajo,Privada,310.92
Gabriela,Díaz,0,Crédito educativo,Privada,432.12
Salvador Mateo,Mesa,1,Trabajo,Privada,232.2
Salvador Mateo,Mesa,1,Otro,Privada,433.36
Salvador Mateo,Mesa,1,Beca,Privada,398.81
Amelia Lamas,Pazos,0,Apoyo familiar,Pública,256.22
Luz Cortés,Duarte,0,Apoyo familiar,Pública,290.41
Wilmer José Mejía,Mora,1,Apoyo familiar,Privada,631.56
Wilmer José Mejía,Mora,1,Beca,Privada,581.81
Bibiana,Cases-Pedraza,0,Apoyo familiar,Pública,444.27
Paloma Gonzalez,Ponce,0,Apoyo familiar,Privada,423.23
Constanza Nogués,Redondo,0,Apoyo familiar,Pública,421.04
Ángela,Rojas,0,Apoyo familiar,Pública,381.31
Mariano Diana Santacruz,Curiel,0,Otro,Privada,373.36
José,López,0,Trabajo,Pública,389.3
José,López,0,Otro,Pública,384.47
José,López,0,Apoyo familiar,Pública,402.11
Frida María Cristina,Guajardo,0,Trabajo,Pública,204.6
Frida María Cristina,Guajardo,0,Crédito educativo,Pública,297.64
Hugo Belmonte,Porras,0,Apoyo familiar,Pública,411.44
Daniela,Martínez,0,Apoyo familiar,Pública,409.31
Luz,Córdoba,1,Apoyo familiar,Privada,380.27
Luz,Córdoba,1,Beca,Privada,374.18
Carmina Sonia Silva,Canales,0,Apoyo familiar,Pública,396.75
Cayetana Roma,Berrocal,0,Apoyo familiar,Pública,245.67
Corona Saez,Baeza,0,Apoyo familiar,Pública,364.07
Alvaro Alonso,Ríos,0,Apoyo familiar,Pública,388.95
Martina Mir,Alcolea,0,Apoyo familiar,Pública,478.97
Domitila Bolaños,Varela,0,Otro,Pública,303.19
Domitila Bolaños,Varela,0,Apoyo familiar,Pública,402.3
Gustavo David,Jaimes,1,Otro,Privada,306.59
Gustavo David,Jaimes,1,Beca,Privada,576.1
Mia,Silva,1,Apoyo familiar,Privada,522.51
Mia,Silva,1,Beca,Privada,317.1
Valentino Valentina Campos,Vazquez,0,Trabajo,Pública,217.14
Valentino Valentina Campos,Vazquez,0,Apoyo familiar,Pública,369.54
Rafael Arias,Gutierrez,0,Apoyo familiar,Pública,348.69
Eloy,Márquez,0,Apoyo familiar,Pública,405.81
Virgilio,Bejarano,0,Trabajo,Pública,254.68
Virgilio,Bejarano,0,Otro,Pública,480.1
Flavio,Arrieta-Corral,0,Apoyo familiar,Pública,290.33
David Díaz,Correa,1,Apoyo familiar,Privada,652.86
David Díaz,Correa,1,Beca,Privada,585.75
Leydi Socorro Padilla,Mendoza,0,Otro,Pública,474.38
Leydi Socorro Padilla,Mendoza,0,Apoyo familiar,Pública,301.66
Cornelio Lucía Tamayo,Balderas,0,Trabajo,Pública,281.23
Cornelio Lucía Tamayo,Balderas,0,Apoyo familiar,Pública,273.88
Ema Lorenzo Villalba,Acosta,0,Crédito educativo,Pública,310.81
Ema Lorenzo Villalba,Acosta,0,Apoyo familiar,Pública,302.18
Helena Patricia Santacruz,Esquivel,0,Apoyo familiar,Pública,386.52
Cecilia Torres,Cáceres,0,Crédito educativo,Pública,256.42
Cecilia Torres,Cáceres,0,Apoyo familiar,Pública,336.64
René Montoya,Valencia,0,Apoyo familiar,Pública,223.22
Sabina Saldaña,Lloret,0,Apoyo familiar,Pública,268.5
Fernanda Sanchez,Narváez,0,Apoyo familiar,Pública,375.84
Rosa Alejandra,Rojas,0,Apoyo familiar,Pública,294.85
Rosario Aponte,Toledo,0,Crédito educativo,Pública,363.83
Rosario Aponte,Toledo,0,Apoyo familiar,Pública,284.43
Luis Mauricio,Bermúdez,0,Otro,Pública,406.44
Aroa Vilma Guillen,Cabo,0,Trabajo,Privada,239.65
Jerónimo Vera,Pons,0,Apoyo familiar,Pública,281.35
Noelia Agustina Cisneros,Moya,0,Apoyo familiar,Pública,409.34
Héctor Andrés Narváez,Pérez,1,Apoyo familiar,Privada,408.98
Héctor Andrés Narváez,Pérez,1,Beca,Privada,539.58
Paca Peláez,Guillen,0,Apoyo familiar,Pública,330.43
Gustavo,García,0,Apoyo familiar,Pública,408.71
Armando Cervántez,Echeverría,0,Apoyo familiar,Pública,265.21
Martín Santino Nicolas Sosa,Soto,0,Crédito educativo,Pública,287.81
Martín Santino Nicolas Sosa,Soto,0,Apoyo familiar,Pública,299.7
Tito Rios,Ayuso,0,Apoyo familiar,Pública,417.98
Aura Navas,Garmendia,0,Trabajo,Pública,313.58
Vanesa Rolando Huerta,Quiñónez,1,Crédito educativo,Privada,213.5
Vanesa Rolando Huerta,Quiñónez,1,Otro,Privada,313.41
Vanesa Rolando Huerta,Quiñónez,1,Apoyo familiar,Privada,529.25
Vanesa Rolando Huerta,Quiñónez,1,Beca,Privada,387.83
Marina,Gómez,0,Apoyo familiar,Pública,281.03
Bautista Benjamin Vega,Farias,0,Apoyo familiar,Pública,409.24
Sr(a). Isabel,Vega,0,Otro,Pública,207.72
Sr(a). Isabel,Vega,0,Apoyo familiar,Pública,263.54
Tania,Soto,0,Otro,Pública,469.19
Adalberto Pozo,Maestre,0,Crédito educativo,Pública,265.73
Adán Emilia Véliz,Casanova,0,Apoyo familiar,Privada,225.21
Félix,Cases-Angulo,0,Apoyo familiar,Pública,438.24
Amalia,Santillán,0,Otro,Pública,477.27
María Milena,Ávila,1,Apoyo familiar,Privada,477.66
María Milena,Ávila,1,Beca,Privada,446.98
Nacho del,Dávila,1,Trabajo,Privada,231.41
Nacho del,Dávila,1,Apoyo familiar,Privada,456.07
Nacho del,Dávila,1,Beca,Privada,324.45
Fabio Antonio,Arias,0,Apoyo familiar,Privada,415.2
María Giraldo,Gómez,0,Apoyo familiar,Pública,290.36
Franco,Silva,0,Apoyo familiar,Privada,564.03
Marianela Romero,Barral,0,Apoyo familiar,Pública,389.07
Gala del,Tejada,0,Apoyo familiar,Pública,378.3
Ligia,Lara,0,Trabajo,Pública,204.1
Ligia,Lara,0,Apoyo familiar,Pública,357.04
Dr(a). Juliana,Gomez,0,Crédito educativo,Pública,206.12
Dr(a). Juliana,Gomez,0,Apoyo familiar,Pública,364.49
Rebeca Graciela,Maldonado,0,Apoyo familiar,Pública,416.84
María Elena Cruz,Uribe,0,Crédito educativo,Pública,224.93
Itzel Abril Gamez,Cruz,0,Apoyo familiar,Pública,252.53
María,Rojas,0,Apoyo familiar,Pública,475.8
Valentina Tiziano Valentin Lopez,Gomez,0,Otro,Pública,335.49
Valentina Tiziano Valentin Lopez,Gomez,0,Apoyo familiar,Pública,446.26
Margarita Méndez,Durán,0,Otro,Pública,228.52
Margarita Méndez,Durán,0,Apoyo familiar,Pública,333.99
Estela Homero,Menéndez,0,Apoyo familiar,Pública,288.49
Adrián Antón,Ariño,0,Trabajo,Pública,266.87
Benicio Gonzalez,Coronel,1,Apoyo familiar,Privada,465.29
Benicio Gonzalez,Coronel,1,Beca,Privada,434.65
Dr(a). Emma,Fernandez,1,Trabajo,Privada,189.49
Dr(a). Emma,Fernandez,1,Crédito educativo,Privada,244.15
Dr(a). Emma,Fernandez,1,Beca,Privada,630.53
Gregorio Pozo,Saldaña,0,Trabajo,Pública,163.54
Gregorio Pozo,Saldaña,0,Otro,Pública,220.17
Sergio Abraham,Lerma,0,Apoyo familiar,Pública,445.97
Enrique Duván Londoño,Angulo,0,Trabajo,Pública,242.76
Enrique Duván Londoño,Angulo,0,Otro,Pública,348.2
Jazmín Candela Rodriguez,Luna,0,Crédito educativo,Pública,323.24
Jazmín Candela Rodriguez,Luna,0,Otro,Pública,437.08
Jazmín Candela Rodriguez,Luna,0,Apoyo familiar,Pública,275.62
Mateo Isabella Moyano,Martinez,0,Apoyo familiar,Pública,354.27
Claudia Reyna,Negrón,0,Crédito educativo,Pública,186.5
Claudia Reyna,Negrón,0,Apoyo familiar,Pública,225.45
María Restrepo,Restrepo,0,Otro,Pública,269.4
Begoña Abigaíl Salgado,Carbó,0,Apoyo familiar,Pública,330.23
Soledad Cáceres,Gonzalez,0,Trabajo,Pública,232.09
Ciríaco Rosado,Diéguez,0,Trabajo,Pública,222.39
Paola Nadia Donoso,Bauzà,0,Apoyo familiar,Pública,273.83
Beatriz Yasmín,Vanegas,0,Apoyo familiar,Pública,512.29
Marina Ximena,Mora,0,Otro,Pública,396.13
Marina Ximena,Mora,0,Apoyo familiar,Pública,462.68
Mtro. Isabela,Urbina,0,Trabajo,Pública,189.4
Mtro. Isabela,Urbina,0,Apoyo familiar,Pública,501.93
Vanesa,Milla-Silva,0,Otro,Privada,466.35
Vanesa,Milla-Silva,0,Apoyo familiar,Privada,823.27
Federico Catalina,Castro,0,Apoyo familiar,Privada,392.65
Remigio Nicolás,Guzmán,0,Apoyo familiar,Pública,288.37
Sr(a). Bautista,Chavez,0,Apoyo familiar,Pública,235.89
Ing. Mauro de,León,0,Apoyo familiar,Pública,351.5
Arbey Jesús,Martínez,0,Apoyo familiar,Pública,273.44
Bernardita,Diéguez,0,Apoyo familiar,Pública,332.48
Benjamin Joaquin,Diaz,0,Crédito educativo,Pública,382.21
Benjamin Joaquin,Diaz,0,Apoyo familiar,Pública,435.05
Eugenia Velasco,Torres,0,Trabajo,Pública,248.39
Flavio Bueno,Ledesma,0,Apoyo familiar,Privada,507.87
Jerson Pablo Ariza,Velandia,1,Apoyo familiar,Privada,685.5
Jerson Pablo Ariza,Velandia,1,Beca,Privada,491.36
Humberto Palomino,Ferrández,0,Apoyo familiar,Pública,328.44
Quirino Alberto,Castell,0,Apoyo familiar,Pública,299.91
Amador,Lluch,0,Apoyo familiar,Pública,293.88
César Catalina,Quiñones,0,Apoyo familiar,Pública,318.58
Mia Jazmin Juan Ignacio Hernandez,Martinez,0,Apoyo familiar,Pública,441.02
Catalina Santacruz,Cabán,0,Apoyo familiar,Pública,427.55
Angelina Lola Ruiz,Gonzalez,0,Trabajo,Pública,248.93
Otilia Gual,Sacristán,0,Apoyo familiar,Pública,425.84
Benicio,Barrios,0,Trabajo,Pública,131.57
Benicio,Barrios,0,Crédito educativo,Pública,347.5
Lupita Consuelo Catalán,Belda,0,Trabajo,Pública,194.06
Lupita Consuelo Catalán,Belda,0,Crédito educativo,Pública,406.02
Lupita Consuelo Catalán,Belda,0,Apoyo familiar,Pública,276.42
Marcelino Borrás,Ricart,0,Trabajo,Pública,207.36
Emma Pineda,Armas,0,Apoyo familiar,Pública,391.02
Ing. Esteban,Casares,1,Apoyo familiar,Privada,555.37
Ing. Esteban,Casares,1,Beca,Privada,439.2
Duilio,Llorente-Batlle,0,Trabajo,Pública,219.75
Duilio,Llorente-Batlle,0,Otro,Pública,446.54
Duilio,Llorente-Batlle,0,Apoyo familiar,Pública,386.65
Lourdes Ruiz,Alcaraz,0,Apoyo familiar,Pública,464.6
Graciela Pedrosa,Rios,0,Apoyo familiar,Privada,370.94
Benjamin Alejandro,Lucero,0,Crédito educativo,Privada,249.6
Benjamin Alejandro,Lucero,0,Otro,Privada,375.58
Cruz Prada,Coronado,0,Trabajo,Pública,197.19
Cruz Prada,Coronado,0,Crédito educativo,Pública,276.82
Loida,Prada-Paredes,1,Apoyo familiar,Privada,275.55
Loida,Prada-Paredes,1,Beca,Privada,622.57
Lucía,Gutiérrez,0,Trabajo,Pública,182.74
Pablo,Mendoza,0,Otro,Pública,242.26
Giovanni,Castillo,1,Trabajo,Privada,195.13
Giovanni,Castillo,1,Apoyo familiar,Privada,632.17
Giovanni,Castillo,1,Beca,Privada,567.1
Raquel Lorena,Montañez,0,Trabajo,Pública,257.55
Raquel Lorena,Montañez,0,Crédito educativo,Pública,261.58
Moisés Marciano Peñas,Diego,0,Apoyo familiar,Privada,1280.37
Valentino Mateo,Fernandez,1,Crédito educativo,Privada,321.49
Valentino Mateo,Fernandez,1,Otro,Privada,211.58
Valentino Mateo,Fernandez,1,Apoyo familiar,Privada,517.12
Valentino Mateo,Fernandez,1,Beca,Privada,358.74
Eusebio Collado,Jaume,0,Trabajo,Pública,287.09
Eusebio Collado,Jaume,0,Crédito educativo,Pública,443.52
Eusebio Collado,Jaume,0,Apoyo familiar,Pública,298.44
Wendolin,Chapa,0,Crédito educativo,Pública,295.33
Fernando Carlos,Duarte,0,Crédito educativo,Privada,272.63
Fernando Carlos,Duarte,0,Apoyo familiar,Privada,394.94
Paulina del,Cabañas,0,Apoyo familiar,Privada,563.23
Luca Lisandro,Barrios,0,Apoyo familiar,Pública,353.79
Marianela Nilda Pinto,Lago,0,Apoyo familiar,Pública,416.78
Rafaél Ivonne,Grijalva,0,Apoyo familiar,Pública,412.37
María Luisa Eduardo Navarrete,Báez,0,Otro,Pública,412.75
María Luisa Eduardo Navarrete,Báez,0,Apoyo familiar,Pública,309.58
Martha Carmen Ramírez,Aguilar,0,Trabajo,Pública,219.19
Arcelia Navarrete,Tafoya,0,Trabajo,Pública,197.99
Martina,Chavez,0,Otro,Pública,331.6
León Alexis,Giraldo,0,Apoyo familiar,Pública,401.06
Enrique Daniel Fernández,Lara,0,Apoyo familiar,Pública,401.98
Abel Manuel,Moreno,1,Trabajo,Privada,321.52
Abel Manuel,Moreno,1,Beca,Privada,457.1
Román Fernando Giraldo,Padilla,1,Apoyo familiar,Privada,374.1
Román Fernando Giraldo,Padilla,1,Beca,Privada,460.68
Lorenzo Barrios,Fernandez,0,Crédito educativo,Pública,256.63
Gonzalo José Eduardo Alonzo,Tello,0,Trabajo,Pública,232.54
Gonzalo José Eduardo Alonzo,Tello,0,Apoyo familiar,Pública,290.41
Eva,Medina-Verdejo,0,Apoyo familiar,Pública,302.85
Catalina Pujol,Clavero,0,Apoyo familiar,Pública,421.76
Fabián Jhon,Meza,0,Apoyo familiar,Pública,346.36
Evelio Alcántar,Rendón,0,Apoyo familiar,Pública,391.55
Paola Castaño,Fernández,0,Crédito educativo,Pública,266.96
Paola Castaño,Fernández,0,Apoyo familiar,Pública,307.63
Cipriano,Plaza-Carvajal,0,Otro,Pública,476.77
Leticia,Posada,0,Apoyo familiar,Pública,217.91
Cristina Linda,Carrión,0,Apoyo familiar,Pública,452.44
Vicente Alberto,Montes,0,Trabajo,Pública,209.47
Vicente Alberto,Montes,0,Crédito educativo,Pública,351.42
Dr(a). Delfina,Vazquez,0,Apoyo familiar,Pública,346.02
Aida Anguiano,Tejeda,0,Apoyo familiar,Pública,353.55
Luisa Palacio,Diego,0,Apoyo familiar,Pública,340.0
Arcelia Negrete,Ulloa,0,Trabajo,Pública,310.61
Arcelia Negrete,Ulloa,0,Otro,Pública,403.12
Arcelia Negrete,Ulloa,0,Apoyo familiar,Pública,393.22
Santino Gabriel Castro,Sanchez,1,Trabajo,Privada,242.4
Santino Gabriel Castro,Sanchez,1,Apoyo familiar,Privada,644.94
Santino Gabriel Castro,Sanchez,1,Beca,Privada,406.71
Víctor Gilberto del Valle,Prieto,0,Apoyo familiar,Pública,507.14
Thiago Benjamin Agostina Paez,Aguirre,0,Crédito educativo,Pública,374.0
Charo Céspedes,Amaya,0,Apoyo familiar,Pública,355.6
Thiago Lionel Tobias Diaz,Acosta,0,Trabajo,Pública,230.61
Thiago Lionel Tobias Diaz,Acosta,0,Apoyo familiar,Pública,443.04
Dante Camila,Romero,0,Apoyo familiar,Pública,318.02
Mayte Abelardo,Carrasco,0,Otro,Pública,447.87
Paula,Gómez,0,Trabajo,Pública,256.94
Silvia Montenegro,Martínez,0,Apoyo familiar,Pública,245.68
Augusto Pablo,Gómez,0,Crédito educativo,Pública,267.75
Augusto Pablo,Gómez,0,Apoyo familiar,Pública,430.06
Jose Antonio Enríquez,Castellanos,0,Apoyo familiar,Pública,261.26
Ciro Feliciano Sierra,Ferrero,0,Otro,Pública,232.78
Alba Mascaró,González,0,Trabajo,Privada,244.27
Rico,Puig,0,Apoyo familiar,Pública,357.38
Caridad Arana,Fiol,0,Apoyo familiar,Pública,400.14
Gonzalo,Oliva,0,Apoyo familiar,Pública,320.51
Beatriz Giraldo,Fajardo,1,Crédito educativo,Privada,308.34
Beatriz Giraldo,Fajardo,1,Apoyo familiar,Privada,494.37
Beatriz Giraldo,Fajardo,1,Beca,Privada,376.43
Mireia Cayetana Tormo,Hoz,0,Apoyo familiar,Pública,360.53
Clara Parada,Romero,0,Apoyo familiar,Pública,419.45
Concepción Darío,Corona,0,Crédito educativo,Privada,337.43
Concepción Darío,Corona,0,Apoyo familiar,Privada,328.99
Constanza Santiago,Pereyra,0,Apoyo familiar,Pública,281.12
Graciela Narváez,Rojo,0,Apoyo familiar,Pública,343.18
Espartaco Catalina Gaytán,Piña,0,Apoyo familiar,Pública,240.16
Bianca Valdez,Herrera,0,Apoyo familiar,Pública,498.93
Leoncio Segovia,Arroyo,1,Crédito educativo,Privada,349.33
Leoncio Segovia,Arroyo,1,Beca,Privada,412.24
Samuel,Salinas,0,Apoyo familiar,Pública,326.97
Roxana,Cuadrado,0,Trabajo,Privada,357.29
Alfonso,Camacho,0,Apoyo familiar,Pública,250.58
Beatriz Costa,Prieto,0,Trabajo,Pública,150.9
Beatriz Costa,Prieto,0,Otro,Pública,419.82
Mireia Girón,España,0,Apoyo familiar,Pública,435.91
Natividad Royo,Juárez,0,Apoyo familiar,Privada,540.87
Jairo Valencia,Gallego,0,Apoyo familiar,Pública,401.24
Enrique Esmeralda,Corral,0,Apoyo familiar,Pública,255.14
Nancy Adriana,Caraballo,0,Otro,Pública,345.82
Ocampo,Herrera,0,Apoyo familiar,Pública,437.35
Diego Joaquín,Palacios,0,Apoyo familiar,Pública,293.04
Casandra Nebot,Galván,0,Trabajo,Pública,228.66
Casandra Nebot,Galván,0,Apoyo familiar,Pública,338.9
Norma,Vargas,0,Apoyo familiar,Pública,337.41
Bautista Lara,Pereyra,0,Trabajo,Pública,305.94
Bautista Lara,Pereyra,0,Apoyo familiar,Pública,439.95
Héctor Rincón,López,0,Apoyo familiar,Privada,477.46
Mercedes Mascareñas,Girón,0,Trabajo,Pública,304.92
Mercedes Mascareñas,Girón,0,Apoyo familiar,Pública,376.24
Teresa Cecilia,Rodríguez,0,Trabajo,Pública,253.23
Teresa Cecilia,Rodríguez,0,Crédito educativo,Pública,354.39
Roldán del,Díaz,0,Apoyo familiar,Pública,355.76
Bianca Garcia,Ruiz,0,Apoyo familiar,Pública,494.76
Francesca Josefina Garcia,Herrera,1,Trabajo,Privada,178.08
Francesca Josefina Garcia,Herrera,1,Otro,Privada,440.35
Francesca Josefina Garcia,Herrera,1,Apoyo familiar,Privada,478.53
Francesca Josefina Garcia,Herrera,1,Beca,Privada,324.28
Antonio Andrés,Pérez,0,Trabajo,Pública,271.93
Antonio Andrés,Pérez,0,Crédito educativo,Pública,350.55
Antonio Andrés,Pérez,0,Apoyo familiar,Pública,404.1
Antonia Roman,Leal,0,Trabajo,Privada,152.91
Lorenzo Nogués,Murcia,0,Apoyo familiar,Privada,497.82
Benjamin Paula Gomez,Muñoz,0,Apoyo familiar,Pública,239.12
Mtro. María del Carmen,Trujillo,1,Apoyo familiar,Privada,429.36
Mtro. María del Carmen,Trujillo,1,Beca,Privada,321.48
Luciana Isabella Cordoba,Correa,0,Crédito educativo,Pública,348.56
Luciana Isabella Cordoba,Correa,0,Apoyo familiar,Pública,225.9
Cesar,Royo-Cuadrado,0,Apoyo familiar,Privada,546.75
María Valderrama,Báez,0,Apoyo familiar,Pública,289.58
Conchita Maldonado,Benavides,0,Apoyo familiar,Pública,371.35
Dr. Luis Manuel,Páez,0,Apoyo familiar,Pública,260.05
Dr(a). Lola,Ortiz,0,Apoyo familiar,Pública,415.35
Bautista Pedro,Escobar,0,Apoyo familiar,Pública,402.65
Salvador Escalante,Centeno,0,Apoyo familiar,Pública,306.64
Amparo,Gonzalez,0,Otro,Pública,312.08
Amparo,Gonzalez,0,Apoyo familiar,Pública,356.4
Augusto Camilo Moreno,Henao,0,Apoyo familiar,Pública,320.16
Mtro. Eloy,Carrillo,0,Trabajo,Pública,259.1
Eulalia Mendizábal,Fabra,0,Apoyo familiar,Pública,382.49
Nerea,Nadal,0,Trabajo,Pública,245.08
Carlota Clemente,Armenta,0,Apoyo familiar,Pública,224.06
Rodrigo Barrientos,Mora,0,Trabajo,Pública,266.57
Rodrigo Barrientos,Mora,0,Crédito educativo,Pública,321.87
Rodrigo Barrientos,Mora,0,Apoyo familiar,Pública,308.18
Julieta Pineda,Lladó,0,Otro,Pública,485.28
Raúl Jorge Rodríguez,Martínez,0,Trabajo,Pública,323.79
Ramiro,Rivera,0,Apoyo familiar,Pública,336.7
Josefina Vicente Benitez,Ruiz,0,Apoyo familiar,Pública,389.67
Dr(a). Thiago Gabriel,Cruz,0,Apoyo familiar,Pública,366.65
Sabina Fortuny,Pol,0,Crédito educativo,Pública,201.06
Santiago Gómez,Andrade,0,Trabajo,Privada,278.62
Santiago Gómez,Andrade,0,Apoyo familiar,Privada,406.6
Herminio Hidalgo,Osorio,0,Trabajo,Pública,179.15
Leidy María Mena,Bastidas,0,Apoyo familiar,Pública,234.22
Sr(a). Luisina,Benitez,0,Apoyo familiar,Pública,335.76
Mirta,Palma-Cervantes,0,Trabajo,Pública,199.17
Juan Cruz Isabella,Torres,0,Apoyo familiar,Pública,190.5
Joaquin Sosa,Lopez,0,Trabajo,Pública,232.08
Joaquin Sosa,Lopez,0,Crédito educativo,Pública,270.57
Liliana,Fonseca,0,Apoyo familiar,Pública,359.53
Francisco Bautista Sanchez,Garcia,0,Crédito educativo,Pública,262.27
Francisco Bautista Sanchez,Garcia,0,Apoyo familiar,Pública,480.03
Javier Castro,Navarro,0,Apoyo familiar,Pública,387.63
Isabel Frida Loya,García,0,Apoyo familiar,Pública,326.4
Stiven,Mercado,0,Apoyo familiar,Pública,356.98
Elena Jimena,Fernández,0,Crédito educativo,Pública,384.88
Elena Jimena,Fernández,0,Apoyo familiar,Pública,418.55
Gerónimo Ricardo Raya,Linares,0,Apoyo familiar,Pública,252.81
Mtro. Lucas,Jaime,1,Crédito educativo,Privada,241.54
Mtro. Lucas,Jaime,1,Beca,Privada,392.26
Purificación,Donoso,0,Apoyo familiar,Pública,300.95
Amanda Rosalia,Méndez,1,Apoyo familiar,Privada,446.43
Amanda Rosalia,Méndez,1,Beca,Privada,265.68
Sofía Jazmin,Maidana,0,Trabajo,Pública,266.8
Sofía Jazmin,Maidana,0,Otro,Pública,262.18
Sofía Jazmin,Maidana,0,Apoyo familiar,Pública,294.01
Carmen Luz,Rodríguez,0,Apoyo familiar,Pública,248.2
Isabella Joaquin,Guzman,0,Apoyo familiar,Pública,295.04
Eugenia Mata,Villena,0,Otro,Pública,373.16
Eugenia Mata,Villena,0,Apoyo familiar,Pública,424.74
Isabel Maritza Peña,Quintero,0,Apoyo familiar,Pública,404.38
Alfonso Felipe,Alarcón,0,Apoyo familiar,Pública,341.05
Emilio Loreto Roselló,Mayo,0,Apoyo familiar,Pública,457.79
Felipe Cabrera,Ortiz,0,Trabajo,Pública,193.42
Felipe Cabrera,Ortiz,0,Apoyo familiar,Pública,316.29
Vidal Pagès,Campillo,0,Trabajo,Pública,231.48
Vidal Pagès,Campillo,0,Apoyo familiar,Pública,340.29
Emilia Riojas,Merino,0,Trabajo,Pública,232.7
Julia Mia Lopez,Nuñez,0,Apoyo familiar,Pública,330.0
Lautaro Benjamin Flores,Cordoba,0,Otro,Pública,428.23
Francisca Muro,Urías,1,Trabajo,Privada,251.88
Francisca Muro,Urías,1,Apoyo familiar,Privada,483.98
Francisca Muro,Urías,1,Beca,Privada,454.63
Carmen Claudia Giraldo,García,0,Trabajo,Pública,130.96
Carmen Claudia Giraldo,García,0,Crédito educativo,Pública,231.85
Ing. José Eduardo,Arriaga,0,Trabajo,Pública,198.27
Dulce Elias Pantoja,Cotto,0,Crédito educativo,Pública,336.79
Felix Esquivel,Marín,0,Trabajo,Privada,269.27
Felix Esquivel,Marín,0,Otro,Privada,365.4
Felix Esquivel,Marín,0,Apoyo familiar,Privada,594.31
Joaquin Lola Ferreyra,Gonzalez,0,Apoyo familiar,Pública,293.42
Ricardo,Pelayo,0,Apoyo familiar,Privada,462.23
Sr(a). Martina,Arias,0,Crédito educativo,Pública,342.19
Amparo Castro,Gallego,0,Trabajo,Pública,374.92
Amparo Castro,Gallego,0,Crédito educativo,Pública,286.32
Venceslás Borrás,Torrens,0,Apoyo familiar,Pública,251.91
Bautista Thiago Benjamin Toledo,Sanchez,0,Trabajo,Pública,270.11
Bautista Thiago Benjamin Toledo,Sanchez,0,Otro,Pública,229.08
Bautista Thiago Benjamin Toledo,Sanchez,0,Apoyo familiar,Pública,506.46
Ana,Montoya,0,Apoyo familiar,Pública,380.86
Ana,Aguilar,0,Apoyo familiar,Privada,544.04
Jhon Díaz,Espinosa,0,Otro,Privada,245.8
Elvira Cecilia,Solís,0,Apoyo familiar,Pública,420.54
Dr. Abril,Chacón,0,Apoyo familiar,Pública,439.55
Fito Quero,Campos,0,Apoyo familiar,Pública,347.16
Adalberto Estela,Alonzo,1,Trabajo,Privada,232.1
Adalberto Estela,Alonzo,1,Crédito educativo,Privada,373.64
Adalberto Estela,Alonzo,1,Beca,Privada,301.75
Flavio Lucas,Rocha,0,Otro,Pública,439.34
Abril Gomez,Mendoza,1,Apoyo familiar,Privada,510.9
Abril Gomez,Mendoza,1,Beca,Privada,488.55
Paula Benjamin Mendez,Fernandez,1,Apoyo familiar,Privada,466.03
Paula Benjamin Mendez,Fernandez,1,Beca,Privada,477.83
Dr(a). Gonzalo,Sanchez,0,Trabajo,Pública,260.43
Dr(a). Gonzalo,Sanchez,0,Otro,Pública,383.45
Emilio Pellicer,Galvez,0,Otro,Pública,408.81
Vito Duran,Gual,0,Apoyo familiar,Privada,425.06
Juan José Ortiz,Prada,0,Trabajo,Pública,234.7
Carolina Toledo,Lucio,1,Apoyo familiar,Privada,513.91
Carolina Toledo,Lucio,1,Beca,Privada,376.08
Abigail Figueroa,Correa,0,Apoyo familiar,Pública,355.97
Javi Cánovas,Cárdenas,0,Apoyo familiar,Pública,478.95
Amelia José Luis Baeza,Quiñones,0,Crédito educativo,Privada,188.55
Amelia José Luis Baeza,Quiñones,0,Apoyo familiar,Privada,352.41
Antonella Manuel Ojeda,Campos,0,Apoyo familiar,Pública,414.0
Juan Cruz,Perez,0,Apoyo familiar,Pública,228.95
Roberta Serafina España,Laguna,0,Crédito educativo,Pública,288.16
Roberta Serafina España,Laguna,0,Apoyo familiar,Pública,432.46
Fernanda Gordillo,Saez,0,Apoyo familiar,Pública,392.36
Sonia,Cordero,1,Trabajo,Privada,250.55
Sonia,Cordero,1,Apoyo familiar,Privada,447.18
Sonia,Cordero,1,Beca,Privada,410.58
Andrea Cecilia,Gómez,1,Trabajo,Privada,278.95
Andrea Cecilia,Gómez,1,Apoyo familiar,Privada,536.51
Andrea Cecilia,Gómez,1,Beca,Privada,488.81
Jhon Lozano,Amaya,0,Apoyo familiar,Pública,438.64
Mercedes Felix,Escobedo,0,Otro,Pública,277.71
Sr(a). Geronimo,Gomez,1,Apoyo familiar,Privada,546.86
Sr(a). Geronimo,Gomez,1,Beca,Privada,303.88
Amado Carreras,Seco,0,Trabajo,Pública,284.8
Amado Carreras,Seco,0,Otro,Pública,301.32
Amado Carreras,Seco,0,Apoyo familiar,Pública,316.12
Pablo del,Ricart,1,Trabajo,Privada,264.0
Pablo del,Ricart,1,Beca,Privada,200.91
Javi Ayala,Tormo,0,Apoyo familiar,Pública,241.94
Fanny,Montenegro,0,Apoyo familiar,Pública,461.35
Bernardo Rodrigo Heredia,Mota,1,Trabajo,Privada,286.97
Bernardo Rodrigo Heredia,Mota,1,Beca,Privada,429.18
Mtro. Blanca,Salcido,0,Otro,Privada,239.28
Chucho Cisneros,Ugarte,0,Trabajo,Pública,307.84
Chucho Cisneros,Ugarte,0,Crédito educativo,Pública,241.21
Valentina Lautaro Benjamin Lopez,Gonzalez,0,Otro,Pública,332.37
Valentina Lautaro Benjamin Lopez,Gonzalez,0,Apoyo familiar,Pública,343.22
Patricia Rivera,Rivera,0,Apoyo familiar,Pública,433.13
William,Jaimes,0,Trabajo,Pública,284.26
Abel Paola,Estévez,0,Apoyo familiar,Pública,449.0
Guadalupe Hermelinda Quintero,Almanza,0,Otro,Pública,435.74
Alfonso Dario Valencia,Ortiz,0,Trabajo,Pública,317.3
Alfonso Dario Valencia,Ortiz,0,Apoyo familiar,Pública,404.39
Adelardo Perelló,Pina,0,Apoyo familiar,Pública,366.8
Viviana Francy,Díaz,0,Apoyo familiar,Pública,142.53
Valentina,Quiroga,1,Crédito educativo,Privada,234.61
Valentina,Quiroga,1,Beca,Privada,493.58
Luis,Fuentes,0,Crédito educativo,Pública,330.98
Luis,Fuentes,0,Apoyo familiar,Pública,341.65
Mtro. Linda,Gonzales,0,Apoyo familiar,Pública,273.03
Lorena Zapata,Ruiz,0,Otro,Pública,449.01
Lorena Zapata,Ruiz,0,Apoyo familiar,Pública,326.99
Jorge Raquel,Corrales,0,Apoyo familiar,Pública,261.19
Anita Pujol,Olmedo,0,Apoyo familiar,Privada,542.64
Sandalio Cañete,Amorós,0,Apoyo familiar,Pública,275.72
Ana Gutiérrez,García,0,Apoyo familiar,Pública,284.54
Martina Salvador,Sanchez,0,Crédito educativo,Privada,260.89
Lorenzo Malena,Muñoz,0,Apoyo familiar,Pública,353.95
Débora,Lucio,0,Otro,Pública,239.78
Luis Manuel Ocasio,Benítez,0,Trabajo,Pública,229.55
Luis Manuel Ocasio,Benítez,0,Apoyo familiar,Pública,337.59
Edwin,Rodríguez,1,Apoyo familiar,Privada,339.38
Edwin,Rodríguez,1,Beca,Privada,564.66
Diana Julieth,Torres,0,Otro,Privada,436.96
Diana Julieth,Torres,0,Apoyo familiar,Privada,417.11
Elías Gomez,Crespo,0,Otro,Pública,246.9
Chus Cordero,Busquets,1,Otro,Privada,423.06
Chus Cordero,Busquets,1,Beca,Privada,334.81
José Emilio Lucio,Segura,0,Crédito educativo,Pública,231.53
José Emilio Lucio,Segura,0,Otro,Pública,268.05
Lupita Corral,Rozas,0,Apoyo familiar,Pública,226.96
Dr(a). Dylan Ezequiel,Garcia,0,Apoyo familiar,Pública,473.44
Rico Canals,Morillo,0,Trabajo,Pública,185.53
Elena,Villamil,0,Apoyo familiar,Pública,354.76
Alma Oquendo,Díaz,0,Apoyo familiar,Privada,587.12
Luca,Suarez,0,Crédito educativo,Pública,325.3
Luca,Suarez,0,Apoyo familiar,Pública,347.63
Sergio Edilson,Henao,0,Apoyo familiar,Pública,232.13
Omar Guevara,González,0,Apoyo familiar,Pública,294.05
Delfina Milagros,Gomez,1,Trabajo,Privada,259.39
Delfina Milagros,Gomez,1,Apoyo familiar,Privada,437.94
Delfina Milagros,Gomez,1,Beca,Privada,514.82
Clemente,Duarte,1,Crédito educativo,Privada,355.08
Clemente,Duarte,1,Beca,Privada,524.95
Ciriaco,Alemany,0,Otro,Pública,457.51
Ciriaco,Alemany,0,Apoyo familiar,Pública,509.45
María Ana,Muñoz,0,Trabajo,Pública,249.94
María Ana,Muñoz,0,Crédito educativo,Pública,336.06
María Ana,Muñoz,0,Apoyo familiar,Pública,362.78
Guillermina Ruelas,Segura,0,Apoyo familiar,Pública,401.05
Jonatan Salom,Corral,0,Crédito educativo,Pública,166.18
Jonatan Salom,Corral,0,Apoyo familiar,Pública,482.48
Dr(a). Dante,Pereyra,1,Otro,Privada,313.99
Dr(a). Dante,Pereyra,1,Beca,Privada,289.32
Dr. Blanca,Ulloa,1,Apoyo familiar,Privada,390.0
Dr. Blanca,Ulloa,1,Beca,Privada,365.53
Damián Rosales,Roca,0,Apoyo familiar,Pública,377.09
Tiziano Benjamin Villalba,Vega,0,Trabajo,Pública,322.77
Tiziano Benjamin Villalba,Vega,0,Apoyo familiar,Pública,309.07
Félix Ferrándiz,Cuéllar,0,Trabajo,Privada,272.0
Félix Ferrándiz,Cuéllar,0,Crédito educativo,Privada,205.91
Luisa Diana López,Ruiz,0,Apoyo familiar,Pública,383.62
Rufina Escobar,León,0,Trabajo,Pública,230.33
Rufina Escobar,León,0,Crédito educativo,Pública,254.25
Dr. Paulina,Abreu,0,Apoyo familiar,Pública,300.32
Lucila Benítez,Garzón,0,Crédito educativo,Pública,276.38
Lucila Benítez,Garzón,0,Apoyo familiar,Pública,377.47
Jafet Puig,Rosell,0,Apoyo familiar,Pública,259.68
Marco Antonio,Guerrero,0,Apoyo familiar,Pública,323.29
Pilar Emiliano,Sánchez,0,Apoyo familiar,Pública,352.85
Delfina Pilar,Mendoza,0,Apoyo familiar,Pública,274.54
Evangelina,Carbonell,0,Apoyo familiar,Pública,476.88
Camila Santino,Benitez,0,Trabajo,Pública,207.33
Camila Santino,Benitez,0,Apoyo familiar,Pública,303.85
María María,Sánchez,0,Otro,Pública,253.9
María María,Sánchez,0,Apoyo familiar,Pública,477.63
Espartaco Sandra,Corral,0,Crédito educativo,Pública,337.38
Susana de,Olmedo,0,Apoyo familiar,Pública,533.96
Ruby,Barajas,0,Apoyo familiar,Privada,555.97
Paloma Bautista Benjamin Acuña,Gonzalez,0,Apoyo familiar,Pública,426.79
Francesca,Ferreyra,0,Apoyo familiar,Privada,973.1
Antonia Mateo Godoy,Maidana,0,Trabajo,Pública,215.74
Duilio,Benavides-Castejón,0,Apoyo familiar,Pública,396.62
Dr(a). Maximiliano,Gomez,1,Crédito educativo,Privada,294.86
Dr(a). Maximiliano,Gomez,1,Apoyo familiar,Privada,590.21
Dr(a). Maximiliano,Gomez,1,Beca,Privada,340.26
Martina Rius,Huerta,0,Crédito educativo,Pública,293.32
Álvaro Juan,Gil,0,Apoyo familiar,Privada,520.06
José Manuél,Negrete,0,Trabajo,Pública,291.66
José Manuél,Negrete,0,Apoyo familiar,Pública,335.78
Dr(a). Paulina,Cabrera,0,Trabajo,Pública,293.21
Dr(a). Paulina,Cabrera,0,Otro,Pública,288.48
Dr(a). Paulina,Cabrera,0,Apoyo familiar,Pública,320.4
Patricia Inés,Álvarez,0,Trabajo,Pública,163.55
Patricia Inés,Álvarez,0,Apoyo familiar,Pública,359.31
Irma Esparta Zarate,Laboy,0,Apoyo familiar,Pública,344.69
Bautista Benjamin Ponce,Cruz,0,Otro,Pública,395.03
Bautista Benjamin Ponce,Cruz,0,Apoyo familiar,Pública,374.67
Edelmira Talavera,Clavero,0,Apoyo familiar,Pública,398.66
Salvador,Franco,0,Apoyo familiar,Pública,379.86
Maribel Prieto,Tormo,0,Otro,Pública,227.44
Abril del,Melero,0,Apoyo familiar,Pública,405.18
Lucas Ramiro Roldan,Garcia,0,Apoyo familiar,Pública,240.3
Virginia Diana,León,0,Apoyo familiar,Pública,356.36
Adriana Paola,Villa,0,Apoyo familiar,Pública,388.62
Alejandra Nancy Montes,González,0,Apoyo familiar,Pública,318.48
Santiago Benjamin Julia Perez,Sanchez,0,Trabajo,Pública,245.23
Santiago Benjamin Julia Perez,Sanchez,0,Apoyo familiar,Pública,275.81
Lic. Adalberto,Mena,0,Apoyo familiar,Privada,382.32
Alonso Dávila,Ozuna,0,Trabajo,Pública,260.54
Alfredo,Osorio,0,Otro,Pública,292.8
Nicolas Santino Nicolas Gonzalez,Molina,0,Trabajo,Pública,161.16
Manuel,López,0,Apoyo familiar,Pública,389.96
Pilar Tirado,Vega,0,Trabajo,Pública,214.85
Pilar Tirado,Vega,0,Crédito educativo,Pública,285.73
Pilar Tirado,Vega,0,Apoyo familiar,Pública,387.23
Isaac Rosas,Magaña,1,Crédito educativo,Privada,331.24
Isaac Rosas,Magaña,1,Apoyo familiar,Privada,388.23
Isaac Rosas,Magaña,1,Beca,Privada,493.57
Ing. Mario,Iglesias,0,Apoyo familiar,Pública,436.89
Fanny del,Guzmán,1,Apoyo familiar,Privada,483.38
Fanny del,Guzmán,1,Beca,Privada,556.77
Óscar Salvador,Pellicer,0,Apoyo familiar,Pública,197.02
Aarón Garcia,Arteaga,0,Apoyo familiar,Pública,256.71
Fabio Castillo,Vega,0,Trabajo,Pública,237.53
Fabio Castillo,Vega,0,Apoyo familiar,Pública,269.25
María Yeny Mosquera,Jiménez,0,Apoyo familiar,Pública,327.35
Jessica Josefa Vergara,Triana,0,Crédito educativo,Pública,301.94
Daniel Martínez,Ochoa,0,Apoyo familiar,Pública,454.79
Juan Manuel Suarez,Cáceres,0,Trabajo,Pública,235.48
Juan Manuel Suarez,Cáceres,0,Otro,Pública,472.87
Martina Morales,Diaz,1,Otro,Privada,205.41
Martina Morales,Diaz,1,Apoyo familiar,Privada,667.75
Martina Morales,Diaz,1,Beca,Privada,465.45
María Marcela,Jiménez,0,Apoyo familiar,Privada,433.36
Karen Rico,Medina,0,Apoyo familiar,Pública,339.25
Maicol Julio,Oviedo,0,Apoyo familiar,Pública,351.53
Milena Gómez,Hernández,0,Crédito educativo,Pública,360.06
Irene Montañez,Zambrano,0,Trabajo,Pública,261.17
Irene Montañez,Zambrano,0,Apoyo familiar,Pública,419.81
Valentino,Soria,0,Trabajo,Pública,301.71
Valentino,Soria,0,Otro,Pública,397.75
Dolores Carlota,Aguilera,0,Trabajo,Pública,266.67
Dolores Carlota,Aguilera,0,Apoyo familiar,Pública,175.76
Sandra Yolanda Durán,Mendoza,0,Trabajo,Pública,225.04
Sandra Yolanda Durán,Mendoza,0,Apoyo familiar,Pública,435.39
Josep,Meléndez-Tenorio,0,Apoyo familiar,Pública,294.14
Juan Pablo Ramiro Romero,Luna,0,Trabajo,Pública,238.83
Joaquin Thiago Leonel Maldonado,Rojas,0,Apoyo familiar,Pública,281.45
Olga,García,0,Trabajo,Pública,339.2
Olga,García,0,Apoyo familiar,Pública,469.17
Isabela Jaqueline Gamez,Canales,0,Trabajo,Pública,205.81
Sr(a). Abelardo,Haro,0,Trabajo,Pública,257.36
Milagros Abigail,Soria,0,Trabajo,Pública,215.98
Cándida Clemente,Sierra,0,Trabajo,Pública,280.75
Cándida Clemente,Sierra,0,Otro,Pública,251.16
Pedro Victoria,Moreno,0,Apoyo familiar,Pública,372.54
Mtro. Pilar,Mayorga,0,Apoyo familiar,Pública,403.64
Juan Dario,Suárez,0,Apoyo familiar,Pública,348.75
Maritza Álvarez,Parra,1,Apoyo familiar,Privada,592.59
Maritza Álvarez,Parra,1,Beca,Privada,567.29
Manuel Andrés Martínez,Quintero,0,Trabajo,Privada,254.14
Manuel Andrés Martínez,Quintero,0,Otro,Privada,317.95
Manuel Andrés Martínez,Quintero,0,Apoyo familiar,Privada,460.01
Tamara,Arévalo,0,Apoyo familiar,Pública,244.79
Francisco,Muñoz,0,Otro,Pública,280.57
Thiago Benjamin Francisco Torres,Diaz,1,Crédito educativo,Privada,242.72
Thiago Benjamin Francisco Torres,Diaz,1,Beca,Privada,457.78
Marcela Óliver Lucero,Carrasco,0,Apoyo familiar,Pública,349.79
Benicio Garcia,Cordoba,0,Apoyo familiar,Pública,338.98
Thiago Benjamin Thiago Leonel,Juarez,0,Otro,Pública,266.46
Thiago Benjamin Thiago Leonel,Juarez,0,Apoyo familiar,Pública,370.83
Cristina Torres,Vicens,0,Apoyo familiar,Pública,214.52
Cleto de,Gelabert,0,Trabajo,Pública,130.75
Cleto de,Gelabert,0,Apoyo familiar,Pública,375.86
Francisca Rodriguez,Diaz,0,Otro,Pública,353.92
Alfonso,Serna,1,Apoyo familiar,Privada,582.12
Alfonso,Serna,1,Beca,Privada,404.39
Sr(a). Nina,Castro,1,Apoyo familiar,Privada,582.11
Sr(a). Nina,Castro,1,Beca,Privada,448.01
Daniela Ortega,Rodríguez,0,Crédito educativo,Pública,402.68
Daniela Ortega,Rodríguez,0,Apoyo familiar,Pública,526.32
Josefina Isabella,Lopez,1,Apoyo familiar,Privada,521.6
Josefina Isabella,Lopez,1,Beca,Privada,259.17
Renata Ludmila Diaz,Romero,0,Trabajo,Pública,332.53
Nelly,Arteaga,0,Apoyo familiar,Pública,306.46
Marcia,Campo,0,Apoyo familiar,Pública,352.05
Héctor Díaz,Castro,0,Apoyo familiar,Privada,494.87
Catalina,Suarez,0,Apoyo familiar,Pública,205.63
Mia Camila,Soria,0,Apoyo familiar,Pública,284.52
Sandra Alejandra Fernández,Escobar,0,Otro,Pública,392.08
Thiago Benjamin,Barrios,1,Apoyo familiar,Privada,572.4
Thiago Benjamin,Barrios,1,Beca,Privada,467.4
Maristela Maricela Andres,Arco,0,Apoyo familiar,Pública,420.86
Juan Pablo Nieto,Tena,0,Trabajo,Pública,310.1
Juan Pablo Nieto,Tena,0,Apoyo familiar,Pública,356.36
Sr(a). Óscar,González,0,Apoyo familiar,Pública,360.63
Luz García,Hurtado,0,Apoyo familiar,Pública,332.48
Edwin,Rico,1,Apoyo familiar,Privada,559.2
Edwin,Rico,1,Beca,Privada,372.58
Dr(a). Simon,Castro,1,Otro,Privada,266.45
Dr(a). Simon,Castro,1,Apoyo familiar,Privada,608.48
Dr(a). Simon,Castro,1,Beca,Privada,400.38
Enrique Guillermo Romero,Guzmán,0,Apoyo familiar,Pública,318.97
Amaya,Escamilla-Clemente,0,Trabajo,Pública,276.88
Amaya,Escamilla-Clemente,0,Apoyo familiar,Pública,426.7
Petrona Sevillano,Benavent,0,Crédito educativo,Pública,434.97
Óliver Paola Escobedo,Razo,0,Apoyo familiar,Pública,287.09
Adoración Moya,Ángel,0,Apoyo familiar,Privada,607.65
Uriel,Arrieta,0,Trabajo,Pública,268.61
Uriel,Arrieta,0,Apoyo familiar,Pública,236.16
Fernanda Mery Pérez,Barragán,0,Trabajo,Pública,222.61
Ciriaco Gelabert,Andreu,0,Apoyo familiar,Pública,369.1
Ing. Jacinto,Puente,0,Crédito educativo,Pública,197.74
Ing. Jacinto,Puente,0,Apoyo familiar,Pública,206.68
Luis Hoyos,Tur,0,Trabajo,Pública,161.94
Luis Hoyos,Tur,0,Crédito educativo,Pública,315.55
Álvaro,Navarro-Alberdi,0,Otro,Pública,264.12
Álvaro,Navarro-Alberdi,0,Apoyo familiar,Pública,325.39
Máxima África Diaz,Calzada,0,Trabajo,Pública,184.76
Máxima África Diaz,Calzada,0,Apoyo familiar,Pública,388.16
Dante,Torres,0,Apoyo familiar,Pública,254.5
Lic. Luisa,Vigil,0,Apoyo familiar,Pública,292.07
José Luis Augusto,Marroquín,0,Apoyo familiar,Pública,202.98
Pilar Albero,Montalbán,1,Trabajo,Privada,178.8
Pilar Albero,Montalbán,1,Beca,Privada,404.18
Zacarías Leonardo,Almonte,0,Trabajo,Pública,241.28
Lucio Hernando,Bernal,0,Apoyo familiar,Pública,421.1
Timoteo de,Sánchez,0,Trabajo,Pública,226.69
Paula Álvarez,González,0,Apoyo familiar,Pública,357.72
Dante Ledesma,Romero,0,Apoyo familiar,Pública,560.29
Paca,Casado,1,Otro,Privada,367.65
Paca,Casado,1,Apoyo familiar,Privada,412.95
Paca,Casado,1,Beca,Privada,447.67
Fernando Américo Cerdá,Marí,0,Apoyo familiar,Pública,391.45
Emiliano,Pacheco,0,Apoyo familiar,Pública,272.3
Úrsula Valderrama,Fuster,0,Apoyo familiar,Pública,295.51
Valentino,Benitez,0,Apoyo familiar,Pública,321.61
Nancy Rufino Pacheco,Vanegas,0,Crédito educativo,Pública,317.6
Nancy Rufino Pacheco,Vanegas,0,Otro,Pública,243.15
Jesús Fabiola,Balderas,1,Apoyo familiar,Privada,530.06
Jesús Fabiola,Balderas,1,Beca,Privada,316.42
Macaria Montoya,Ros,1,Trabajo,Privada,163.92
Macaria Montoya,Ros,1,Crédito educativo,Privada,347.9
Macaria Montoya,Ros,1,Beca,Privada,388.06
Melisa Manzanares,Sanjuan,0,Apoyo familiar,Pública,343.75
Uriel Mesa,Olvera,0,Apoyo familiar,Pública,490.07
Maria Victoria Tiziano,Sosa,0,Apoyo familiar,Pública,294.41
Goyo Manrique,Hoz,1,Trabajo,Privada,372.06
Goyo Manrique,Hoz,1,Apoyo familiar,Privada,540.13
Goyo Manrique,Hoz,1,Beca,Privada,439.19
Sr(a). Milagros,Mansilla,0,Trabajo,Pública,273.81
Sr(a). Milagros,Mansilla,0,Apoyo familiar,Pública,424.26
Mercedes,Echeverría,0,Trabajo,Pública,256.35
Mercedes,Echeverría,0,Apoyo familiar,Pública,315.11
Ian Molina,Flores,0,Apoyo familiar,Pública,425.08
Benjamin,Avila,0,Apoyo familiar,Privada,437.89
Beatriz Rivera,Muñoz,1,Apoyo familiar,Privada,405.31
Beatriz Rivera,Muñoz,1,Beca,Privada,582.88
Angélica Arana,Calvo,0,Trabajo,Pública,251.53
Angélica Arana,Calvo,0,Otro,Pública,441.79
Angélica Arana,Calvo,0,Apoyo familiar,Pública,342.83
Juan Manuel Sofia Rojas,Maldonado,0,Apoyo familiar,Pública,419.54
Néstor Gómez,Arias,0,Apoyo familiar,Privada,411.67
Ciríaco Abella,Cerdá,1,Apoyo familiar,Privada,585.48
Ciríaco Abella,Cerdá,1,Beca,Privada,462.69
Benjamin Felipe,Flores,0,Crédito educativo,Pública,416.0
Benjamin Felipe,Flores,0,Otro,Pública,465.0
Paula Bianca,Gomez,0,Otro,Pública,426.1
Daniel,Contreras,0,Crédito educativo,Pública,297.27
Daniel,Contreras,0,Apoyo familiar,Pública,314.06
Mtro. Eric,Alonzo,0,Apoyo familiar,Pública,257.91
Sr(a). Ciro,Ruiz,0,Trabajo,Pública,270.45
Carmela,Duran-Vega,0,Trabajo,Privada,283.33
Carmela,Duran-Vega,0,Crédito educativo,Privada,219.0
Carmela,Duran-Vega,0,Apoyo familiar,Privada,446.28
Brayan Freddy Gallego,Romero,0,Trabajo,Pública,182.64
Brayan Freddy Gallego,Romero,0,Apoyo familiar,Pública,292.76
Pablo María Elena Chacón,Salas,0,Otro,Pública,275.62
Pablo María Elena Chacón,Salas,0,Apoyo familiar,Pública,304.33
Débora Ferrándiz,Almazán,0,Apoyo familiar,Pública,197.26
Sr(a). Francesco,Navarro,0,Apoyo familiar,Pública,289.15
Diana,Erazo,0,Apoyo familiar,Pública,347.18
Leire,Fuertes,0,Apoyo familiar,Privada,520.88
Jeremias,Sosa,0,Trabajo,Pública,334.59
Jeremias,Sosa,0,Crédito educativo,Pública,392.71
Ernesto Leticia,Limón,1,Trabajo,Privada,169.96
Ernesto Leticia,Limón,1,Apoyo familiar,Privada,303.67
Ernesto Leticia,Limón,1,Beca,Privada,437.79
Benjamin,Martinez,0,Otro,Privada,244.86
Salma Alcala,Carreón,0,Crédito educativo,Pública,313.84
Rocío Yolanda Guerrero,Rodríguez,0,Apoyo familiar,Pública,297.29
Cecilia,Montes,0,Crédito educativo,Pública,262.55
Dolly Salgado,Martínez,0,Trabajo,Pública,211.9
Arturo Santiago,Aragón,0,Trabajo,Pública,229.43
Arturo Santiago,Aragón,0,Otro,Pública,298.27
Arturo Santiago,Aragón,0,Apoyo familiar,Pública,347.85
Miguel José Uribe,Martínez,0,Apoyo familiar,Pública,253.28
Nuria Lladó,Cabo,0,Trabajo,Pública,297.34
Genaro José Emilio,Grijalva,0,Crédito educativo,Pública,303.3
Genaro José Emilio,Grijalva,0,Apoyo familiar,Pública,383.9
María Tolosa,Mendoza,0,Apoyo familiar,Pública,323.76
Calixto Lluch,Solana,0,Apoyo familiar,Pública,328.6
Pastora,Taboada-Corbacho,0,Apoyo familiar,Pública,371.7
Mateo Ezequiel Dante Diaz,Lopez,0,Otro,Pública,276.42
Mateo Ezequiel Dante Diaz,Lopez,0,Apoyo familiar,Pública,331.12
Soledad Martín,Cobos,0,Apoyo familiar,Pública,400.38
Adela Gabino Gallegos de,León,0,Crédito educativo,Privada,200.92
Adela Gabino Gallegos de,León,0,Apoyo familiar,Privada,549.8
Santino Rivero,Rodriguez,0,Otro,Pública,237.91
Santino Rivero,Rodriguez,0,Apoyo familiar,Pública,303.21
Juana Olivia Prado,Camacho,1,Apoyo familiar,Privada,637.13
Juana Olivia Prado,Camacho,1,Beca,Privada,538.47
Isabella Benjamin,Molina,0,Otro,Pública,341.53
Isabella Alexander,Vargas,0,Apoyo familiar,Pública,481.83
Eva María Reyna Guzmán,Portillo,0,Apoyo familiar,Pública,349.86
Bautista Benicio,Ramirez,0,Apoyo familiar,Pública,369.2
Fortunato Sola,Tamarit,0,Crédito educativo,Pública,262.15
María,Zapata,0,Apoyo familiar,Pública,381.81
Ramón Adán Alvarez,Riojas,0,Apoyo familiar,Pública,300.23
Lic. Augusto,Espinal,0,Apoyo familiar,Pública,210.69
Carlota Cueto,Bueno,0,Apoyo familiar,Pública,257.99
Julián,Pintor,1,Apoyo familiar,Privada,493.51
Julián,Pintor,1,Beca,Privada,299.03
Jovita,Benet,0,Apoyo familiar,Pública,462.91
Felipe,Gomez,0,Apoyo familiar,Pública,341.5
Ignacio Guillermo,Castro,0,Otro,Pública,497.6
Ignacio Guillermo,Castro,0,Apoyo familiar,Pública,233.92
Angel Gabriel Gomez,Lopez,0,Apoyo familiar,Pública,460.93
Silvia Aguado,Sanz,0,Apoyo familiar,Pública,384.93
Antonio,Martínez,1,Apoyo familiar,Privada,634.71
Antonio,Martínez,1,Beca,Privada,340.75
Hermelinda Guadalupe,Ceja,0,Apoyo familiar,Pública,333.1
Claudio Aurelio Osorio,Alejandro,1,Apoyo familiar,Privada,460.47
Claudio Aurelio Osorio,Alejandro,1,Beca,Privada,506.79
Dolores Ernesto Villagómez,Jimínez,0,Crédito educativo,Pública,281.19
Dolores Ernesto Villagómez,Jimínez,0,Apoyo familiar,Pública,447.99
Quique Alegria,Llabrés,0,Trabajo,Pública,298.02
Quique Alegria,Llabrés,0,Apoyo familiar,Pública,227.87
Ernesto Felipe Díaz,Garzón,0,Apoyo familiar,Pública,427.19
Lucía Tomás,Morales,1,Trabajo,Privada,158.07
Lucía Tomás,Morales,1,Apoyo familiar,Privada,612.79
Lucía Tomás,Morales,1,Beca,Privada,421.1
Martha Patricia,Parra,1,Apoyo familiar,Privada,561.77
Martha Patricia,Parra,1,Beca,Privada,321.73
Dr(a). Joaquín,Gonzalez,1,Apoyo familiar,Privada,333.86
Dr(a). Joaquín,Gonzalez,1,Beca,Privada,371.1
Jaime Jorge Viera,Toledo,0,Trabajo,Pública,162.29
Jaime Jorge Viera,Toledo,0,Crédito educativo,Pública,341.46
Jaime Jorge Viera,Toledo,0,Apoyo familiar,Pública,354.34
Liliana Patricia,López,0,Trabajo,Pública,250.2
Liliana Patricia,López,0,Apoyo familiar,Pública,309.64
Íngrid Bou,Donaire,0,Apoyo familiar,Pública,406.02
Dr(a). Priscila,Quiroga,0,Trabajo,Pública,257.72
Jazmin Pedro Lucero,Chavez,0,Trabajo,Pública,254.84
Jazmin Pedro Lucero,Chavez,0,Apoyo familiar,Pública,309.28
Delfina Olivia,Rodriguez,1,Crédito educativo,Privada,274.21
Delfina Olivia,Rodriguez,1,Apoyo familiar,Privada,553.89
Delfina Olivia,Rodriguez,1,Beca,Privada,476.39
Lucila,Leon,0,Apoyo familiar,Pública,359.74
Antonio Alfonso Moreno,Fonseca,0,Crédito educativo,Pública,265.29
Antonio Alfonso Moreno,Fonseca,0,Apoyo familiar,Pública,348.19
Aura,Antúnez-Trujillo,0,Trabajo,Pública,247.08
Aura,Antúnez-Trujillo,0,Otro,Pública,208.7
María Suárez,Martínez,0,Apoyo familiar,Pública,337.53
Sandra,Cavazos,0,Apoyo familiar,Pública,487.95
Estela Germán Toledo,Jiménez,0,Trabajo,Pública,235.46
Estela Germán Toledo,Jiménez,0,Apoyo familiar,Pública,327.66
Tomàs Maria Guadalupe Gimenez,Gomez,0,Crédito educativo,Pública,307.1
Tomàs Maria Guadalupe Gimenez,Gomez,0,Apoyo familiar,Pública,313.63
Victoria Santiago Vera,Gonzalez,0,Apoyo familiar,Pública,379.34
Cornelio Tur,Colomer,0,Apoyo familiar,Pública,526.67
Yaiza Mulet,Abellán,0,Otro,Pública,384.69
Yaiza Mulet,Abellán,0,Apoyo familiar,Pública,369.47
Abelardo Anel,Alonso,0,Otro,Pública,394.72
Abelardo Anel,Alonso,0,Apoyo familiar,Pública,225.29
Lorenza del,Ibarra,0,Apoyo familiar,Pública,403.47
Daniel Vega,Ávila,0,Apoyo familiar,Privada,473.46
Loreto,Bosch,0,Apoyo familiar,Pública,378.12
Benigno,Ramis-Acedo,0,Trabajo,Pública,208.24
Benigno,Ramis-Acedo,0,Apoyo familiar,Pública,271.93
Tatiana,Bru-Planas,0,Apoyo familiar,Pública,246.45
Clara Miguel Ángel,Ferrer,0,Trabajo,Pública,270.53
Clara Miguel Ángel,Ferrer,0,Otro,Pública,332.87
Dr(a). Thiago Nicolas,Rios,1,Crédito educativo,Privada,298.65
Dr(a). Thiago Nicolas,Rios,1,Apoyo familiar,Privada,489.43
Dr(a). Thiago Nicolas,Rios,1,Beca,Privada,518.83
Juan Pablo Ponce,Garcia,0,Apoyo familiar,Pública,418.64
Imelda del,Jordá,1,Otro,Privada,229.9
Imelda del,Jordá,1,Beca,Privada,496.46
Martina Benjamin,Luna,0,Apoyo familiar,Privada,859.16
Paola Luz López,Palacio,0,Apoyo familiar,Pública,350.74
Alexander Pereyra,Rodriguez,0,Apoyo familiar,Pública,322.76
Manu Mireia Peiró,Jove,0,Trabajo,Pública,208.02
Lizeth Corredor,Álvarez,0,Apoyo familiar,Pública,297.84
Maximino,Juan,0,Apoyo familiar,Pública,363.52
Gerardo Frutos,Morante,0,Apoyo familiar,Pública,340.95
Liliana Lilia Anguiano,Ramón,0,Apoyo familiar,Pública,387.99
Jhonny Calderón,Vargas,0,Apoyo familiar,Pública,354.65
Alejandro Sánchez,Martínez,0,Trabajo,Pública,253.85
Alejandro Sánchez,Martínez,0,Apoyo familiar,Pública,404.45
Bernardita del,Alcázar,1,Apoyo familiar,Privada,630.11
Bernardita del,Alcázar,1,Beca,Privada,583.55
Sr(a). Natividad,Coronado,0,Apoyo familiar,Pública,445.53
Nelly Marisela,Ybarra,0,Trabajo,Pública,264.57
Nelly Marisela,Ybarra,0,Crédito educativo,Pública,301.93
Patricia,Naranjo,0,Trabajo,Pública,293.64
Patricia,Naranjo,0,Apoyo familiar,Pública,415.7
Olga Montemayor,Sanches,1,Apoyo familiar,Privada,468.8
Olga Montemayor,Sanches,1,Beca,Privada,411.73
Dorotea Morcillo,Cerdán,0,Trabajo,Pública,362.2
Dorotea Morcillo,Cerdán,0,Crédito educativo,Pública,136.44
Dorotea Morcillo,Cerdán,0,Apoyo familiar,Pública,338.54
Francesco Benicio,Valdez,0,Apoyo familiar,Pública,438.96
Mateo Isabel Romero,Acosta,0,Apoyo familiar,Privada,588.31
Armando Cebrián Busquets,Chaparro,0,Apoyo familiar,Pública,530.64
Esperanza Nubia,Rico,0,Apoyo familiar,Pública,358.09
Javier Raúl Almanza,Llamas,0,Otro,Pública,448.41
Lautaro Nicolas Rodriguez,Juarez,0,Apoyo familiar,Pública,414.95
Gabino Polanco,Paredes,0,Crédito educativo,Pública,232.36
Gabino Polanco,Paredes,0,Apoyo familiar,Pública,269.46
Aristides Castell,Herrera,1,Apoyo familiar,Privada,523.52
Aristides Castell,Herrera,1,Beca,Privada,285.25
Asunción,Anguiano,0,Apoyo familiar,Pública,313.22
Cornelio Castejón,Roldán,0,Apoyo familiar,Pública,430.17
Anunciación Casares,Andreu,0,Apoyo familiar,Pública,463.61
José Arturo,Mejía,0,Apoyo familiar,Pública,304.35
Magaly Constanza Ariza,Quiroz,0,Apoyo familiar,Pública,374.15
Eduardo,Gómez,0,Crédito educativo,Pública,285.42
Wendy Mantilla,Guerrero,1,Apoyo familiar,Privada,609.24
Wendy Mantilla,Guerrero,1,Beca,Privada,388.02
Juan Carlos Alberto Carbajal,Bueno,0,Apoyo familiar,Pública,215.72
María Tatiana Sarmiento,Pineda,0,Apoyo familiar,Pública,405.0
Mitzy Conchita Huerta,Gollum,0,Trabajo,Pública,229.31
Andrés Anaya,Lozano,0,Trabajo,Pública,273.04
Benito Carmen Reynoso,Elizondo,0,Otro,Privada,282.36
Charo,Gimenez,0,Trabajo,Pública,154.55
Charo,Gimenez,0,Apoyo familiar,Pública,407.52
Lucas Benjamin,Soria,0,Trabajo,Pública,305.92
Lucas Benjamin,Soria,0,Crédito educativo,Pública,217.89
Lucas Benjamin,Soria,0,Apoyo familiar,Pública,378.15
Ian Victoria,Rodriguez,0,Apoyo familiar,Pública,446.92
Elena,Benitez,0,Trabajo,Pública,227.55
Felipe,Salcedo,0,Apoyo familiar,Pública,403.66
Sr(a). Timoteo,Franco,0,Apoyo familiar,Privada,217.54
María,Bastidas,0,Apoyo familiar,Pública,427.61
Encarnacion,Valle,1,Apoyo familiar,Privada,552.12
Encarnacion,Valle,1,Beca,Privada,432.48
Renzo Juan Ignacio Sanchez,Perez,0,Apoyo familiar,Pública,463.35
Ana Homero Perea,Ochoa,0,Apoyo familiar,Pública,392.59
Cornelio Briseño,Miramontes,1,Apoyo familiar,Privada,421.9
Cornelio Briseño,Miramontes,1,Beca,Privada,394.16
Sofía Gonzalo Lopez,Perez,0,Apoyo familiar,Pública,254.31
Leonor Lebrón,Leyva,0,Apoyo familiar,Pública,397.59
Aureliano Ureña,Ferrán,0,Trabajo,Pública,243.4
Aureliano Ureña,Ferrán,0,Apoyo familiar,Pública,299.47
Brunilda,Silva,0,Apoyo familiar,Pública,217.93
Yolanda Portillo,González,0,Trabajo,Pública,280.59
Yolanda Portillo,González,0,Apoyo familiar,Pública,426.12
Claudia Margarita Gutiérrez,Pulido,0,Apoyo familiar,Pública,445.2
Óliver Sierra,Lebrón,0,Apoyo familiar,Pública,458.37
Sr(a). Samuel,Ramirez,0,Apoyo familiar,Privada,415.33
Soraya Cabello,Cabrero,0,Trabajo,Pública,314.54
Soraya Cabello,Cabrero,0,Apoyo familiar,Pública,454.44
Artemio Cuevas,Peláez,0,Apoyo familiar,Pública,338.65
Teresa Isabel Meneses,Díaz,0,Crédito educativo,Pública,301.71
Paulino Querol,Azcona,0,Otro,Privada,482.78
José Monroy,Zapata,0,Crédito educativo,Privada,388.85
José Monroy,Zapata,0,Apoyo familiar,Privada,526.57
Gabriela,Baena,0,Trabajo,Privada,312.17
Gabriela,Baena,0,Apoyo familiar,Privada,454.05
Ceferino,Barrios,0,Apoyo familiar,Pública,304.8
Rosario Ramón,Urbina,0,Apoyo familiar,Pública,330.23
Arsenio Llorente,Antúnez,1,Otro,Privada,288.82
Arsenio Llorente,Antúnez,1,Apoyo familiar,Privada,373.44
Arsenio Llorente,Antúnez,1,Beca,Privada,502.71
Eustaquio,Taboada,0,Trabajo,Pública,252.65
Eustaquio,Taboada,0,Otro,Pública,417.47
Eustaquio,Taboada,0,Apoyo familiar,Pública,491.02
Balduino del,Cabeza,0,Apoyo familiar,Pública,285.67
Dr(a). Isabella,Cardozo,0,Trabajo,Pública,185.95
Alejo Luisana,Castillo,0,Apoyo familiar,Pública,293.14
Dora,Cabello,1,Apoyo familiar,Privada,485.14
Dora,Cabello,1,Beca,Privada,687.87
Emilio Enrique Morales,Rodríguez,0,Apoyo familiar,Pública,289.88
Cristian Río,Niño,0,Trabajo,Privada,179.65
Cristian Río,Niño,0,Apoyo familiar,Privada,869.96
Olga Daniel Casares,Altamirano,0,Apoyo familiar,Pública,344.68
Lautaro Benjamin Amparo,Miranda,0,Apoyo familiar,Pública,358.68
Bernardita Solé,Barbero,0,Apoyo familiar,Pública,332.63
Bruno,Pelayo,0,Apoyo familiar,Pública,395.31
Albina Vigil,Cantero,1,Apoyo familiar,Privada,839.45
Albina Vigil,Cantero,1,Beca,Privada,268.06
Valentino Sofia,Luna,0,Apoyo familiar,Pública,343.42
Jazmin Octavio Rojas,Suarez,0,Apoyo familiar,Pública,427.44
Marisol Perea,Valencia,0,Apoyo familiar,Privada,293.47
Ciriaco Madrid,Alcolea,0,Trabajo,Pública,156.5
Ciriaco Madrid,Alcolea,0,Apoyo familiar,Pública,287.41
Felipe Norberto,Gómez,1,Otro,Privada,449.98
Felipe Norberto,Gómez,1,Beca,Privada,548.85
Yolanda Guadalupe Esquibel,Cervántez,0,Apoyo familiar,Pública,315.17
Eduardo,Curiel,0,Apoyo familiar,Pública,381.36
Marisol Arellano,Planas,0,Trabajo,Pública,273.7
Dr(a). Thiago Leonel,Perez,0,Apoyo familiar,Pública,399.41
Francesca Benitez,Castillo,0,Apoyo familiar,Pública,320.81
María Teresa Carrasco,Hoyos,0,Apoyo familiar,Pública,324.35
María Martínez,González,0,Crédito educativo,Pública,282.11
María Martínez,González,0,Apoyo familiar,Pública,248.52
Gael Francesca Gonzalez,Blanco,0,Apoyo familiar,Pública,352.56
José Amalia,Solorzano,1,Apoyo familiar,Privada,458.82
José Amalia,Solorzano,1,Beca,Privada,487.89
Isabel Rojas,Zambrano,0,Apoyo familiar,Pública,360.65
Lupita Teresita Girona,Cerro,1,Apoyo familiar,Privada,511.7
Lupita Teresita Girona,Cerro,1,Beca,Privada,473.62
César,Torres,0,Apoyo familiar,Pública,401.49
Yago Balduino Rodríguez,Benavente,0,Trabajo,Pública,161.34
Yago Balduino Rodríguez,Benavente,0,Apoyo familiar,Pública,300.63
Tecla Granados,Artigas,0,Apoyo familiar,Privada,462.92
José Carlos Batista,Ocasio,0,Apoyo familiar,Pública,381.08
Paulina Thiago Agustin Olivera,Quiroga,0,Apoyo familiar,Pública,388.71
Francisco Joaquina,Cabrera,0,Apoyo familiar,Pública,359.68
Lucía María Rodríguez,Rodríguez,1,Crédito educativo,Privada,151.28
Lucía María Rodríguez,Rodríguez,1,Otro,Privada,351.51
Lucía María Rodríguez,Rodríguez,1,Beca,Privada,356.09
Xavier,Valenzuela-Rivero,0,Apoyo familiar,Pública,322.88
Esther Fonseca,Orozco,0,Apoyo familiar,Pública,484.99
Juan Cruz Martinez,Romero,0,Crédito educativo,Pública,162.36
Juan Cruz Martinez,Romero,0,Apoyo familiar,Pública,379.04
Leandro Benito,Sanchez,0,Apoyo familiar,Pública,416.17
Micaela Valentino Luna,Coronel,0,Apoyo familiar,Pública,399.75
Sr(a). Alma,Perez,1,Apoyo familiar,Privada,568.59
Sr(a). Alma,Perez,1,Beca,Privada,470.44
Paulina Correa,Medina,0,Crédito educativo,Pública,276.87
Paulina Correa,Medina,0,Otro,Pública,299.24
Aida,Corrales,0,Otro,Pública,241.47
Aida,Corrales,0,Apoyo familiar,Pública,433.55
Óscar,Daza,0,Crédito educativo,Pública,316.33
Alejandro,Restrepo,0,Apoyo familiar,Pública,347.21
Jorge Barragán,Quintanilla,0,Crédito educativo,Pública,332.88
Jorge Barragán,Quintanilla,0,Apoyo familiar,Pública,256.96
Jeremías Frutos,Barriga,0,Trabajo,Pública,212.88
Jeremías Frutos,Barriga,0,Apoyo familiar,Pública,381.63
Guadalupe Cordoba,Navarro,0,Trabajo,Pública,344.89
Guadalupe Cordoba,Navarro,0,Crédito educativo,Pública,293.17
Sr(a). Jazmin,Muñoz,0,Trabajo,Pública,304.26
Micaela Matías,Maldonado,0,Apoyo familiar,Pública,354.3
Sr(a). Eduardo,Quintanilla,0,Crédito educativo,Pública,270.98
Sr(a). Eduardo,Quintanilla,0,Apoyo familiar,Pública,336.22
Marisol Tatiana,Valencia,0,Trabajo,Pública,241.58
Olivia Mateo,Lopez,0,Trabajo,Pública,280.18
Héctor Castillo,Sánchez,0,Apoyo familiar,Pública,499.79
Lautaro Benjamin Zoe Jazmin,Franco,0,Crédito educativo,Pública,321.58
Pedro,Fernandez,0,Otro,Pública,240.63
Thiago Ezequiel,Fernandez,0,Crédito educativo,Pública,242.11
Fortunato,Galindo,0,Otro,Pública,443.37
Ciro,Fernandez,0,Apoyo familiar,Pública,319.81
Óliver Luis Manuel,Santana,1,Trabajo,Privada,286.49
Óliver Luis Manuel,Santana,1,Otro,Privada,482.99
Óliver Luis Manuel,Santana,1,Apoyo familiar,Privada,737.58
Óliver Luis Manuel,Santana,1,Beca,Privada,579.53
Sr(a). Lola,Carrizo,0,Otro,Pública,380.84
Sr(a). Lola,Carrizo,0,Apoyo familiar,Pública,219.5
Juan,Zabala-Pozuelo,0,Apoyo familiar,Pública,500.63
Ana Luisa Israel,Nevárez,0,Otro,Pública,468.52
Ana Luisa Israel,Nevárez,0,Apoyo familiar,Pública,395.26
Abraham Javier Alvarez,Sosa,0,Trabajo,Pública,244.78
Abraham Javier Alvarez,Sosa,0,Otro,Pública,412.94
Abraham Javier Alvarez,Sosa,0,Apoyo familiar,Pública,246.92
Elvira,Vélez,0,Apoyo familiar,Pública,360.6
Maximiliano Romero,Roldan,1,Apoyo familiar,Privada,662.68
Maximiliano Romero,Roldan,1,Beca,Privada,519.25
Santiago Benjamin Josefina Castillo,Ponce,0,Apoyo familiar,Pública,327.84
Isabella,Herrera,0,Apoyo familiar,Privada,366.43
Paloma,Romero,0,Apoyo familiar,Pública,432.19
Araceli,Villa,0,Otro,Pública,321.47
Araceli,Villa,0,Apoyo familiar,Pública,324.37
Severo del,Colom,0,Crédito educativo,Pública,404.38
Severo del,Colom,0,Apoyo familiar,Pública,397.35
Enrique,Padrón,1,Trabajo,Privada,161.49
Enrique,Padrón,1,Crédito educativo,Privada,234.78
Enrique,Padrón,1,Apoyo familiar,Privada,331.63
Enrique,Padrón,1,Beca,Privada,294.41
Emiliano,Dueñas,0,Apoyo familiar,Pública,356.1
Chucho Colom,Toledo,0,Apoyo familiar,Pública,569.55
Ricardo Benavides,Sobrino,0,Apoyo familiar,Pública,350.65
Alejandro Luis Rincón,Salazar,0,Apoyo familiar,Pública,272.05
Cayetano Mario Peral,Carbonell,0,Crédito educativo,Pública,296.56
Jair,Parra,0,Apoyo familiar,Privada,487.61
José Luis del Río,Cano,0,Apoyo familiar,Pública,382.55
Sr(a). Sofia,Mendez,1,Apoyo familiar,Privada,557.25
Sr(a). Sofia,Mendez,1,Beca,Privada,386.72
Alta Gracia Dolores,Pedraza,1,Trabajo,Privada,334.38
Alta Gracia Dolores,Pedraza,1,Beca,Privada,523.39
Victor Larrea,Espinosa,0,Apoyo familiar,Pública,397.38
Guillermina Bautista Flores,Gonzalez,0,Apoyo familiar,Pública,332.57
Jordana Aliaga,Garzón,0,Trabajo,Pública,263.88
Ángela Ferrera,Salinas,0,Trabajo,Pública,203.34
Ángela Ferrera,Salinas,0,Apoyo familiar,Pública,280.86
Noa Alba,Aparicio,0,Apoyo familiar,Pública,398.92
Sandra Adriana Cruz,Muñoz,1,Apoyo familiar,Privada,447.95
Sandra Adriana Cruz,Muñoz,1,Beca,Privada,331.81
Fabián Márquez,Alvarado,0,Crédito educativo,Privada,261.41
Fabián Márquez,Alvarado,0,Trabajo,Privada,264.59
Fabián Márquez,Alvarado,0,Apoyo familiar,Privada,626.57
Lucas Sofia Belen,Benitez,1,Trabajo,Privada,249.45
Lucas Sofia Belen,Benitez,1,Apoyo familiar,Privada,484.02
Lucas Sofia Belen,Benitez,1,Beca,Privada,372.28
Sr(a). Paola,Garibay,0,Crédito educativo,Privada,286.62
Sr(a). Paola,Garibay,0,Apoyo familiar,Privada,605.2
Prudencia Morcillo,Juan,0,Apoyo familiar,Pública,422.99
Valero Olmo,Morcillo,0,Trabajo,Pública,285.96
Valero Olmo,Morcillo,0,Apoyo familiar,Pública,478.07
Constanza Paz Gomila,Castejón,1,Apoyo familiar,Privada,482.63
Constanza Paz Gomila,Castejón,1,Beca,Privada,506.04
Dylan Ezequiel Morena,Rojas,0,Apoyo familiar,Pública,404.69
Victorino Carranza,Ponce,0,Trabajo,Pública,247.94
Victorino Carranza,Ponce,0,Otro,Pública,406.09
Uriel Amanda Lugo,Valladares,0,Apoyo familiar,Pública,294.1
Juan Ignacio Flores,Flores,1,Apoyo familiar,Privada,535.19
Juan Ignacio Flores,Flores,1,Beca,Privada,620.87
Antonia Facundo Lopez,Moreno,0,Apoyo familiar,Privada,460.88
Elizabeth Marcela Zambrano,Orozco,0,Apoyo familiar,Privada,485.03
Paloma Abascal,Vega,0,Apoyo familiar,Privada,534.04
Augusto Ciro Aguirre,Torres,0,Crédito educativo,Pública,179.67
Mateo Molina,Dominguez,0,Apoyo familiar,Pública,423.91
Soledad,Duarte-Artigas,0,Apoyo familiar,Pública,522.01
Araceli José Emilio,Luna,0,Apoyo familiar,Pública,385.96
Sr(a). Gilberto,Huerta,0,Otro,Pública,478.21
Sr(a). Gilberto,Huerta,0,Apoyo familiar,Pública,414.4
Coral,Durán-Crespo,0,Apoyo familiar,Pública,334.92
Paola Andrea Yepes,Vargas,0,Otro,Privada,342.78
Carmelo Perelló,Muñoz,0,Apoyo familiar,Pública,301.29
Luz,Loaiza,0,Apoyo familiar,Pública,470.71
Gloria Isaac Aponte,Gastélum,1,Apoyo familiar,Privada,459.25
Gloria Isaac Aponte,Gastélum,1,Beca,Privada,376.86
Dr(a). Juliana,Diaz,1,Apoyo familiar,Privada,527.38
Dr(a). Juliana,Diaz,1,Beca,Privada,576.19
Elisa Dalia,Lozano,0,Apoyo familiar,Pública,347.81
Dalia,Villarreal,0,Crédito educativo,Pública,365.39
Dalia,Villarreal,0,Apoyo familiar,Pública,429.58
Benjamin Mateo Benjamin,Sosa,0,Apoyo familiar,Pública,348.17
Carmen Jiménez,Jimínez,0,Apoyo familiar,Pública,483.97
Valerio Barceló,Saldaña,0,Apoyo familiar,Pública,367.26
Alexander Pulido,Agudelo,1,Trabajo,Privada,293.14
Alexander Pulido,Agudelo,1,Beca,Privada,296.13
Caridad Collazo,Guerra,0,Apoyo familiar,Pública,353.61
Sofia,Suarez,0,Apoyo familiar,Privada,507.71
Fernando Andrés,Rodríguez,1,Apoyo familiar,Privada,450.21
Fernando Andrés,Rodríguez,1,Beca,Privada,392.66
Mtro. Tomás,Cabán,0,Apoyo familiar,Pública,276.9
Jacobo,Calvillo,0,Apoyo familiar,Pública,270.71
Leonardo Marisela,Benítez,0,Crédito educativo,Pública,253.86
Leonardo Marisela,Benítez,0,Apoyo familiar,Pública,388.16
Mauricio Nieves,Gómez,0,Apoyo familiar,Pública,309.51
Juan David Ian,Perez,0,Trabajo,Pública,243.3
Juan David Ian,Perez,0,Apoyo familiar,Pública,275.34
Nelly Palacios,Prada,0,Apoyo familiar,Pública,494.06
Luis Espitia,Narváez,0,Apoyo familiar,Privada,506.05
Tomàs Vazquez,Gonzalez,0,Apoyo familiar,Privada,604.71
Mtro. Ignacio,Chapa,0,Crédito educativo,Pública,329.59
Mtro. Ignacio,Chapa,0,Apoyo familiar,Pública,356.2
Diana,Rueda,0,Otro,Pública,284.04
Diana,Rueda,0,Apoyo familiar,Pública,322.11
Nuria Grau,Mármol,0,Trabajo,Pública,212.2
Nuria Grau,Mármol,0,Otro,Pública,399.11
Nuria Grau,Mármol,0,Apoyo familiar,Pública,238.59
Cecilia,Ortiz,0,Apoyo familiar,Pública,457.76
Roberto Cantú,Luna,0,Trabajo,Pública,210.3
Roberto Cantú,Luna,0,Otro,Pública,362.36
Noemí Quintanilla,Rubio,1,Apoyo familiar,Privada,403.84
Noemí Quintanilla,Rubio,1,Beca,Privada,522.73
Thiago Benjamin Sofía,Fernandez,0,Apoyo familiar,Pública,343.79
Ana López,Vásquez,0,Apoyo familiar,Pública,413.54
Gustavo Ángel,González,0,Apoyo familiar,Pública,453.73
Hermelinda Torres,Rosas,0,Apoyo familiar,Pública,325.27
Lorenzo Godoy,Rivero,0,Trabajo,Pública,310.77
Lorenzo Godoy,Rivero,0,Apoyo familiar,Pública,355.21
Eugenio David,Villalpando,0,Apoyo familiar,Pública,245.28
Catalina Luna Leiva,Lopez,0,Apoyo familiar,Pública,480.86
Dr(a). Rafael,Perez,0,Apoyo familiar,Pública,510.78
Arturo Sebastián,Salcedo,0,Apoyo familiar,Pública,393.96
Marco Antonio Mateo Cervántez,Palacios,0,Otro,Pública,470.67
Marco Antonio Mateo Cervántez,Palacios,0,Apoyo familiar,Pública,368.01
Nancy Jáquez,Otero,0,Apoyo familiar,Pública,371.78
Milagros Fausto,Torres,0,Trabajo,Privada,248.17
Milagros Fausto,Torres,0,Apoyo familiar,Privada,327.53
José Luis Ariadna Vigil,Orosco,0,Apoyo familiar,Pública,354.44
Dr. Débora,Elizondo,0,Trabajo,Pública,310.53
Dr. Débora,Elizondo,0,Crédito educativo,Pública,264.02
Myriam,Lozano,0,Apoyo familiar,Pública,401.18
Juan Nieto,Suárez,0,Apoyo familiar,Pública,410.37
Lic. Elena,Villalpando,0,Crédito educativo,Pública,245.42
Lic. Elena,Villalpando,0,Otro,Pública,279.46
Paula López,Monroy,0,Trabajo,Pública,199.1
Paula López,Monroy,0,Crédito educativo,Pública,379.47
Paula López,Monroy,0,Apoyo familiar,Pública,283.66
Gerardo Asunción,Loera,0,Crédito educativo,Pública,351.76
Sr(a). Adán,Zelaya,0,Otro,Pública,229.98
Mateo,Ledesma,1,Trabajo,Privada,224.86
Mateo,Ledesma,1,Crédito educativo,Privada,370.73
Mateo,Ledesma,1,Beca,Privada,501.43
Hernando Pujadas,Abad,0,Crédito educativo,Pública,351.84
Hernando Pujadas,Abad,0,Apoyo familiar,Pública,369.52
Arley Andrés,Murillo,0,Apoyo familiar,Privada,583.76
Santiago Jazmin,Garcia,0,Apoyo familiar,Pública,276.35
Plinio Guardiola,Benavides,0,Apoyo familiar,Pública,336.57
Lucio Gimenez,Hoyos,0,Otro,Pública,442.9
Lucio Gimenez,Hoyos,0,Apoyo familiar,Pública,273.24
Alba Andrea Pérez,Perea,0,Otro,Pública,332.36
Alba Andrea Pérez,Perea,0,Apoyo familiar,Pública,405.89
Manu Girón,Piña,0,Apoyo familiar,Pública,299.68
Hugo Almazán,Ángel,0,Trabajo,Privada,324.92
Hugo Almazán,Ángel,0,Apoyo familiar,Privada,546.35
Mercedes,Archuleta,0,Trabajo,Pública,188.82
Jorge González,Duque,0,Apoyo familiar,Pública,494.55
Agustin Benitez,Fernandez,0,Apoyo familiar,Privada,447.08
Sonia Edith Mosquera,Rodríguez,0,Apoyo familiar,Privada,642.01
Cristina Diana Salazar,Marín,0,Crédito educativo,Pública,308.74
Jazmín Felicitas,Diaz,0,Trabajo,Pública,268.72
Jazmín Felicitas,Diaz,0,Apoyo familiar,Pública,414.35
Camila,Alcala,0,Otro,Pública,260.5
Camila,Alcala,0,Apoyo familiar,Pública,337.8
Esteban,Alfonso,0,Trabajo,Pública,234.2
Esteban,Alfonso,0,Otro,Pública,456.3
Esteban,Alfonso,0,Apoyo familiar,Pública,366.09
Yudy Forero,Giraldo,0,Apoyo familiar,Pública,489.79
Luis,Zambrano,0,Apoyo familiar,Pública,335.98
Malena Milagros,Alvarez,0,Apoyo familiar,Pública,439.42
Jeferson Michael Espinosa,Salazar,0,Trabajo,Pública,219.02
Jeferson Michael Espinosa,Salazar,0,Apoyo familiar,Pública,289.19
Salma Guillermo Dueñas,Armenta,0,Otro,Pública,441.67
Rubén Ortega,Andrade,0,Apoyo familiar,Pública,391.89
Malena,Sainz,0,Trabajo,Pública,269.07
Silvestre Urrutia,Fabregat,0,Trabajo,Pública,318.28
Silvestre Urrutia,Fabregat,0,Apoyo familiar,Pública,306.91
Dulce Alma de la Garza,Llamas,0,Apoyo familiar,Privada,551.05
Homero,Jaramillo,0,Apoyo familiar,Pública,344.15
Kelly Ana,Ortiz,0,Otro,Pública,408.6
Violeta Juan Bautista Alvarez,Perez,0,Apoyo familiar,Pública,427.43
Gastón Marcos,Pelayo,0,Apoyo familiar,Pública,339.38
Citlali,Peralta,0,Apoyo familiar,Pública,420.44
Omar,Solsona-Duran,1,Trabajo,Privada,164.24
Omar,Solsona-Duran,1,Beca,Privada,544.95
Lic. Gabriela,Barajas,0,Apoyo familiar,Pública,204.45
Manuel Nicolau,Gordillo,0,Apoyo familiar,Pública,340.72
Jairo Jhonny,Pérez,0,Apoyo familiar,Pública,378.66
Francisco Fausto Juarez,Miranda,0,Apoyo familiar,Pública,511.57
Reyna,Giménez-Tapia,0,Trabajo,Pública,161.84
Nicodemo,Roma-Ayllón,0,Apoyo familiar,Pública,426.94
Harold Víctor Daza,Jiménez,0,Apoyo familiar,Pública,291.51
Dr(a). Victoria,Medina,0,Trabajo,Pública,249.0
Dr(a). Victoria,Medina,0,Apoyo familiar,Pública,333.76
Antonio Peña,Correa,0,Otro,Pública,406.08
Antonio Peña,Correa,0,Apoyo familiar,Pública,350.49
Lola Carmela,Mendoza,0,Apoyo familiar,Pública,390.04
Mónica Martinez,Bonet,0,Trabajo,Privada,161.67
Yudy,Sánchez,0,Crédito educativo,Pública,248.1
Yudy,Sánchez,0,Apoyo familiar,Pública,314.8
Dante Santino,Ramos,0,Apoyo familiar,Pública,255.19
José Miguel,Sepúlveda,0,Apoyo familiar,Pública,316.37
Emilia Martinez,Ramirez,0,Apoyo familiar,Pública,252.43
Alma Gonzalez,Vega,0,Trabajo,Pública,258.12
Alma Gonzalez,Vega,0,Crédito educativo,Pública,226.28
Alma Gonzalez,Vega,0,Apoyo familiar,Pública,356.93
Uma Mia Martinez,Gonzalez,1,Crédito educativo,Privada,369.72
Uma Mia Martinez,Gonzalez,1,Apoyo familiar,Privada,568.57
Uma Mia Martinez,Gonzalez,1,Beca,Privada,373.02
Vicente,Gonzalez,0,Trabajo,Pública,200.56
Constanza,Paez,0,Otro,Pública,358.29
Constanza,Paez,0,Apoyo familiar,Pública,400.62
Úrsula de,España,0,Trabajo,Pública,290.36
Úrsula de,España,0,Apoyo familiar,Pública,353.89
Lilia,Roldán,1,Apoyo familiar,Privada,708.65
Lilia,Roldán,1,Beca,Privada,532.5
Viviana Constanza,Cárdenas,0,Apoyo familiar,Pública,413.78
Delfina Alejo Peralta,Cordoba,0,Apoyo familiar,Pública,324.68
Jovita Fuertes,Ribera,0,Apoyo familiar,Privada,612.12
Darío Noelia Santacruz,Rosario,0,Apoyo familiar,Pública,342.53
Thiago Nicolas Sanchez,Toledo,1,Apoyo familiar,Privada,445.89
Thiago Nicolas Sanchez,Toledo,1,Beca,Privada,504.99
Rubiela,Henao,0,Apoyo familiar,Pública,281.39
Caridad María Eugenia,Bahena,0,Apoyo familiar,Pública,277.2
Alonso Cabrera,Vásquez,0,Trabajo,Pública,302.37
Martina,Alvarez,0,Apoyo familiar,Pública,284.45
Ángela Padilla,Curiel,0,Apoyo familiar,Pública,296.24
Celia Elías,Verdú,0,Apoyo familiar,Pública,392.26
Sabina,Cuesta-Trujillo,1,Apoyo familiar,Privada,471.22
Sabina,Cuesta-Trujillo,1,Beca,Privada,387.53
Calista del,Moraleda,0,Apoyo familiar,Pública,308.59
Marisol Aurora,Reyna,0,Trabajo,Pública,248.4
Marisol Aurora,Reyna,0,Apoyo familiar,Pública,267.8
Ileana del,Jáuregui,0,Trabajo,Pública,192.42
Ileana del,Jáuregui,0,Crédito educativo,Pública,426.68
Rodrigo,Lovato,0,Apoyo familiar,Pública,291.28
Emiliano Villareal,Tello,0,Apoyo familiar,Pública,328.44
Zeferino Granados,Mena,0,Otro,Pública,457.83
Luz,Mosquera,0,Apoyo familiar,Pública,303.55
Sergio Molina,Tijerina,0,Apoyo familiar,Pública,256.02
Benjamin Valentina,Juarez,0,Apoyo familiar,Pública,377.72
Esther Ramiro Sepúlveda,Ledesma,0,Otro,Privada,302.51
Esther Ramiro Sepúlveda,Ledesma,0,Apoyo familiar,Privada,482.2
Concepción Benítez,Robledo,0,Apoyo familiar,Pública,497.39
Jovita Vallés,Adán,0,Apoyo familiar,Pública,194.5
Benjamin Alejandro,Perez,0,Apoyo familiar,Pública,364.39
Jacobo Suárez,Venegas,0,Apoyo familiar,Pública,485.43
Goyo Iriarte,Cifuentes,0,Apoyo familiar,Pública,329.16
Abigaíl Folch,Sanchez,0,Trabajo,Pública,238.73
Abigaíl Folch,Sanchez,0,Otro,Pública,475.46
Jordán Ballester,Costa,0,Crédito educativo,Pública,278.38
Jordán Ballester,Costa,0,Apoyo familiar,Pública,394.24
Martina Emiliano Diaz,Gutierrez,0,Crédito educativo,Pública,349.62
Martina Emiliano Diaz,Gutierrez,0,Apoyo familiar,Pública,245.05
Micaela,Bastida,1,Apoyo familiar,Privada,539.97
Micaela,Bastida,1,Beca,Privada,204.53
Lola Julia,Juarez,1,Trabajo,Privada,197.04
Lola Julia,Juarez,1,Beca,Privada,408.68
Sr(a). Jeremias,Vazquez,0,Trabajo,Privada,228.93
Germán José,Gaitán,0,Apoyo familiar,Pública,128.25
Agustina Milagros,Martin,0,Apoyo familiar,Pública,389.85
Susana,Leal,0,Apoyo familiar,Pública,345.37
Hugo Abril,Rocha,0,Trabajo,Pública,254.36
Hugo Abril,Rocha,0,Apoyo familiar,Pública,245.98
Verónica Virginia Plaza,Canet,0,Apoyo familiar,Pública,380.11
Leticia,Orosco,1,Crédito educativo,Privada,399.16
Leticia,Orosco,1,Beca,Privada,414.37
Porfirio Apodaca,Tamez,0,Apoyo familiar,Pública,396.18
Evelio Casares,Reyes,0,Apoyo familiar,Pública,365.72
Íñigo Robledo,Ferreras,0,Trabajo,Pública,211.22
Íñigo Robledo,Ferreras,0,Apoyo familiar,Pública,294.8
Fernando,Valencia,0,Trabajo,Pública,225.05
Santino Benjamin Ignacio,Pereyra,1,Apoyo familiar,Privada,661.99
Santino Benjamin Ignacio,Pereyra,1,Beca,Privada,562.57
Catalina Gonzalez,Cardozo,0,Apoyo familiar,Privada,615.8
Dalia Víctor Niño,Galván,0,Apoyo familiar,Pública,460.76
Sr(a). Maria Victoria,Acuña,0,Apoyo familiar,Pública,342.04
María José José,Guzmán,0,Apoyo familiar,Pública,257.71
Leoncio Larrea,Sanmiguel,0,Crédito educativo,Pública,314.31
Leoncio Larrea,Sanmiguel,0,Apoyo familiar,Pública,483.42
Valentina Alvarez,Coronel,0,Apoyo familiar,Pública,238.23
Ángel Marin,Herrera,0,Trabajo,Pública,202.27
Valentino Bautista Benjamin Ledesma,Gonzalez,0,Crédito educativo,Pública,336.66
Doris Fernanda Sierra,García,0,Apoyo familiar,Pública,361.81
Fausto Victoria Gonzalez,Martinez,0,Apoyo familiar,Pública,312.35
Maite Tiziano Valentin Molina,Gomez,0,Apoyo familiar,Pública,366.43
Valentina,Torres,1,Apoyo familiar,Privada,595.03
Valentina,Torres,1,Beca,Privada,374.76
Felipe,Diaz,0,Apoyo familiar,Pública,429.81
Luis Miguel Alfonso,Olivárez,0,Trabajo,Pública,229.83
Juan Martin,Morales,0,Trabajo,Pública,175.74
Juan Martin,Morales,0,Otro,Pública,390.27
Maria Victoria Valentino Nuñez,Ortiz,0,Apoyo familiar,Pública,263.55
Valentino Isabella,Perez,0,Apoyo familiar,Privada,533.91
Mateo Renata,Rios,0,Apoyo familiar,Pública,281.91
Hilda Puig,Belmonte,0,Apoyo familiar,Pública,259.81
Dr(a). Joaquin,Escobar,0,Apoyo familiar,Pública,210.4
Sr(a). Salvador,Ponce,0,Otro,Pública,232.21
Inés Perla,Romero,0,Apoyo familiar,Pública,394.75
Dr(a). Paloma,Acosta,0,Trabajo,Pública,248.0
Dr(a). Paloma,Acosta,0,Apoyo familiar,Pública,414.02
Manuel Adán Madera,Casas,0,Trabajo,Pública,317.46
Ofelia Débora Arroyo,Solorzano,0,Apoyo familiar,Pública,429.45
Luz Diana Silva,Díaz,0,Trabajo,Pública,273.53
Bernardino Quevedo,Agustín,0,Otro,Pública,409.13
Bernardino Quevedo,Agustín,0,Apoyo familiar,Pública,281.79
Vidal Batlle,Manjón,0,Apoyo familiar,Pública,483.19
Teresa,Navarro,0,Apoyo familiar,Pública,379.29
Felipe,Rios,0,Crédito educativo,Pública,312.5
Felipe,Rios,0,Otro,Pública,360.21
Felipe,Rios,0,Apoyo familiar,Pública,245.78
Raimundo Máximo González,Aragón,0,Apoyo familiar,Pública,269.88
Sandra Luz,Ramírez,0,Apoyo familiar,Pública,410.56
Felipe Juan Manuel Molina,Fernandez,0,Trabajo,Pública,263.21
Zoe Jazmin Olivia Fernandez,Caceres,0,Trabajo,Pública,315.69
Zoe Jazmin Olivia Fernandez,Caceres,0,Crédito educativo,Pública,299.07
Adalberto Isaac Corona,Baca,0,Apoyo familiar,Pública,298.81
Iván Esther,Angulo,1,Apoyo familiar,Privada,471.72
Iván Esther,Angulo,1,Beca,Privada,321.3
Pedro,Leiva,0,Apoyo familiar,Pública,271.77
Dorita Manuelita Pérez,Casares,0,Apoyo familiar,Pública,315.43
Gracia Catalá,Acosta,0,Apoyo familiar,Pública,289.83
Mónica Pastor,Hoyos,0,Crédito educativo,Pública,231.44
Mónica Pastor,Hoyos,0,Apoyo familiar,Pública,361.32
María Manuela Real,Rebollo,0,Apoyo familiar,Pública,315.74
Irene,Mínguez,0,Apoyo familiar,Pública,385.08
Matilda Jeremias,Ponce,0,Trabajo,Pública,163.27
Matilda Jeremias,Ponce,0,Apoyo familiar,Pública,287.86
Lucía,Rosero,0,Apoyo familiar,Pública,359.07
Antonio Guillermo Ruiz,Alfonso,0,Crédito educativo,Pública,388.18
Antonio Guillermo Ruiz,Alfonso,0,Otro,Pública,319.07
Virginia,Mata,0,Trabajo,Pública,220.53
Virginia,Mata,0,Apoyo familiar,Pública,304.42
Benjamin Aguirre,Aguirre,0,Trabajo,Pública,180.04
Benjamin Aguirre,Aguirre,0,Apoyo familiar,Pública,200.48
Miriam Montez,Bañuelos,0,Trabajo,Pública,248.46
Miriam Montez,Bañuelos,0,Otro,Pública,205.75
Asunción,Velásquez,0,Crédito educativo,Pública,214.27
Asunción,Velásquez,0,Apoyo familiar,Pública,309.22
Concepción Merino,Vergara,0,Apoyo familiar,Pública,387.06
Chita,Villalobos-Tomé,0,Crédito educativo,Pública,307.48
Chita,Villalobos-Tomé,0,Apoyo familiar,Pública,325.14
María Luisa Alfredo,Espinal,0,Otro,Pública,348.05
María Luisa Alfredo,Espinal,0,Apoyo familiar,Pública,420.92
Karina Melo,Álvarez,0,Apoyo familiar,Pública,404.15
Nicolas Benjamin Perez,Benitez,0,Apoyo familiar,Pública,293.58
Dr(a). Mateo Ezequiel,Ramos,0,Otro,Pública,471.02
Dr(a). Mateo Ezequiel,Ramos,0,Apoyo familiar,Pública,429.97
Esmeralda Vanesa,Aguirre,0,Trabajo,Privada,271.07
Esmeralda Vanesa,Aguirre,0,Otro,Privada,481.62
Juan Cruz,Ramos,0,Trabajo,Pública,207.68
Juan Cruz,Ramos,0,Otro,Pública,332.65
Juan Cruz,Ramos,0,Apoyo familiar,Pública,339.16
Mayte Aragón,Palau,0,Trabajo,Pública,216.14
Mayte Aragón,Palau,0,Otro,Pública,299.09
Mayte Aragón,Palau,0,Apoyo familiar,Pública,451.15
Nélida Haro,Delgado,0,Trabajo,Pública,299.71
Marcela Liliana,Domínguez,1,Apoyo familiar,Privada,522.28
Marcela Liliana,Domínguez,1,Beca,Privada,380.5
Ruth Angelina Pablo,Verdú,0,Apoyo familiar,Pública,320.48
Fanny Bermúdez,Bustos,0,Apoyo familiar,Privada,427.97
Fernando Humberto Beltrán,Camacho,0,Otro,Pública,399.44
Fernando Humberto Beltrán,Camacho,0,Apoyo familiar,Pública,296.66
Sr(a). Leonel,Arreola,0,Apoyo familiar,Pública,306.4
Benjamin,Garcia,0,Trabajo,Pública,231.23
Benjamin,Garcia,0,Apoyo familiar,Pública,347.85
Hugo Matos,Marrero,0,Trabajo,Pública,261.77
Eliana de,Ibarra,0,Apoyo familiar,Pública,100.0
Ariadna Paola,Alva,0,Otro,Pública,312.92
Lic. Laura,Cruz,0,Otro,Pública,401.68
José Ángel del,Pujol,0,Apoyo familiar,Pública,391.83
Sofía,Lozano,0,Apoyo familiar,Privada,643.25
Gustavo Montoya,Criado,0,Apoyo familiar,Pública,279.03
Leydi Liliana,Aguirre,0,Trabajo,Pública,269.7
Leydi Liliana,Aguirre,0,Crédito educativo,Pública,251.86
Leydi Liliana,Aguirre,0,Apoyo familiar,Pública,315.67
Eva Jacobo,Perales,0,Apoyo familiar,Pública,310.16
Anabel Elias,Zedillo,0,Apoyo familiar,Pública,299.97
Thiago Benjamin Benjamin Bustos,Mendoza,0,Trabajo,Pública,386.1
Thiago Benjamin Benjamin Bustos,Mendoza,0,Apoyo familiar,Pública,410.6
Martina,Muñoz,0,Crédito educativo,Pública,366.1
Matias Gonzalez,Peralta,0,Trabajo,Pública,274.6
Odalis María Luisa Bru,Luján,0,Trabajo,Privada,169.69
Aurelio Feliciano,Colunga,0,Trabajo,Pública,269.75
Santino,Romero,0,Apoyo familiar,Pública,442.28
Julio Enrique,Meneses,0,Crédito educativo,Pública,248.8
Víctor Carla,Carrasco,0,Trabajo,Privada,298.27
Víctor Carla,Carrasco,0,Otro,Privada,336.6
Víctor Carla,Carrasco,0,Apoyo familiar,Privada,410.62
Juana Medina,Castillo,0,Apoyo familiar,Pública,459.8
Aida Humberto,Gastélum,0,Apoyo familiar,Pública,333.07
Agustin Moyano,Torres,0,Crédito educativo,Pública,232.73
Agustin Moyano,Torres,0,Apoyo familiar,Pública,430.6
Jairo,Benavides,0,Trabajo,Pública,255.39
Nidia de,Ferrándiz,0,Apoyo familiar,Pública,351.9
Pili Bartolomé,Mancebo,0,Apoyo familiar,Pública,296.88
Gael Silva,Ojeda,0,Apoyo familiar,Pública,378.51
Duván Reyes,Giraldo,0,Otro,Pública,207.19
Luna Joaquin,Romero,0,Apoyo familiar,Privada,583.47
Guadalupe Bravo,Fernandez,0,Apoyo familiar,Pública,311.9
Thiago Nicolas Sanchez,Fernandez,0,Crédito educativo,Pública,187.62
Thiago Nicolas Sanchez,Fernandez,0,Otro,Pública,285.66
Dr(a). Benjamin,Barrios,0,Otro,Pública,450.67
Dr(a). Benjamin,Barrios,0,Apoyo familiar,Pública,244.7
Ignacio Correa,Ruiz,0,Apoyo familiar,Pública,349.5
Gertrudis Gómez,Roura,0,Apoyo familiar,Pública,384.37
Amada Castelló,Bonilla,0,Apoyo familiar,Privada,597.6
Luana Julian Nuñez,Gonzalez,1,Apoyo familiar,Privada,458.6
Luana Julian Nuñez,Gonzalez,1,Beca,Privada,521.63
Sr(a). Rosalia,Casanova,0,Otro,Pública,423.05
Eva Anaya,Collazo,0,Trabajo,Pública,318.61
María Muñoz,Sánchez,0,Apoyo familiar,Pública,360.83
José Eduardo,Varela,0,Crédito educativo,Pública,259.63
José Eduardo,Varela,0,Apoyo familiar,Pública,397.32
Dr(a). Francisco,Gomez,0,Apoyo familiar,Privada,588.78
Alma,Arroyo,0,Trabajo,Pública,282.09
Valentino Martin,Sosa,0,Trabajo,Pública,198.52
Antonella Valentina Perez,Morales,0,Apoyo familiar,Privada,495.7
Indira Lira,Valdés,0,Trabajo,Pública,249.8
Indira Lira,Valdés,0,Apoyo familiar,Pública,348.93
Uriel,Torres,0,Otro,Pública,256.41
León Alegre,Carrillo,0,Crédito educativo,Pública,179.11
Agustín Julia Garcia,Mansilla,0,Apoyo familiar,Pública,325.57
Diego Diego,Gaviria,0,Trabajo,Pública,281.3
Diego Diego,Gaviria,0,Crédito educativo,Pública,293.46
Luz Garzón,Martínez,0,Trabajo,Pública,172.7
Luz Garzón,Martínez,0,Apoyo familiar,Pública,245.49
Benjamin,Martin,0,Trabajo,Pública,249.7
Benjamin,Martin,0,Apoyo familiar,Pública,300.69
Nina Mansilla,Sanchez,1,Crédito educativo,Privada,268.04
Nina Mansilla,Sanchez,1,Beca,Privada,510.83
Tomàs Garcia,Guzman,0,Apoyo familiar,Pública,405.73
Leticia,Alemán,0,Trabajo,Pública,299.72
Leticia,Alemán,0,Crédito educativo,Pública,354.14
Jesús Andrea,Navarrete,0,Trabajo,Pública,225.01
María,Pedraza,0,Apoyo familiar,Pública,391.0
Isidro Grau,Bosch,0,Apoyo familiar,Pública,334.8
Alma Valentina,Sanchez,0,Apoyo familiar,Pública,376.64
Lucila Sacristán,Barrio,1,Trabajo,Privada,270.48
Lucila Sacristán,Barrio,1,Otro,Privada,340.9
Lucila Sacristán,Barrio,1,Beca,Privada,511.76
Andrea Suárez,Rojas,0,Apoyo familiar,Pública,414.35
Óscar,Ortiz,0,Trabajo,Pública,301.58
Óscar,Ortiz,0,Apoyo familiar,Pública,252.18
Maria Paz Guadalupe Gomez,Correa,1,Trabajo,Privada,272.24
Maria Paz Guadalupe Gomez,Correa,1,Beca,Privada,473.32
Sr(a). Juan Cruz,Medina,0,Apoyo familiar,Pública,424.24
Merche,Puga,0,Trabajo,Pública,282.59
Thiago Leonel Lola Diaz,Romero,0,Crédito educativo,Pública,288.27
Thiago Leonel Lola Diaz,Romero,0,Apoyo familiar,Pública,389.49
Custodia de,Mora,0,Apoyo familiar,Pública,350.16
Lucía Lucas Ruiz,Moyano,0,Apoyo familiar,Pública,282.2
Andrés Juan Vargas,Cano,0,Trabajo,Pública,213.52
Andrés Juan Vargas,Cano,0,Otro,Pública,280.85
Andrés Juan Vargas,Cano,0,Apoyo familiar,Pública,374.1
Juan,Rodriguez,0,Crédito educativo,Pública,220.01
Yadira Yamile López,Díaz,0,Apoyo familiar,Pública,333.35
Fernanda Iris Torrijos,Herranz,0,Trabajo,Pública,266.66
Claudio Salma,Roque,0,Trabajo,Privada,314.96
Enrique Raúl,Palacios,1,Apoyo familiar,Privada,565.92
Enrique Raúl,Palacios,1,Beca,Privada,336.73
José,Salas,0,Apoyo familiar,Pública,433.25
Evelio Dalia Ortega,Rincón,0,Apoyo familiar,Pública,461.42
Sr(a). Valentina,Benitez,0,Otro,Pública,339.45
Dr. Esparta,Téllez,0,Apoyo familiar,Pública,362.15
María Moreno,Díaz,0,Trabajo,Pública,250.63
Omar,Abad-Bas,0,Apoyo familiar,Pública,467.44
Sr(a). Francisco,Figueroa,0,Otro,Pública,309.57
Sr(a). Francisco,Figueroa,0,Apoyo familiar,Pública,461.59
Carlos,Salamanca,0,Apoyo familiar,Pública,290.57
Sofía Pereyra,Paez,0,Apoyo familiar,Pública,361.78
Eusebia Montesinos,Blasco,0,Apoyo familiar,Pública,401.95
Santiago,Hernández,1,Crédito educativo,Privada,286.24
Santiago,Hernández,1,Beca,Privada,409.36
Uma Benitez,Benitez,0,Apoyo familiar,Pública,322.45
Leoncio,Giner,0,Otro,Pública,275.86
Abel Pozuelo,Luís,1,Apoyo familiar,Privada,468.57
Abel Pozuelo,Luís,1,Beca,Privada,405.39
Zacarías Cristal,Enríquez,0,Apoyo familiar,Pública,541.0
Ian Ezequiel Morena,Herrera,0,Apoyo familiar,Pública,391.68
Antonio Linda,Santillán,0,Apoyo familiar,Pública,366.23
Gracia Martín,Tejera,0,Trabajo,Pública,280.76
Abril Galan,Pardo,0,Trabajo,Pública,285.47
Abril Galan,Pardo,0,Otro,Pública,435.46
Abril Galan,Pardo,0,Apoyo familiar,Pública,331.56
Gonzalo de,Naranjo,0,Apoyo familiar,Pública,331.33
Mercedes Rosero,Hernández,0,Otro,Pública,436.9
Mercedes Rosero,Hernández,0,Apoyo familiar,Pública,482.65
Juliana María,Ortega,0,Otro,Pública,495.91
Patricia,Zapata,0,Apoyo familiar,Pública,491.16
Juana Pedraza,Velasco,0,Apoyo familiar,Pública,280.79
María Elena,Peres,0,Otro,Pública,448.48
María Elena,Peres,0,Apoyo familiar,Pública,408.33
Rebeca Abelardo Posada,Crespo,0,Trabajo,Pública,213.76
Rebeca Abelardo Posada,Crespo,0,Apoyo familiar,Pública,354.35
Donato Quirós,Farré,0,Apoyo familiar,Pública,380.52
Alex Rosero,Monroy,0,Apoyo familiar,Pública,288.59
Luciano Jacobo Lastra,Miró,0,Crédito educativo,Pública,439.06
Sr(a). Santino,Blanco,0,Crédito educativo,Pública,215.56
Sr(a). Santino,Blanco,0,Apoyo familiar,Pública,260.22
Dr(a). Maite,Luna,0,Apoyo familiar,Pública,442.76
Marcelino,Velasco-Roma,0,Trabajo,Pública,285.66
Marcelino,Velasco-Roma,0,Crédito educativo,Pública,238.44
Marcelino,Velasco-Roma,0,Apoyo familiar,Pública,393.1
Pepita,Miró-Mir,0,Apoyo familiar,Pública,507.1
Marc Pascual Galiano,Clavero,1,Otro,Privada,342.71
Marc Pascual Galiano,Clavero,1,Apoyo familiar,Privada,644.95
Marc Pascual Galiano,Clavero,1,Beca,Privada,474.92
Juana,Fernandez,0,Apoyo familiar,Pública,417.86
Mtro. Juana,Campos,0,Apoyo familiar,Pública,336.31
Cristina Ulibarri,Vigil,0,Otro,Privada,418.91
Fidel Maldonado,Nicolás,1,Crédito educativo,Privada,326.65
Fidel Maldonado,Nicolás,1,Beca,Privada,533.08
Adriana Abigail Beltrán,Echeverría,0,Apoyo familiar,Pública,376.65
Thiago Nicolas,Olivera,0,Otro,Pública,234.62
Thiago Nicolas,Olivera,0,Apoyo familiar,Pública,282.64
Elisa Rosa,Tamez,0,Apoyo familiar,Pública,428.69
Jesús Arley Oviedo,Pérez,0,Crédito educativo,Privada,282.23
Thiago Valentin,Ledesma,0,Trabajo,Privada,310.41
Thiago Valentin,Ledesma,0,Otro,Privada,351.13
Thiago Valentin,Ledesma,0,Apoyo familiar,Privada,509.69
Remedios,Vallejo,1,Trabajo,Privada,252.98
Remedios,Vallejo,1,Beca,Privada,492.43
Emilia María del Carmen,Sotelo,0,Trabajo,Pública,218.11
Ignacio Molina,Farias,0,Trabajo,Pública,208.82
Ignacio Molina,Farias,0,Apoyo familiar,Pública,354.11
Lourdes Ayala,Planas,0,Trabajo,Pública,154.53
Paco,Jaume,1,Apoyo familiar,Privada,568.97
Paco,Jaume,1,Beca,Privada,454.77
Jesús Cano,Córdoba,0,Trabajo,Pública,240.42
José Duarte,Molina,0,Apoyo familiar,Pública,256.62
Dr(a). Tiziano,Figueroa,0,Apoyo familiar,Pública,328.13
Dr. Abelardo,Rael,0,Apoyo familiar,Pública,360.7
Leonardo Carla,Arteaga,0,Apoyo familiar,Pública,224.17
Vanesa,Chico-Rincón,0,Apoyo familiar,Privada,409.27
Gracia Cazorla,Aguilera,1,Apoyo familiar,Privada,434.52
Gracia Cazorla,Aguilera,1,Beca,Privada,317.46
Etelvina Palacio,Montalbán,0,Trabajo,Pública,259.59
Etelvina Palacio,Montalbán,0,Apoyo familiar,Pública,450.93
Dr(a). Oriana,Romero,0,Apoyo familiar,Pública,295.77
Ignacio Alejo Paez,Sosa,1,Apoyo familiar,Privada,284.66
Ignacio Alejo Paez,Sosa,1,Beca,Privada,576.15
Mariano Luis Manuel Laureano,Adame,0,Apoyo familiar,Privada,579.44
Guadalupe Zabaleta,Salom,1,Apoyo familiar,Privada,473.64
Guadalupe Zabaleta,Salom,1,Beca,Privada,500.94
Rubén Ordóñez,Jiménez,0,Crédito educativo,Pública,276.1
Andrea Ribera,Piñeiro,0,Crédito educativo,Pública,268.63
Andrea Ribera,Piñeiro,0,Otro,Pública,288.78
Andrea Ribera,Piñeiro,0,Apoyo familiar,Pública,324.69
Alexander,Sánchez,0,Trabajo,Pública,261.71
Alexander,Sánchez,0,Apoyo familiar,Pública,393.04
Fernando,Solano,0,Apoyo familiar,Pública,417.05
Benjamin Juan Miranda,Diaz,0,Trabajo,Pública,225.29
Benjamin Juan Miranda,Diaz,0,Apoyo familiar,Pública,371.28
Dr(a). Benjamin,Ramos,0,Trabajo,Pública,298.13
Dr(a). Benjamin,Ramos,0,Crédito educativo,Pública,369.94
Oswaldo Wilson Cárdenas,Bustos,0,Apoyo familiar,Pública,351.37
Isabella Julian,Correa,0,Apoyo familiar,Pública,341.44
Dolores Molina,Peña,1,Apoyo familiar,Privada,510.37
Dolores Molina,Peña,1,Beca,Privada,376.76
Isabela Arriaga,Toledo,0,Trabajo,Pública,304.3
Isabela Arriaga,Toledo,0,Apoyo familiar,Pública,326.64
Sandra Ledesma,Barrientos,0,Apoyo familiar,Pública,303.59
Yolanda Ricardo Alcala,Vergara,0,Apoyo familiar,Pública,504.53
Gael Herrera,Suarez,0,Otro,Pública,460.97
Gael Herrera,Suarez,0,Apoyo familiar,Pública,345.8
Maite Alma,Fernandez,0,Apoyo familiar,Pública,462.17
Sandra Elena,Ortiz,0,Trabajo,Pública,323.26
Sandra Elena,Ortiz,0,Crédito educativo,Pública,246.51
Federico Zacarías Arnal,Simó,0,Apoyo familiar,Pública,367.69
José María Mitzy Luna,Saucedo,0,Apoyo familiar,Pública,304.98
Estrella,Valentín-Gisbert,0,Apoyo familiar,Pública,328.59
Estefanía,Orozco,0,Otro,Pública,462.35
Nando Rosell,Abella,1,Apoyo familiar,Privada,485.5
Nando Rosell,Abella,1,Beca,Privada,301.1
Mtro. Genaro,Contreras,0,Trabajo,Pública,298.4
Mtro. Genaro,Contreras,0,Apoyo familiar,Pública,265.96
Artemio del,Chaves,0,Apoyo familiar,Pública,289.74
Ricardo,Bohórquez,1,Apoyo familiar,Privada,213.95
Ricardo,Bohórquez,1,Beca,Privada,484.17
Juan Gabriel Felipe,Martinez,0,Crédito educativo,Pública,238.24
Juan Gabriel Felipe,Martinez,0,Otro,Pública,275.39
Juan Gabriel Felipe,Martinez,0,Apoyo familiar,Pública,318.63
Agustin,Rojas,0,Apoyo familiar,Pública,282.73
Tomas Ivan Gomez,Sanchez,0,Apoyo familiar,Pública,432.38
Priscila Ramiro Muñoz,Diaz,0,Otro,Pública,400.07
Mtro. Tomás,Solís,0,Apoyo familiar,Pública,384.62
Dr(a). Santino,Flores,1,Trabajo,Privada,177.76
Dr(a). Santino,Flores,1,Apoyo familiar,Privada,432.38
Dr(a). Santino,Flores,1,Beca,Privada,681.11
Darío Luis Miguel,Angulo,0,Apoyo familiar,Pública,549.53
Esteban Tovar,Pérez,0,Apoyo familiar,Pública,325.68
Juana,Gutierrez,0,Apoyo familiar,Privada,482.16
Celia Acedo,Plana,1,Otro,Privada,424.89
Celia Acedo,Plana,1,Apoyo familiar,Privada,507.68
Celia Acedo,Plana,1,Beca,Privada,339.91
Valentina Jazmin Delfina,Martin,0,Apoyo familiar,Privada,624.16
Araceli Ávila,Bosch,0,Trabajo,Pública,247.15
Araceli Ávila,Bosch,0,Otro,Pública,306.17
Sr(a). Juana,Fernandez,0,Trabajo,Pública,273.76
Sr(a). Juana,Fernandez,0,Otro,Pública,472.95
Sr(a). Juana,Fernandez,0,Apoyo familiar,Pública,420.11
Gael Lucas Ramirez,Molina,0,Apoyo familiar,Pública,365.49
Áurea Corominas,Gutiérrez,0,Crédito educativo,Pública,363.6
Claudio,Garay,0,Apoyo familiar,Pública,266.81
Tomàs Gimenez,Silva,0,Trabajo,Pública,199.37
Esperanza Mariana,Vega,0,Trabajo,Pública,153.23
Paulino Romero,Molina,0,Trabajo,Pública,222.54
Paulino Romero,Molina,0,Apoyo familiar,Pública,444.15
Andrés Ariel Castro,Correa,0,Apoyo familiar,Privada,479.01
Dr(a). Federico,Rodriguez,0,Apoyo familiar,Pública,257.51
Guillermina,Sanchez,1,Apoyo familiar,Privada,444.79
Guillermina,Sanchez,1,Beca,Privada,275.98
Luz de,Santamaria,0,Apoyo familiar,Pública,276.0
Noelia,Barraza,0,Otro,Pública,459.71
Noelia,Barraza,0,Apoyo familiar,Pública,519.17
Cecilia Karen,Velásquez,0,Trabajo,Pública,254.28
Cecilia Karen,Velásquez,0,Apoyo familiar,Pública,331.44
Alfonso Ricardo,Amaya,0,Apoyo familiar,Privada,599.11
Lola Nicolas,Gimenez,0,Apoyo familiar,Pública,406.52
Sofia,Gonzalez,0,Apoyo familiar,Privada,524.75
Mauro Ozuna,Bétancourt,0,Apoyo familiar,Pública,390.28
Rosalia Leonor,Cardona,0,Apoyo familiar,Privada,470.1
Susana Zavala,Amaya,1,Apoyo familiar,Privada,544.16
Susana Zavala,Amaya,1,Beca,Privada,345.84
Esperanza Lilia,López,0,Otro,Pública,272.04
Bianca Fernandez,Cordoba,0,Apoyo familiar,Pública,331.79
Uma Alvarez,Coronel,0,Trabajo,Pública,227.14
Uma Alvarez,Coronel,0,Otro,Pública,473.67
Amado Sanz,Catalán,0,Otro,Pública,467.84
Concepción,Villalpando,1,Apoyo familiar,Privada,625.42
Concepción,Villalpando,1,Beca,Privada,457.52
Perla,Zepeda,0,Trabajo,Pública,264.96
Gerardo Nayeli,Quesada,0,Apoyo familiar,Pública,409.25
Ever Antonio Ruiz,Salazar,0,Apoyo familiar,Pública,404.29
Alfonso Camilo Delgado,Padilla,0,Apoyo familiar,Privada,461.79
Ivonne Joaquín,Ramírez,0,Apoyo familiar,Pública,395.8
Isaura Guzman,Cadenas,1,Otro,Privada,229.92
Isaura Guzman,Cadenas,1,Beca,Privada,498.78
Benito Irene,Mendoza,0,Apoyo familiar,Pública,246.87
Flor,Castañeda,0,Apoyo familiar,Pública,257.73
Benicio Moreno,Pereyra,0,Apoyo familiar,Pública,399.51
Mtro. Gilberto,Irizarry,0,Apoyo familiar,Pública,416.87
Gerónimo José Manuel Gallart,Calvo,0,Apoyo familiar,Pública,344.79
Amílcar Fabio Tomas,Aznar,0,Apoyo familiar,Pública,398.98
Danilo Mora,Avilés,0,Apoyo familiar,Privada,250.23
Omar,Quiroz,0,Crédito educativo,Privada,138.04
Maxi Pozuelo,Benavente,0,Apoyo familiar,Pública,272.78
Micaela,Río-Sanjuan,0,Otro,Pública,295.02
Micaela,Río-Sanjuan,0,Apoyo familiar,Pública,458.04
Sr(a). Francisca,Fernandez,0,Apoyo familiar,Pública,250.03
Javier,Molina,0,Trabajo,Pública,272.24
Javier,Molina,0,Apoyo familiar,Pública,380.09
Adalberto Córdoba,Jiménez,0,Trabajo,Privada,202.93
Adalberto Córdoba,Jiménez,0,Apoyo familiar,Privada,601.02
Luis,Lugo,0,Apoyo familiar,Pública,408.48
Inocencio Gibert,Cañizares,0,Apoyo familiar,Privada,597.21
Alberto César Durán,Salas,0,Apoyo familiar,Pública,354.81
Manuel Hernando Pérez,Chávez,0,Apoyo familiar,Pública,251.39
Eugenia,Cano,0,Apoyo familiar,Pública,419.76
Sr(a). Paloma,Fernandez,0,Apoyo familiar,Pública,331.7
Manuelita Pedrosa,Mayo,0,Apoyo familiar,Pública,259.37
Esperanza Delia,Macías,0,Apoyo familiar,Privada,631.02
Tania Peralta,Bayón,0,Apoyo familiar,Pública,497.7
Ángel,Orozco,1,Apoyo familiar,Privada,488.48
Ángel,Orozco,1,Beca,Privada,535.74
Abigail Bustos,Garcia,0,Trabajo,Pública,325.25
Abigail Bustos,Garcia,0,Apoyo familiar,Pública,406.4
Paloma,Alvarez,0,Apoyo familiar,Pública,460.04
Perlita Palacios,Luque,1,Crédito educativo,Privada,271.04
Perlita Palacios,Luque,1,Otro,Privada,248.43
Perlita Palacios,Luque,1,Apoyo familiar,Privada,438.73
Perlita Palacios,Luque,1,Beca,Privada,576.04
Edelmira Cardona,Rodriguez,0,Trabajo,Pública,231.0
Abril Navarro,Alberto,0,Trabajo,Pública,316.94
Abril Navarro,Alberto,0,Apoyo familiar,Pública,227.62
Araceli Nelly,Cabrera,0,Trabajo,Pública,202.79
Araceli Nelly,Cabrera,0,Apoyo familiar,Pública,408.04
Sr(a). Mia Valentina,Leiva,0,Apoyo familiar,Pública,370.34
Rufino del,Llanos,1,Apoyo familiar,Privada,495.53
Rufino del,Llanos,1,Beca,Privada,499.78
Genaro,Rodriguez,0,Apoyo familiar,Privada,393.24
Erika Mariana Gutiérrez,Galvis,0,Apoyo familiar,Pública,358.0
Dr. Omar,Palacios,0,Trabajo,Pública,164.21
Dr. Omar,Palacios,0,Otro,Pública,278.86
Nayibe Constanza Gómez,Sánchez,0,Crédito educativo,Privada,269.75
Nayibe Constanza Gómez,Sánchez,0,Otro,Privada,251.51
Nayibe Constanza Gómez,Sánchez,0,Apoyo familiar,Privada,495.56
Alexandra,Jaimes,0,Apoyo familiar,Pública,367.75
Juan Ignacio Mateo Agustin,Ramirez,1,Apoyo familiar,Privada,408.36
Juan Ignacio Mateo Agustin,Ramirez,1,Beca,Privada,389.11
Juan Ignacio,Cardozo,0,Apoyo familiar,Pública,331.59
Lorenzo,Rodriguez,0,Apoyo familiar,Pública,384.47
Laura Fabiola Ledesma,Delgado,0,Crédito educativo,Privada,282.33
Laura Fabiola Ledesma,Delgado,0,Apoyo familiar,Privada,844.03
Régulo Castellanos,Cañellas,0,Apoyo familiar,Pública,363.83
Sessa Rolando Tovar,Arenas,0,Trabajo,Pública,248.56
Primitivo,Río,0,Trabajo,Privada,316.51
Sr(a). Mateo Agustin,Suarez,0,Apoyo familiar,Privada,522.02
Jordi Santamaria,Bello,0,Apoyo familiar,Pública,433.68
Yolanda Castro,Parra,0,Apoyo familiar,Pública,398.31
José,Pérez,0,Apoyo familiar,Pública,260.43
Andrea María José Maestas,Ortega,0,Apoyo familiar,Pública,329.63
Walter Hernández,Montes,0,Trabajo,Pública,247.6
Leonardo Pla,Hoz,1,Crédito educativo,Privada,352.11
Leonardo Pla,Hoz,1,Otro,Privada,366.03
Leonardo Pla,Hoz,1,Beca,Privada,486.96
Olivia Bautista,Nuñez,0,Trabajo,Pública,224.82
Gonzalo Acevedo,Mosquera,0,Apoyo familiar,Pública,466.32
Mercedes Marcela,Núñez,0,Crédito educativo,Pública,219.13
Mercedes Marcela,Núñez,0,Apoyo familiar,Pública,399.14
Milena María,Rojas,0,Crédito educativo,Pública,340.09
Milena María,Rojas,0,Apoyo familiar,Pública,432.6
Denis,Villamizar,0,Crédito educativo,Privada,303.72
Denis,Villamizar,0,Apoyo familiar,Privada,583.88
Andrés Nelson,Rojas,0,Apoyo familiar,Pública,338.88
Uriel,Muñoz,0,Apoyo familiar,Pública,311.59
Valentino,Rojas,0,Apoyo familiar,Pública,286.26
Sr(a). Helena,Rodarte,0,Trabajo,Privada,177.93
Sr(a). Helena,Rodarte,0,Apoyo familiar,Privada,447.42
Andrés Flavio,Muro,0,Apoyo familiar,Privada,583.02
Wilson Vélez,Arias,0,Apoyo familiar,Pública,336.05
Clara Sofia Sosa,Gomez,0,Crédito educativo,Pública,311.88
Clara Sofia Sosa,Gomez,0,Apoyo familiar,Pública,438.73
Dr(a). Salvador,Sanchez,0,Apoyo familiar,Pública,314.38
Ulises Aguiló,Mancebo,0,Apoyo familiar,Pública,514.79
Estrella,Machado-Hervás,0,Trabajo,Pública,287.76
Jeremias,Flores,0,Apoyo familiar,Pública,340.68
Óliver Niño,Sandoval,0,Apoyo familiar,Pública,335.71
Aureliano Tenorio,Hervia,0,Apoyo familiar,Pública,279.83
Cristian Lupe Blasco,Morata,0,Apoyo familiar,Pública,348.82
Edgardo Granados,Rosselló,0,Apoyo familiar,Pública,202.62
Dr(a). Joaquin,Gomez,0,Apoyo familiar,Privada,615.04
Rosalva Berenguer,Sastre,1,Apoyo familiar,Privada,217.79
Rosalva Berenguer,Sastre,1,Beca,Privada,404.87
Marino Ramirez,Zamorano,0,Apoyo familiar,Pública,270.69
Jesús Valencia,Cárdenas,0,Apoyo familiar,Pública,322.04
Miguela Abril,Clavero,0,Trabajo,Pública,325.1
Miguela Abril,Clavero,0,Apoyo familiar,Pública,476.06
Sr(a). Emma,Correa,1,Crédito educativo,Privada,347.12
Sr(a). Emma,Correa,1,Apoyo familiar,Privada,465.58
Sr(a). Emma,Correa,1,Beca,Privada,587.37
Dorotea Escobar,Ferrández,0,Trabajo,Pública,324.22
Dorotea Escobar,Ferrández,0,Apoyo familiar,Pública,258.78
Alexandra Baena,Esteban,0,Apoyo familiar,Pública,441.63
Dulce María Sandoval,Preciado,1,Apoyo familiar,Privada,488.95
Dulce María Sandoval,Preciado,1,Beca,Privada,382.97
Wilmar José,Valencia,0,Apoyo familiar,Pública,355.48
Graciela Barbara,Caldera,0,Trabajo,Pública,177.9
Graciela Barbara,Caldera,0,Apoyo familiar,Pública,417.67
María Parra,Gómez,0,Apoyo familiar,Pública,418.13
Carmen Eliana,Ospina,1,Apoyo familiar,Privada,569.73
Carmen Eliana,Ospina,1,Beca,Privada,382.67
Tito Querol,Rodriguez,0,Crédito educativo,Privada,257.6
Tito Querol,Rodriguez,0,Apoyo familiar,Privada,444.68
Norma Claudia,Cazares,0,Crédito educativo,Pública,246.27
Germán Alfonso,Aparicio,1,Apoyo familiar,Privada,402.27
Germán Alfonso,Aparicio,1,Beca,Privada,358.87
Katerine Margarita Díaz,Díaz,0,Apoyo familiar,Pública,342.87
Carlos Gómez,Salamanca,1,Apoyo familiar,Privada,536.78
Carlos Gómez,Salamanca,1,Beca,Privada,504.73
Baudelio Galiano,Jaén,0,Apoyo familiar,Pública,330.87
Martha Luz Torres,Pérez,0,Trabajo,Privada,211.05
Lic. Camilo,Gallegos,0,Apoyo familiar,Pública,326.5
Rufino Florencia,Meza,0,Apoyo familiar,Pública,411.75
Ignacio Delfina Lopez,Ruiz,0,Otro,Privada,435.22
Ignacio Delfina Lopez,Ruiz,0,Apoyo familiar,Privada,345.71
Alejandro José Ortiz,Molina,0,Otro,Pública,362.56
Thiago Benjamin Thiago Valentin,Ojeda,0,Apoyo familiar,Pública,370.58
Marina Lorena Camacho,Pineda,0,Apoyo familiar,Pública,311.46
Virginia Renato Urbina,Muro,0,Trabajo,Pública,340.52
Virginia Renato Urbina,Muro,0,Apoyo familiar,Pública,379.98
Lic. Esther,Moya,0,Trabajo,Pública,220.13
Lic. Esther,Moya,0,Apoyo familiar,Pública,413.1
Ignacio Lopez,Alvarez,0,Crédito educativo,Pública,305.45
Ignacio Lopez,Alvarez,0,Otro,Pública,299.18
Ignacio Lopez,Alvarez,0,Apoyo familiar,Pública,345.52
Zoe Valentina Lucas Rodriguez,Suarez,0,Apoyo familiar,Pública,431.76
Thiago Emma,Godoy,0,Apoyo familiar,Pública,379.91
África Hilda Rico,Marín,0,Apoyo familiar,Privada,628.63
Jordi,Peiró-Gilabert,0,Trabajo,Pública,215.13
Jordi,Peiró-Gilabert,0,Crédito educativo,Pública,368.29
Roberto,Nevárez,0,Apoyo familiar,Pública,315.81
Margarita Genaro Orta,Puente,0,Crédito educativo,Pública,346.66
Claudia Blanca Bermúdez,Bermúdez,0,Apoyo familiar,Pública,251.99
Paulina Justina,Silva,0,Apoyo familiar,Pública,368.09
Ana Diana Vallejo,Tovar,0,Apoyo familiar,Pública,213.68
Thiago Gabriel,Fernandez,0,Crédito educativo,Pública,283.97
Juanita Bilbao,Crespi,0,Apoyo familiar,Pública,381.39
Maria Guadalupe,Villalba,0,Apoyo familiar,Pública,317.52
Genaro Eric Llamas,Partida,1,Crédito educativo,Privada,236.97
Genaro Eric Llamas,Partida,1,Beca,Privada,438.77
Antonio Escobar,Peña,0,Apoyo familiar,Pública,403.76
Patricia Colom,Marti,0,Apoyo familiar,Pública,340.54
Sr(a). Mora,Cardozo,0,Trabajo,Pública,251.57
Sr(a). Mora,Cardozo,0,Apoyo familiar,Pública,338.34
Ariadna Pablo,Gomez,0,Apoyo familiar,Pública,427.37
Haroldo Villalba,Ferrándiz,0,Trabajo,Pública,250.2
Haroldo Villalba,Ferrándiz,0,Apoyo familiar,Pública,368.82
Martina Gonzalez,Cordoba,0,Otro,Pública,404.03
Olivia Agustin,Lopez,0,Crédito educativo,Pública,326.13
Olivia Agustin,Lopez,0,Apoyo familiar,Pública,362.3
Emigdio Roda,Toledo,0,Trabajo,Pública,130.2
Emigdio Roda,Toledo,0,Otro,Pública,293.04
Visitación de,Pomares,0,Apoyo familiar,Pública,199.17
Luz Janneth Gonzáles,Castillo,0,Otro,Pública,329.7
Luz Janneth Gonzáles,Castillo,0,Trabajo,Pública,248.08
Mtro. Margarita,Osorio,0,Apoyo familiar,Pública,413.6
Tomás Germán Colón,Véliz,0,Apoyo familiar,Pública,428.55
Gustavo,Montañez,0,Trabajo,Pública,270.74
Bastian Santiago,Gomez,0,Otro,Pública,322.86
Ing. Sonia,Macías,0,Crédito educativo,Pública,184.08
Ing. Sonia,Macías,0,Apoyo familiar,Pública,397.14
Hector,Jáuregui,0,Apoyo familiar,Pública,344.17
Cipriano Riba,Piñol,0,Apoyo familiar,Pública,338.72
Luis Camilo Villamil,Rodríguez,0,Crédito educativo,Pública,243.77
Luis Camilo Villamil,Rodríguez,0,Otro,Pública,243.11
Luis Camilo Villamil,Rodríguez,0,Apoyo familiar,Pública,294.7
Isaac Estefanía,Zapata,0,Apoyo familiar,Pública,334.36
Baldomero Porras,Campos,0,Crédito educativo,Pública,300.63
Baldomero Porras,Campos,0,Otro,Pública,345.21
Baldomero Porras,Campos,0,Apoyo familiar,Pública,268.47
Reina Alicia Carrera,Pacheco,0,Crédito educativo,Pública,274.5
Reina Alicia Carrera,Pacheco,0,Apoyo familiar,Pública,374.08
Ing. Georgina,Vigil,0,Apoyo familiar,Pública,340.59
Cleto Gonzalo,Guardiola,0,Trabajo,Pública,258.73
Cleto Gonzalo,Guardiola,0,Otro,Pública,270.71
Cleto Gonzalo,Guardiola,0,Apoyo familiar,Pública,370.84
Alberto,Prada,0,Apoyo familiar,Pública,332.04
Ambar,Diaz,0,Trabajo,Pública,279.25
Ambar,Diaz,0,Apoyo familiar,Pública,370.32
Isabel Jessica,Vásquez,0,Apoyo familiar,Pública,483.29
Juliana Alcira,Leal,1,Crédito educativo,Privada,208.18
Juliana Alcira,Leal,1,Apoyo familiar,Privada,478.83
Juliana Alcira,Leal,1,Beca,Privada,361.58
Sr(a). Martina,Toledo,0,Otro,Pública,275.97
Sr(a). Martina,Toledo,0,Apoyo familiar,Pública,306.96
Herberto Alarcón,Luna,0,Trabajo,Pública,213.29
Herberto Alarcón,Luna,0,Apoyo familiar,Pública,249.18
Amado Mesa,Cuéllar,0,Otro,Pública,347.4
Amado Mesa,Cuéllar,0,Apoyo familiar,Pública,377.84
Juan Manuel Rincón,Rincón,0,Crédito educativo,Pública,340.93
Juan Manuel Rincón,Rincón,0,Otro,Pública,408.2
Zoraida Aparicio,Belmonte,0,Apoyo familiar,Pública,362.37
Esteban de,Carro,0,Apoyo familiar,Pública,383.43
Mónica Isaac Madrid,Uribe,0,Trabajo,Pública,222.79
Mónica Isaac Madrid,Uribe,0,Apoyo familiar,Pública,315.95
Katherin Rojas,Ramírez,0,Crédito educativo,Pública,208.81
Juliana Ortiz,Carrizo,0,Trabajo,Pública,296.31
Juliana Ortiz,Carrizo,0,Apoyo familiar,Pública,324.22
Sr(a). Sofia,Molina,0,Apoyo familiar,Pública,368.46
Felix Terrón,Cabeza,0,Apoyo familiar,Pública,287.48
Azahar Frutos,Cepeda,0,Apoyo familiar,Pública,381.42
Nilda,Mendoza-Alegre,0,Apoyo familiar,Pública,297.46
Marisol Yolanda Acuña,Cuellar,0,Trabajo,Pública,242.91
Marisol Yolanda Acuña,Cuellar,0,Apoyo familiar,Pública,413.1
Arturo Benito Cazorla,Segovia,0,Apoyo familiar,Pública,406.73
Carlos Jairo,Benavides,0,Apoyo familiar,Pública,349.79
Martín,Segovia,0,Trabajo,Pública,161.59
Martín,Segovia,0,Crédito educativo,Pública,479.57
Martín,Segovia,0,Apoyo familiar,Pública,473.29
Eduardo Ramiro Díaz,García,0,Trabajo,Pública,286.13
Eduardo Ramiro Díaz,García,0,Apoyo familiar,Pública,298.42
Ángel Valera,Mata,0,Apoyo familiar,Pública,351.05
Azucena Macías,Dominguez,0,Trabajo,Pública,222.83
Caridad Jaqueline,Limón,0,Apoyo familiar,Pública,440.01
Pedro Gámez,Blanca,0,Crédito educativo,Pública,315.75
Pedro Gámez,Blanca,0,Apoyo familiar,Pública,296.66
Claudia Adriana Vergara,Paz,0,Trabajo,Pública,226.46
Claudia Adriana Vergara,Paz,0,Apoyo familiar,Pública,443.92
Ángel,Palomo,0,Apoyo familiar,Pública,468.4
Enrique Wilber,Díaz,0,Apoyo familiar,Privada,651.94
Luciano Benjamin Benjamin Godoy,Garcia,0,Apoyo familiar,Pública,408.11
Marisela Llorente,Viñas,1,Trabajo,Privada,237.37
Marisela Llorente,Viñas,1,Beca,Privada,175.73
Jhon Gutiérrez,Jaramillo,1,Apoyo familiar,Privada,520.33
Jhon Gutiérrez,Jaramillo,1,Beca,Privada,320.71
Alta Gracia Negrón,Caraballo,0,Crédito educativo,Pública,298.39
Alta Gracia Negrón,Caraballo,0,Otro,Pública,436.57
Alta Gracia Negrón,Caraballo,0,Apoyo familiar,Pública,408.46
Daniel Rico,Alarcón,0,Trabajo,Pública,199.36
José Natalia Lucio,Concepción,0,Apoyo familiar,Pública,410.81
Teodoro,Briseño,0,Apoyo familiar,Pública,334.47
Francesca Valentino,Ferreyra,0,Apoyo familiar,Pública,332.48
Benjamin Olivia Gonzalez,Gonzalez,0,Trabajo,Privada,354.88
Benjamin Olivia Gonzalez,Gonzalez,0,Otro,Privada,363.61
Benjamin Olivia Gonzalez,Gonzalez,0,Apoyo familiar,Privada,720.82
Eugenio Llobet,Cantero,0,Apoyo familiar,Pública,357.59
José María Saucedo,Pérez,0,Trabajo,Pública,100.0
José María Saucedo,Pérez,0,Apoyo familiar,Pública,442.62
Alfredo Nelly Rael,Candelaria,0,Apoyo familiar,Pública,321.9
Melchor Requena,Rebollo,0,Apoyo familiar,Pública,294.97
Samu,Cabrera-Torre,0,Trabajo,Pública,230.08
Samu,Cabrera-Torre,0,Apoyo familiar,Pública,591.94
Dr. Abraham,Rodríquez,0,Apoyo familiar,Pública,400.56
Santiago Joaquín,Gomez,0,Crédito educativo,Pública,206.43
Santiago Joaquín,Gomez,0,Apoyo familiar,Pública,277.04
Estela Claudio,Urías,0,Apoyo familiar,Pública,377.4
Delia Pilar,Correa,1,Crédito educativo,Privada,337.38
Delia Pilar,Correa,1,Apoyo familiar,Privada,554.34
Delia Pilar,Correa,1,Beca,Privada,414.5
Alba,Ortega,0,Apoyo familiar,Pública,282.32
Dr. Jorge,Zelaya,0,Apoyo familiar,Privada,547.8
María,López,0,Apoyo familiar,Pública,418.54
Ricardo Luis Arias,Ocampo,0,Trabajo,Pública,242.3
Ricardo Luis Arias,Ocampo,0,Apoyo familiar,Pública,295.92
Fulgencio de,Miralles,0,Crédito educativo,Pública,220.73
Fulgencio de,Miralles,0,Apoyo familiar,Pública,368.58
