nombre,apellido,becado,tipo_ingreso,tipo_universidad,ingreso_cantidad
Ciro Valentina,Bravo,0,Otro,Pública,474.14
Marianela Patricia Rebollo,Alsina,0,Apoyo familiar,Pública,361.48
Rocío,Blanco,∞∞∞,Apoyo familiar,@@@,374.67
Ernesto Robles,ERR!!,0,Apoyo familiar,Pública,567.83
Donato Cerro,Peñalver,1,Beca,Privada,349.35
Eduardo,Alegre-Osuna,0,,Pública,478.42
Natalia Fernanda,Bernal,0,Trabajo,[DAMAGED],304.12
Juana Ortiz,Ortiz,0,Trabajo,Pública,[DAMAGED]
Florencia Paulina Bravo,,###,Apoyo familiar,Privada,506.43
Thiago Benjamin,Guzman,,Apoyo familiar,Pública,365.86
Sabas del,Salvà,X,Crédito educativo,,299.48
Amanda Janeth,Sandoval,0,Otro,Pública,202.76
Tania Cecilia,Tejada,0,Crédito educativo,Pública,373.44
Loida,Prada-Paredes,∞∞∞,Apoyo familiar,Privada,275.55
Dr(a). Maia,Gonzalez,0,Trabajo,Pública,@@@
Emerson Ronal Martínez,Vega,$$$,Otro,<NULL>,0.0
Daniel,Ponce,C0RRUPT3D,Beca,Privada,492.34
Thiago Benjamin Gutierrez,Fernandez,1,Apoyo familiar,Privada,374.08
Alejandro,∞∞∞,1,Crédito educativo,Privada,C0RRUPT3D
Pilar Campos,,1,???,@@@,381.8
XXXXXXXXXXXXXXXXXXXXXXXXXXXXXXXXXXXXXXXXXXXXXXXXXXXXXXXXXXXXX,,0,Apoyo familiar,C0RRUPT3D,322.76
,Canet,0,Apoyo familiar,Pública,277.09
Dr. Débora,Elizondo,0,Trabajo,Pública,
Tomasa Menéndez,Nicolás,,Apoyo familiar,Privada,563.23
{BAD},Aparicio,1,{BAD},Privada,∞∞∞
Noelia Ramiro Caraballo,Matos,X,Otro,Pública,0.0
Eutimio Jose Antonio Marin,Landa,0,Apoyo familiar,Pública,324.64
Darío,Angulo,0,∞∞∞,Pública,242.28
Fidel Hermelinda Laureano,Espino,0,Apoyo familiar,Pública,338.46
###CORRUPT###,,,,,
Araceli,Gurule,999999.0,Trabajo,Pública,@@@
Cruz Prada,Coronado,0,Crédito educativo,<NULL>,276.82
Matias Jeronimo,Garcia,1,Apoyo familiar,<NULL>,<NULL>
Dr(a). Bruno,Godoy,0,Trabajo,<NULL>,214.46
Daniel,Contreras,0,Crédito educativo,Pública,297.27
Luciano,C0RRUPT3D,0,Apoyo familiar,Privada,741.57
Eva,Julián-Izaguirre,0,Crédito educativo,Pública,273.16
Etelvina Laura Aliaga,Caparrós,0,Trabajo,Pública,205.97
Augusto Cristian Maldonado,Pantoja,0,Apoyo familiar,Pública,266.58
Carmela,Duran-Vega,0,Trabajo,Privada,283.33
Soledad Cáceres,Gonzalez,0,Trabajo,Pública,232.09
Sr(a). Omar,Altamirano,1,Otro,Privada,447.78
Julio Juan,Rojas,0,Apoyo familiar,Pública,366.15
Benicio,∞∞∞,0,Crédito educativo,Pública,347.5
Vanesa Rolando Huerta,Quiñónez,1,Apoyo familiar,Privada,529.25
Renzo,Gonzalez,1,Beca,Privada,289.49
900714,Miranda,0,Apoyo familiar,Pública,374.27
@@@,,<NULL>,,,
Camila Pedro,Campos,0,Crédito educativo,Pública,330.3
Lic. Porfirio,Vaca,1,Beca,Privada,386.25
María Páez,Posada,1,Apoyo familiar,Privada,<NULL>
Mateo,Rodriguez,0,Otro,Pública,287.26
Gregorio Pozo,Saldaña,0,Otro,Pública,220.17
María María Ardila,Torres,0,Apoyo familiar,Privada,402.72
María Eugenia Arteaga,Muro,0,Crédito educativo,Pública,333.15
Sr(a). Eduardo,Quintanilla,0,Crédito educativo,Pública,270.98
<NULL>,Fernandez,0,,Privada,206.85
Araceli Ávila,Bosch,0,Trabajo,{BAD},247.15
Enrique Carrillo,Herrera,0,Apoyo familiar,Pública,440.8
Florencia Maximiliano Aguero,Ramirez,VAL7929,Apoyo familiar,Pública,417.34
Carmen Escrivá,Olmo,[DAMAGED],INVALID,Pública,332.91
Ing. Estela,Briseño,0,Apoyo familiar,Pública,254.88
Jafet Puig,Rosell,0,Apoyo familiar,Pública,259.68
Dr(a). Thiago Gabriel,Martinez,0,C0RRUPT3D,Pública,185.58
Reyes Gallego,Carreño,0,Apoyo familiar,Pública,0.0
Dr. Minerva,Lomeli,0,Apoyo familiar,Pública,365.98
Felicidad Alberola,$$$,0,Apoyo familiar,Pública,309.53
,,,,,
[DAMAGED],Martínez,0,Otro,Pública,212.5
Manuel Andrés Martínez,[DAMAGED],0,Apoyo familiar,Privada,460.01
Mar Tenorio,Rincón,0,Otro,Pública,239.21
Máxima África Diaz,Calzada,0,???,Pública,INVALID
Santiago Benjamin Julia Perez,Sanchez,0,[DAMAGED],C0RRUPT3D,275.81
Emma Maximo,Aguirre,1,Apoyo familiar,,450.45
Anabel Elias,Zedillo,0,Apoyo familiar,Pública,299.97
Dr(a). Mateo Benjamin,Aguirre,1,Apoyo familiar,Privada,492.69
Amador Nancy,Zepeda,0,Apoyo familiar,Pública,298.07
Alejandro Molina,Parra,0,Apoyo familiar,Pública,535.35
Hilario Cervantes,INVALID,1,Crédito educativo,XX,$$$
,,,,,
Darío Noelia Santacruz,Rosario,0,INVALID,Pública,342.53
Paula Bianca,Gomez,0,Otro,Pública,
Leoncio,Giner,0,Otro,Pública,275.86
Paula Isabel,Cárdenas,0,[DAMAGED],Pública,∞∞∞
,,,,,
Natalia Cardenas,Saldivar,0,Trabajo,Pública,[DAMAGED]
∞∞∞,Martinez,0,Otro,Pública,256.49
Mario Manuel,Bernal,0,Apoyo familiar,Privada,500.11
Camila Sandra Flórez,Murcia,0,Trabajo,Pública,334.9
,,,,,
Sr(a). Lola,Carrizo,0,Apoyo familiar,@@@,219.5
Carmelita Barroso,Sebastián,0,Otro,XXXXXXXXXXXXXXXXXXXXXXXXXXXXXXXXXXXXXXXXXXXXXXXXXXXXXXXXXXXXXXXXXXXXXXXXXXXXXXXXXXXXXXXXXXXXXXXXXXXXXXXXXXXXXXXXXXX,323.28
Lucía Tomás,Morales,1,Beca,Privada,421.1
Rodrigo Barrientos,Mora,0,Trabajo,Pública,266.57
Aristides Castell,Herrera,1,∞∞∞,Privada,523.52
María Santillán,Alvarado,0,Apoyo familiar,Pública,413.09
Thiago Valentin,###CORRUPT###,{BAD},Apoyo familiar,###CORRUPT###,<NULL>
Bautista,Olivera,0,Apoyo familiar,Pública,430.53
Luciana Valentino Vazquez,Martinez,0,Crédito educativo,Pública,302.99
Elisa Dalia,Lozano,0,Apoyo familiar,Pública,347.81
Francesca Carrizo,Figueroa,0,Apoyo familiar,Pública,400.93
,,,,,
Yeni Cristian,Cuellar,@@@,Otro,Pública,488.83
Lic. Angélica,Pichardo,0,Crédito educativo,Pública,INVALID
Judith,Vergara,0,Apoyo familiar,@@@,413.21
Bautista Benicio,$$$,0,Apoyo familiar,Pública,369.2
Isabella Lorenzo,Flores,0,Crédito educativo,Pública,257.78
,,,,,
,,,∞∞∞,,
Dr. Rebeca,{BAD},0,Apoyo familiar,Privada,650.14
Fernando,Martínez,1,Trabajo,Privada,143.46
Marta Feijoo,Isern,0,Trabajo,Pública,229.27
César Salma,Valladares,0,Trabajo,Pública,242.92
Noelia Agustina Cisneros,Moya,0,Apoyo familiar,Pública,409.34
Felipe Juarez,Rios,0,Otro,Pública,249.95
,,,,,
Dulce Espinosa,Huerta,1,Crédito educativo,C0RRUPT3D,288.57
Martina Navarro,,0,Crédito educativo,Pública,412.39
Jacobo,Calvillo,0,Apoyo familiar,Pública,270.71
Valentino Sofia,Luna,0,Apoyo familiar,Pública,343.42
Gabriel Catalina,Bravo,,Apoyo familiar,INVALID,0.0
Teodoro,Briseño,0,Apoyo familiar,Pública,334.47
Jose Antonio Enríquez,Castellanos,∞∞∞,Apoyo familiar,Pública,
Alejandra Valero,Montenegro,0,Trabajo,Pública,233.18
Sr(a). Renato,Contreras,0,Apoyo familiar,C0RRUPT3D,269.36
Mtro. Victoria,Chapa,0,Apoyo familiar,Pública,384.58
Dr(a). Victoria,,0,Trabajo,XX,249.0
[DAMAGED],<NULL>,1,Otro,Privada,471.27
,<NULL>,,,,
Augusto Ciro Aguirre,Torres,X,Crédito educativo,Pública,179.67
Dr(a). Maximiliano,Gomez,1,Apoyo familiar,@@@,590.21
,,,,,
Ileana del,Jáuregui,0,Trabajo,XX,192.42
Enrique,Escobar,0,Apoyo familiar,Pública,419.04
María,Beltrán,1,Beca,Privada,{BAD}
Daniel,Galvis,0,Apoyo familiar,Pública,368.53
Nathalia Carrillo,595338,0,Apoyo familiar,,331.29
Paula Benjamin Mendez,Fernandez,1,Beca,###CORRUPT###,###
Álvaro Juan,###CORRUPT###,0,Apoyo familiar,Privada,520.06
,∞∞∞,INVALID,,,<NULL>
[DAMAGED],Lopez,@@@,Apoyo familiar,Privada,695.84
Santino Nicolas Maximo,Cordoba,0,Trabajo,Pública,VAL2296
Pelayo Losada,,0,Otro,Privada,C0RRUPT3D
Mora Santino,∞∞∞,0,Crédito educativo,Pública,291.33
Santino Rivero,Rodriguez,0,$$$,Pública,303.21
,,,,,
Dr(a). Simon,Castro,1,Beca,Privada,400.38
Mia Morena Juan Gabriel Gomez,Flores,0,Apoyo familiar,Pública,320.75
Sr(a). Timoteo,Franco,0,Apoyo familiar,Privada,217.54
Claudia,Blanco,0,Apoyo familiar,Pública,189.14
∞∞∞,Acevedo,0,Otro,Pública,432.76
Tito Querol,Rodriguez,C0RRUPT3D,???,Privada,444.68
Merche Barrios,Miralles,0,Apoyo familiar,Pública,381.2
Francisca Marco,Calatayud,1,Beca,Privada,359.45
Sr(a). Julieta,Rodriguez,0,Trabajo,Pública,296.81
Lupita Consuelo Catalán,Belda,0,Trabajo,Pública,194.06
,,,,,
Francisco Misael Ruiz,Torres,0,Crédito educativo,INVALID,242.95
Gregorio,Gutiérrez-Salom,1,Otro,C0RRUPT3D,313.91
∞∞∞,Castro,0,Apoyo familiar,XXXXXXXXXXXXXXXXXXXXXXXXXXXXXXXXXXXXXXXXXXXXXXXXXXXXXXXXXXXXXXXXXXXXXXXXXXXXXXXXXXXXXXXXXXXX,265.67
Guillermina,Sanchez,1,Apoyo familiar,Privada,444.79
[DAMAGED],Gutiérrez,@@@,Beca,,532.18
Leonor Patricia Córdova,Guajardo,1,Beca,Privada,0.0
Agustin Simon Quiroga,Sanchez,0,Crédito educativo,Pública,338.92
INVALID,Acosta,0,Apoyo familiar,Pública,394.35
Dr(a). Santino,Flores,1,Beca,∞∞∞,###CORRUPT###
Santino Flores,@@@,INVALID,Apoyo familiar,XX,435.2
Sr(a). Alma,Perez,1,Apoyo familiar,###,568.59
949901,,,,,
Francisco Javier Oliver,Tomé,0,Crédito educativo,Pública,325.55
Luca,Suarez,0,Apoyo familiar,Pública,347.63
Gabriel Óscar Solano,Vergara,1,???,Privada,
Jhonny Calderón,Vargas,0,Apoyo familiar,Pública,354.65
María Giraldo,Gómez,[DAMAGED],Apoyo familiar,Pública,290.36
Valentin Martin,Suarez,0,Crédito educativo,@@@,221.05
Sr(a). Pilar,,0,Trabajo,Pública,<NULL>
Santiago Benjamin Julia Perez,Sanchez,0,Trabajo,Pública,245.23
∞∞∞,Vargas,0,Apoyo familiar,Pública,401.41
@@@,Bueno,INVALID,Apoyo familiar,[DAMAGED],
Elisabet Débora Perelló,Vicente,0,Apoyo familiar,Pública,463.5
Alejo Luisana,Castillo,0,###CORRUPT###,XXXXXXXXXXXXXXXXXXXXXXXXXXXXXXXXXXXXXXXXXXXXXXXXXXXXXXXXXXXXXXX,293.14
Fernanda Esperanza Jiménez,Hernández,0,[DAMAGED],Pública,372.2
Marisela,Flórez,0,Apoyo familiar,Pública,
Alonso Laura Mireles,Curiel,0,Apoyo familiar,Pública,380.68
Alfredo,Rentería,0,Crédito educativo,Pública,388.68
José Monroy,Zapata,X,Crédito educativo,Privada,388.85
Matilde Pineda,Erazo,0,Apoyo familiar,Pública,237.1
Lautaro Benjamin,Gutierrez,1,@@@,Privada,262.63
Ing. Dulce,Ceballos,0,Apoyo familiar,Pública,INVALID
Alejandro Almonte,Soto,1,Apoyo familiar,Privada,397.13
Mateo Irene,$$$,0,Apoyo familiar,Pública,233.58
Andrés Alta Gracia Fonseca,Vélez,1,Beca,Privada,431.18
Guillermina Mia Jazmin,Olivera,0,Apoyo familiar,Pública,339.36
Erick Valencia,Acevedo,0,C0RRUPT3D,Pública,340.96
Amado Sanz,Catalán,0,###,C0RRUPT3D,467.84
María Claudia,,0,112281,Privada,0.0
Cándido Bas,Puga,0,Apoyo familiar,Pública,<NULL>
Lautaro Benjamin,Rivero,0,Trabajo,Pública,170.56
Esteban José Eduardo,Calderón,0,Apoyo familiar,Pública,557.54
[DAMAGED],Vargas,0,Apoyo familiar,Pública,388.02
Sr(a). Malena,Sosa,0,Apoyo familiar,Privada,354.59
Sr(a). Marcela,Guillen,X,Trabajo,@@@,286.73
Tiziano Benjamin Cruz,Acosta,1,Beca,Privada,463.84
###CORRUPT###,Rivero,1,$$$,Privada,311.24
Andrés Juan Vargas,Cano,C0RRUPT3D,Apoyo familiar,Pública,C0RRUPT3D
Abril Navarro,Alberto,0,Trabajo,Pública,316.94
Clara,Roig,1,Apoyo familiar,Privada,552.96
Mercedes María del Carmen Méndez,Malave,@@@,Apoyo familiar,Pública,392.53
@@@,Jiménez,1,Beca,Privada,494.45
Horacio Ana,Ojeda,0,Crédito educativo,Pública,449.1
,,,,,
<NULL>,Nevárez,0,Apoyo familiar,Pública,395.26
Paola Camargo,García,0,Apoyo familiar,Pública,366.4
Luis,García,0,C0RRUPT3D,Pública,326.24
Susanita,Casanovas,0,Trabajo,529108,180.86
Angélica Arana,Calvo,0,Apoyo familiar,Pública,342.83
,,,,,
@@@,Rodriguez,,Otro,Privada,382.09
Jesús Fabiola,Balderas,1,Beca,Privada,[DAMAGED]
María Viviana Suárez,Becerra,0,Apoyo familiar,Pública,413.92
Alejandro,Gil,1,Beca,Privada,477.07
Leoncio Segovia,Arroyo,1,Beca,Privada,412.24
Mateo Valentino Moyano,Gomez,1,Apoyo familiar,XX,[DAMAGED]
Camilo Humberto Armendáriz,Cavazos,1,Beca,Privada,536.81
Gerardo,Calderón,0,Trabajo,,281.62
Lucas Gustavo Cruz,Arenas,0,{BAD},Pública,310.16
Ester,Falcón,0,Otro,Pública,430.83
Dr(a). Santino,Flores,X,Trabajo,Privada,177.76
,Infante,1,Apoyo familiar,Privada,392.83
Ignacio Rios,Villalba,0,Apoyo familiar,Pública,274.04
Oswaldo,Vargas,1,Beca,Privada,507.88
Pilar Mateo Benjamin,∞∞∞,1,Trabajo,###CORRUPT###,298.25
Pablo,,0,Otro,Pública,465.98
Rita,Pou-Juan,0,Apoyo familiar,Pública,385.79
XXXXXXXXXXXXXXXXXXXXXXXXXXXXXXXXXXXXXXXXX,Vélez,0,???,Pública,353.49
Luca Lisandro,Barrios,0,Apoyo familiar,,353.79
Jenaro Cabo,Beltrán,0,Trabajo,Pública,238.27
INVALID,García,0,???,Pública,268.95
Luis Camilo Villamil,$$$,0,Apoyo familiar,∞∞∞,294.7
Liliana,Fonseca,0,Apoyo familiar,Pública,359.53
Haroldo Villalba,Ferrándiz,0,Trabajo,Pública,250.2
María Suárez,Martínez,0,Apoyo familiar,∞∞∞,337.53
Lic. Pilar,Razo,0,$$$,Pública,429.95
Mateo Fernandez,Gimenez,1,Beca,{BAD},289.03
Anunciación Casares,Andreu,INVALID,Apoyo familiar,Pública,463.61
Yolanda Nelcy,@@@,0,Otro,Pública,330.84
Sessa Carlota Avilés,Canales,0,Apoyo familiar,Pública,364.69
Adriana Bruno Espinal,Verdugo,0,INVALID,Pública,427.07
Octavia Arranz,Heras,0,Apoyo familiar,Pública,{BAD}
Esmeralda Hernández,Rolón,0,Apoyo familiar,Pública,357.97
Florentina Camino,Morales,0,@@@,Pública,294.66
Natalia,Zapata,0,Apoyo familiar,Pública,348.81
Sofia Belen,Pereyra,1,áéíóú ñ,Privada,214.93
José,González,0,Trabajo,###CORRUPT###,281.99
Esteban Elsa,Aguirre,1,???,Privada,536.38
$$$,Pinto,0,Otro,Pública,382.32
Benjamin Molina,Gonzalez,0,Trabajo,Pública,259.83
Dr. Omar,Lira,0,Apoyo familiar,Pública,474.1
Camila Santino,Benitez,0,Apoyo familiar,Pública,303.85
Antonio,Martínez,1,Apoyo familiar,Privada,634.71
Miriam Eligia Bernat,Marcos,0,Apoyo familiar,Pública,499.06
Perla Daniel Quiñones,Guerrero,0,Crédito educativo,Pública,275.44
Gloria Vidal,Sacristán,X,Apoyo familiar,Pública,341.41
María Teresa Muro,Meza,1,Beca,Privada,294.11
Carlos,Flórez,0,Trabajo,Privada,217.54
Sofia Ramirez,Franco,0,Apoyo familiar,Pública,187.41
Verónica,Salas,###,Crédito educativo,Pública,393.62
Zaida Águila,Vélez,VAL5501,Crédito educativo,,230.57
{BAD},Hoyos,0,Trabajo,C0RRUPT3D,239.33
Sr(a). Malena,Fernandez,0,Crédito educativo,Pública,276.74
Loreto Guzmán,Beltran,0,Crédito educativo,Privada,282.46
<NULL>,Galindo,0,Trabajo,Pública,∞∞∞
Sr(a). Mateo Valentin,Suarez,0,Otro,Pública,455.99
Germán Sandra,Casares,0,Apoyo familiar,,[DAMAGED]
∞∞∞,Garibay,0,Apoyo familiar,Pública,392.93
Jeremias Bautista,Moreno,0,Apoyo familiar,Pública,358.92
Francesca Valentino,Muñoz,0,Apoyo familiar,Pública,0.0
,,,,,
Sofia Molina,,0,Apoyo familiar,Pública,309.82
Chema Vilaplana,Carreras,0,ERR!!,<NULL>,370.09
José Emilio,Bravo,0,Crédito educativo,[DAMAGED],@@@
Luz,Mora,0,Apoyo familiar,Pública,297.67
Maria Paz Joaquin Torres,Vega,,Beca,Privada,∞∞∞
Bernardo,Castañeda,@@@,{BAD},Pública,282.73
Rosaura de,Ramis,0,Apoyo familiar,Pública,416.09
,,,,{BAD},
Domitila Bolaños,Varela,0,Otro,Pública,303.19
Carmen,Morales,0,Apoyo familiar,Pública,360.45
Dr(a). Luna,Nuñez,0,Trabajo,Pública,254.28
Juanita Bilbao,Crespi,0,$$$,954854,381.39
Araceli,Villa,$$$,Otro,Pública,321.47
Catalina Morena Jazmin Romero,@@@,0,Apoyo familiar,Pública,430.95
Henry,<NULL>,1,Trabajo,Privada,268.06
Paola Nadia Donoso,Bauzà,0,Apoyo familiar,Pública,273.83
<NULL>,Conesa,0,Apoyo familiar,Pública,492.49
Sr(a). Josefina,Luna,0,Crédito educativo,,315.47
,,,,,
Cristian Edgar Fonseca,Mejía,1,Otro,Privada,407.87
,,,,,
ERR!!,Vazquez,0,Trabajo,Privada,228.93
Concepción Benítez,Robledo,0,Apoyo familiar,Pública,497.39
Ian Ezequiel Gonzalez,,0,Apoyo familiar,Pública,337.8
Teófilo Antúnez,Martín,0,Apoyo familiar,Pública,288.33
,,,,,
,,0,Trabajo,Pública,207.36
Valentina Jazmin Delfina,Martin,0,Apoyo familiar,###CORRUPT###,0.0
Luisa Luz Aguilar,Rodríguez,0,Crédito educativo,Pública,394.95
Wendolin,Chapa,0,Crédito educativo,Pública,295.33
,,,{BAD},,
Hilario Cervantes,Guardia,1,Otro,Privada,236.17
468781,,1,Otro,Privada,443.03
Horacio Juan,Rendón,1,Trabajo,Privada,207.16
Sergio Razo,Laureano,0,Apoyo familiar,Pública,338.04
Dr(a). Franco,Martinez,0,Apoyo familiar,Pública,355.24
<NULL>,Agudelo,1,Trabajo,Privada,293.14
{BAD},Núñez,0,Crédito educativo,∞∞∞,302.01
Ruby,Puga,,Otro,Privada,355.18
Berto Jordá,120385,0,Crédito educativo,Pública,279.24
Nico Anastasio Iglesia,Cabello,0,XXXXXXXXXXXXXXXXXXXXXXXXXXXXXXXXXXXXXXXXXXXXXXXXXXXXXXXXXXXXXXXXXXXXXXXXXXXXXXXXXXXXX,Pública,272.79
Juan Francisco Alfonso Montaña,Conde,0,Apoyo familiar,Pública,373.1
William Julián,Gómez,VAL5043,Trabajo,Pública,302.59
Iván Esther,Angulo,1,Beca,Privada,321.3
Carlos Ramiro,Jaramillo,1,áéíóú ñ,Privada,499.97
Elena Casanova,Pedro,1,Apoyo familiar,Privada,634.66
,,,,,
Olga Lida Acosta,Londoño,0,Trabajo,∞∞∞,$$$
Mtro. Teresa,Aguirre,1,Beca,Privada,650.16
Albina Vigil,Cantero,1,Apoyo familiar,Privada,839.45
Leydi Diana,Cárdenas,1,Beca,Privada,288.44
@@@,Corral,0,???,Pública,###CORRUPT###
Valero del,Galiano,VAL7813,<NULL>,Pública,267.14
Claudia Luis Manuel Páez,Valle,X,Crédito educativo,Pública,312.48
992407,Mendoza-Alegre,0,Apoyo familiar,Pública,297.46
Francisco Javier Camilo,López,0,Apoyo familiar,Pública,[DAMAGED]
Benjamin Alejandro Lopez,C0RRUPT3D,0,Apoyo familiar,Pública,412.9
Amparo,,0,Apoyo familiar,@@@,356.4
Lautaro Benjamin Zoe Jazmin,Franco,0,Crédito educativo,Pública,
Alejandra Stella Contreras,Rincón,0,Crédito educativo,XX,328.53
Jazmin Lucas Maidana,Muñoz,0,Apoyo familiar,∞∞∞,446.16
Bautista Benjamin Vega,Farias,-9999.0,Apoyo familiar,Pública,0.0
Lic. Beatriz,Ceja,0,Apoyo familiar,Pública,245.42
Mtro. César,Montes,1,,Privada,282.65
,,,,,
Jorge Luis Jos Villalpando,Tafoya,0,Apoyo familiar,Privada,358.77
Jesús,González,0,Apoyo familiar,Pública,307.05
Lucas Gustavo Cruz,Arenas,0,Apoyo familiar,Pública,251.62
Irene,Alba,0,{BAD},###CORRUPT###,416.51
###CORRUPT###,Jaimes,0,Apoyo familiar,Pública,419.17
Reynaldo Adela,Nevárez,VAL5372,Trabajo,Privada,258.63
Aurora,∞∞∞,1,Beca,Privada,424.8
,,,,,10000000000.0
Pilar Homero Jaramillo,Perales,0,Apoyo familiar,Pública,353.24
Nilda Barrio,Gordillo,0,Trabajo,Pública,208.29
,,,,,
Esparta Anabel,Chavarría,0,Crédito educativo,{BAD},287.06
Vidal,Miralles-Baró,0,Apoyo familiar,XXXXXXXXXXXXXXXXXXXXXXXXXXXXXXXXX,351.68
Micaela Gloria,C0RRUPT3D,0,Crédito educativo,Privada,317.46
Ing. Adán,Gonzales,VAL4991,Crédito educativo,Privada,327.5
<NULL>,Torres,0,Apoyo familiar,ERR!!,@@@
Cristian Medrano,Zambrano,0,Apoyo familiar,Pública,319.79
$$$,Canet-Ramírez,0,Apoyo familiar,Pública,338.92
Violeta,Rendón,1,Apoyo familiar,Privada,483.41
María Elena Cruz,Uribe,0,Crédito educativo,Pública,224.93
Amor Carranza,Coloma,1,Otro,Privada,353.63
Aurelio Sergio,Olivo,[DAMAGED],Apoyo familiar,Pública,269.0
{BAD},Correa,0,INVALID,Privada,479.01
Bernardita Gimeno,Blanco,0,Trabajo,Pública,317.31
Felipe Cárdenas,Gómez,1,Beca,Privada,522.18
Valentino Bautista Benjamin Ledesma,Gonzalez,0,Crédito educativo,Pública,C0RRUPT3D
Lic. Zeferino,Villanueva,0,Apoyo familiar,Pública,484.94
Eduardo Carlos,Contreras,<NULL>,Otro,Pública,485.02
Luis Jorge Solano,Salgado,0,Trabajo,Pública,$$$
,,ERR,,,
Lola Mateo Benjamin Soto,Diaz,1,Beca,Privada,323.69
Alexander,Contreras,1,Beca,Privada,434.36
Sr(a). Santino,Ramirez,1,Crédito educativo,Privada,284.51
Claudio Aurelio Osorio,Alejandro,1,Beca,Privada,506.79
Leydi Liliana,###CORRUPT###,0,,Pública,VAL4581
Perla Alfredo,Olivo,1,Beca,C0RRUPT3D,421.51
Micaela,Carreón,0,Trabajo,Pública,291.82
Eric Luciano Espada,Alcázar,0,Apoyo familiar,Pública,293.71
Amanda Rosalia,Méndez,1,Beca,Privada,265.68
Ian Ezequiel Sofia Gomez,Arias,0,Apoyo familiar,Pública,365.58
[DAMAGED],Zelaya,0,Apoyo familiar,Pública,364.28
Mtro. Ignacio,<NULL>,0,???,Pública,329.59
Dr. Ángela,{BAD},0,∞∞∞,Pública,297.96
Luis López,,0,<NULL>,Pública,393.73
,,,,,
C0RRUPT3D,Criado,0,Apoyo familiar,Pública,279.03
∞∞∞,Navarro-Alberdi,0,???,Pública,325.39
Juan Rodríguez,Silva,0,Trabajo,Privada,259.58
Zoé Vicente Niño,Alba,0,Apoyo familiar,XX,297.55
,[DAMAGED],,,,
Samuel Salvador,Santiago,1,Beca,Privada,391.48
Marcial Cárdenas,Abad,1,Apoyo familiar,Privada,546.41
Nayibe Constanza Gómez,Sánchez,0,Crédito educativo,Privada,269.75
Dr(a). Joaquín,Gonzalez,1,349207,Privada,333.86
∞∞∞,{BAD},0,Apoyo familiar,Pública,392.36
Óscar José María,Noriega,0,ERR!!,Pública,288.89
Amor Carranza,Coloma,1,Beca,Privada,388.65
,,,,,
Catalina Rodriguez,Benitez,0,Crédito educativo,Pública,296.67
Gastón Marcos,Pelayo,0,$$$,Pública,339.38
Violeta,Lucero,0,Apoyo familiar,Privada,801.24
Amada Castelló,Bonilla,0,$$$,Privada,597.6
Trinidad,Medrano,0,???,Pública,INVALID
Edilberto Mario,Zapata,0,###CORRUPT###,Pública,377.58
Francisco Edgar,Acosta,0,Apoyo familiar,Pública,493.0
Benjamin,Alvarez,0,Otro,C0RRUPT3D,416.12
Victoria Benjamin Benitez,Perez,[DAMAGED],{BAD},{BAD},319.92
Mayte Aragón,Palau,0,Trabajo,###CORRUPT###,216.14
Isabel Ospina,Peña,0,Trabajo,Pública,194.89
Sr(a). Mateo Valentin,Suarez,0,Apoyo familiar,,340.08
Alexander,Sánchez,0,INVALID,Pública,393.04
Edinson Héctor Cardozo,Torres,0,Otro,Pública,414.85
Lic. Dolores,Lerma,0,Apoyo familiar,Pública,C0RRUPT3D
Carla Berríos,Salcedo,0,Apoyo familiar,Privada,826.81
Claudia Reyna,Negrón,0,Crédito educativo,Pública,186.5
Pía Ligia Valdés,Morán,###CORRUPT###,Trabajo,Pública,271.39
Jesús,Pabón,VAL1512,Apoyo familiar,,366.41
Amado Mesa,Cuéllar,0,Otro,,347.4
Dr(a). Malena,Correa,0,Trabajo,Pública,273.55
Áurea Máxima Lastra,Andres,<NULL>,Trabajo,Pública,208.61
Mtro. Zoé,Dueñas,0,Crédito educativo,Pública,C0RRUPT3D
Etelvina Laura Aliaga,Caparrós,0,$$$,Pública,219.2
Gema,Alba-Mateo,0,Apoyo familiar,Pública,382.28
Soledad,Duarte-Artigas,0,<NULL>,Pública,522.01
Sr(a). Fausto,Lopez,0,Trabajo,,184.39
Dr(a). Paulina,Cabrera,0,Trabajo,{BAD},293.21
Olga Montemayor,Sanches,1,Beca,{BAD},411.73
Lic. Porfirio,Vaca,@@@,Apoyo familiar,Privada,463.87
Heidy Teresa Caro,Peña,0,Apoyo familiar,Pública,339.64
,,,,,
###,Rosa,0,Apoyo familiar,,332.3
Amalia,Belmonte-Pallarès,1,Beca,Privada,348.23
C0RRUPT3D,Alonzo,1,Trabajo,Privada,232.1
Antonio,Martínez,1,Beca,Privada,340.75
María Luisa Jerónimo,Magaña,0,Apoyo familiar,Pública,316.43
Ciro Feliciano Sierra,$$$,0,Otro,[DAMAGED],232.78
María,Zapata,0,Apoyo familiar,XX,$$$
Mariela Ivonne,###CORRUPT###,1,Apoyo familiar,Privada,439.38
Lara,∞∞∞,VAL7599,Apoyo familiar,Pública,$$$
Mauro Ozuna,Bétancourt,,INVALID,Pública,390.28
Emilia Ferrero,Clemente,0,Apoyo familiar,Pública,490.68
Richard,Pedraza,0,###CORRUPT###,Pública,285.47
Lilia,Jiménez,0,Apoyo familiar,Pública,265.21
Ainara Morcillo,Duarte,0,Apoyo familiar,Pública,345.97
Fernando Cirino Buendía,Cervantes,0,Crédito educativo,Pública,260.46
Benjamin Francisco,Martinez,0,Trabajo,Pública,345.57
Lic. Isaac,Cervantes,0,Apoyo familiar,,308.04
León Felipe,Bohórquez,<NULL>,Apoyo familiar,Privada,[DAMAGED]
Fabiola Palomo,Sáenz,0,Otro,Pública,238.12
Patricia,Naranjo,0,Trabajo,INVALID,293.64
Faustino Pallarès,Donoso,0,Otro,INVALID,460.15
Salomé Lorenzo,Mur,0,Apoyo familiar,Pública,C0RRUPT3D
<NULL>,Barrio,1,Trabajo,Privada,270.48
C0RRUPT3D,INVALID,0,118727,XX,419.82
∞∞∞,Rosa,1,Beca,Privada,483.15
Sara,Benavente,0,Crédito educativo,Pública,112.77
Martha Carmen Ramírez,Aguilar,0,Trabajo,Pública,219.19
Lautaro Benjamin Thiago Gabriel,Godoy,0,Apoyo familiar,Pública,397.0
Arcelia Negrete,Ulloa,0,Trabajo,Pública,310.61
Dalia Víctor Niño,@@@,0,Apoyo familiar,Pública,460.76
Araceli,@@@,0,Apoyo familiar,Pública,279.58
∞∞∞,Diaz,<NULL>,Apoyo familiar,Pública,376.57
África Hilda Rico,Marín,0,Apoyo familiar,Privada,628.63
Francisco Moreno,Fernandez,###CORRUPT###,@@@,Pública,0.0
Guadalupe Camila Acosta,Ortiz,0,Apoyo familiar,Pública,334.85
Lara Ivan Fernandez,Garcia,0,Otro,{BAD},204.12
Isabella Julian,Correa,0,,Pública,C0RRUPT3D
Eugenia Mata,Villena,0,Apoyo familiar,Pública,424.74
Sr(a). Mia Valentina,Leiva,0,Apoyo familiar,Pública,370.34
Carolina Sonia Giraldo,Martínez,0,$$$,Pública,350.84
María Teresa Carrasco,Hoyos,0,###CORRUPT###,Pública,324.35
Clemencia Carrillo,,,Trabajo,Pública,106.39
Adalberto Gil,Vega,0,[DAMAGED],Privada,197.88
Leticia,Guzmán-Valls,0,Apoyo familiar,Pública,391.67
,Gutierrez,0,Otro,Pública,225.43
Nerea Carrasco,Aguado,0,Apoyo familiar,Pública,398.79
Dulce Uriel Guevara,Gil,0,Crédito educativo,Pública,296.64
Mireia Alegre,[DAMAGED],0,???,Pública,374.25
,Lopez,0,Apoyo familiar,XX,533.26
Catalina,Gutierrez,-9999.0,Crédito educativo,Pública,295.97
Dr(a). Martina,Gomez,0,Apoyo familiar,Pública,369.77
C0RRUPT3D,Fernandez,1,,Privada,419.59
Fabián,Bolaños,1,Beca,Privada,426.8
Luis Juan,Fuentes,BAD,Apoyo familiar,###CORRUPT###,287.21
Sr(a). Justina,Morales,0,Otro,Pública,414.3
Thiago Benjamin Thiago Leonel,Juarez,0,Otro,Pública,ERR
Felipe,Montes,@@@,Otro,Pública,387.7
Abel Paola,Estévez,0,Apoyo familiar,Pública,449.0
Gregorio Iglesias,Gracia,0,áéíóú ñ,Pública,238.06
Mia,Silva,1,Beca,Privada,C0RRUPT3D
Kiara Fernandez,Godoy,1,Beca,Privada,236.08
@@@,Jiménez,0,Apoyo familiar,Privada,433.36
Ingrid Rivera,Gómez,C0RRUPT3D,∞∞∞,Pública,
Valentina Maia,Perez,1,Apoyo familiar,Privada,595.45
XXXXXXXXXXXXXXXXXXXXXXXXXXXXXXXXXXXXXXXXXXXXXXXXXXXXXXXXXXXXXXXXXXXXXXXXXXXXXXXXXXXXXXXXXXXXXXXXXXXXXXXXXXXXXXX,Gisbert,0,Trabajo,Pública,253.91
Gloria Madrigal,Linares,1,Crédito educativo,Privada,405.99
Juan Santino Lopez,Rojas,1,Crédito educativo,@@@,349.31
Joaquin Ruiz,Rios,0,Apoyo familiar,Pública,332.12
Oswaldo,Vargas,1,Apoyo familiar,Privada,475.37
Benicio Garcia,Cordoba,0,Apoyo familiar,Pública,338.98
Juan Ignacio,Cardozo,0,Apoyo familiar,Pública,331.59
,,,,,
,,,,,
$$$,,,,,
Eduardo Gutiérrez,Romero,0,Crédito educativo,Pública,289.18
Jose Carlos Ariel Castañeda,Vega,0,Apoyo familiar,Pública,263.69
Genaro Santiago Peralta,Gomez,0,Apoyo familiar,Pública,389.01
Dr. Esparta,Téllez,0,Apoyo familiar,Pública,362.15
Fabián Márquez,Alvarado,0,Trabajo,{BAD},264.59
Alexandra Baena,Esteban,@@@,Apoyo familiar,Pública,441.63
Iván,Bustos,1,Beca,Privada,647.21
Leonardo Marisela,Benítez,$$$,Apoyo familiar,Pública,388.16
Virgilio Rovira,Noguera,1,Beca,Privada,0.0
Alejandro Almonte,Soto,1,Beca,Privada,551.34
###CORRUPT###,,,,,
Juliana Martinez,Gonzalez,0,Trabajo,Pública,247.82
Victoria Hernán Orta,Barreto,0,Apoyo familiar,Pública,275.75
<NULL>,Jaime,0,Apoyo familiar,Pública,323.92
Lara Valentina Gomez,Ponce,0,Trabajo,Pública,139.59
,,,$$$,,C0RRUPT3D
Dr(a). Salvador,Sanchez,0,Apoyo familiar,Pública,314.38
Sr(a). Emma,Correa,1,Beca,Privada,587.37
Francisco Mansilla,Gomez,1,C0RRUPT3D,Privada,386.68
[DAMAGED],@@@,0,Otro,Pública,@@@
Paula Yolanda Restrepo,Bermúdez,1,Trabajo,XXXXXXXXXXXXXXXXXXXXXXXXXXXXXXXXXXXXXXXXXXXXXXXXX,313.56
Mateo Valentino Moyano,Gomez,1,Beca,Privada,453.97
Águeda Leiva,Perales,0,Otro,Pública,440.91
Isabel Guillén,Gaya,0,Apoyo familiar,Pública,249.99
Dr(a). Maximo,Gimenez,0,Otro,,240.66
Dante,Ponce,1,Beca,Privada,427.63
Thiago Ezequiel Dominguez,Rojas,1,Beca,Privada,[DAMAGED]
Elodia Bernardita Bas,Sevilla,0,Apoyo familiar,Pública,224.62
,,,,,
Carlos Monroy,Arias,1,Beca,Privada,999999.0
Loreto,Bosch,0,Apoyo familiar,Pública,{BAD}
Constanza Paz Gomila,Castejón,1,Beca,Privada,506.04
Thiago Gonzalez,Soria,1,Otro,XXXXXXXXXXXXXXXXXXXXXXXXXXXXXXXXXXXXXXXXXXXXXXXXXXXXXXXXXXXXXXXXXXXXXXXXXXXXXXXXXXX,252.01
Coral Mendoza,Fábregas,0,Apoyo familiar,Pública,476.74
Luis,Arjona-Díez,0,Trabajo,Pública,###CORRUPT###
Epifanio Mata,Amador,1,Apoyo familiar,XX,443.66
,,,,,
Martina Benitez,Medina,0,Trabajo,$$$,274.84
Lic. Aldo,Medrano,0,Crédito educativo,Pública,220.29
ERR!!,Uribe,0,,Pública,410.21
@@@,Morcillo,INVALID,,Pública,285.96
Dr. Minerva,Lomeli,0,Apoyo familiar,Pública,365.98
Valentino Mateo,Fernandez,$$$,Apoyo familiar,Privada,517.12
Leocadia Hernandez,Blanco,0,Apoyo familiar,Privada,529.73
María Manuela Real,Rebollo,0,Apoyo familiar,XXXXXXXXXXXXXXXXXXXXXXXXXXXXXXXXXXXXXXXXXXXXXXXXXXXXXXX,315.74
Petrona,Oliva,1,Apoyo familiar,Privada,488.55
Leonel Jacobo Lozano,Regalado,0,Apoyo familiar,Privada,$$$
[DAMAGED],Díaz,0,Trabajo,Pública,193.07
Ignacio Alejo Paez,Sosa,1,Apoyo familiar,XX,284.66
,,,,,
Oriana Pilar Ortiz,Martinez,0,Apoyo familiar,###CORRUPT###,369.5
Nidia Tatiana Molina,Sierra,0,Crédito educativo,Pública,335.42
Luisa,Maya,{BAD},Apoyo familiar,Pública,396.07
Ambar,637642,0,Trabajo,Pública,279.25
Perla Marisol,Montaño,1,Beca,Privada,482.57
811085,Villalonga,1,Trabajo,INVALID,247.21
Thiago Benjamin Francisco Torres,Diaz,1,Beca,Privada,457.78
Maximino Ocaña,Clavero,1,Beca,Privada,586.09
Alvaro Ana María,Cavazos,0,Apoyo familiar,Pública,498.6
<NULL>,Colomer,0,Apoyo familiar,Pública,526.67
Martina Amores,Blanes,0,Apoyo familiar,Privada,483.71
Pepita,Miró-Mir,INVALID,INVALID,Pública,507.1
INVALID,,0,,Pública,402.65
Caridad Arana,Fiol,0,Apoyo familiar,Pública,∞∞∞
Jesús Mauricio,Mercado,0,Crédito educativo,Pública,292.07
Itzel Abril Gamez,Cruz,0,Apoyo familiar,Pública,252.53
Maximiliano Olga Dueñas,Macías,0,???,Pública,258.17
Tatiana,Lara,0,Apoyo familiar,Privada,482.46
Marco Carlos Arrieta,Restrepo,0,Otro,XX,371.09
C0RRUPT3D,Ramón,1,Apoyo familiar,Privada,623.0
Juan Cruz,Perez,@@@,Apoyo familiar,∞∞∞,228.95
Isidora,Bayón,0,Trabajo,Pública,296.18
Patricio Timoteo Miranda,Angulo,0,Apoyo familiar,Pública,377.3
@@@,Mesa,1,Beca,∞∞∞,368.03
Milagros Emilia,Dominguez,[DAMAGED],Apoyo familiar,Privada,1131.51
Agustín Rolando Vall,Menendez,0,Trabajo,Pública,∞∞∞
Julio César,∞∞∞,0,Apoyo familiar,XX,331.82
C0RRUPT3D,Farias,0,Crédito educativo,Pública,312.4
Coral,Durán-Crespo,$$$,Apoyo familiar,###CORRUPT###,334.92
Francisca Bautista,Cordoba,0,Trabajo,Pública,267.86
,Blanco,0,Trabajo,$$$,240.56
###CORRUPT###,,,,,C0RRUPT3D
Pío de,@@@,1,Beca,XX,388.98
XXXXXXXXXXXXXXXXXXXXXXXXXXXXXXXXXXXXXXXXXXXXXXXXXXXXXXXXXXXXXXXXXXXXXXXXXXX,Carbonell,0,Apoyo familiar,Pública,307.77
Cándida,Lopez,0,Apoyo familiar,Privada,590.91
Mariano Diana Santacruz,Curiel,0,???,Privada,373.36
Arsenio Nieto,Fabra,0,Apoyo familiar,Pública,308.42
Francesca,Diaz,0,Trabajo,{BAD},139.16
Pablo,Perez-Narváez,X,Trabajo,Pública,314.56
Saúl Ibarra,<NULL>,0,Apoyo familiar,{BAD},254.66
Paola Sierra,Ureña,0,Crédito educativo,###CORRUPT###,244.66
Delfina Olivia,Rodriguez,1,Beca,Privada,476.39
,Córdoba,0,Trabajo,Pública,209.71
Vidal Pagès,Campillo,0,Trabajo,Pública,231.48
Lucas Sofia Belen,Benitez,1,Beca,Privada,372.28
Patricia Rivera,Rivera,0,Apoyo familiar,Pública,433.13
Octavio Martinez,Gomez,0,Apoyo familiar,Pública,371.48
Dr. Abigail,Vaca,0,Apoyo familiar,Pública,447.23
José Torres,Espinosa,0,Apoyo familiar,Privada,275.96
Sonia Huerta,Cadena,0,Apoyo familiar,Pública,399.74
Felipe Gael,Coronel,0,Trabajo,Pública,334.97
Maxi Carranza,<NULL>,0,INVALID,Pública,385.01
Ainara,Llopis-Fernández,0,$$$,Pública,345.96
Alberto César,Sánchez,0,???,Pública,429.3
Paola Roura,Roma,0,Otro,Privada,308.89
Espartaco Catalina Gaytán,Piña,0,Apoyo familiar,Pública,240.16
Aurelio Martin,Calderon,0,Otro,Privada,339.6
Jhon Gustavo,Vergara,0,Trabajo,Pública,$$$
Rodolfo Falcón,Álvaro,X,Beca,Privada,277.77
###CORRUPT###,Mosquera,0,Apoyo familiar,Pública,466.32
José Eduardo,Varela,INVALID,Apoyo familiar,Pública,397.32
Guillermo,Hoyos,0,Crédito educativo,Pública,329.77
,,,,,
[DAMAGED],Sanchez,0,Apoyo familiar,Pública,
Enrique Raúl,Palacios,1,Apoyo familiar,Privada,565.92
@@@,Rueda,0,Apoyo familiar,Privada,904.32
Toribio de,Pinto,0,Apoyo familiar,Pública,340.16
Dr(a). Francisco,INVALID,0,Apoyo familiar,Privada,588.78
Martín,Segovia,0,Apoyo familiar,Pública,473.29
Santiago Jeremias Diaz,Diaz,0,Apoyo familiar,,309.68
,,X,,,
,,,,,
Bianca María del Carmen Ocasio,Cepeda,0,Apoyo familiar,###CORRUPT###,434.45
Eduardo Emilio Gómez,Sánchez,0,Apoyo familiar,Pública,439.82
###CORRUPT###,Acosta,0,???,Pública,309.28
América Tenorio,Cabeza,0,Apoyo familiar,Pública,374.09
,Espinal,0,Apoyo familiar,Pública,420.92
@@@,Rangel,0,Apoyo familiar,Pública,INVALID
Ofelia Mario,###CORRUPT###,0,Apoyo familiar,Pública,399.29
Delia Abelardo,Alemán,0,Apoyo familiar,@@@,357.79
∞∞∞,@@@,0,Apoyo familiar,Pública,@@@
Vilma Sandra Mosquera,Hernández,0,,Pública,302.62
Mirta Sarmiento,Riba,0,???,ERR!!,278.73
Isidoro Vergara,Plana,0,Apoyo familiar,Pública,268.27
Dr(a). Mia Jazmin,Ortiz,0,Apoyo familiar,Pública,293.49
,,,,,0.0
Lola Paulina Cabrera,Alvarez,,Otro,Pública,319.19
INVALID,Cordoba,0,Otro,Pública,C0RRUPT3D
Virgilio,Bejarano,0,Otro,Pública,480.1
<NULL>,Vargas,0,Crédito educativo,268643,354.92
Vicente Espartaco,Fonseca,1,Apoyo familiar,Privada,504.75
Jairo Diego,Gómez,0,Apoyo familiar,Pública,232.33
Celia Benavides,Razo,1,Trabajo,Privada,199.6
Arbey Daniel,Medina,0,Apoyo familiar,Pública,314.57
Dani Villalobos,Arteaga,0,Apoyo familiar,Privada,574.77
Valentín,Sancho-Águila,0,Apoyo familiar,Pública,@@@
Mtro. Óscar,Reyna,1,Apoyo familiar,Privada,459.72
,,,,,
Mtro. Leonel,Garibay,0,Apoyo familiar,Pública,385.47
Mirta,Palma-Cervantes,X,Trabajo,,199.17
Remedios,Vallejo,1,Beca,Privada,492.43
$$$,Rivero,0,Apoyo familiar,Pública,329.17
Danilo Luis Castañeda,Sarmiento,0,Apoyo familiar,@@@,286.08
Sandra,Anglada-Sotelo,0,???,Pública,{BAD}
María Johana,Narváez,0,Crédito educativo,646929,233.57
∞∞∞,Martínez,###CORRUPT###,Apoyo familiar,Pública,245.68
C0RRUPT3D,Soria,0,Apoyo familiar,,284.52
C0RRUPT3D,Gascón,0,Trabajo,Pública,232.64
Concha Cazorla,Palmer,0,Crédito educativo,Privada,<NULL>
Lucía,Suárez,1,C0RRUPT3D,Privada,256.42
Domitila Bolaños,Varela,0,INVALID,INVALID,402.3
Teodoro,Hernández,1,@@@,Privada,346.35
C0RRUPT3D,Ríos,<NULL>,???,Pública,314.64
Lic. Eva,Segura,0,Trabajo,Pública,200.29
Bianca Esther,Gallardo,###CORRUPT###,Crédito educativo,Pública,294.12
<NULL>,Gutierrez,0,∞∞∞,Pública,
Benicio Gonzalez,Coronel,1,Beca,Privada,434.65
Uriel,Torres,0,Otro,Pública,256.41
Lucía Angelina Suarez,Rojas,0,{BAD},Pública,369.67
Lara,Figueroa,C0RRUPT3D,Apoyo familiar,591981,410.42
Luis Santiago Bermúdez,Valderrama,0,Apoyo familiar,INVALID,647.47
Nahuel Thiago Benjamin Sanchez,Vargas,0,∞∞∞,Pública,344.17
Luca Ayala,Perez,@@@,Beca,INVALID,$$$
Mia Medina,Castro,0,Apoyo familiar,Pública,385.81
María Vilaplana,Calatayud,1,Beca,Privada,471.37
Matilda Correa,Cabrera,0,Apoyo familiar,Pública,320.09
Nicolás Pinzón,C0RRUPT3D,VAL2383,Apoyo familiar,Pública,399.98
Cristobal,Perea,1,Apoyo familiar,Privada,563.65
Thiago Leonel Lola Diaz,Romero,0,Crédito educativo,Pública,288.27
Matias,Silva,0,,XXXXXXXXXXXXXXXXXXXXXXXXXXXXXXXXXXXXXXXXXX,224.01
José Wendolin,Apodaca,X,Crédito educativo,Pública,300.14
Leticia de,$$$,0,Trabajo,Pública,C0RRUPT3D
Yésica Andrea,Monroy,{BAD},Apoyo familiar,∞∞∞,400.59
Wilson,,1,Apoyo familiar,Privada,352.3
Diego Jaime,Álvarez,0,Otro,Pública,483.79
Gerardo Frutos,Morante,0,Apoyo familiar,Pública,340.95
Nuria Grau,Mármol,0,Apoyo familiar,Pública,238.59
Dr. Victoria,∞∞∞,1,Beca,Privada,223.97
,,,308498,,
Guillermina,Sanchez,1,Apoyo familiar,Privada,444.79
Ignacio Molina,Farias,0,Apoyo familiar,Pública,
,,,,,
Natalia Cardenas,Saldivar,0,@@@,Pública,313.2
Isabel Frida Loya,García,VAL7712,Apoyo familiar,Pública,326.4
[DAMAGED],Rodriguez,0,Apoyo familiar,Pública,
Sr(a). Julia,Solorzano,0,Crédito educativo,Pública,435.15
Uma Mia Martinez,Gonzalez,1,Beca,,373.02
Leonel del,Amor,0,Apoyo familiar,Pública,273.18
Baldomero Porras,Campos,0,Crédito educativo,Pública,300.63
Mayte Abelardo,Carrasco,0,Otro,XX,447.87
Albeiro Torres,Ibarra,0,Otro,Pública,361.31
Emilia,Dominguez,X,Crédito educativo,Pública,259.14
<NULL>,Vazquez,,Otro,Pública,∞∞∞
Alma Valentina,Sanchez,0,@@@,{BAD},376.64
Victoria,Ojeda,∞∞∞,Beca,Privada,449.78
,,,,,
Sr(a). Candelaria,###CORRUPT###,0,Apoyo familiar,Pública,459.17
,[DAMAGED],,,,
Dulce María del,@@@,0,Otro,Pública,380.95
Nicolas Juana,Mendez,0,Otro,Pública,299.47
Rodolfo,Collazo,0,<NULL>,Pública,399.95
,,,,,
@@@,Duran,0,<NULL>,Pública,288.88
Amelia Gabriel Anguiano,Muro,0,Trabajo,Pública,197.22
Dr(a). Alma,Ortiz,0,Otro,Pública,441.7
Marisol Delgadillo de la,Fuente,1,Beca,Privada,540.86
Sofia Abril,###,0,Trabajo,Pública,264.28
Mateo Sofia Belen,Olivera,0,Otro,Pública,424.81
Leidy María Mena,Bastidas,0,Apoyo familiar,Pública,234.22
Isabella Juana Godoy,∞∞∞,0,Apoyo familiar,Pública,351.37
Samu,Cabrera-Torre,0,Trabajo,Pública,[DAMAGED]
Milagros Fausto,Torres,∞∞∞,Apoyo familiar,Privada,327.53
Sandra Adriana Cruz,Muñoz,1,Beca,Privada,331.81
,,,,,
Luz,Rincón,0,Apoyo familiar,Pública,325.45
526029,Peralta,0,Otro,$$$,C0RRUPT3D
Ruby,Puga,C0RRUPT3D,@@@,@@@,557.64
INVALID,Valencia,0,Apoyo familiar,Pública,351.11
Jerónimo Vera,Pons,0,Apoyo familiar,Pública,281.35
César Alonso Herrera,Garzón,0,$$$,582210,282.52
Candelaria,Sanchez,0,Apoyo familiar,Pública,359.13
Dr. Abraham,Batista,0,Crédito educativo,Pública,275.38
{BAD},Cruz,0,Apoyo familiar,Pública,374.67
María Rosa Medina,Rivera,0,Crédito educativo,Pública,374.15
Maribel Olga Carvajal,Pineda,0,Trabajo,Pública,331.11
Estrella,XXXXXXXXXXXXXXXXXXXXXXXXXXXXXXXXXXXXXXXXXXXXXXXXXXXXXXXXXXXXXXXXXXXXXXXXXXXX,{BAD},Apoyo familiar,Pública,328.59
Sr(a). Santino,Ramirez,1,Beca,Privada,433.36
Miguel Angel Zoe,Perez,0,Apoyo familiar,Pública,352.81
[DAMAGED],Montenegro,1,Apoyo familiar,Privada,$$$
Teobaldo de,Vilaplana,,Apoyo familiar,Pública,411.55
Dr(a). Catalina,Herrera,$$$,Trabajo,Pública,230.29
Armando,Vera,0,Otro,Pública,366.97
Rafael Pacheco,C0RRUPT3D,0,664885,Pública,315.18
Hermelinda Torres,Rosas,0,Apoyo familiar,{BAD},325.27
Magdalena Wendolin Roldán,Covarrubias,0,Apoyo familiar,Pública,276.27
Jesús Cano,Córdoba,0,Trabajo,Pública,240.42
@@@,Mascareñas,,Beca,Privada,312.18
David Díaz,Correa,1,Beca,Privada,585.75
Cristian Murcia,Barrios,INVALID,###CORRUPT###,Pública,272.33
Julia,Melo,$$$,Apoyo familiar,Pública,0.0
Nuria Mendez,Saldaña,1,Beca,###CORRUPT###,387.16
Conrado Lago,Cobo,0,Apoyo familiar,Pública,428.29
Enzo Aguero,Ramos,0,Apoyo familiar,Pública,333.77
Dionisio Perales,Torrijos,0,Apoyo familiar,Pública,360.02
INVALID,@@@,INVALID,Crédito educativo,Privada,0.0
Ing. Conchita de,Anda,0,Otro,Pública,
Leandra Benavent,Baeza,0,Trabajo,Pública,211.41
Lic. Amanda,INVALID,0,Otro,Pública,388.53
Luis Jorge Solano,Salgado,0,Otro,Pública,265.24
,Ramírez-Lillo,0,Apoyo familiar,Pública,196.52
Marino Ramirez,Zamorano,0,Apoyo familiar,Pública,270.69
Luca Constanza Barrios,Castillo,1,???,846019,524.22
@@@,Ramírez,0,Apoyo familiar,Pública,410.56
Sr(a). Juan Ignacio,Gonzalez,0,Trabajo,Pública,185.32
Leonardo Henry Ramírez,Ordóñez,0,Apoyo familiar,Pública,###CORRUPT###
Luciano Maria Paz Mendoza,Fernandez,1,Beca,Privada,460.17
Angelina Lola Ruiz,Gonzalez,0,Trabajo,Pública,248.93
Claudia Rivera,Sánchez,0,Otro,Pública,240.13
,,,,,0.0
941882,,,,,
Ing. Juan de la,O,INVALID,Trabajo,Pública,274.64
Jorge Luis Griego,,C0RRUPT3D,Trabajo,Pública,∞∞∞
Teresita Carpio,@@@,0,Crédito educativo,@@@,378.63
Sabina,Cuesta-Trujillo,1,Beca,Privada,387.53
,,,,,
∞∞∞,###CORRUPT###,0,Apoyo familiar,∞∞∞,[DAMAGED]
INVALID,Mejía,0,Apoyo familiar,Pública,360.32
,,,,,BAD
Helena,Laureano,0,Apoyo familiar,Pública,497.25
Mónica Adán Granado,Ávila,0,Apoyo familiar,Privada,282.22
Simon,Diaz,0,???,Pública,394.83
Aldonza,Muro,1,Beca,Privada,476.88
Andrés Rodríguez,Méndez,1,Apoyo familiar,Privada,301.0
Alvaro Carrión,Alejandro,0,Otro,XXXXXXXXXXXXXXXXXXXXXXXXXXXXXXXXXXXXXXXXXXXXXXXXXXXXXXXXXXXXXXXXXXXXXXXXXXXXXXXXXXXXXX,401.53
Mia Valentina Fernandez,[DAMAGED],1,Beca,Privada,380.23
Jenny,Angulo,0,Otro,Pública,290.83
María Ruth,Rivera,0,Apoyo familiar,Pública,298.82
Emelina de,Guardia,0,Apoyo familiar,Pública,237.2
Danilo Chacón,Ávila,0,Trabajo,Pública,301.86
Dr(a). Emma,Fernandez,1,Trabajo,Privada,189.49
Néstor Ciro,C0RRUPT3D,0,Apoyo familiar,Privada,413.15
Alberto Israel,Muñoz,0,Crédito educativo,{BAD},205.71
Ricardo Benavides,Sobrino,0,Apoyo familiar,Pública,350.65
Valentino Mateo,Fernandez,1,Beca,Privada,358.74
616742,Blázquez,1,395739,Privada,457.75
,,,,,
Vicenta Arias,Casanova,0,Trabajo,INVALID,283.43
,,,,,
Tomas Benjamin Garcia,Rojas,0,Apoyo familiar,Pública,374.75
Thiago Valentin,Ledesma,0,###CORRUPT###,Privada,310.41
ERR!!,Ordóñez,0,Apoyo familiar,Pública,
Bautista Torres,Fernandez,0,Trabajo,Pública,261.77
Juan Antonio Cortés,Checa,0,Trabajo,Pública,###CORRUPT###
{BAD},Ramos,0,Trabajo,Pública,314.37
Antonella Camila Coronel,$$$,0,Otro,Pública,387.76
Emigdio Roda,Toledo,0,Otro,Pública,293.04
Sandra Alejandra Fernández,Escobar,0,Otro,Pública,{BAD}
Olivia Agustin,Lopez,0,Crédito educativo,Pública,326.13
,,###CORRUPT###,,,
Marisol Abel,Armendáriz,0,Apoyo familiar,Pública,363.5
Dr. Abraham,Batista,0,Apoyo familiar,Pública,433.33
Cristian Lupe Blasco,Morata,0,Apoyo familiar,Pública,348.82
Jovita Vallés,Adán,[DAMAGED],Apoyo familiar,Pública,194.5
Heriberto Sáenz,{BAD},<NULL>,Trabajo,Pública,283.14
Valentina Joaquin Fernandez,Perez,1,Beca,Privada,517.64
Francisca Gaytán,Grijalva,0,Trabajo,Pública,288.46
Arturo José Rivera,Vanegas,0,Trabajo,Pública,<NULL>
Juan,Rodriguez,0,Crédito educativo,Pública,∞∞∞
Dr(a). Ciro,Campos,0,Apoyo familiar,Privada,377.03
Aurelio,Saldivar,0,Apoyo familiar,Pública,414.2
,,,,,
Wilmar José,Castro,0,Trabajo,Pública,200.61
Ignacio Horacio,Paredes,VAL9626,Apoyo familiar,∞∞∞,284.78
Alejandro Alfredo,Suárez,0,Crédito educativo,Pública,265.33
Manuel,[DAMAGED],,Apoyo familiar,Pública,311.63
@@@,,0,Apoyo familiar,C0RRUPT3D,343.47
Nacho del,Dávila,1,Apoyo familiar,Privada,456.07
Sara,Bueno,0,Otro,Pública,452.81
Tiziana Ortiz,Aguirre,0,Apoyo familiar,áéíóú ñ,426.53
David Díaz,Correa,1,Beca,Privada,585.75
∞∞∞,C0RRUPT3D,,,,
Sandra Fuentes,Vásquez,0,Trabajo,Pública,261.16
Gael Herrera,Suarez,0,Otro,Pública,460.97
Maria Emilia Agustin,∞∞∞,∞∞∞,Trabajo,Privada,291.1
Concha Castañeda,Dominguez,1,Apoyo familiar,Privada,301.73
Guillermo Luis Miguel,Abreu,0,Otro,Pública,367.03
INVALID,Múgica,0,Crédito educativo,Pública,284.18
Ceferino,,0,Apoyo familiar,,$$$
Manuel Catalina,Diaz,0,$$$,Pública,327.46
,Silva,0,Trabajo,Pública,254.22
Jacobo Santillán,Colunga,1,Apoyo familiar,Privada,181.36
Iván,Longoria,0,Otro,Pública,321.09
Lucas Benjamin,Soria,C0RRUPT3D,221349,Pública,305.92
Violeta Angelina,Gomez,0,Crédito educativo,Pública,400.02
Guillermina David,Terrazas,0,Apoyo familiar,Pública,VAL6840
Guadalupe,Paez,0,Apoyo familiar,Pública,416.78
Clara Miguel Ángel,Ferrer,0,Trabajo,Pública,270.53
Simon Lucas Benjamin Escobar,Maidana,1,Beca,Privada,504.97
José Manuél,Negrete,0,Apoyo familiar,Pública,
Paloma Abascal,Vega,0,Apoyo familiar,Privada,$$$
Eloisa de la,Rosa,0,Crédito educativo,Pública,191.58
Sr(a). Juan Ignacio,Gonzalez,0,Crédito educativo,Pública,258.26
Eligia de,Alegria,0,Trabajo,Pública,236.0
INVALID,Rangel,1,Apoyo familiar,XX,554.67
Jairo,Domínguez,<NULL>,Apoyo familiar,Privada,606.83
Abraham Vélez,Solorzano,0,[DAMAGED],<NULL>,214.9
Timoteo,Ruiz,0,áéíóú ñ,Pública,0.0
Isabella Martinez,Gonzalez,0,Apoyo familiar,Privada,603.93
Olegario Mínguez,@@@,0,Apoyo familiar,Pública,403.01
Rocío Briones,Osuna,0,Apoyo familiar,Privada,723.46
,C0RRUPT3D,,???,XXXXXXXXXXXXXXXXXXXXXXXXXXXXXXXXXXXXXXXXXXXXXXXXXXXXXXXXXXXXXXXXXXXXXXXXXXXXXXXXXXXXXXXXXXXXXXXXXXXXXXX,
Leonor Mónica Ordóñez,Ceja,0,Trabajo,Pública,199.02
María Liceth Vargas,Buitrago,1,Beca,Privada,374.74
Fernando Simó,Tormo,0,Otro,Pública,344.95
Sonia Huerta,Cadena,0,Trabajo,<NULL>,268.94
,,,,,
Dr(a). Juliana,Diaz,1,XXXXXXXXXXXXXXXXXXXXXXXXXXXXXXXXXXXXXXXXXXXXXXXXXXXXXXXXXXXXXXXXXXXXXXXXXX,Privada,527.38
Vicente Ayala,Godoy,0,Apoyo familiar,679082,366.74
Ricardo,Medina,1,Trabajo,Privada,267.4
Estrella,Machado-Hervás,BAD,Trabajo,XXXXXXXXXXXXXXXXXXXXXXXXXXXXXXXXXXXXXXX,287.76
Jonatan Bonifacio Carro,Llobet,0,Apoyo familiar,Pública,383.39
Dr. Yolanda,[DAMAGED],0,Apoyo familiar,Pública,292.92
Miguel Iván,Segovia,10000000000.0,Apoyo familiar,@@@,365.37
Valentino,Villalba,0,Otro,Pública,207.6
Santiago Sosa,Navarro,1,Beca,Privada,388.31
Merche,Puga,0,Trabajo,Pública,282.59
Camilo Luis,Saavedra,0,Otro,Privada,$$$
Gloria Nathalia,Zapata,0,Trabajo,Pública,286.28
Irene Montañez,Zambrano,0,{BAD},Pública,261.17
,Gómez,{BAD},Apoyo familiar,Pública,430.06
Rubén José Núñez,Buitrago,0,Apoyo familiar,Pública,<NULL>
,,,,,
Carmenza Dora Castro,Miranda,0,Apoyo familiar,Pública,362.55
$$$,Carreño,0,Apoyo familiar,Privada,###CORRUPT###
Santino Benjamin Sofia Gonzalez,Acosta,0,<NULL>,Pública,###CORRUPT###
Amador del,INVALID,0,Apoyo familiar,@@@,408.0
Thiago Benjamin,Garcia,0,Apoyo familiar,Pública,196.24
Leonel Pons,Madrigal,0,Trabajo,Pública,268.07
INVALID,Puig,0,Apoyo familiar,∞∞∞,357.38
María Gómez,Núñez,0,XXXXXXXXXXXXXXXXXXXXXXXXXXXXXXXXXXXXXXXXXXXXXXXXXXXXXXXXXXXXXXXXXXXXXXXXXXXXXXXXXXXXXXXXXXXXXXXXXX,Pública,307.46
Ciro,Fernandez,0,Apoyo familiar,Pública,319.81
Araceli,Villa,0,,Pública,324.37
,,,,,
Bautista Ledesma,Cardozo,0,Trabajo,Pública,236.06
Dr(a). Paulina,Cabrera,0,Otro,Pública,288.48
###CORRUPT###,Gutiérrez-Salom,1,Crédito educativo,Privada,405.88
Jenaro de,Carreño,0,Apoyo familiar,XXXXXXXXXXXXXXXXXXXXXXXXXXXXXXXXXXXXXXXXXXXXXXXXXXXXXXXXXXXXXXXXXXXXXXXXXXXXXXXXXXXXXXXXXXX,403.02
Dalila Casal,Colom,0,Trabajo,Pública,239.15
Yolanda Portillo,González,0,Trabajo,###CORRUPT###,280.59
Esteban,Alfonso,0,Otro,Pública,456.3
INVALID,Gómez,0,Apoyo familiar,Pública,418.13
Rodolfo Rosado de la,Rosa,1,Apoyo familiar,Privada,418.51
Loreto Guzmán,Beltran,0,Trabajo,Privada,283.54
Otilia Andres,Cueto,0,Apoyo familiar,Pública,377.77
Eduardo,Solano,<NULL>,Apoyo familiar,Pública,442.41
Anselmo Company,Araujo,0,Crédito educativo,Pública,328.67
Marcelino Lledó,Castelló,C0RRUPT3D,Apoyo familiar,Pública,433.39
Jorge,Domínguez,0,Apoyo familiar,Pública,316.7
David Sandoval,Ramírez,0,@@@,Pública,258.58
∞∞∞,Arregui,[DAMAGED],Apoyo familiar,Privada,610.2
Dr(a). Julieta,Diaz,0,Otro,###CORRUPT###,340.3
Baudelio Galiano,Jaén,0,Apoyo familiar,Pública,330.87
Andrés Osorio,Gutiérrez,1,Apoyo familiar,{BAD},430.37
Graciela Pedrosa,Rios,0,Apoyo familiar,,370.94
,Pinedo,0,Apoyo familiar,Pública,401.36
Micaela,Cruz,0,∞∞∞,∞∞∞,281.83
Nicolas Juana,{BAD},0,Apoyo familiar,Pública,376.65
Imelda,Rey,0,Apoyo familiar,Pública,[DAMAGED]
Adela Amanda Pi,INVALID,1,Beca,Privada,534.8
Dario Mauricio Vargas,González,0,Otro,Privada,341.52
Germán Arsenio Pedrero,Sastre,0,Apoyo familiar,Pública,403.9
Jos Beatriz,Lomeli,1,Beca,Privada,547.63
Dr(a). Lucas Benjamin,Diaz,0,Apoyo familiar,Pública,374.08
Dr(a). Paloma,Acosta,0,Apoyo familiar,[DAMAGED],414.02
David,Moreno,{BAD},Beca,Privada,0.0
Juana Ortiz,Ortiz,0,Apoyo familiar,∞∞∞,284.02
Oriana Gimenez,Perez,0,Apoyo familiar,Pública,348.36
Julián Julián,Nieto,0,Apoyo familiar,Pública,441.34
Marcelino,Velasco-Roma,INVALID,Apoyo familiar,Pública,393.1
Carlos Freddy,Pinto,0,Apoyo familiar,###CORRUPT###,568.47
Manuel Ricardo Zapata,Olvera,0,Apoyo familiar,Privada,534.74
XXXXXXXXXXXXXXXXXXXXXXXXXXXXXXXXXXXXX,Carmona,0,Apoyo familiar,Pública,349.0
Raúl Jorge Rodríguez,Martínez,0,Trabajo,Pública,323.79
María Cecilia,Acosta,0,Trabajo,Pública,209.89
,,,,,
Andrea Gladys,Díaz,0,Apoyo familiar,Pública,324.35
Luis Manuel Ocasio,Benítez,0,Trabajo,Pública,229.55
Mauricio,Ochoa,0,Crédito educativo,Pública,283.86
Jessica,{BAD},X,Apoyo familiar,Pública,320.56
Ana,771423,[DAMAGED],,Pública,INVALID
Dr(a). Joaquin,Acosta,0,@@@,Pública,333.84
Dr(a). Renata,Aguirre,0,Apoyo familiar,Pública,485.22
Jazmin Francisco,Gomez,1,???,###CORRUPT###,445.5
Ing. Adalberto,,1,Beca,Privada,551.38
Dr(a). Mateo Agustin,Sanchez,1,Beca,Privada,542.76
Kelly María,Mena,0,Apoyo familiar,Pública,385.77
áéíóú ñ,Cantero-Solana,0,Crédito educativo,Pública,300.03
Yolanda Estrada,Mayorga,0,[DAMAGED],Privada,221.02
Thiago Nicolas,Olivera,0,Otro,Pública,234.62
Amparo Ayllón,Tapia,0,Apoyo familiar,Pública,330.35
José Monroy,Zapata,0,Crédito educativo,Privada,388.85
<NULL>,Castillo,ERR,Apoyo familiar,Pública,304.37
,,,,[DAMAGED],
,Romero,0,XXXXXXXXXXXXXXXXXXXXXXXXXXXXXXXXXXXXXXXXXXXXXXXXXXXXXXXXXXXXXXX,Pública,200.42
$$$,Albero,0,[DAMAGED],Pública,251.88
###CORRUPT###,Gomez,1,Beca,Privada,500.61
Celia Acedo,Plana,1,Apoyo familiar,Privada,507.68
Elena Jimena,Fernández,0,Apoyo familiar,Pública,418.55
Sr(a). Pilar,Perez,0,Crédito educativo,Pública,328.95
,,,INVALID,,@@@
Carmen Luz,Rodríguez,0,Apoyo familiar,Pública,248.2
Marcela Camila,Campo,0,Trabajo,Pública,230.64
Alejandro,@@@,0,Apoyo familiar,,506.72
Paulina del,Cabañas,0,Apoyo familiar,Privada,563.23
{BAD},INVALID,0,Apoyo familiar,Pública,355.21
Marisa,Belda-Sureda,@@@,Apoyo familiar,XX,236.7
Yeni Cristian,Cuellar,0,Otro,Pública,488.83
Hilda Socorro Martínez,Fuentes,0,Trabajo,Pública,191.19
Delia Solís,Águila,0,Crédito educativo,Pública,424.2
Elmer Vargas,Gómez,0,Apoyo familiar,Pública,418.37
Esther María Eugenia Mascareñas,Carrillo,0,Apoyo familiar,Pública,303.78
Virgilio,Bejarano,0,Trabajo,Pública,254.68
Sr(a). Santiago,Benitez,0,Apoyo familiar,Pública,INVALID
Ivan,Fernandez,∞∞∞,Otro,XX,336.49
Silvio Valero,Alegre,0,Crédito educativo,Pública,268.05
Aurelio Cerro,Guardia,1,Beca,Privada,467.17
,,,,,
Claudia Rivera,Sánchez,0,Trabajo,Pública,175.8
Amor Nebot,Arnau,0,Trabajo,Pública,260.48
$$$,Aguayo,1,Beca,Privada,503.31
Eliseo Aguilar,Arnaiz,<NULL>,Crédito educativo,Pública,391.26
Omar,Solsona-Duran,1,Trabajo,Privada,164.24
@@@,XXXXXXXXXXXXXXXXXXXXXXXXXXXXXXXXXXXXXXXXXXXXXXXXXXXXXXXXXXXXXXXXXXXXXXXXXXXXXXXXXXXXXXXXXXXXXXXXXXXXXXXXXXXXXXXXXXXXXXX,1,Apoyo familiar,Privada,211.5
Artemio Lerma,Torre,0,Trabajo,Pública,333.19
Ezequiel Camila Ojeda,,0,Trabajo,Pública,244.27
Nadia Patricia,Medrano,0,Apoyo familiar,Pública,171.68
XXXXXXXXXXXXXXXXXXXXXXXXXXXXXXXXXXXXXXXXXXXXXXXXXXXXXXXXXXXXXXXXXXXXXXXXXXXXXXX,Garcia,10000000000.0,Otro,Pública,348.76
Mauricio,Ochoa,X,Otro,Pública,267.82
César Catalina,C0RRUPT3D,0,Apoyo familiar,Pública,318.58
María,Rojas,0,Apoyo familiar,Pública,475.8
Marco Carlos Arrieta,Restrepo,0,Apoyo familiar,Pública,263.99
Fernanda Carmen,Rincón,{BAD},Trabajo,Pública,241.4
Leonor Lebrón,Leyva,0,Apoyo familiar,Pública,$$$
Arcelia Sanz,Mir,0,Apoyo familiar,Pública,@@@
Olivia Romo,Abrego,1,Beca,Privada,507.76
Ema,∞∞∞,###CORRUPT###,Apoyo familiar,Pública,336.34
@@@,Duarte,1,Apoyo familiar,INVALID,433.86
María Ana,Hernández,∞∞∞,Apoyo familiar,Pública,462.97
Alexandra Amparo,Rojas,C0RRUPT3D,###CORRUPT###,Pública,315.08
Maria Victoria Mateo Navarro,Vega,0,Apoyo familiar,,301.67
Miguel Hernádez,Patiño,0,Trabajo,Pública,256.99
Dr(a). Pedro,Farias,0,XXXXXXXXXXXXXXXXXXXXXXXXXXXXXXXXXXXXXXXXXXXXXXXXXXXXXXXXXXXXXX,Pública,250.94
Luis Jorge Carvajal,Álvarez,0,Otro,Pública,261.4
Juan David Ian,Perez,0,Apoyo familiar,Pública,275.34
Anel,Orozco,1,Beca,Privada,483.62
Brunilda Bienvenida Cózar,Talavera,0,Apoyo familiar,Pública,430.27
Evangelina Carrión,Vall,0,Apoyo familiar,Pública,407.2
Alejandro Sánchez,Martínez,0,{BAD},Pública,253.85
Angélica Arana,Calvo,0,Trabajo,Pública,251.53
Marcelino,Velasco-Roma,0,Trabajo,Pública,285.66
Reinel,Medina,0,Apoyo familiar,Pública,355.99
ERR!!,Gómez,0,Apoyo familiar,Pública,281.03
Selena,Rico-Conde,0,Apoyo familiar,Pública,330.03
,Iriarte,C0RRUPT3D,Apoyo familiar,Pública,328.89
,,,,,
Rubén Bas,Boada,$$$,<NULL>,Pública,397.96
Hugo Pedro,Alcaraz,0,[DAMAGED],Privada,308.27
Nacho del,Dávila,1,Beca,Privada,324.45
Fernanda Gómez,Morales,1,Beca,Privada,397.07
Arturo Ramiro,Bastidas,1,Trabajo,Privada,###CORRUPT###
Mtro. Zoé,Orta,0,Apoyo familiar,Pública,479.56
Juana María,Mejía,0,Otro,Pública,419.26
901249,Rico,1,Beca,[DAMAGED],372.58
Augusto Cristian Maldonado,Pantoja,0,<NULL>,Pública,[DAMAGED]
,,,,,
Ing. Anel,Quintero,0,Apoyo familiar,Pública,265.42
Chita Juárez,Domingo,1,Apoyo familiar,Privada,604.47
Jorge Niño,Franco,0,Otro,Pública,224.03
Catalina Terán,Peralta,0,Apoyo familiar,Pública,370.68
Olga Gallego,Ríos,0,Trabajo,Pública,261.19
Natalia,Galindo,0,Crédito educativo,Pública,VAL1774
,,,,,
Maximiliano del,,0,Apoyo familiar,Pública,386.31
{BAD},∞∞∞,0,Trabajo,Pública,254.36
Juan Ignacio Mendez,$$$,0,Apoyo familiar,Pública,284.3
Sr(a). Gerónimo,Colunga,0,Crédito educativo,###CORRUPT###,293.34
Eugenio Valencia,Durán,0,Apoyo familiar,Pública,343.87
Evelio Elvira Bustos,Alemán,1,Beca,Privada,322.21
Gabriel Hermelinda,<NULL>,,Apoyo familiar,Pública,318.72
Magaly,Martínez,0,Otro,Pública,0.0
Marc Pascual Galiano,###CORRUPT###,1,Apoyo familiar,<NULL>,$$$
Yudy,Sánchez,,Crédito educativo,INVALID,248.1
Rosa,Vega,0,Apoyo familiar,Pública,312.97
Angelina Lola Ruiz,Gonzalez,###CORRUPT###,<NULL>,Pública,248.93
Milagros Benjamin Martinez,[DAMAGED],0,Apoyo familiar,Pública,348.96
Reina Mares,Valentín,1,Beca,Privada,375.46
Giovanny Aguilar,Gómez,0,Apoyo familiar,Pública,383.53
Ing. Camila,Dávila,0,INVALID,Pública,0.0
Yaneth Orozco,Londoño,0,Apoyo familiar,Pública,371.97
Franco Santino Rodriguez,INVALID,0,Crédito educativo,Pública,262.18
Rebeca Héctor,Gallegos,0,Trabajo,{BAD},251.7
Félix Ferrándiz,Cuéllar,0,Trabajo,,272.0
Antonio Cándido Vives,Caballero,1,Beca,Privada,368.29
,,,,,
Thiago Benjamin,Suarez,0,Apoyo familiar,XX,302.5
Benjamin Aguirre,Aguirre,0,Trabajo,Pública,180.04
Nancy Rufino Pacheco,Vanegas,0,Crédito educativo,XX,317.6
Jose Ignacio Maza,Adadia,0,Trabajo,@@@,158.0
Abigail,Solorzano,0,Apoyo familiar,Pública,347.92
Merche Barrios,Miralles,0,Trabajo,Pública,276.88
[DAMAGED],Puente,0,[DAMAGED],XX,346.66
José Arturo,Mejía,0,Apoyo familiar,Pública,304.35
,,,,,
Juan Ignacio,Valdez,,Trabajo,Pública,282.36
Felix Esquivel,Marín,0,Otro,XX,365.4
Alicia Zeferino,Calvillo,,Apoyo familiar,Pública,383.36
Bernardita Gimeno,Blanco,0,Otro,Pública,362.33
INVALID,Maldonado,0,Crédito educativo,Pública,217.14
Sofia Belen Agustin Muñoz,Juarez,0,Apoyo familiar,Pública,204.34
Martín,,0,XXXXXXXXXXXXXXXXXXXXXXXXXXXXXXXXXXXXXXXXXXXXXXXXXXX,Pública,161.59
INVALID,Ponce,0,Trabajo,Pública,163.27
Stella Aleida González,Velasco,0,Apoyo familiar,Pública,452.23
∞∞∞,Vera,0,Crédito educativo,Pública,242.17
Ricardo Luis Arias,Ocampo,0,Apoyo familiar,Pública,[DAMAGED]
David López,Vanegas,0,Apoyo familiar,XX,276.28
Paola Barbosa,Arenas,0,Apoyo familiar,C0RRUPT3D,331.33
Jackeline Alicia,Rodríguez,0,450583,Pública,259.12
Samuel,Salinas,0,Apoyo familiar,Pública,326.97
Nelson Carlos,León,<NULL>,Apoyo familiar,Pública,365.77
Catalina Flores,Fernandez,0,Apoyo familiar,[DAMAGED],422.42
Jacinto Yáñez,Huguet,0,Apoyo familiar,Pública,324.01
@@@,Molina,0,Otro,Pública,301.71
Elena Casanova,Pedro,1,Beca,Privada,516.48
,,,,,
[DAMAGED],Molina,0,Otro,Pública,429.08
Ángel Guardado,Pulido,<NULL>,Apoyo familiar,Pública,412.71
Pamela Bernabé,Cepeda,0,Apoyo familiar,Pública,232.46
Abelardo Anel,Alonso,0,Otro,Pública,394.72
Imelda del,Jordá,1,Otro,Privada,229.9
###CORRUPT###,Gomez,0,Apoyo familiar,C0RRUPT3D,303.58
Dr(a). Tiziano,Figueroa,0,Apoyo familiar,Pública,328.13
Lourdes Ruiz,Alcaraz,0,Apoyo familiar,Pública,464.6
Juana Susana Córdova,Pabón,VAL3899,Apoyo familiar,551418,238.07
Débora Cordero,Murcia,0,Otro,Pública,350.19
Ibán Efraín Carmona,Sanjuan,0,Apoyo familiar,Pública,336.53
,,,,,
Sandra Yolanda Durán,Mendoza,0,766479,Pública,435.39
Stiven Diego,Parra,1,Apoyo familiar,Privada,425.78
Pedro Blanco,Pabón,X,Beca,Privada,332.98
,,<NULL>,,,
Cecilia,Angarita,0,Crédito educativo,Pública,360.31
INVALID,Heras,VAL5748,Apoyo familiar,Pública,466.18
Eduardo Mauricio,Vanegas,{BAD},Otro,Pública,10000000000.0
Lic. Jorge,Anaya,0,Crédito educativo,Pública,232.11
Aurora,Mireles,1,Crédito educativo,Privada,314.47
Trinidad Noelia Aranda,Rivas,0,Apoyo familiar,Pública,344.5
Juan Pablo Perez,Cruz,0,Trabajo,Pública,185.47
Gabriel Milla,Pinilla,0,INVALID,Pública,283.35
Lucas,Nájera,1,Apoyo familiar,Privada,542.62
Manuel Nicolau,Gordillo,0,Apoyo familiar,Pública,340.72
Felipe Cabrera,Ortiz,0,@@@,Pública,316.29
Federico,,0,Apoyo familiar,Pública,-9999.0
Leonel del,Amor,C0RRUPT3D,Apoyo familiar,Pública,273.18
Lautaro Nahuel,Mendez,0,Crédito educativo,Pública,VAL3423
Angélica Azorin,Cerro,1,Otro,Privada,287.57
Dora,###CORRUPT###,1,Beca,∞∞∞,687.87
Delfina Gonzalez,Garcia,0,,Pública,327.46
Dr. Pascual,Covarrubias,1,Beca,Privada,563.79
###CORRUPT###,Vara,0,Apoyo familiar,Privada,∞∞∞
Cecilio Carlos Sierra,Bermúdez,0,Trabajo,Pública,287.25
<NULL>,Alvarez,0,Trabajo,Pública,220.99
∞∞∞,Quiroz,0,Apoyo familiar,Pública,330.53
Nazario Raimundo Echevarría,Carreras,0,Trabajo,Pública,255.73
@@@,Bedoya,0,@@@,Pública,468.58
∞∞∞,Orozco,0,Apoyo familiar,Pública,376.9
Lautaro Ezequiel Maximo Acosta,Lopez,0,Otro,Pública,368.37
Gael Silva,Ojeda,0,Apoyo familiar,$$$,0.0
Luis,Fuentes,0,Crédito educativo,Pública,330.98
Mtro. Rodrigo,Mascareñas,,Beca,Privada,<NULL>
Matilde Pineda,Erazo,X,Trabajo,Pública,182.0
###CORRUPT###,Muro,0,{BAD},Pública,410.94
Harold Camilo,Barrera,0,Apoyo familiar,Pública,391.92
,,,,,
Santino Nicolas Juan Ignacio,Garcia,-9999.0,Beca,Privada,356.61
Laura Fabiola Ledesma,Delgado,0,Crédito educativo,Privada,282.33
Eugenia,Cano,ERR,Apoyo familiar,Pública,419.76
Clemente Alta Gracia Matos,Pedraza,0,Trabajo,Pública,297.64
Micaela,C0RRUPT3D,1,Apoyo familiar,Privada,539.97
David Gómez,Rodríguez,1,Apoyo familiar,Privada,415.81
María Páez,Posada,###CORRUPT###,###CORRUPT###,Privada,263.46
∞∞∞,Venegas,0,Otro,Pública,341.68
Elvira,Medrano,0,Apoyo familiar,Pública,338.78
Hernando Perdomo,Ramos,1,Crédito educativo,Privada,276.14
Aleida Vásquez,Quintero,INVALID,Trabajo,Privada,271.67
José,Londoño,0,Apoyo familiar,Pública,426.99
Lucas Martin,Castro,1,Apoyo familiar,@@@,489.54
Juan Gabriel Felipe,Martinez,0,919844,Pública,275.39
Clara Adame,Murillo,0,Apoyo familiar,###CORRUPT###,211.95
Lady,Mendoza,1,Apoyo familiar,Privada,353.66
,,,,,
Lucila Nelly,Hernández,0,Apoyo familiar,Pública,328.93
<NULL>,Cintrón,0,Apoyo familiar,Privada,1102.05
Mtro. Amanda,Arteaga,0,Apoyo familiar,Pública,271.13
Valentina Benjamin Caceres,,0,Apoyo familiar,Pública,297.32
,,∞∞∞,,,<NULL>
,,,,,
Agustin Ignacio,@@@,0,Crédito educativo,@@@,382.16
Diego Beltrán,Duarte,0,???,Privada,600.75
###CORRUPT###,@@@,0,Apoyo familiar,Pública,359.29
Luis Manuel Lebrón,[DAMAGED],1,C0RRUPT3D,Privada,371.26
Ema Lorenzo Villalba,INVALID,0,Apoyo familiar,{BAD},302.18
Vasco de,Chico,0,Trabajo,Pública,[DAMAGED]
Emma,Juarez,0,Apoyo familiar,Pública,379.77
Carmen Aurora,Delgadillo,0,Apoyo familiar,Pública,350.77
Caridad Collazo,Guerra,0,Apoyo familiar,Pública,353.61
Mateo Agustin Ramos,Alvarez,0,Apoyo familiar,∞∞∞,352.84
Luisa Ofelia García,Forero,0,Trabajo,Privada,184.86
Lautaro Thiago Nicolas,Martin,{BAD},Otro,Pública,297.56
Celestino Menendez,Murillo,0,Apoyo familiar,Pública,293.63
Julia del Valle,Ocampo,0,Trabajo,∞∞∞,254.65
Alfonso Asunción Narváez,Gaitán,0,C0RRUPT3D,Pública,433.55
Andrea,Ozuna,0,Apoyo familiar,Pública,250.51
Martina,Sosa,0,[DAMAGED],Pública,165.15
Yudy Carvajal,Mercado,0,INVALID,Pública,###CORRUPT###
Santiago Jazmin,Garcia,0,Apoyo familiar,Pública,$$$
Sofía,Lozano,0,Apoyo familiar,Privada,643.25
Bautista Alma Juarez,Diaz,0,Trabajo,Pública,224.04
Virginia Amaya,Sánchez,0,Apoyo familiar,Pública,343.18
Tobias Geronimo,Gonzalez,0,{BAD},Pública,232.2
Dolly Isabel,$$$,0,Apoyo familiar,∞∞∞,304.63
Fabián Márquez,Alvarado,0,Apoyo familiar,Privada,626.57
Cecilia,Angarita,0,Trabajo,Pública,264.83
Felipe Juan Manuel Molina,Fernandez,0,Trabajo,Pública,$$$
C0RRUPT3D,Valle,0,???,Pública,300.0
Sofia Belen Campos,Cruz,0,Apoyo familiar,[DAMAGED],283.26
Felicitas Antonio Ruiz,Mansilla,1,Beca,Privada,478.39
$$$,Rubio,0,Apoyo familiar,Pública,@@@
,Balderas,0,@@@,Privada,243.54
Sr(a). Samuel,Ramirez,0,Apoyo familiar,Privada,C0RRUPT3D
Haroldo Tudela,Corral,1,Trabajo,Privada,302.35
Lucía,@@@,,Crédito educativo,Pública,231.14
Dr. Pascual,Covarrubias,1,Apoyo familiar,Privada,563.66
María Ana,Muñoz,0,Apoyo familiar,Pública,362.78
Leonel Saldivar,Escamilla,<NULL>,∞∞∞,Pública,205.91
Sr(a). Juana,Fernandez,0,Trabajo,Pública,273.76
###CORRUPT###,Campos,0,Apoyo familiar,Pública,336.31
Juan Ignacio Genaro Martinez,Garcia,0,Otro,Pública,INVALID
Marta Lucía Salazar,Mora,1,Trabajo,Privada,221.76
,Samaniego,0,Trabajo,Pública,277.59
Maria Victoria Tiziano,Sosa,0,Apoyo familiar,Pública,294.41
Maicol Julio,Oviedo,0,Apoyo familiar,Pública,351.53
Kelly Ana,Ortiz,0,Otro,Pública,408.6
Isidro Grau,Bosch,0,Apoyo familiar,Pública,334.8
C0RRUPT3D,Arjona,0,Apoyo familiar,Pública,316.6
Uriel Villaseñor,Limón,0,Trabajo,∞∞∞,257.76
Julia,Aguilera,0,Apoyo familiar,Pública,317.11
Gregorio Itzel Casares,Aguilar,0,Trabajo,C0RRUPT3D,316.72
Judith Hernández,Sánchez,1,Beca,Privada,378.52
Benjamin,Martin,0,Apoyo familiar,Pública,300.69
,,INVALID,,,
Concepción,Villalpando,1,[DAMAGED],Privada,625.42
Isabel,Núñez,0,Apoyo familiar,Pública,413.27
,Blanco,0,Trabajo,Pública,288.6
Jenaro Romero,Perea,C0RRUPT3D,Crédito educativo,Pública,278.48
Silvano Narváez,Griego,0,###CORRUPT###,Pública,315.88
Luz Cruz,Sánchez,0,Apoyo familiar,Pública,365.15
María María,Sánchez,0,Apoyo familiar,Pública,477.63
<NULL>,Magaña,0,Otro,Pública,{BAD}
Lic. Camilo,Gallegos,0,Apoyo familiar,Pública,$$$
Rodrigo Olivas,Romero,0,Apoyo familiar,Pública,427.28
,[DAMAGED],,,,∞∞∞
Dr. Yeni,Lara,0,Crédito educativo,Pública,322.19
Hernando,Barrios,0,Otro,[DAMAGED],332.23
Ian Benjamin,Romero,0,Trabajo,$$$,232.32
Amparo Juliana,Ruiz,0,Apoyo familiar,Pública,210.97
Luciano Maria Paz Mendoza,Fernandez,1,Apoyo familiar,Privada,$$$
,,,,,
,,,,,{BAD}
Isaac Rosas,Magaña,1,Crédito educativo,Privada,###CORRUPT###
Ing. Darío,Olivares,0,###CORRUPT###,Pública,221.46
María,González,0,Apoyo familiar,Pública,472.78
Mariano Jaimes,C0RRUPT3D,<NULL>,Apoyo familiar,Privada,###CORRUPT###
@@@,Aguirre,0,Apoyo familiar,Pública,334.4
Gracia Cazorla,Aguilera,1,Apoyo familiar,Privada,434.52
Rodrigo Ibarra,Plaza,,Trabajo,Pública,276.84
Nélida Haro,Delgado,0,Trabajo,Pública,299.71
Lorenzo Nogués,Murcia,0,Apoyo familiar,Privada,497.82
Lorenza del,Ibarra,0,[DAMAGED],Pública,403.47
Enrique Guillermo Romero,Guzmán,0,Apoyo familiar,Pública,318.97
Alberto Armando Giraldo,Sánchez,ERR,Trabajo,,282.89
###CORRUPT###,Cordoba,0,Apoyo familiar,Privada,435.52
Luz,Loaiza,0,Apoyo familiar,Pública,470.71
Sebastian,Soto,0,Apoyo familiar,Pública,435.17
Eduardo Cristina,Nájera,0,Otro,Privada,289.26
Adelaida,###CORRUPT###,1,Trabajo,Privada,VAL6228
Juana Martina,Juarez,0,Crédito educativo,Pública,406.24
Mtro. Santiago,Porras,[DAMAGED],Crédito educativo,Pública,286.66
Mtro. Delia,Carmona,0,Apoyo familiar,Pública,406.18
Luz Janneth Gonzáles,Castillo,0,Trabajo,Pública,248.08
Benjamin Rivero,Juarez,0,Apoyo familiar,Pública,$$$
,,,,,0.0
Francisco Ojeda,Fernandez,INVALID,###CORRUPT###,Pública,297.3
María María,Padilla,C0RRUPT3D,Apoyo familiar,XX,295.53
Dr. Paulina,Abreu,0,Apoyo familiar,Pública,300.32
Dante Ledesma,Romero,0,Apoyo familiar,Pública,560.29
Emiliano,[DAMAGED],0,Apoyo familiar,Pública,272.3
Alondra del,@@@,0,Apoyo familiar,Pública,375.77
Juan Fajardo,Franco,0,Apoyo familiar,Pública,425.41
Noelia Ramiro Caraballo,Matos,0,Apoyo familiar,Pública,351.45
∞∞∞,Díaz,0,Apoyo familiar,@@@,406.05
Edwin Emilio,Guerrero,0,Apoyo familiar,Pública,416.6
Benito Concepción,Valenzuela,###,Crédito educativo,Pública,311.56
Salma Guillermo Dueñas,Armenta,0,Otro,Pública,441.67
Adrián Uriarte,Gaya,0,<NULL>,Pública,315.47
Enzo Martinez,Rojas,0,Trabajo,XX,245.84
Luana Julian Nuñez,Gonzalez,1,Apoyo familiar,Privada,458.6
Julia Mia Lopez,Nuñez,0,[DAMAGED],Pública,330.0
,,,,XX,
Estella,Martínez,0,Apoyo familiar,Pública,367.21
María Naranjo,Montoya,0,Apoyo familiar,Pública,INVALID
Dr(a). Benjamin,Ramos,0,Crédito educativo,Pública,369.94
Abraham Navas,Jordá,0,###CORRUPT###,Pública,427.26
José Luis,Ornelas,0,Trabajo,Pública,305.44
###CORRUPT###,Puga,1,Apoyo familiar,Privada,495.17
Aldonza,Muro,1,Crédito educativo,Privada,@@@
Dr(a). Benicio,Benitez,0,Apoyo familiar,Pública,434.97
,,,,,
###,Barrera,0,{BAD},Pública,INVALID
INVALID,Rosales,1,Beca,$$$,
Armando Guitart,Sarabia,0,Trabajo,Pública,201.68
Lorenzo Barrios,,0,###CORRUPT###,C0RRUPT3D,256.63
Claudia Arcelia Guevara,Bermúdez,1,Apoyo familiar,Privada,623.98
Sandra Riba,Pi,@@@,Beca,Privada,[DAMAGED]
Antonella Manuel Ojeda,Campos,0,???,Pública,414.0
Damián,<NULL>,0,Apoyo familiar,Privada,853.12
Lucía,Suárez,1,C0RRUPT3D,Privada,448.68
Carlos,Flórez,0,Apoyo familiar,Privada,417.28
C0RRUPT3D,Castejón,1,695659,Privada,482.63
María Teresa Concepción Guajardo,Corona,0,Apoyo familiar,Pública,321.32
Delia Pilar,Correa,,Crédito educativo,Privada,$$$
###CORRUPT###,Ybarra,0,Crédito educativo,Pública,301.93
Nelly Patricia,Ramírez,1,Beca,Privada,357.95
Nancy Rufino Pacheco,Vanegas,0,Otro,Pública,243.15
Fortunato Miranda,Querol,0,Apoyo familiar,Pública,385.52
Thiago Nicolas Sanchez,Fernandez,,Otro,Pública,285.66
Lic. Ivonne,Urbina,0,Apoyo familiar,Pública,452.18
Bernardino Ródenas,Escribano,0,Otro,Pública,425.55
Francisco Bautista Sanchez,Garcia,0,Apoyo familiar,Pública,480.03
Francisca Bautista,Cordoba,0,Apoyo familiar,Pública,454.99
Luz Cortés,C0RRUPT3D,0,Apoyo familiar,Pública,290.41
Nancy Blanco,Escamilla,C0RRUPT3D,Apoyo familiar,Pública,398.76
@@@,,,,,
Gregorio Iglesias,Gracia,@@@,Crédito educativo,Pública,233.5
Thiago Benjamin Benjamin Bustos,Mendoza,0,{BAD},Pública,###CORRUPT###
Elena,Trejo,0,Apoyo familiar,@@@,###CORRUPT###
Martina,Muñoz,0,Crédito educativo,Pública,366.1
Humberto Omar,Orjuela,,???,Pública,361.06
Hermelinda Zapata,Casárez,0,<NULL>,Pública,$$$
Sebastián Wilmer Cardona,Barragán,0,Crédito educativo,Pública,311.03
Ágata,Arnau,1,$$$,{BAD},529.19
Dr(a). Isabella,Cardozo,0,Trabajo,Pública,185.95
Juliana Benitez,Sosa,0,@@@,XXXXXXXXXXXXXXXXXXXXXXXXXXXXXXXXXXXXXXXXXXXXXXXXXXXXXXXXXXXXXXXXXXXXXXXXXXXXXXXXXXXXXXXXXXXXXXXXXXXXXX,245.79
Karina,González,1,Beca,Privada,327.03
Yamile Carolina Díaz,Arenas,0,Apoyo familiar,áéíóú ñ,500.67
Paola Luz López,Palacio,0,Apoyo familiar,Pública,350.74
Nuria Mendez,Saldaña,1,{BAD},Privada,263.1
∞∞∞,Medina-Verdejo,0,Apoyo familiar,Pública,302.85
Xavier Esteban,Gallardo,0,Apoyo familiar,Pública,311.25
Ángel Jerónimo,Hidalgo,0,Otro,Pública,479.28
Dr. Socorro,Carmona,[DAMAGED],Apoyo familiar,Pública,273.68
Mtro. Abel,Ponce,0,<NULL>,###CORRUPT###,{BAD}
Jazmín Felicitas,Diaz,VAL1057,Apoyo familiar,,414.35
Priscila Ramiro Muñoz,Diaz,0,Otro,@@@,400.07
Ana Aranda,Velásquez,0,Apoyo familiar,Pública,387.1
,,,,,
Valentino Maria Luz Gonzalez,Martinez,1,Apoyo familiar,Privada,572.32
Benjamin Aguirre,Aguirre,0,Apoyo familiar,Pública,200.48
Roberto José,Polo,0,Trabajo,Privada,224.89
{BAD},Cerdá,0,Trabajo,Pública,238.76
,,,@@@,,
Antonio Andrés,Pérez,0,Crédito educativo,Pública,350.55
Benicio,Mansilla,0,Apoyo familiar,INVALID,389.29
Víctor Carla,Carrasco,0,Otro,Privada,336.6
Sr(a). Thiago,Hernandez,1,Apoyo familiar,Privada,514.58
Maria Victoria,Gutierrez,0,Crédito educativo,<NULL>,277.67
Itziar Alberdi,Lara,0,Apoyo familiar,Pública,391.91
Gonzalo José Eduardo Alonzo,Tello,0,Apoyo familiar,Pública,290.41
Jesús Fabiola,INVALID,1,Apoyo familiar,Privada,530.06
<NULL>,Rivera,X,???,Pública,307.93
Matías,Galván,0,Apoyo familiar,Pública,381.4
Nadia Marqués,Medina,0,Apoyo familiar,@@@,340.39
Jose Miguel del,Capdevila,X,Apoyo familiar,Pública,-9999.0
Alfonso Felipe,Alarcón,0,Apoyo familiar,Pública,341.05
Carla Aparicio,Ramón,0,Apoyo familiar,Privada,[DAMAGED]
Mtro. Rodrigo,Mascareñas,1,{BAD},$$$,289.0
Amílcar,Nogués-Andreu,0,Otro,Pública,425.35
Camila,Barrios,0,Trabajo,Pública,278.97
[DAMAGED],,,,<NULL>,
María Ángeles Oliver,Sanabria,0,Apoyo familiar,Pública,352.67
Sr(a). Emma,,1,Apoyo familiar,Privada,465.58
Isabella Thiago,Flores,0,Apoyo familiar,Pública,440.8
Carla Aller,Moreno,0,Apoyo familiar,Pública,377.48
Miguela Benavent,Sedano,0,Trabajo,Pública,216.19
Paula Bermúdez,López,0,Trabajo,Pública,216.79
Yaiza Mulet,,0,Apoyo familiar,Pública,369.47
Celia Acedo,Plana,C0RRUPT3D,Beca,Privada,339.91
Juliana Alcira,Leal,1,Beca,Privada,361.58
Jennifer Rincón,Hernández,0,áéíóú ñ,Pública,221.28
Elvira Diana Lucero,Huerta,<NULL>,Crédito educativo,Pública,305.2
Karla,908675,C0RRUPT3D,∞∞∞,Pública,338.26
Marisela,[DAMAGED],0,Trabajo,[DAMAGED],198.15
Elena,Páez,0,Apoyo familiar,Pública,439.36
Ruby Páez,Maya,0,Trabajo,Pública,357.26
Salvador Mateo,Mesa,$$$,Trabajo,Privada,232.2
Rosalva del,Baena,1,Beca,Privada,{BAD}
Clemente Font,Barco,0,Apoyo familiar,Privada,491.22
Jos,Arce,0,Trabajo,Pública,204.61
Mercedes Serrato,Carrillo,C0RRUPT3D,Apoyo familiar,Pública,293.54
Jerónimo Vera,Pons,0,Apoyo familiar,Pública,281.35
Miriam Luna Alvarez,∞∞∞,0,Apoyo familiar,Pública,392.31
Reynaldo Adela,Nevárez,VAL9732,Apoyo familiar,Privada,544.8
Valentino Gomez,Gutierrez,0,Trabajo,XXXXXXXXXXXXXXXXXXXXXXXXXXXXXXXXXXXXXXXXXXXXXXXXXXXXXXXXXXXXXXXXXXXXXXXXXXXXXXXXXXXXXXXXXXXXXXXXXXXXXXXXXXXXXXX,215.82
Javier,<NULL>,0,Apoyo familiar,,392.24
Paloma,Alvarez,0,???,845679,460.04
Martín Nazario,Duarte,0,Apoyo familiar,Pública,330.49
Esteban Elsa,Aguirre,1,Trabajo,Privada,274.22
Diana Ana Aguilar,Montes,0,Apoyo familiar,Pública,275.28
Dr(a). Gonzalo,Vargas,1,Apoyo familiar,Privada,587.29
Benjamín Zoé,Trejo,0,INVALID,Pública,341.56
Fausto Alvarez,Campos,1,Beca,Privada,448.74
Pepita Aguiló,Bosch,$$$,C0RRUPT3D,Pública,245.12
Asunción,Sanmiguel,0,Apoyo familiar,Pública,252.1
Nélida,Báez,0,Otro,Pública,239.26
Fidel Maldonado,Nicolás,1,Beca,Privada,0.0
Paulina,Márquez-Cañellas,10000000000.0,Beca,Privada,259.63
Celestino Llorente,Caparrós,0,Trabajo,Pública,327.45
Mireia,Manjón,1,Beca,Privada,221.63
Sr(a). Juan Ignacio,Gutierrez,0,Apoyo familiar,Pública,-888.0
Vanesa,Chico-Rincón,0,Apoyo familiar,INVALID,409.27
Dr. Tomás,###CORRUPT###,0,Crédito educativo,Pública,240.29
Mtro. Irene,,X,Apoyo familiar,∞∞∞,358.34
Dionisia,Peñalver,,Otro,Pública,445.34
Daniel,Galvis,0,Trabajo,Pública,229.38
Mtro. Rolando,∞∞∞,0,Apoyo familiar,Pública,522.67
Carmen Yolanda,Caicedo,1,Trabajo,Privada,0.0
Agapito Tomé,Rosado,0,Trabajo,Privada,156.67
Lautaro Ezequiel Manuel,Ruiz,0,Apoyo familiar,Pública,369.33
Clemente,Duarte,1,Beca,Privada,524.95
Thiago Daniel Agustin,Molina,0,Apoyo familiar,Privada,456.7
Nicanor Núñez,Riba,1,Beca,Privada,361.65
Thiago Garcia,Duarte,0,Apoyo familiar,Pública,
,,,,,
Santiago Joaquín,Gomez,INVALID,<NULL>,Pública,206.43
Agustín,Correa,0,Apoyo familiar,Pública,374.46
###CORRUPT###,Vega,0,∞∞∞,Pública,276.67
Óliver Luis Manuel,Santana,1,Otro,Privada,482.99
Florinda Pizarro,Rueda,0,Apoyo familiar,Pública,347.12
Mtro. Margarita,Osorio,0,Apoyo familiar,Pública,413.6
Santino Valentin Nuñez,Hernandez,0,Apoyo familiar,Pública,357.34
Ramón Hernán,Briones,{BAD},C0RRUPT3D,Pública,468.8
Dr(a). Joaquin,Gomez,0,Apoyo familiar,Privada,615.04
Ignacio,Vargas,0,Apoyo familiar,Pública,@@@
Estela Oswaldo Rolón,Muñoz,[DAMAGED],Apoyo familiar,285357,356.77
Isabella Luca Maidana,Bustos,1,Otro,Privada,294.59
Nina Malena,{BAD},0,Apoyo familiar,Pública,302.26
Thiago Nicolas Sanchez,Toledo,1,Beca,Privada,504.99
Alfonso,Camacho,0,Apoyo familiar,Pública,250.58
320509,Mendoza,0,Apoyo familiar,Pública,274.54
Raimundo Máximo González,Aragón,0,Apoyo familiar,###CORRUPT###,@@@
Esteban Tovar,Pérez,0,,Pública,325.68
Valentino Isabella,Leiva,0,∞∞∞,Pública,458.61
Isabella Juana Godoy,Rodriguez,0,Otro,Pública,202.71
Poncio del,Moreno,0,Trabajo,Pública,254.43
Enrique Duván Londoño,Angulo,0,Otro,Pública,348.2
Graciela,Villarreal,0,Otro,Pública,443.94
José,González,0,Crédito educativo,Pública,256.48
Edwin Vásquez,Galindo,0,Apoyo familiar,,307.67
Josefina Romero,,0,Apoyo familiar,Pública,323.99
Martina Herrera,Vazquez,0,Trabajo,Pública,268.26
Benito Cristóbal Estevez,Bellido,0,Apoyo familiar,Privada,466.13
Kevin David Ceballos,Pérez,0,Apoyo familiar,Pública,464.35
Maria Paz Lisandro,Nuñez,0,Apoyo familiar,Pública,421.45
Carlos,Vásquez,0,Apoyo familiar,Pública,307.88
Julio Bernabé Muñoz,Ruiz,X,Apoyo familiar,Pública,370.83
Glauco Bas,Correa,0,Apoyo familiar,Pública,208.91
Mónica Isaac Madrid,Uribe,0,Apoyo familiar,Pública,315.95
Karina,González,1,Beca,Privada,327.03
Andrés Enrique,Mosquera,1,Otro,{BAD},489.59
,,[DAMAGED],,,
Beatriz Toro,$$$,0,Apoyo familiar,###CORRUPT###,410.04
Pedro,Valdés,1,Otro,Privada,368.45
Antonella Valentina Perez,Morales,0,Apoyo familiar,Privada,495.7
Teófila Molins,Bayón,0,Apoyo familiar,Pública,262.17
Diego Amelia,Perea,1,Apoyo familiar,Privada,485.59
Ernesto Leticia,Limón,1,Trabajo,Privada,169.96
<NULL>,###CORRUPT###,0,Crédito educativo,Pública,224.35
María,Garcés,1,Otro,INVALID,368.1
,Polanco,0,Apoyo familiar,Pública,###CORRUPT###
León Felipe,Bohórquez,1,Beca,Privada,239.78
Horacio,Tijerina,0,Apoyo familiar,Pública,0.0
$$$,Quiñónez,1,Otro,Privada,C0RRUPT3D
Constanza Santiago,Pereyra,0,Apoyo familiar,Pública,281.12
Dr. Alejandro,Lozada,0,Otro,Pública,398.57
Frida Dolores Cabán,Bernal,INVALID,Apoyo familiar,Pública,409.44
C0RRUPT3D,Rubio,0,Crédito educativo,Pública,226.63
Miguel Yerson Orozco,Castro,0,285615,Pública,245.42
Santino Gabriel Castro,Sanchez,1,Beca,Privada,406.71
Soledad Pablo Lovato,Barrera,,Trabajo,Pública,306.47
,,,,,
C0RRUPT3D,,,,,
Javier,Lomeli,0,Apoyo familiar,Pública,395.58
,,,,{BAD},
Arturo Ramiro,Bastidas,###CORRUPT###,Beca,Privada,492.65
$$$,[DAMAGED],0,Trabajo,Pública,322.1
Sr(a). Sol,Sosa,0,Apoyo familiar,Privada,674.48
Marisol Yolanda Acuña,Cuellar,0,Apoyo familiar,Pública,413.1
María Marisol,Arenas,0,Trabajo,Pública,250.16
Ricardo María,Bravo,0,Apoyo familiar,Pública,385.29
Santino Nicolas Juan Ignacio,212930,1,???,673365,535.15
Ramiro Ortiz,Moreno,0,###CORRUPT###,Pública,252.88
Francesca,Ferreyra,0,Apoyo familiar,Privada,973.1
###,Garcia,0,Otro,@@@,
,,,,,
,,,,∞∞∞,
Germán Alfonso,Aparicio,1,Beca,Privada,358.87
{BAD},Sanchez,C0RRUPT3D,Otro,Pública,383.45
Ing. Verónica,Maldonado,0,Trabajo,{BAD},209.75
ERR!!,Fuster,0,Apoyo familiar,Pública,{BAD}
Calista Galvez,Gomila,1,Apoyo familiar,Privada,547.08
[DAMAGED],Herrera,0,Otro,Pública,377.74
Ing. Tomás,@@@,0,Apoyo familiar,Pública,318.17
Eva Sarabia,Valdivia,0,{BAD},###,352.91
Rubén Guzmán,Rodríguez,0,Apoyo familiar,Privada,441.72
Armando Fabio,Guzmán,1,Apoyo familiar,Privada,536.66
,,,,,
,,,,,
Juan Rodríguez,Silva,0,Otro,Privada,222.23
Francisco Ojeda,Fernandez,∞∞∞,Apoyo familiar,Pública,443.16
Margarita Montaño,Villagómez,0,Apoyo familiar,###CORRUPT###,350.14
Mia Jazmin Roldan,Mendez,0,Apoyo familiar,Pública,337.04
Paulina Isabel,Vargas,0,Apoyo familiar,Pública,347.15
Arley Héctor,Suárez,0,Otro,Pública,C0RRUPT3D
Sofía,Aguero,0,Apoyo familiar,Pública,401.47
$$$,Juarez,X,Apoyo familiar,[DAMAGED],379.77
,,,,,C0RRUPT3D
Santino,Romero,###,@@@,<NULL>,442.28
Dr. Teodoro,Saucedo,0,Crédito educativo,Pública,323.21
Benjamin Juan Miranda,Diaz,0,Trabajo,@@@,225.29
Gustavo Guerrero,Alonso,0,Crédito educativo,Privada,245.84
Adalberto Chávez,Cantú,0,Apoyo familiar,Pública,360.88
Óscar,Daza,0,Crédito educativo,Pública,316.33
Sr(a). Paola,Garibay,0,Crédito educativo,Privada,∞∞∞
Vidal Batlle,Manjón,0,Apoyo familiar,Pública,483.19
Salvador,Valdez,0,@@@,Privada,454.82
Ciriaco Madrid,Alcolea,0,[DAMAGED],Pública,156.5
Angélica Ortega,Cepeda,0,Crédito educativo,Pública,221.9
Alta Gracia Dolores,Pedraza,1,Trabajo,Privada,334.38
Dulce Espinosa,Huerta,1,Beca,XX,414.81
,,,,,
Soledad Adela Espinoza,XXXXXXXXXXXXXXXXXXXXXXXXXXXXXXXXX,1,$$$,Privada,542.12
$$$,Prado,0,Crédito educativo,Pública,@@@
Dr(a). Olivia,Villalba,0,Apoyo familiar,Pública,296.68
<NULL>,Flórez,0,Otro,Privada,220.83
Marisa,Belda-Sureda,0,,Pública,263.39
Victoria,Treviño,0,Apoyo familiar,C0RRUPT3D,C0RRUPT3D
Perlita Palacios,Luque,1,Apoyo familiar,Privada,438.73
Mtro. César,Montes,1,,Privada,536.27
Milena Caceres,Silva,@@@,Apoyo familiar,Pública,464.87
∞∞∞,Bañuelos,0,$$$,,205.75
Susanita,Casanovas,0,Apoyo familiar,Pública,484.46
Raúl Mario Barajas,Almanza,###CORRUPT###,XXXXXXXXXXXXXXXXXXXXXXXXXXXXXXXXXXXXXXXXXXXXXXXXXXXXXXXXXXXXXXXXXXXXXXXXXXX,Privada,656.57
Martha Esther,Martínez,X,Apoyo familiar,Pública,<NULL>
Bertha,Beltrán,,Apoyo familiar,Pública,327.25
Dr(a). Victoria,Medina,0,Apoyo familiar,,INVALID
{BAD},Jaime,0,Apoyo familiar,XX,323.92
Juan Cruz Felipe,Martin,0,Apoyo familiar,Privada,483.18
Alejo Cerro,Mínguez,1,Crédito educativo,Privada,304.4
@@@,Gaitán,0,Apoyo familiar,Pública,128.25
Carmelo del,Adadia,0,Apoyo familiar,Pública,526.72
∞∞∞,Perez,0,Apoyo familiar,Pública,442.27
,Vidal,0,Apoyo familiar,Pública,VAL6728
Donato Cerro,Peñalver,1,Apoyo familiar,Privada,403.4
Cristóbal Mateos,Taboada,0,Apoyo familiar,Pública,376.28
Yeison Pulido,Fernández,0,400053,Pública,-9999.0
Estela Adriana,Farías,0,Apoyo familiar,,359.32
Sr(a). Tania,@@@,0,Apoyo familiar,Pública,398.52
Ismael,Rodrigo-Torralba,0,Apoyo familiar,Pública,399.62
Fernanda Gordillo,Saez,0,Apoyo familiar,Pública,392.36
Helena Timoteo Rodríquez,<NULL>,0,Apoyo familiar,Pública,304.55
Flavio,Arrieta-Corral,0,Apoyo familiar,Pública,290.33
Thiago Benjamin,Barrios,1,INVALID,Privada,467.4
Teobaldo Vendrell,Anguita,0,∞∞∞,Pública,274.23
Elias,Zamudio,1,,Privada,434.85
María Luisa Partida,Toro,0,Apoyo familiar,###CORRUPT###,338.84
Emperatriz,Moles,1,Apoyo familiar,,574.32
,,,,∞∞∞,
Miguel Restrepo,Salgado,0,???,Pública,474.2
{BAD},Verdugo,0,Trabajo,Pública,219.33
Brayan Torres,Muñoz,0,Apoyo familiar,Pública,384.13
Gerónimo Pedroza,Molina,0,Trabajo,Pública,225.35
Dulce,Leiva,0,Trabajo,Pública,302.12
Espiridión Sacristán,@@@,0,INVALID,Pública,403.26
Mia Benjamin Valdez,Ferreyra,0,330474,Pública,311.38
Ciríaco Rosado,Diéguez,0,Trabajo,Pública,222.39
@@@,,###CORRUPT###,Beca,Privada,327.4
,Portillo,0,Trabajo,Pública,207.58
Lara Ivan Fernandez,Garcia,0,Crédito educativo,Pública,241.61
$$$,Gomez,1,Beca,Privada,359.28
{BAD},Martinez,1,Apoyo familiar,XX,INVALID
Tiziano Benjamin,,0,Apoyo familiar,Pública,433.26
Alejo,Aguero,0,Apoyo familiar,C0RRUPT3D,339.34
Víctor Mauricio,Garrido,0,Apoyo familiar,Privada,###CORRUPT###
Juan David Ian,áéíóú ñ,0,{BAD},Pública,275.34
Dolores Briones,Blanch,1,Otro,Privada,416.81
Valentin Juan Cruz,Ortiz,0,Apoyo familiar,{BAD},581.75
Timoteo Javier Palomo,Delgado,0,Apoyo familiar,Pública,406.15
Paola Castaño,Fernández,0,Apoyo familiar,Pública,307.63
Fidel Bonilla,Martínez,###CORRUPT###,Trabajo,Privada,246.29
Hugo Almazán,Ángel,0,XXXXXXXXXXXXXXXXXXXXXXXXXXXXXXXXXXXXXXXXXX,Privada,324.92
∞∞∞,Linares,0,Trabajo,Pública,231.98
###CORRUPT###,Bernal,1,Otro,Privada,366.11
Jenaro Cabo,Beltrán,0,Trabajo,Pública,238.27
Aldo,Nájera,0,Apoyo familiar,Pública,341.88
Joaquin Luna,Vera,0,∞∞∞,Pública,219.25
Máxima Castilla,Llobet,0,Trabajo,Pública,287.5
200731,Campo,0,@@@,Pública,[DAMAGED]
Amelia Espada,Sabater,1,Beca,Privada,522.57
,@@@,,???,XX,
Sr(a). Natividad,Coronado,∞∞∞,Apoyo familiar,Pública,445.53
###CORRUPT###,Rios,0,XXXXXXXXXXXXXXXXXXXXXXXXXXXXXXX,Privada,400.62
C0RRUPT3D,Olivares,0,Apoyo familiar,Pública,442.51
@@@,<NULL>,0,Apoyo familiar,698144,388.18
,Rodriguez,0,Apoyo familiar,Pública,0.0
Donato Quirós,Farré,0,Apoyo familiar,Pública,380.52
Santiago Sosa,<NULL>,1,Apoyo familiar,XX,566.86
Marisol Castillo,Triana,0,Otro,580018,214.61
Marisela Llorente,Viñas,1,Trabajo,###CORRUPT###,237.37
Sr(a). Lola,[DAMAGED],0,???,Pública,380.84
Santino Gabriel Castro,Sanchez,1,Apoyo familiar,Privada,644.94
Duilio Ávila,Mayol,1,Beca,Privada,$$$
Mtro. Victoria,Chapa,0,Apoyo familiar,Pública,VAL4794
,,,,,
María Teresa,Alfaro,0,Apoyo familiar,Pública,252.57
Irene Montañez,Zambrano,0,Apoyo familiar,Pública,419.81
Juan,Delgado,0,Otro,Pública,375.98
Santiago Isabella Acuña,$$$,0,Trabajo,Pública,INVALID
Stella Aleida González,Velasco,0,Trabajo,Pública,270.21
Inmaculada Alonso,Revilla,0,Apoyo familiar,Pública,211.27
INVALID,Nuñez,INVALID,@@@,Privada,435.96
Sr(a). Santiago,Blanco,0,Apoyo familiar,Pública,465.87
Bianca Renzo Gomez,Perez,0,Crédito educativo,Pública,344.71
Lucía Tomás,Morales,1,Apoyo familiar,Privada,612.79
,@@@,,,,
Gilberto Bernabé,Acosta,0,Crédito educativo,Pública,384.85
{BAD},Crespo,0,Apoyo familiar,Pública,354.35
Dr(a). Santino,Rivero,0,Apoyo familiar,Pública,394.91
Patricia María Arango,Castellanos,0,Apoyo familiar,Pública,∞∞∞
Aurora,Mireles,1,Trabajo,XX,259.58
Luz Garzón,Martínez,0,,,172.7
Gloria del,[DAMAGED],1,Apoyo familiar,Privada,439.82
Iván Esther,Angulo,1,Apoyo familiar,Privada,471.72
Eugenia,Mateo,0,Apoyo familiar,Pública,381.44
Juan Rodríguez,Silva,0,∞∞∞,Privada,678.25
Óscar,Montoya,0,???,Pública,396.9
Micaela Ramos,Ruiz,1,Beca,Privada,470.11
Micaela Gloria,Uribe,0,[DAMAGED],Privada,522.05
Isabel Mauro Correa,Guerrero,0,Apoyo familiar,Pública,204.24
Felipe Juarez,Rios,0,Crédito educativo,Pública,304.73
,@@@,,,,
,,,,,
Catalina Ramos,INVALID,0,Apoyo familiar,Pública,277.56
Inés,Fuentes,0,Apoyo familiar,Pública,211.99
Thiago Lautaro Benjamin,Perez,0,Apoyo familiar,Privada,609.6
###CORRUPT###,Planas,0,Trabajo,Pública,154.53
Nazario Raimundo Echevarría,Carreras,0,Apoyo familiar,Pública,430.29
Felipe Juan Ignacio,Vega,0,,Pública,372.56
{BAD},Quintero,0,Trabajo,Pública,244.92
Elisabet Ariño,Carrión,0,@@@,Privada,108.05
María Ana,###CORRUPT###,0,Trabajo,Pública,249.94
,,,,,
Dr(a). Gonzalo,Vargas,VAL1905,Beca,XX,380.69
José Luis Paola de la,Garza,0,{BAD},Pública,340.1
Fanny,Montenegro,0,@@@,Pública,0.0
Anita Pujol,Olmedo,0,Apoyo familiar,Privada,542.64
,Guajardo,1,Apoyo familiar,Privada,567.78
Emma Maximo,Aguirre,INVALID,Beca,Privada,493.94
Concepción Isabela,Santiago,0,Apoyo familiar,XX,359.81
Francesca Josefina Garcia,Herrera,1,Apoyo familiar,Privada,478.53
Jos Nancy,Garrido,0,Apoyo familiar,Pública,413.49
Dolores Molina,Peña,{BAD},Apoyo familiar,Privada,510.37
,Paez,0,Trabajo,Pública,227.57
@@@,,,,,
Alberto Miguel,Narváez,1,Trabajo,Privada,264.29
Ruth Angelina Pablo,Verdú,0,∞∞∞,Pública,320.48
Arturo Santiago,Aragón,0,Trabajo,Pública,229.43
Tiziano Valentin,[DAMAGED],0,Apoyo familiar,Pública,404.46
Julia del,Cepeda,###CORRUPT###,Trabajo,Pública,229.96
Maximiliano Enrique,Jaime,###CORRUPT###,842630,Privada,INVALID
###CORRUPT###,Ulloa,0,{BAD},Pública,403.12
446469,,,???,,
Esmeralda Delgadillo,Navarrete,0,Apoyo familiar,Pública,325.04
Dr. Débora,Elizondo,0,{BAD},Pública,264.02
Lorena Zapata,Ruiz,0,Otro,INVALID,449.01
Dr(a). Felipe,Escobar,1,XXXXXXXXXXXXXXXXXXXXXXXXXXXXXXXXXXXXXXXXXXXXXXXXXXXXXXXXXXXXXXXXXXXXXXXXXXXXXXXXXXXXXXXXXXXXXXXXXXXXXXXXXXXXXXXXXX,Privada,INVALID
Calista Sarmiento,Belmonte,1,Beca,Privada,272.61
Sr(a). Mateo,Gonzalez,0,Crédito educativo,Pública,264.82
Abigail Angel Gabriel Barrios,Figueroa,0,@@@,Pública,238.73
Ruby,Puga,0,Crédito educativo,Privada,261.04
Dr(a). Thiago Benjamin,Rojas,0,Apoyo familiar,Pública,$$$
Delia Coronado,Lozano,0,Apoyo familiar,Privada,1232.63
María Martínez,González,,Crédito educativo,Pública,282.11
Nazario Flor,Tello,0,Apoyo familiar,Pública,236.2
Angie Rodríguez,Camargo,INVALID,Apoyo familiar,781922,282.5
Dolores del,Coronado,X,Apoyo familiar,Pública,357.54
Benjamin Olivia Gonzalez,Gonzalez,0,Apoyo familiar,Privada,720.82
Agustín,Benitez,0,Apoyo familiar,Pública,###CORRUPT###
{BAD},Arnaiz,0,###CORRUPT###,Pública,433.34
Juan Luis,Camacho,0,Apoyo familiar,Pública,363.84
Carlos Ramiro,Jaramillo,1,Crédito educativo,Privada,239.9
Ruth,González,0,{BAD},Pública,343.99
Sofia,Arias,0,Apoyo familiar,Pública,569.78
Vicente Arcelia Rascón,Nevárez,0,Crédito educativo,Pública,275.98
Dary Torres,Arias,0,Apoyo familiar,Pública,235.44
Sr(a). Ángel,Ocasio,0,Crédito educativo,Pública,349.87
Mtro. Tomás,Solís,0,Apoyo familiar,Pública,384.62
Juan Gabriel Ponce,Lucero,1,###,Privada,258.82
Úrsula José Guevara,Vélez,0,Trabajo,Pública,169.02
Albina Vigil,Cantero,1,[DAMAGED],Privada,268.06
Patricio Minerva,Enríquez,1,Apoyo familiar,Privada,595.47
Ing. Norma,Domínguez,0,Apoyo familiar,Pública,365.02
Diana Quiñones,Saiz,0,Trabajo,Pública,219.41
,,,,,###CORRUPT###
Diana Angie Sierra,Mejía,0,Apoyo familiar,,329.65
Mónica Pastor,Hoyos,0,Apoyo familiar,Pública,361.32
###CORRUPT###,Gómez,0,Apoyo familiar,Pública,INVALID
<NULL>,Galindo,@@@,Apoyo familiar,<NULL>,306.95
###,Gomez,0,Apoyo familiar,Pública,308.44
Dr(a). Simon,Castro,1,Otro,Privada,266.45
Blanca Contreras,Gómez,1,Crédito educativo,Privada,383.68
Thiago Lionel Tobias Diaz,Acosta,0,Apoyo familiar,Pública,$$$
Rafael Leal,Parada,0,Crédito educativo,Pública,222.22
Aurelio Sandra Villarreal,Padrón,0,Trabajo,,290.87
[DAMAGED],Peña,0,Apoyo familiar,Pública,368.1
,Chapa,0,Apoyo familiar,Pública,356.2
Sandalio Rius,Alcázar,1,Beca,Privada,342.68
Elodia Santos,Zamora,1,INVALID,Privada,488.93
Ricardo Daniel Guerrero,Jaramillo,0,Apoyo familiar,Pública,364.03
Juan Bautista Sofía,Vera,0,Apoyo familiar,Pública,@@@
,,$$$,,XX,
Sr(a). Olivia,Vásquez,0,áéíóú ñ,Privada,547.91
Federico Santiago de Anda,C0RRUPT3D,0,Trabajo,Privada,240.56
Alonso Dávila,Ozuna,0,{BAD},Pública,260.54
Santiago Silvano,Santacruz,0,Apoyo familiar,C0RRUPT3D,360.88
Yuridia,Burgos,0,Apoyo familiar,Pública,<NULL>
@@@,,,,,
Paola Castaño,Fernández,0,Crédito educativo,Pública,266.96
Pedro Ramos,Muñoz,0,Apoyo familiar,Pública,336.06
Elvira,Sotelo,0,920660,Pública,∞∞∞
Lina Andrea Arias,Gómez,C0RRUPT3D,Apoyo familiar,Pública,407.69
Rufino Florencia,Meza,0,Apoyo familiar,Pública,411.75
Sr(a). Judith,Limón,0,Apoyo familiar,Pública,311.21
Inocencio Gibert,Cañizares,0,434670,Privada,597.21
Gloria del,Blázquez,1,[DAMAGED],Privada,457.75
Joaquín Guillermo Rojas,Ramírez,0,Apoyo familiar,Pública,395.21
Vanesa,Milla-Silva,0,Apoyo familiar,Privada,823.27
Lucía Toro,Belmonte,0,Apoyo familiar,Pública,359.06
Jeronimo,Gonzalez,0,Crédito educativo,@@@,294.42
Salma Huerta,Caraballo,0,Crédito educativo,Pública,302.28
,,,,,$$$
Isidoro,Ricart,[DAMAGED],Apoyo familiar,Pública,333.36
Custodio Tapia,Bermejo,0,,Pública,260.16
,,,,XX,
Conrado Valle,Seco,0,Trabajo,Pública,213.31
Wilmar Vicente Bohórquez,García,0,Apoyo familiar,Pública,492.64
Mtro. Eloy,Carrillo,0,$$$,Pública,259.1
Olga Mosquera,Muñoz,@@@,Otro,Privada,339.68
Xavier,Valenzuela-Rivero,0,Apoyo familiar,Pública,322.88
áéíóú ñ,Diaz,0,Apoyo familiar,Pública,0.0
Jaqueline Salma Velasco,Cavazos,0,Apoyo familiar,Pública,331.21
Tomas,Aguirre,0,Apoyo familiar,$$$,
Silvia Aguado,Sanz,0,Apoyo familiar,Pública,384.93
Agustín Luna,Gonzalez,,Apoyo familiar,{BAD},385.1
Aurelio Vanesa Muro,Henríquez,1,Apoyo familiar,Privada,539.86
Amelia Lamas,Pazos,X,$$$,Pública,256.22
Sr(a). Lara,###CORRUPT###,1,Apoyo familiar,Privada,∞∞∞
Luis Héctor Padilla,Rodríguez,0,Apoyo familiar,Privada,486.82
Régulo Castellanos,Cañellas,0,Apoyo familiar,Pública,363.83
,,,,,{BAD}
Sabina Fortuny,Pol,999999.0,Crédito educativo,Pública,201.06
,,,,,
###CORRUPT###,Perez,1,Beca,@@@,592.75
,,,,$$$,
Máxima África Diaz,Calzada,0,Apoyo familiar,,388.16
,,,,,
,,,,,
Maria Luz Jazmin,C0RRUPT3D,1,Beca,Privada,388.06
Sr(a). Marcela,Guillen,1,Crédito educativo,Privada,0.0
Salma Alcala,Carreón,X,Crédito educativo,C0RRUPT3D,313.84
,@@@,,,,
XXXXXXXXXXXXXXXXXXXXXXXXXXXXXXXXXXXXXXXXXXXXXXXXXXXXXXXXXXXXXXXXXXXXXXXXXXXXXXXXXXXXXXXXXXXXXXXXXXXXXXXXX,@@@,0,Crédito educativo,Pública,322.63
Natalio Company,Santamaría,0,Apoyo familiar,XXXXXXXXXXXXXXXXXXXXXXXXXXXXXXXXXXXXXXXXXXXXXXXXXXXXXXXXXXXXXXXXXXXXXXXXXXXXXXXXXXXXXXXXXXXXXXXXXXXXXXXXXXXXXXXXXXXXX,265.61
Francisca,Negrón,0,Apoyo familiar,Pública,308.72
,Rojas,0,Crédito educativo,Pública,233.71
Tania de,Pedrosa,0,Apoyo familiar,∞∞∞,217.61
Anabel Nereida Gutierrez,Quintanilla,0,Otro,Pública,328.13
Dr(a). Morena Jazmin,Diaz,[DAMAGED],Apoyo familiar,Privada,@@@
Karina Melo,Álvarez,0,,Pública,404.15
Marina Lorena Camacho,Pineda,0,XXXXXXXXXXXXXXXXXXXXXXXXXXXXXXXXXXXXXXXXXXXXXXXXXXXXXXXXXXX,Pública,311.46
Alexandra,Benavente,0,Crédito educativo,∞∞∞,272.07
Tomas Lautaro Cruz,Rodriguez,0,Apoyo familiar,Pública,385.75
Víctor Carla,Carrasco,0,Apoyo familiar,Privada,410.62
Lucía Lucy Jiménez,Andrade,1,Otro,Privada,<NULL>
Benito Gloria,###CORRUPT###,,Trabajo,Privada,322.78
161154,Toledo,0,Apoyo familiar,Pública,326.64
Julieta Valentino Navarro,Acosta,0,Trabajo,Privada,385.15
Wilson,Salamanca,X,Beca,Privada,539.78
Noelia,Barraza,0,Apoyo familiar,Pública,519.17
Araceli Nelly,Cabrera,0,Apoyo familiar,Pública,408.04
,,0,Apoyo familiar,{BAD},C0RRUPT3D
Perlita Palacios,Luque,1,Beca,Privada,576.04
Milena,Torres,0,Apoyo familiar,Pública,268.25
Delia Arcelia,<NULL>,0,Apoyo familiar,Pública,357.84
Sandra Trillo,,1,Otro,Privada,443.03
@@@,Bravo,1,@@@,Privada,478.56
Leonel Saldivar,Escamilla,0,Apoyo familiar,Pública,276.7
Rafael Ballester,Herrero,0,Apoyo familiar,Pública,381.48
Aura Vanesa Herrera,Osorio,0,Apoyo familiar,Pública,421.17
Alvaro Juan Pablo,Gonzalez,0,Crédito educativo,Pública,233.62
Íngrid Bou,Donaire,0,Apoyo familiar,Pública,406.02
Gerardo Nayeli,Quesada,0,Apoyo familiar,Pública,409.25
Alberto Camilo Rodríguez,Hernández,1,Beca,Privada,423.3
Ing. Esteban,Casares,1,Apoyo familiar,Privada,555.37
,,,,,C0RRUPT3D
,,,,,
Aristides Castell,Herrera,1,Beca,Privada,285.25
Irene Cavazos,Echeverría,0,Apoyo familiar,384453,473.4
Yolanda Guadalupe Esquibel,Cervántez,0,Apoyo familiar,XXXXXXXXXXXXXXXXXXXXXXXXXXXXXXXXXXXXXXXXXXXXXXXXXXXXXXX,315.17
Henry,Montoya,1,C0RRUPT3D,Privada,412.11
Ramona Abril,Peñalver,0,Apoyo familiar,Pública,371.02
,,,,,
Graciela Córdoba,∞∞∞,,Apoyo familiar,Pública,397.54
Alberto Mario Vélez,Molano,X,Trabajo,Privada,148.09
Thiago Benjamin Miguel Angel Garcia,,0,[DAMAGED],<NULL>,265.97
,,,,,
Mary,Serrano,0,Apoyo familiar,Pública,∞∞∞
Catalina Ferreyra,Vera,0,Trabajo,{BAD},335.21
Dr(a). Luisana,Gomez,1,Apoyo familiar,Privada,
,,,,,
Lucía Lucy Jiménez,Andrade,1,Apoyo familiar,,504.37
∞∞∞,Giraldo,0,Trabajo,Pública,340.58
Alexander Olivia Sanchez,Escobar,1,Beca,Privada,467.99
Indira,Lovato,1,Apoyo familiar,Privada,479.95
Felipe,Paez,,Apoyo familiar,Pública,378.12
Dr(a). Mateo Benjamin,Sosa,0,∞∞∞,XX,382.08
Lina Marleny,,0,Trabajo,Pública,281.32
,Erazo,0,Apoyo familiar,Pública,[DAMAGED]
@@@,Cadenas-Hoz,0,$$$,Pública,505.39
###CORRUPT###,Olvera,0,Otro,Pública,377.38
@@@,Castejón,∞∞∞,,Pública,307.79
Virginia Luisa,Serna,0,Apoyo familiar,Pública,304.51
Rosalva del,Baena,1,@@@,INVALID,518.25
,,,,,
Ana Eugenia,Bohórquez,[DAMAGED],Apoyo familiar,Privada,@@@
Mtro. José Emilio,Rubio,0,Apoyo familiar,INVALID,882.0
∞∞∞,Belmonte,0,Apoyo familiar,Pública,362.37
Angie Adriana,Rivera,0,Apoyo familiar,Pública,∞∞∞
C0RRUPT3D,Ortiz,0,C0RRUPT3D,Pública,308.91
Juliana Alcira,Leal,1,Beca,Privada,361.58
Ana Edna,Gómez,0,Apoyo familiar,Pública,296.66
Juan Ignacio Lucas Luna,Molina,0,Crédito educativo,Pública,{BAD}
INVALID,Mesa,0,Apoyo familiar,Pública,327.36
Sessa Rolando Tovar,Arenas,0,Trabajo,Pública,248.56
Cristobal Caballero,Uribe,1,∞∞∞,Privada,INVALID
,$$$,0,Apoyo familiar,Pública,322.75
XXXXXXXXXXXXXXXXXXXXXXXXXXXXXXXXXXXXXXXXXXXXXXXXXXXXXXXXXXXXXXXXXXXXXXXXXXXXXXXXXXXXXXX,Rodriguez,1,Crédito educativo,Privada,274.21
Mery Gladys Rincón,@@@,C0RRUPT3D,Apoyo familiar,Pública,380.58
[DAMAGED],Alvarez,0,Apoyo familiar,Pública,395.74
Josefina Romero,Nuñez,0,Otro,Pública,344.71
Lic. Gustavo,Varela,∞∞∞,Apoyo familiar,Pública,
Amador,Ramón,0,Crédito educativo,Pública,301.51
Mtro. Ana,Rivero,1,Apoyo familiar,Privada,<NULL>
Gustavo Escamilla,Maldonado,0,Apoyo familiar,Pública,364.32
,,,???,INVALID,
{BAD},<NULL>,0,Apoyo familiar,Pública,371.35
Fortunato,$$$,{BAD},Otro,Pública,443.37
José,Guerra,0,Apoyo familiar,Pública,0.0
Juan Ignacio Cruz,Fernandez,0,Trabajo,Pública,334.25
Ligia,Quintero,0,Apoyo familiar,XX,487.94
Dr. Teodoro,Apodaca,0,Apoyo familiar,Pública,450.07
Sandra Guillermo,Olivo,0,Apoyo familiar,Pública,321.75
Adán Emilia Véliz,Casanova,0,Apoyo familiar,Privada,∞∞∞
Isabela Arriaga,Toledo,0,Trabajo,###,304.3
Micaela Llano,Ribas,0,Otro,Pública,488.19
Octavio Francisco Figueroa,Diaz,0,Trabajo,,280.69
Bastian,Mendoza,[DAMAGED],Otro,Pública,482.34
Duilio,Llorente-Batlle,0,Otro,XX,446.54
Sr(a). Víctor,Lovato,0,Apoyo familiar,Privada,597.7
XXXXXXXXXXXXXXXXXXXXXXXXXXXXXXXXXXXXXXXXXXXXXXXXXXXXXXXXXXXXXXXXXXXXXXXXX,Herrera,0,Apoyo familiar,Pública,489.53
Arcelia Negrete,Ulloa,0,Apoyo familiar,Pública,393.22
,,,,,
∞∞∞,,,,,
Dr(a). Joaquín,Gonzalez,1,@@@,Privada,371.1
ERR!!,###CORRUPT###,0,Apoyo familiar,Pública,392.57
Abril Galan,Pardo,,???,Pública,331.56
,,,???,XX,$$$
Nelson,Cerón,0,Apoyo familiar,,289.93
Celia Benavides,Razo,1,???,Privada,0.0
Juan Carlos,Varela,0,Apoyo familiar,Pública,273.05
Mtro. Victoria,Chapa,[DAMAGED],Trabajo,Pública,[DAMAGED]
600155,Rivera,1,Trabajo,Privada,347.66
ERR!!,Guardia,1,Apoyo familiar,Privada,555.9
Valentina Mia Jazmin Soto,Juarez,0,Trabajo,Pública,223.47
David,Corredor,###CORRUPT###,###CORRUPT###,Privada,676.28
Valero del,Galiano,0,@@@,Pública,292.28
Bastian Santiago,Gomez,0,Otro,Pública,322.86
Humberto Talavera,Nadal,0,Crédito educativo,Privada,314.57
ERR!!,Paez,0,Trabajo,Pública,297.84
Agustin,Ledesma,0,ERR!!,Pública,354.09
###CORRUPT###,Gonzales,1,Apoyo familiar,Privada,520.29
Arsenio Alegre,Reina,C0RRUPT3D,Beca,Privada,561.65
Henry Enrique Galindo,Jaramillo,0,Apoyo familiar,Pública,175.45
Rodolfo Mitzy,Aguilar,0,Trabajo,Pública,251.31
Dr(a). Isabella,<NULL>,0,Trabajo,Pública,@@@
Paola Sierra,Ureña,0,Otro,Pública,270.09
Lic. Ernesto,Robles,0,Trabajo,Pública,290.8
Leticia,Alemán,0,Trabajo,Pública,299.72
Perla Alfredo,Olivo,1,Apoyo familiar,INVALID,###
Alma Gonzalez,Vega,{BAD},,Pública,356.93
Martina Salvador,Sanchez,0,Crédito educativo,Privada,260.89
Guillermo Linares,Palomino,1,Apoyo familiar,Privada,663.41
Jorge Barragán,Quintanilla,,Crédito educativo,Pública,332.88
Dr(a). Juan Bautista,Alvarez,0,Apoyo familiar,Pública,362.63
Alta Gracia Negrón,Caraballo,C0RRUPT3D,###CORRUPT###,Pública,298.39
Marcial Cárdenas,{BAD},∞∞∞,Beca,Privada,448.53
Clara Fernando Valentín,Tijerina,INVALID,Trabajo,Pública,249.33
Cayetano Iborra,Villalonga,0,Apoyo familiar,Pública,306.22
John,González,0,Apoyo familiar,Pública,305.04
[DAMAGED],Agudelo,0,Apoyo familiar,Pública,336.56
,Morales,,Apoyo familiar,Pública,200.18
Yudy,{BAD},0,[DAMAGED],Pública,314.8
Rodrigo Olivas,Romero,X,Trabajo,Pública,249.99
Carolina Sonia Giraldo,Martínez,0,Apoyo familiar,Pública,350.84
Juliana Alcira,Leal,1,Apoyo familiar,Privada,ERR
Lupita Consuelo Catalán,INVALID,0,Apoyo familiar,Pública,∞∞∞
Delia Pilar,Correa,$$$,Apoyo familiar,Privada,554.34
Javier,Olmos,-9999.0,[DAMAGED],Pública,308.32
María Luz Suárez,Parra,0,Apoyo familiar,Privada,353.36
Pedro Delfina Ramirez,Garcia,0,Apoyo familiar,Pública,253.87
Esteban,Alfonso,0,C0RRUPT3D,Pública,234.2
Agapito Tomé,Rosado,0,Apoyo familiar,642967,591.2
José Emilio Lucio,Segura,0,Crédito educativo,Pública,###CORRUPT###
Martina Lara Garcia,Guzman,0,Apoyo familiar,Privada,566.32
Eva Pinto,Mur,###,Apoyo familiar,Pública,370.89
William,Jaimes,0,Trabajo,Pública,0.0
@@@,Garay,0,Apoyo familiar,Pública,266.81
,,,,,{BAD}
Lucas Martin,Castro,1,Otro,Privada,222.54
Tristán de,Azorin,0,Apoyo familiar,Privada,604.8
Minerva Camilo Melgar,[DAMAGED],0,Crédito educativo,Pública,329.17
XXXXXXXXXXXXXXXXXXXXXXXXXXXXXXXXXXXXXXXXXXX,Abella,1,Apoyo familiar,Privada,∞∞∞
Thiago Agustin Bruno,Flores,0,Apoyo familiar,###CORRUPT###,<NULL>
Lina Andrea Arias,Gómez,0,Trabajo,Pública,243.28
,@@@,,,,
Delia Pavón,Cid,[DAMAGED],Apoyo familiar,Pública,371.47
INVALID,Urrutia,0,Crédito educativo,Pública,421.46
Emilia,Dominguez,0,Trabajo,Pública,254.04
,,,,,VAL7049
Remigio Reina,Barranco,0,Apoyo familiar,Pública,349.04
Benjamin Santino Ezequiel Vargas,Valdez,0,Apoyo familiar,Pública,406.85
Lorenzo Gael Ferreyra,Luna,0,Apoyo familiar,Pública,$$$
Adela Cuellar,C0RRUPT3D,0,Crédito educativo,XX,361.3
Nicolas Perez,Ferreyra,{BAD},Apoyo familiar,Pública,$$$
,,,,,
Antonia Alejandra Álvarez,735393,0,Trabajo,Pública,323.63
Ciriaco Dani Nieto,Uriarte,0,Crédito educativo,Pública,213.05
Esther Diaz,Azorin,0,Apoyo familiar,Pública,351.01
Purificación Torrent,Rosselló,0,XXXXXXXXXXXXXXXXXXXXXXXXXXXXXXXXXXXXXXXXXXXXXXXXXXXXXXXXXXXXXXXXXXXXXXXXXXXXXXXXXXXXXXXXXXXXXXXXXXXXXX,Pública,236.2
Esperanza Delia,Macías,[DAMAGED],Apoyo familiar,Privada,631.02
Renata,@@@,0,Crédito educativo,Pública,269.7
Salvador Escalante,,0,Apoyo familiar,Pública,306.64
Angélica Azorin,Cerro,1,Apoyo familiar,Privada,513.03
Adriana Francisca,Uribe,0,Crédito educativo,Pública,337.98
Óliver Luis Manuel,Santana,1,Beca,Privada,579.53
Silvestre,Mosquera,0,Apoyo familiar,Pública,405.37
Gabriela,INVALID,0,Crédito educativo,Privada,432.12
Inés,Quintero,1,Beca,Privada,420.78
Mauro Ramón,Quiroz,0,Apoyo familiar,Pública,$$$
Emilia Aurelio Cabán,Alvarez,0,Apoyo familiar,Pública,363.7
ERR!!,Gonzalez,0,259659,Pública,$$$
Vicente Espartaco,Fonseca,1,Beca,Privada,402.89
Guillermina Ayala,Godoy,1,Apoyo familiar,Privada,470.88
Lara Luz Milagros,Soria,@@@,Apoyo familiar,Pública,300.9
Fidel Bonilla,Martínez,0,Apoyo familiar,Privada,599.69
Tatiana Nubia Castro,Rodríguez,0,Trabajo,Pública,191.72
Édgar Gallardo,,0,Apoyo familiar,Pública,441.66
Petrona Fidela Terrón,Rubio,0,Apoyo familiar,Pública,287.18
Azahar Frutos,Cepeda,0,Apoyo familiar,Pública,381.42
Diana Isabel Ruiz,Mendoza,0,XXXXXXXXXXXXXXXXXXXXXXXXXXXXXXXXXXXXXXXXXXXXXXXXXXX,{BAD},@@@
María José José,Guzmán,0,Apoyo familiar,Pública,257.71
Emigdio Abad,Mateos,0,Otro,Pública,386.94
Catalina,Suarez,0,Apoyo familiar,Pública,205.63
Elisabet Débora Perelló,,0,Trabajo,Pública,260.53
###CORRUPT###,Montes,0,Crédito educativo,Pública,351.42
Luisa Ofelia García,Forero,0,[DAMAGED],Privada,845.21
ERR!!,Figueroa,0,Otro,Pública,472.98
Marianela Polo,Lumbreras,0,XXXXXXXXXXXXXXXXXXXXXXXXXXXXXXXXXXXXXXXXXXXXXXXXXXXXXXXXXXXXXXXXXXXXXXXXX,Pública,@@@
Abelardo Anel,Alonso,0,Apoyo familiar,Pública,###CORRUPT###
Dante Simon,Suarez,1,Beca,Privada,465.82
Cándido Bas,Puga,0,Crédito educativo,Pública,288.0
Gisela Bernat,Villegas,0,@@@,Pública,342.6
Miguel Arley,Suárez,0,Apoyo familiar,Pública,295.7
Gonzalo José Eduardo Alonzo,Tello,0,???,Pública,232.54
@@@,Almansa,0,Apoyo familiar,,323.27
<NULL>,Gómez,0,Crédito educativo,Pública,260.51
Paola Molina,Velásquez,0,Crédito educativo,Pública,261.34
Eva Rosalia,###CORRUPT###,0,Crédito educativo,Pública,288.22
Camila Pedro,Campos,###CORRUPT###,Apoyo familiar,Pública,356.53
Eduardo,Gómez,0,Crédito educativo,Pública,285.42
Cándida,Lopez,0,???,Privada,0.0
Stiven Hugo,Fuentes,0,Trabajo,Pública,199.61
Graciela Miguel Ángel Olivas,Cedillo,X,Trabajo,Privada,267.19
Alfonso Dario Valencia,Ortiz,<NULL>,Trabajo,Pública,317.3
Pedro,Valdés,1,Beca,Privada,646.75
Jovita Cristina Ríos,Martín,X,Trabajo,Pública,259.59
Carlos Guardia,Piñol,<NULL>,XXXXXXXXXXXXXXXXXXXXXXXXXXXXXXXXXXXXXXXXX,Pública,300.78
[DAMAGED],Orosco,1,Beca,[DAMAGED],414.37
Sandra Ledesma,Barrientos,0,Apoyo familiar,Pública,303.59
Blas de,Gual,VAL5338,Crédito educativo,Pública,###CORRUPT###
Josep Aragón,León,0,Crédito educativo,Pública,276.39
María Luisa Eduardo Navarrete,###CORRUPT###,0,Otro,Pública,412.75
Mayra Piedad,Pedraza,0,Crédito educativo,Pública,356.98
Miguel José Uribe,Martínez,0,Apoyo familiar,Pública,253.28
###CORRUPT###,Tovar,0,Apoyo familiar,Pública,461.88
450652,Sosa,0,Trabajo,Pública,VAL4783
,Reyes,0,###,Pública,278.7
Guadalupe Leiva,Muñoz,0,Otro,Pública,374.03
Dr(a). Felipe,Escobar,1,Apoyo familiar,Privada,411.09
Jaime Andrés Gómez,Barrera,C0RRUPT3D,<NULL>,Pública,
Alejandro,Morales,X,Beca,@@@,547.64
Ciro Juan,Mora,0,Apoyo familiar,Pública,[DAMAGED]
,,,,,
León Juarez,Sosa,[DAMAGED],Trabajo,,227.5
Edwin Julio,Hernández,0,Apoyo familiar,ERR!!,284.73
Graciela Barbara,Caldera,0,Apoyo familiar,Pública,417.67
Luca Ayala,Perez,###CORRUPT###,Trabajo,Privada,285.78
Thiago Benjamin Nuñez,Martinez,0,{BAD},Pública,492.06
María Cecilia,Acosta,0,Apoyo familiar,Pública,INVALID
@@@,Rodríguez,0,Trabajo,Pública,191.72
Dr(a). Ciro,Molina,0,Otro,Pública,429.08
Dante Juan Manuel Ponce,Ortiz,INVALID,Apoyo familiar,Pública,309.81
Luz Andrea Torres,Burbano,0,Otro,Pública,259.17
Alejo,Aguero,0,Otro,Pública,404.34
Lic. Eva,Segura,0,Trabajo,Pública,200.29
Francesco,[DAMAGED],1,Apoyo familiar,Privada,609.09
Lorena Hilda,Bustos,0,Apoyo familiar,Pública,462.69
Abigail Bustos,Garcia,X,Trabajo,Pública,325.25
Florentino Lluch,Luís,0,Trabajo,###CORRUPT###,255.63
Lourdes,Rivero,0,Apoyo familiar,Pública,338.22
,Diaz,0,Apoyo familiar,Pública,365.59
Sofía,Diaz,0,Apoyo familiar,Privada,587.15
Sergio Edilson,Henao,0,Apoyo familiar,Pública,232.13
José María Saucedo,Pérez,0,Apoyo familiar,Pública,442.62
,,,,,
Lic. Porfirio,Vaca,1,Trabajo,Privada,374.61
Carmen Claudia Giraldo,García,,Trabajo,Pública,130.96
Juliana Acosta,479211,0,???,Pública,999999.0
Esteban Fredy Sánchez,Cifuentes,0,Apoyo familiar,Pública,218.61
Íñigo Robledo,Ferreras,0,@@@,<NULL>,294.8
Olivia,Dominguez,0,Trabajo,Pública,133.9
$$$,Preciado,0,???,áéíóú ñ,433.95
Elvira Zambrano,Pinto,0,Apoyo familiar,Pública,392.12
Uma Gonzalez,Cardozo,0,Trabajo,Pública,219.17
Patricia,Mantilla,,Otro,∞∞∞,
###CORRUPT###,Morales,0,Otro,Pública,390.27
Ana Belén Luisa Riba,Cuéllar,,Crédito educativo,Pública,234.84
Mohamed Pascual,López,0,Apoyo familiar,Privada,462.72
Amor Carranza,Coloma,1,,Privada,603.09
Ing. Gabino de la,Fuente,0,Crédito educativo,Privada,343.19
,,,,XXXXXXXXXXXXXXXXXXXXXXXXXXXXXXXXXXXXXXXXXXXXXXXXXXXX,
{BAD},Chaves,0,Trabajo,Privada,284.9
Duilio,Benavides-Castejón,0,Apoyo familiar,Pública,396.62
Dulce María,Nevárez,0,Apoyo familiar,Pública,340.68
<NULL>,Correa,1,Trabajo,Privada,272.24
Hilda Benito Bustamante,Palomino,0,Apoyo familiar,Pública,361.66
Dr. Frida,[DAMAGED],C0RRUPT3D,Beca,Privada,695.18
Felipe Torres,Maldonado,0,Apoyo familiar,{BAD},389.78
Carmela,Duran-Vega,0,Apoyo familiar,Privada,0.0
Thiago Benjamin,Suarez,VAL6016,Trabajo,Pública,173.88
Nayeli Benavídez,Campos,0,Crédito educativo,Pública,227.13
Paula,Gómez,0,ERR!!,[DAMAGED],256.94
Sonia Hugo Portillo,Casas,0,Apoyo familiar,Pública,401.28
C0RRUPT3D,Reyna,1,Beca,Privada,
[DAMAGED],Benito,1,Otro,Privada,235.74
@@@,Barajas,{BAD},Apoyo familiar,Pública,440.91
Adriana Bruno Espinal,Verdugo,0,Otro,Pública,232.01
Candelas Segarra,Jimenez,ERR,Trabajo,Pública,237.98
Jorge Barragán,Quintanilla,,Crédito educativo,###CORRUPT###,332.88
Lic. Jorge Luis,Fonseca,0,Crédito educativo,Pública,319.85
Antonia Facundo Lopez,,0,Apoyo familiar,Privada,460.88
Dr. Frida,Solorzano,0,Apoyo familiar,Pública,286.32
[DAMAGED],Gomez,1,Crédito educativo,995312,283.79
Roberto Lluch,Ureña,0,Trabajo,Pública,250.96
Ing. Gloria,Gallardo,1,Apoyo familiar,Privada,374.05
∞∞∞,Flores,1,Apoyo familiar,Privada,432.38
Amado Carreras,Seco,0,Trabajo,Pública,284.8
Renzo Juan Ignacio Sanchez,Perez,0,,Pública,463.35
Carlos Forero,Cardona,0,Apoyo familiar,XX,278.32
Dr(a). Catalina,Diaz,0,Apoyo familiar,,303.73
Santiago Sosa,Navarro,1,Apoyo familiar,Privada,566.86
Miguel Yeison Vega,Ruiz,0,Apoyo familiar,Pública,332.1
Paula Francia,López,0,Apoyo familiar,Pública,C0RRUPT3D
Catalina Gonzalez,Cardozo,0,Apoyo familiar,Privada,615.8
###,Ríos,0,Apoyo familiar,Pública,549.86
Timoteo Iván,Pérez,-888.0,Apoyo familiar,Privada,728.58
Amalia,Belmonte-Pallarès,1,Apoyo familiar,Privada,652.42
José Manuél Emilia,Archuleta,1,Apoyo familiar,Privada,<NULL>
Eduardo Ramiro Díaz,García,0,∞∞∞,###,286.13
<NULL>,,,,,
Dulce Espinosa,Huerta,1,Trabajo,Privada,282.02
Felipe,###CORRUPT###,0,Apoyo familiar,[DAMAGED],403.66
C0RRUPT3D,@@@,1,Apoyo familiar,C0RRUPT3D,640.94
,Molano,0,Apoyo familiar,Pública,0.0
Juan Ignacio Valentino Diaz,Lopez,0,@@@,Pública,295.68
Gregorio Pozo,Saldaña,0,Trabajo,Pública,163.54
Andrea Suárez,Rojas,0,Apoyo familiar,Pública,414.35
Juan Martin,Morales,@@@,Trabajo,Pública,175.74
Jose Ramón Bonet,Mata,0,Otro,Pública,303.19
Juan Ignacio Martinez,Moreno,0,Apoyo familiar,Pública,330.19
Baudelio de,Espinosa,0,Apoyo familiar,Pública,382.38
Mayte Aragón,Palau,X,Otro,Pública,299.09
Valentin Martin,Suarez,0,Otro,Pública,332.2
Marc Adán Villaverde,∞∞∞,0,Apoyo familiar,Pública,374.98
Augusto,Jiménez,0,Apoyo familiar,$$$,389.93
XXXXXXXXXXXXXXXXXXXXXXXXXXXXXXXXXXXX,Mosquera,0,Apoyo familiar,Pública,303.55
Patricia Colom,Marti,0,Apoyo familiar,Pública,340.54
Tiziano Valentin,Castro,0,Apoyo familiar,@@@,388.96
María María,Sánchez,0,???,Pública,253.9
Daniel,Godínez,1,Beca,$$$,504.24
@@@,$$$,0,Apoyo familiar,Pública,304.24
806330,Vera,0,Otro,Pública,485.08
Isabella,Rojas,0,Trabajo,Pública,100.0
Gerardo Alicia Valverde,Peña,0,Apoyo familiar,Privada,369.95
Diego Suárez,Díaz,X,Apoyo familiar,Pública,548.31
Abril,Gonzales,1,Beca,Privada,405.17
Julia del Valle,C0RRUPT3D,0,Otro,Pública,426.89
Juan Carlos Iñiguez,,$$$,Apoyo familiar,XXXXXXXXXXXXXXXXXXXXXXXXXXXXXXXXXXXXXXXXXXXXXXXXXXXXXXXXXXXXXXXXXXXXXXXXXXXXXXXXXXXXXXXXXXXXXXXXXXXXXX,227.66
Juan Manuel Maite,Acuña,0,$$$,<NULL>,238.02
Luz María Forero,Vega,0,Trabajo,Pública,184.39
Ignacio Mansilla,Duarte,0,C0RRUPT3D,Pública,376.03
Gonzalo Luis Salgado,Ávila,0,Apoyo familiar,INVALID,380.04
[DAMAGED],Correa,0,Apoyo familiar,Pública,328.63
Sr(a). Juliana,Carrizo,0,Apoyo familiar,Pública,0.0
Luisa,Zambrano,@@@,Apoyo familiar,C0RRUPT3D,284.31
Jorge Andrés,Solano,0,Apoyo familiar,INVALID,347.68
[DAMAGED],Gonzalez,1,Beca,Privada,459.13
Benjamin Alejandro,<NULL>,0,Otro,Privada,375.58
Sr(a). Francisco,Figueroa,@@@,Apoyo familiar,,461.59
,,,,###CORRUPT###,
Francisca Laura Casares,Lira,INVALID,Crédito educativo,Pública,228.66
Carlos Guardia,Piñol,0,Apoyo familiar,[DAMAGED],454.09
Delfina Flores,Paz,0,Apoyo familiar,Pública,169.42
Dolores Briones,Blanch,1,,Privada,270.74
Rodolfo Falcón,Álvaro,1,Apoyo familiar,Privada,450.13
Rufino del,Llanos,###CORRUPT###,Apoyo familiar,@@@,495.53
192690,Leal,0,373326,Pública,345.37
@@@,Montes,0,Apoyo familiar,Pública,275.28
David Gómez,Rodríguez,1,Beca,Privada,513.28
Adriana Paula Molina,Pérez,0,Apoyo familiar,Pública,338.91
,,,,,
Ana Gladys Bolívar,Domínguez,0,Crédito educativo,Privada,242.02
Eugenio Valencia,Durán,X,Otro,Pública,
Agustín Julia Garcia,Mansilla,0,Apoyo familiar,Pública,325.57
Lucía Johana,Valencia,0,$$$,Privada,298.73
Ilse,Rocha,0,,Pública,250.76
Jader Freddy,Díaz,0,INVALID,Pública,317.01
Valentina,Quiroga,1,Crédito educativo,Privada,234.61
Jhon Gutiérrez,Jaramillo,1,Beca,Privada,320.71
Aurora Natividad,Murillo,1,Beca,Privada,INVALID
Dr(a). Benjamin,Barrios,0,Apoyo familiar,Pública,244.7
Leoncio Larrea,Sanmiguel,0,Apoyo familiar,Pública,483.42
Lucía Silva,Rodriguez,0,Apoyo familiar,XX,319.94
Lautaro Benjamin Thiago Gabriel,Godoy,0,Trabajo,Pública,296.3
Jazmín Candela Rodriguez,Luna,0,Crédito educativo,Pública,323.24
Luisa Diana López,Ruiz,0,Apoyo familiar,[DAMAGED],383.62
Isabel Maritza Peña,Quintero,0,Apoyo familiar,Pública,404.38
,,,,,
,,VAL1131,,,
Gildardo Zambrano,Velandia,0,XXXXXXXXXXXXXXXXXXXXXXXXXXXXXXXXXXXXXXXXXXXXXX,Pública,406.92
Lorenzo Ferreyra,Juarez,0,Apoyo familiar,Pública,379.37
Lupita Teresita Girona,Cerro,1,Apoyo familiar,INVALID,511.7
Sebastián Wilmer Cardona,Barragán,0,Trabajo,Pública,340.03
Ivonne,Toledo,0,Otro,∞∞∞,255.03
Néstor Gómez,Arias,0,[DAMAGED],Privada,411.67
,Riojas,-9999.0,Apoyo familiar,Pública,300.23
Yago Balduino Rodríguez,Benavente,0,Apoyo familiar,Pública,300.63
INVALID,,,{BAD},,
José Ángel Ávila,Pons,0,???,Pública,359.97
Estela Claudio,Urías,0,Apoyo familiar,Pública,377.4
Mateo,Gonzalez,0,Apoyo familiar,Pública,519.1
,Pereyra,0,Apoyo familiar,Pública,439.95
John,Gómez,0,,Pública,VAL3550
Clara Sofia Sosa,{BAD},0,Apoyo familiar,Pública,438.73
Leydi Socorro Padilla,C0RRUPT3D,0,122090,Pública,474.38
Fernanda Iris Torrijos,Herranz,0,Trabajo,Pública,266.66
Ana Belén Luisa Riba,Cuéllar,0,Apoyo familiar,Pública,439.55
Alejandro María Luisa,Ontiveros,0,Trabajo,Pública,200.66
$$$,Paredes,0,,Pública,269.46
Noelia Ramiro Caraballo,Matos,0,Apoyo familiar,Pública,351.45
,Quiroga,###CORRUPT###,Beca,Privada,497.9
Sr(a). Francisco,Figueroa,0,Otro,Pública,309.57
Nerea Carrasco,Aguado,0,Apoyo familiar,Pública,398.79
Antonio Peña,Correa,BAD,Otro,Pública,406.08
Leonel,Cadenas-Hoz,0,Otro,ERR!!,201.59
Agapito Modesto Acuña,Serrano,0,Apoyo familiar,Privada,544.68
Gloria Brito,Aranda,0,Apoyo familiar,Pública,275.69
Ramiro Garrido,Ruiz,0,Apoyo familiar,Pública,374.3
,,,,,
Aurora Bustamante,Lamas,0,Apoyo familiar,[DAMAGED],[DAMAGED]
Helena,Diaz,0,Apoyo familiar,Pública,<NULL>
Agustín Luna,Gonzalez,,Apoyo familiar,Pública,385.1
Rafaela Perelló,Andreu,0,Apoyo familiar,∞∞∞,281.41
Clotilde Solana,Montoya,X,Otro,Pública,353.51
Lic. Zeferino,Villanueva,0,Otro,Pública,496.13
{BAD},Alva,,Otro,###,{BAD}
Adelardo Perelló,Pina,0,Apoyo familiar,Pública,366.8
Fortunata Cabanillas,Roman,###CORRUPT###,Apoyo familiar,Pública,@@@
Cristobal Eduardo Montoya,Rivera,{BAD},Apoyo familiar,Pública,334.93
Maximiliano Enrique,Jaime,1,Apoyo familiar,Privada,471.04
Juan Luis,Camacho,0,Trabajo,{BAD},177.93
Arsenio Llorente,Antúnez,1,Otro,Privada,288.82
,,,INVALID,,[DAMAGED]
Karen Salazar,Rentería,0,Trabajo,,279.92
,,,,,
Harold Víctor Daza,Jiménez,,Apoyo familiar,Pública,291.51
Juan Pablo Ponce,Garcia,0,Apoyo familiar,Pública,418.64
Jesús Alberto Corredor,Triana,0,Trabajo,Pública,238.97
###CORRUPT###,Figueroa,1,Otro,Privada,308.04
Maximiano del,Gordillo,0,Trabajo,Pública,315.27
Sabina,###CORRUPT###,1,@@@,Privada,471.22
Mia Jazmin Roldan,Mendez,0,Trabajo,Pública,327.64
áéíóú ñ,,,,$$$,
Bruno,Cabrera,<NULL>,Apoyo familiar,C0RRUPT3D,342.94
Ana María de Jesús,Maldonado,0,Apoyo familiar,Pública,528.05
Rosa Sonia,Córdova,0,Apoyo familiar,Pública,410.24
Francisca Laura Casares,Lira,0,Apoyo familiar,Pública,347.49
Felipe Santiago,Gonzalez,0,Apoyo familiar,###,407.31
Adela,Madrid,0,Apoyo familiar,Pública,302.6
Guillermina David,Terrazas,0,Otro,Pública,485.14
,,,,,
Emiliano,Dueñas,0,áéíóú ñ,Pública,356.1
Germán,Zapata,0,Apoyo familiar,[DAMAGED],333.11
Casemiro Criado,Ayala,0,Trabajo,Pública,201.75
Maria Emilia,Escobar,0,Trabajo,Privada,126.42
Gabriela,Díaz,0,Trabajo,Privada,310.92
Renata Ludmila Diaz,Romero,0,Trabajo,Pública,332.53
###CORRUPT###,Nogués-Andreu,0,Otro,Pública,@@@
Belen,Bas-Castejón,0,Trabajo,Pública,195.4
Sergio Molina,Tijerina,0,Apoyo familiar,Pública,256.02
Trinidad Zorrilla,Madrid,0,Otro,,291.05
Graciela Enrique Barrios,Sotelo,0,Apoyo familiar,∞∞∞,333.05
@@@,,,,,
Paulina Correa,Medina,0,###,Pública,###CORRUPT###
Alma Manjón,Barceló,0,Otro,Pública,291.29
Elvira,Vélez,0,Apoyo familiar,Pública,360.6
Camilo Alberto Guerrero,Espitia,0,Apoyo familiar,Pública,548.09
Aureliano Peñalver,Cruz,1,∞∞∞,Privada,534.3
Abel Manuel,@@@,1,Trabajo,###CORRUPT###,321.52
Amparo Juliana,Ruiz,0,Trabajo,Pública,276.16
###CORRUPT###,Barbero,X,Apoyo familiar,Pública,332.63
Estela Homero,Menéndez,0,Apoyo familiar,Pública,288.49
Gloria Isaac Aponte,Gastélum,1,Apoyo familiar,Privada,459.25
ERR!!,González,0,Apoyo familiar,Pública,$$$
Diana Liliana,Alvarado,0,Apoyo familiar,INVALID,408.14
Gustavo Ángel,$$$,[DAMAGED],Apoyo familiar,Pública,453.73
Diego Díaz,Cano,0,XXXXXXXXXXXXXXXXXXXXXXXXXXXXXXXXXXXXXXXXXXXXXXXXXXXXXXXXXXXXXXXXXXXXXXXXXXXXXXXX,Pública,256.21
Odalis María Luisa Bru,Luján,0,Trabajo,Privada,169.69
Catalina Arcelia,Pizarro,0,Apoyo familiar,Pública,309.57
Lourdes,Rendón,INVALID,Apoyo familiar,XX,395.88
Nury Medina,Vega,<NULL>,,Pública,[DAMAGED]
Giuliana Felipe Franco,Carrizo,0,Trabajo,Pública,264.59
Yamile Carolina Díaz,Arenas,0,Otro,,@@@
Eva Anaya,Collazo,0,Trabajo,Pública,318.61
Simón,Sancho-Cervantes,0,Apoyo familiar,Pública,411.21
Dr(a). Nahiara,Maldonado,0,Apoyo familiar,Pública,281.79
Giovanni,Castillo,1,Beca,Privada,567.1
Guadalupe Camila Acosta,Ortiz,0,Trabajo,Pública,-888.0
Natividad Arcelia,{BAD},1,Trabajo,Privada,252.82
Valentina Alvarez,Caceres,0,Apoyo familiar,Pública,335.08
Agustina Julian Sanchez,Rodriguez,1,Crédito educativo,Privada,{BAD}
Áurea Fonseca,Pozo,1,Beca,Privada,451.75
Perlita del,Corral,0,Apoyo familiar,Privada,592.96
,Crúz,0,Otro,Pública,344.97
Juan Sebastian Romero,Lopez,0,###CORRUPT###,Pública,300.47
<NULL>,Lucio,1,###,Privada,376.08
,,,###CORRUPT###,,
Tomas Ivan Gomez,Sanchez,0,Apoyo familiar,Pública,<NULL>
Andrés Vergara,Valencia,0,Apoyo familiar,Pública,INVALID
Emilia Sofía,Torres,0,Crédito educativo,Pública,197.51
Dulce Elias Pantoja,Cotto,0,Crédito educativo,Pública,336.79
Etelvina Palacio,Montalbán,0,Trabajo,Pública,259.59
,,,,,
Ana Homero Perea,Ochoa,0,Apoyo familiar,Pública,392.59
Mercedes,Campos,0,Apoyo familiar,Pública,383.48
Lilia,Roldán,1,XXXXXXXXXXXXXXXXXXXXXXXXXXXXXXXXXXXXXXXXXXXX,∞∞∞,708.65
Carmen Guillermina,Tamez,0,???,Pública,296.21
Sr(a). Abel,Montenegro,1,Apoyo familiar,Privada,306.22
Chus del,Alcalá,0,Trabajo,Pública,220.92
Edwin,Rico,1,Apoyo familiar,Privada,559.2
Valentina Lautaro Benjamin Lopez,Gonzalez,0,###CORRUPT###,Pública,343.22
Benjamin,Avila,0,Apoyo familiar,Privada,437.89
Juan Antonio Galvez,Paredes,0,Apoyo familiar,XX,443.79
592948,Garcia,0,Apoyo familiar,Pública,315.46
Ángel Benito,Villegas,0,Apoyo familiar,Privada,494.55
Juan Manuel Suarez,Cáceres,0,<NULL>,Pública,472.87
,,,,,
,Luna,0,###CORRUPT###,Pública,442.76
Ilse,Rocha,0,Crédito educativo,Pública,352.38
Vicente,Romero,0,Crédito educativo,Pública,399.89
{BAD},Espinosa,0,Otro,Privada,245.8
Inés,Arias,999999.0,Apoyo familiar,Pública,<NULL>
Fernando Simó,###CORRUPT###,0,Trabajo,Pública,179.74
[DAMAGED],INVALID,0,Apoyo familiar,Pública,259.98
Irma Echeverría de,León,0,378223,XX,366.11
David Gómez,Rodríguez,1,Otro,Privada,393.57
$$$,Ocasio,0,Otro,Pública,274.0
María Luisa del,Santiago,X,Apoyo familiar,Pública,315.23
Ceferino Venceslás Elías,Prado,0,Apoyo familiar,Pública,482.05
[DAMAGED],,0,Otro,Pública,243.83
Otilia Andres,XXXXXXXXXXXXXXXXXXXXXXXXXXXXXXXXXXXXXXXXXXXXXXXXXXXXXXXXXXXXXXXXXXXXXXXXXXXXXXXXXXXXXXXXXXXXXXXXXXXXXXXXXXXXXXXXX,0,Crédito educativo,Pública,343.95
Socorro Luis Páez,Puga,1,Apoyo familiar,Privada,556.92
Leonardo Pla,Hoz,1,Beca,Privada,486.96
Rodolfo María Luisa,Casares,1,Otro,INVALID,242.77
Damián Rosales,∞∞∞,0,Apoyo familiar,∞∞∞,377.09
[DAMAGED],Olivera,0,Crédito educativo,Pública,146.79
Francisco Javier Oliver,Tomé,0,Apoyo familiar,[DAMAGED],380.5
INVALID,López,0,Crédito educativo,Pública,999999.0
Luciano Herberto Gonzalez,Briones,,Apoyo familiar,Pública,@@@
Catalina Bautista Benjamin,Vera,0,???,Pública,378.83
Guadalupe Zabaleta,Salom,[DAMAGED],318639,Privada,473.64
Victoria Gonzalez,Fernandez,1,∞∞∞,Privada,404.33
Óliver,Acosta,0,Otro,Pública,356.99
640917,Olmedo,0,Apoyo familiar,Pública,533.96
Cesar,Royo-Cuadrado,0,Apoyo familiar,Privada,546.75
Virginia Renato Urbina,C0RRUPT3D,0,Apoyo familiar,XX,379.98
Mateo Serna,Beltrán,0,Apoyo familiar,Pública,265.66
María Luisa,Alcolea,0,Apoyo familiar,Pública,{BAD}
Abraham Javier Alvarez,Sosa,0,Trabajo,Pública,244.78
Martina Lara Garcia,Guzman,0,Trabajo,Privada,$$$
Elsa Agustín Botello,Tijerina,[DAMAGED],Apoyo familiar,Pública,293.06
Claudio Aponte,Granados,0,Apoyo familiar,XX,ERR
Cecilia,Ortiz,0,Apoyo familiar,Pública,457.76
Guadalupe Marisol,Díaz,0,Apoyo familiar,Pública,347.7
Cleto Gonzalo,Guardiola,0,Trabajo,Pública,258.73
Ferney Javier,Quiroz,1,Apoyo familiar,Privada,660.27
Román Fernando Giraldo,Padilla,@@@,Beca,Privada,460.68
Marianela Nilda Pinto,Lago,0,595586,∞∞∞,416.78
Leoncio Larrea,Sanmiguel,0,Apoyo familiar,Pública,483.42
Tadeo Fabregat,Pinto,0,Apoyo familiar,Pública,464.74
Yenny Arango,Vargas,1,Apoyo familiar,C0RRUPT3D,565.4
Felipe Ignacio Alvarez,INVALID,0,Apoyo familiar,Pública,243.61
Áurea Máxima Lastra,Andres,0,Otro,Pública,401.47
∞∞∞,,0,$$$,Pública,345.39
Nélida,Báez,[DAMAGED],Crédito educativo,Pública,{BAD}
Dr(a). Federico,Rodriguez,0,Apoyo familiar,Pública,VAL8970
Bautista,Gonzalez,0,Trabajo,Pública,203.37
Enzo Valentino Sanchez,Pereyra,INVALID,Apoyo familiar,Privada,623.02
Cynthia Solís,Casas,{BAD},Crédito educativo,Privada,337.09
Thiago Benjamin Benjamin Bustos,Mendoza,0,Apoyo familiar,XXXXXXXXXXXXXXXXXXXXXXXXXXXXXXXXXXXXXXXXXXXXXXXXXXXXXXXXXXXXXXX,410.6
Fabio Sebastián Rincón,Osorio,0,Apoyo familiar,Pública,∞∞∞
Jacinta,Ferrera,0,Apoyo familiar,Pública,
Lucía María Rodríguez,Rodríguez,{BAD},Crédito educativo,Privada,151.28
$$$,Caballero,C0RRUPT3D,Apoyo familiar,Pública,311.32
,,,109891,,
Mtro. Renato,Leiva,0,Apoyo familiar,Pública,327.63
Camilo Nelson,Marín,0,Apoyo familiar,∞∞∞,433.98
Sr(a). Nina,Castro,1,Apoyo familiar,,582.11
Santino Rivero,Rodriguez,0,Otro,XXXXXXXXXXXXXXXXXXXXXXXXXXXXXXXXXXXXXXXXXXXXXXXXXXX,<NULL>
Angelina Santino Martinez,Lopez,0,Apoyo familiar,Pública,{BAD}
Alfonso,Tapia,0,Apoyo familiar,,371.67
Valentino Leiva,Sanchez,0,Apoyo familiar,Privada,480.03
XXXXXXXXXXXXXXXXXXXXXXXXXXXXXXXXXXXXXXXXXXXXXXXXXXXXXXXXXXXXXXXXXXXXXXXX,Gimenez,0,Trabajo,Pública,INVALID
Ciro Gino Toledo,Castro,0,Apoyo familiar,Pública,313.37
Natalio Goñi,Mancebo,0,Trabajo,Pública,###CORRUPT###
Macario Acosta,Campillo,0,Apoyo familiar,Pública,359.79
Sr(a). Mora,Sanchez,0,C0RRUPT3D,Pública,438.57
Mtro. Amanda,Cisneros,0,∞∞∞,Pública,301.81
,,,,,
INVALID,,X,,,
Edgardo Granados,Rosselló,0,Apoyo familiar,Pública,202.62
Catalina Giovanni Rojas,INVALID,0,Trabajo,$$$,225.4
Mateo Lopez,{BAD},0,Apoyo familiar,,INVALID
José Amalia,Solorzano,1,Apoyo familiar,Privada,458.82
Agustina Julian Sanchez,Rodriguez,1,Beca,Privada,355.33
Thiago Nahuel Garcia,Martinez,0,@@@,Pública,258.32
Lady,Mendoza,1,Beca,Privada,465.15
Mateo,Ledesma,1,Beca,Privada,501.43
Yolanda Ricardo Alcala,INVALID,@@@,Apoyo familiar,Pública,504.53
,Guzman,$$$,Apoyo familiar,Pública,295.04
Juana Olivia Prado,Camacho,1,Apoyo familiar,Privada,637.13
819559,Gonzales,0,Otro,282857,446.17
Ing. José Luis,Cavazos,0,Trabajo,Pública,0.0
Aitor,Puerta-Zamora,0,Apoyo familiar,Pública,427.81
$$$,Magaña,1,Apoyo familiar,Privada,388.23
Óliver Samuel Piña,XXXXXXXXXXXXXXXXXXXXXXXXXXXXXXXXXXXXXXXXXXXXXXXXXXXXXXXXX,1,Apoyo familiar,Privada,462.15
Sr(a). Leonel,Arreola,0,Apoyo familiar,Pública,306.4
Hugo Almazán,Ángel,0,Apoyo familiar,Privada,[DAMAGED]
Nidia de,Ferrándiz,0,Apoyo familiar,Pública,351.9
Valentin Lautaro Garcia,Correa,0,Apoyo familiar,Pública,349.29
Ignacio Delfina Lopez,Ruiz,0,Otro,Privada,435.22
Dayana,Romero,0,Otro,Pública,359.35
###CORRUPT###,Carrizo,0,Apoyo familiar,Pública,324.22
Maximino,Juan,∞∞∞,Apoyo familiar,Pública,363.52
Jorge Elkin,Monroy,10000000000.0,Otro,Pública,381.8
Lic. Camilo,Valencia,0,Apoyo familiar,@@@,412.75
Dr. Cornelio,Toledo,0,Crédito educativo,Pública,279.81
<NULL>,Puente,0,,Pública,197.74
Camila Julieta,[DAMAGED],0,Crédito educativo,Pública,200.72
Pablo María Elena Chacón,Salas,0,Otro,Pública,275.62
Noelia Venegas,Hurtado,0,Apoyo familiar,$$$,255.54
Elvira,@@@,,Crédito educativo,Pública,345.62
XXXXXXXXXXXXXXXXXXXXXXXXXXXXXXXXXXXXXXXXXXXXXXXXXXXXXXXXXXXXXXXXXXXXXXXXXX,887117,0,Crédito educativo,Pública,356.44
Catalina Juana Gomez,Rivero,0,Otro,Privada,###CORRUPT###
Pilar Emiliano,Sánchez,0,Apoyo familiar,Pública,###CORRUPT###
,Rojas,0,Apoyo familiar,Pública,295.12
Ruy,Hernando-Arregui,0,Apoyo familiar,$$$,0.0
Óliver Samuel Piña,Galarza,1,Apoyo familiar,Privada,462.15
Mtro. Indira,Guerrero,0,Trabajo,∞∞∞,{BAD}
∞∞∞,Pérez,0,Apoyo familiar,Pública,310.65
Bautista Alma Juarez,Diaz,,Crédito educativo,Pública,429.84
Herberto Alarcón,$$$,[DAMAGED],@@@,Pública,213.29
Edwin,Rodríguez,1,Beca,Privada,564.66
Verónica Beatriz Navarro,Londoño,0,Apoyo familiar,Pública,305.07
Dante Elena Juarez,Martin,0,Trabajo,Pública,330.74
Eladio Sebastián Dávila,Anguita,0,Apoyo familiar,Pública,259.76
Emilio Pellicer,Galvez,∞∞∞,###CORRUPT###,Pública,408.81
Santino Rodriguez,Rodriguez,1,Beca,Privada,540.53
Margarita Montaño,Villagómez,0,Crédito educativo,XXXXXXXXXXXXXXXXXXXXXXXXXXXXXXXXXXXXXXXXX,258.05
Josep Amor,Escamilla,0,Crédito educativo,XXXXXXXXXXXXXXXXXXXXXXXXXXXXXXXXXXXXXXXXXXXXXXXXXXXXXXXXXXXXXXXXXXXXX,320.86
Mercedes Marcela,Núñez,0,Apoyo familiar,Pública,399.14
Lic. Nicolás,Medina,0,Apoyo familiar,Pública,366.73
Octavio Emilia Nieto,Solano,0,Apoyo familiar,Pública,360.71
C0RRUPT3D,Fernandez,1,Beca,Privada,630.53
Orlando Andrés Rivera,Hernández,,Apoyo familiar,Pública,452.46
###CORRUPT###,Gonzalez,0,Apoyo familiar,Pública,379.34
Zoraida de,Jurado,999999.0,Apoyo familiar,Pública,410.82
Stella,Ortiz,0,Crédito educativo,Pública,238.97
Chita Juárez,Domingo,1,Trabajo,Privada,319.36
###CORRUPT###,Pardo,10000000000.0,Trabajo,Pública,225.17
Jeremias,Sosa,0,Crédito educativo,Pública,392.71
Nuria Mendez,Saldaña,1,Otro,Privada,373.79
Clemente Alta Gracia Matos,INVALID,0,Trabajo,Pública,297.64
Inmaculada,Aznar,,INVALID,Pública,370.98
Abril del,Melero,0,Apoyo familiar,Pública,405.18
Aureliano Ureña,Ferrán,0,Trabajo,Pública,243.4
Joaquin,Cordoba,1,Beca,Privada,479.72
Lic. Cristina,Quiñónez,0,[DAMAGED],Privada,535.0
Augusto Thiago Valentin Silva,<NULL>,0,Apoyo familiar,Pública,366.04
Gracia Catalá,Acosta,0,###CORRUPT###,Pública,289.83
Nelly Patricia,Ramírez,1,$$$,Privada,290.66
Mónica,Estrada,0,Apoyo familiar,Pública,465.91
Fidela Tere Vera,Gimenez,INVALID,Trabajo,Pública,301.37
,,,,,
Nidia Pedraza,Fuentes,0,Otro,Pública,260.05
Victorino Aguilera,Pelayo,0,XXXXXXXXXXXXXXXXXXXXXXXXXXXXXXXXXXXXXXXXXXXXXXXXXXXXXXXXXXXXXXXXXX,Pública,295.94
@@@,Polanco,$$$,Otro,Pública,442.01
Catalina Santacruz,Cabán,0,{BAD},Pública,427.55
Amparo Ayllón,Tapia,0,Trabajo,Pública,258.78
Onofre Heras,Isern,0,Apoyo familiar,Privada,467.79
Gerardo Mauricio Feliciano,Caballero,0,Trabajo,Privada,182.8
Francisca Gaytán,Grijalva,0,C0RRUPT3D,Pública,362.0
Elisa Rosa,Tamez,0,Apoyo familiar,Pública,428.69
Reina Alicia Carrera,{BAD},0,INVALID,Pública,374.08
[DAMAGED],Barrios,0,C0RRUPT3D,Pública,304.8
,,,,∞∞∞,
Corona Cabañas,Gálvez,X,Apoyo familiar,Pública,307.75
Felipe Gael,Coronel,0,Crédito educativo,Pública,275.89
<NULL>,,,,,
Glauco Cid,Vicente,∞∞∞,Apoyo familiar,Pública,369.52
Juana Aragonés,Lorenzo,0,Apoyo familiar,Pública,315.46
,,,,,
,,,,,
Ian,Navarro,0,[DAMAGED],Pública,439.01
Joaquin Luna,Vera,0,Otro,Pública,371.61
Clara Karla Castañeda,Vigil,1,Beca,Privada,396.82
Marisol Herrera,Fortuny,0,Apoyo familiar,Pública,237.76
Sr(a). Miriam,$$$,1,Beca,Privada,466.36
Jackeline Alicia,Rodríguez,0,Trabajo,Pública,277.89
Sofía,Aguero,0,Apoyo familiar,Pública,401.47
Santiago Cruz,Suárez,0,Crédito educativo,Pública,174.6
Santino Gabriel Castro,Sanchez,-9999.0,Trabajo,[DAMAGED],{BAD}
Julio Castellanos,Rodríguez,,Trabajo,Pública,232.86
Edmundo del,Llopis,1,XXXXXXXXXXXXXXXXXXXXXXXXXXXXXXXXXXXXXXXXXXXXXXXXXXXXXXXXXXXXXXXXXXXXXXXXXXXXXXXXXXXXXXXXX,Privada,461.02
###CORRUPT###,Fernandez,0,Apoyo familiar,Pública,{BAD}
Constanza,{BAD},0,Trabajo,Pública,309.38
Rosalia Dulce María,Gamboa,0,C0RRUPT3D,Pública,367.46
Esther Ramiro Sepúlveda,Ledesma,0,Apoyo familiar,Privada,482.2
Elena Alexandra Llopis,Tejero,0,Apoyo familiar,Pública,326.45
Ileana del,Jáuregui,0,∞∞∞,@@@,426.68
Manu Girón,Piña,0,Apoyo familiar,Pública,299.68
Guillermina,Sanchez,1,Beca,Privada,275.98
Wilmar José,Castro,{BAD},Crédito educativo,Pública,332.09
Elias Luz Muñoz,Ulloa,0,???,Pública,###
Adalberto Estela,Alonzo,1,Crédito educativo,Privada,373.64
Minerva Jorge Escobedo de,Anda,0,Otro,XX,359.89
Óscar,Olivera,,Beca,Privada,355.79
<NULL>,$$$,0,Trabajo,Pública,298.15
Lucas Hugo de la,Crúz,0,Apoyo familiar,Pública,397.52
Andrés Miguel,Castañeda,1,Beca,Privada,313.59
Alfredo Guerrero,Valencia,0,Crédito educativo,@@@,436.63
Beatriz Agudelo,Torres,0,Apoyo familiar,Pública,340.28
Jairo,Rivera,0,Apoyo familiar,Pública,392.55
Luis Manuel Ocasio,Benítez,0,[DAMAGED],Pública,337.59
Delfina Gonzalez,Garcia,0,Apoyo familiar,Pública,379.57
Jacinta,Ferrera,0,Otro,Pública,###
Dr. Norma,Rael,0,XXXXXXXXXXXXXXXXXXXXXXXXXXXXXXXXXXXXXXXXXXX,Pública,350.81
Stiven Castañeda,Caicedo,0,Apoyo familiar,Pública,374.34
Paca Peláez,@@@,0,$$$,Pública,###CORRUPT###
Sergio,C0RRUPT3D,0,Crédito educativo,Pública,234.38
[DAMAGED],Márquez,0,Apoyo familiar,Pública,290.82
Dolores Ernesto Villagómez,Jimínez,0,Crédito educativo,Pública,281.19
Uriel,Arrieta,0,Apoyo familiar,###CORRUPT###,236.16
Gonzalo Millán,Bas,0,Apoyo familiar,Pública,396.76
Máxima Castilla,Llobet,0,∞∞∞,Pública,<NULL>
Mtro. Wilfrido,Alva,0,Apoyo familiar,Pública,231.81
Coral de,Planas,0,Apoyo familiar,Pública,297.2
Thiago Gabriel,Chavez,0,Apoyo familiar,Pública,397.5
Santino Catalina,Fernandez,0,Apoyo familiar,Pública,370.49
,,,<NULL>,,
,,C0RRUPT3D,,,
Benjamin Juan Miranda,Diaz,0,Apoyo familiar,Pública,371.28
Mtro. Isabela,Urbina,0,Trabajo,Pública,189.4
Natalia,Galindo,C0RRUPT3D,Apoyo familiar,Pública,361.48
Gildardo Ferney Arias,Ardila,0,Apoyo familiar,Privada,641.59
∞∞∞,Valencia,0,Apoyo familiar,Privada,293.47
Martina Ana Paula,Martinez,0,Apoyo familiar,Pública,456.98
###CORRUPT###,Cano,0,$$$,,0.0
Anel,Orozco,1,Apoyo familiar,Privada,C0RRUPT3D
Jorge,Ortiz,0,Trabajo,Pública,281.66
Paco,Jaume,1,Apoyo familiar,Privada,568.97
Dr. Angélica,<NULL>,-9999.0,Apoyo familiar,{BAD},412.58
Isabel,Jiménez,0,Otro,Pública,420.52
Thiago Gabriel,Fernandez,0,Crédito educativo,XX,283.97
Carlos Mauricio Álvarez,Vallejo,0,Apoyo familiar,Pública,355.84
Ángela,Figueras,0,Otro,Pública,241.26
###CORRUPT###,Terrazas,0,Otro,XXXXXXXXXXXXXXXXXXXXXXXXXXXXXXXXXXXXXXXXXXXXXXXXXXXXXXXXX,282.09
Manuel Jesús Reyes,Vásquez,1,Apoyo familiar,Privada,224.08
Dr(a). Thiago Nicolas,Rios,1,Beca,Privada,518.83
,,,INVALID,@@@,
Isabela Jaqueline Gamez,Canales,0,Trabajo,Pública,205.81
Jerson Pablo Ariza,Velandia,1,Beca,Privada,491.36
Martina Roldan,Fernandez,0,Apoyo familiar,Pública,390.54
Octavio Lozano,Aparicio,1,Beca,Privada,317.28
Ignacio Alemán,Arnal,0,Apoyo familiar,Pública,451.73
Fernando Rodríguez,Hurtado,0,Apoyo familiar,Pública,344.9
,@@@,0,Otro,,C0RRUPT3D
Dante Elena Juarez,Martin,0,Otro,,307.09
Juan Cruz Ciro,Muñoz,0,Crédito educativo,Pública,345.2
Calisto Eleuterio Saura,Fuentes,0,Apoyo familiar,Pública,265.59
Leonardo,Valencia,###CORRUPT###,Apoyo familiar,Pública,351.11
Sabina Saldaña,Lloret,0,Apoyo familiar,Pública,268.5
Ing. Norma,Domínguez,0,Apoyo familiar,Pública,365.02
Hermelinda Peres,[DAMAGED],0,Crédito educativo,Pública,$$$
Ángela Carolina,Bohórquez,0,Apoyo familiar,Pública,261.68
<NULL>,Roldan,0,???,Pública,379.47
Inmaculada Arregui,Urrutia,0,Apoyo familiar,Pública,229.71
INVALID,Vega,0,Apoyo familiar,Pública,329.25
Alba Mascaró,INVALID,0,Trabajo,Privada,244.27
Ale del,Casal,0,Apoyo familiar,Pública,418.35
Micaela Graciela Barragán,Lozano,0,Apoyo familiar,,379.02
∞∞∞,Duarte,1,Beca,Privada,403.96
Lola,Corral,0,Apoyo familiar,Pública,345.44
Astrid Caicedo,Osorio,0,Apoyo familiar,Privada,503.65
Rodrigo Marín,Méndez,1,Beca,Privada,[DAMAGED]
Lucas Ramiro Roldan,Garcia,0,Apoyo familiar,Pública,240.3
Sr(a). Óscar,González,0,Apoyo familiar,Pública,360.63
Mtro. Pilar,Mayorga,0,Apoyo familiar,$$$,403.64
Mateo Isabel Romero,Acosta,0,Apoyo familiar,Privada,588.31
Benita Morales,Puga,0,Apoyo familiar,Pública,286.52
Óliver Paola Escobedo,INVALID,X,249954,Pública,287.09
Lucas Martin,Castro,1,Beca,Privada,622.23
Clara Gimenez,Godoy,0,Apoyo familiar,Pública,377.2
Carlos Alexander Parada,Salazar,0,Apoyo familiar,Pública,347.16
Oriana Gimenez,Perez,<NULL>,Trabajo,Pública,303.52
María Elena,Peres,0,Apoyo familiar,Pública,408.33
[DAMAGED],Guerrero,0,Crédito educativo,Pública,356.32
Javier Marco Mercado,Giraldo,0,<NULL>,Pública,295.77
Tito Rios,Ayuso,0,Apoyo familiar,Pública,417.98
Mia Valentina Delfina Fernandez,Gomez,0,Crédito educativo,Privada,293.12
Bibiana Bosch,Vicente,<NULL>,Otro,Pública,446.83
###CORRUPT###,Cortés,0,Trabajo,Privada,274.91
Vicente Alberto,Montes,0,Crédito educativo,Pública,{BAD}
Thiago Ezequiel,Sanchez,0,Crédito educativo,Pública,358.95
Valentino Valentina Campos,,∞∞∞,Apoyo familiar,Pública,369.54
Pedro Tiziano,Olivera,0,Apoyo familiar,Pública,339.63
Raquel Lorena,Montañez,0,Crédito educativo,@@@,261.58
Guadalupe Leiva,Muñoz,0,Trabajo,Pública,367.87
Ernesto Leticia,Limón,1,Apoyo familiar,Privada,303.67
Juan Ignacio Jeronimo,Herrera,0,Trabajo,Pública,
Elvia,Saldivar,0,Apoyo familiar,Pública,289.74
Edinson Mario Mejía,Acevedo,1,Beca,Privada,321.21
Esther Ramiro Sepúlveda,Ledesma,0,Otro,Privada,302.51
Shirley Suárez,Mejía,0,Apoyo familiar,Pública,339.77
Valentino Valentina Campos,Vazquez,0,Trabajo,Pública,217.14
Diego Daza,Orozco,0,<NULL>,Pública,299.89
Juan Francisco Julieta,Vega,1,Apoyo familiar,Privada,482.73
Arcelia Domingo,Abellán,0,Otro,Privada,446.38
Rosario Aponte,Toledo,X,Apoyo familiar,Pública,284.43
José Natalia Lucio,Concepción,0,Apoyo familiar,Pública,410.81
Esther Hernández,Becerra,INVALID,Trabajo,Privada,273.13
Antonia Francisco Diaz,Morales,0,Crédito educativo,INVALID,302.93
Eladio,Márquez-Cerdán,0,Crédito educativo,Pública,0.0
Carmina Sonia Silva,Canales,0,[DAMAGED],Pública,396.75
Clemente Amorós,Higueras,0,Apoyo familiar,Pública,260.42
Morena Milagros Gomez,Maldonado,0,Apoyo familiar,Pública,316.44
,,$$$,,{BAD},
Albert Ferrández,Pinilla,0,Otro,Pública,407.1
Rafaél Ivonne,Grijalva,INVALID,Apoyo familiar,Pública,412.37
Reynaldo Adela,Nevárez,1,Beca,Privada,663.5
Tiziano,Romero,0,Trabajo,Pública,171.46
Sergio Razo,Laureano,0,Trabajo,Pública,250.65
Sonia,Cordero,1,Apoyo familiar,Privada,447.18
Augusto,Rodriguez,0,Apoyo familiar,Pública,349.1
,,{BAD},@@@,,
Aurora Natividad,Murillo,1,Apoyo familiar,Privada,605.14
∞∞∞,Cases-Angulo,0,Apoyo familiar,Pública,438.24
[DAMAGED],Gomez,0,Apoyo familiar,Pública,427.37
Rosalva,Múñiz-Ibáñez,1,Beca,Privada,257.69
Delfina Milagros,Gomez,1,Beca,Privada,514.82
Dr(a). Maia,Gonzalez,0,Otro,Pública,470.98
,,,,,
Dary Laura Figueroa,Rodríguez,1,Beca,Privada,264.99
Fernanda Chávez,Fuentes,0,Apoyo familiar,Privada,585.58
,,,,,
Natalia,Larrañaga,0,Apoyo familiar,Pública,325.92
Alma Adame,Vega,0,Trabajo,Pública,178.91
Laura Esperanza,Vera,0,áéíóú ñ,Pública,396.51
Nydia del,Casal,0,Apoyo familiar,Pública,335.96
María Eugenia,Zayas,0,Apoyo familiar,Pública,541.21
Margarita Méndez,Durán,0,Apoyo familiar,Pública,333.99
Lic. Miguel,Caballero,0,Apoyo familiar,Pública,377.37
María Teresa Muro,Meza,1,Otro,Privada,0.0
Jacinto,Ledesma,1,Trabajo,Privada,288.37
Hermenegildo,Marqués,0,Apoyo familiar,INVALID,349.31
,Roma,0,Otro,Pública,282.41
∞∞∞,Corona,C0RRUPT3D,Apoyo familiar,Privada,{BAD}
Luz,Córdoba,1,Beca,Privada,374.18
Ana Yolanda Vega,,0,Apoyo familiar,Pública,251.63
ERR!!,Navarro,0,,Pública,387.63
Victorino Aguilera,Pelayo,0,<NULL>,Pública,225.12
Adoración Lamas,Casals,1,???,Privada,351.46
,Limón,1,Beca,Privada,@@@
Óliver Niño,Sandoval,0,Apoyo familiar,Pública,335.71
Pili Bartolomé,Mancebo,0,Apoyo familiar,Pública,296.88
Dr(a). Julieta,Diaz,0,Trabajo,Pública,341.48
Miguel Iván,Segovia,0,Trabajo,Pública,275.09
Jerónimo Verónica Cordero,Gracia,0,Apoyo familiar,Pública,412.18
Nicodemo,Roma-Ayllón,0,Apoyo familiar,Pública,$$$
Sr(a). Víctor,Lovato,0,Crédito educativo,Privada,###CORRUPT###
Sofía Alba,Giraldo,0,Apoyo familiar,Pública,288.25
Barbara Benito,Maestas,0,Crédito educativo,Privada,395.67
,,,,@@@,{BAD}
Iván Alonso,@@@,0,Apoyo familiar,Pública,198.12
Delfina Carrizo,Herrera,1,Beca,@@@,516.64
Diana Julieth,Torres,0,Otro,Privada,436.96
Juliana Toro,Castellanos,0,Crédito educativo,Pública,332.84
,,,,,
María Diana,Perdomo,C0RRUPT3D,Apoyo familiar,INVALID,384.73
Benjamin,Sanchez,0,Apoyo familiar,Pública,317.75
∞∞∞,Figueroa,0,???,Pública,378.5
Ulises Pelayo Sanmiguel,Rivas,<NULL>,Apoyo familiar,Privada,394.64
Leonor Yuridia Niño,Quezada,0,Apoyo familiar,Pública,419.69
Victor Manuel,[DAMAGED],X,Otro,Pública,236.06
Manuel,Rodríguez,0,Crédito educativo,Pública,308.69
Cristian Vélez,Ávila,0,Apoyo familiar,Pública,457.36
Noemí Mario Yáñez,Peña,∞∞∞,Otro,Pública,481.98
Sofía,Gallardo,0,Apoyo familiar,Pública,399.67
Horacio,Tijerina,0,Trabajo,Pública,180.52
Sr(a). Valentina,Benitez,X,Otro,Pública,
Matías,Galván,[DAMAGED],,Pública,C0RRUPT3D
973440,Pol,0,Apoyo familiar,Pública,293.11
Víctor Alberto Jiménez,Parada,0,###CORRUPT###,Pública,257.9
Efrain Castillo,Torres,0,XXXXXXXXXXXXXXXXXXXXXXXXXXXXXXXXXXXXXXXXXXXXXXXXXXXXXXXXXXXXXXXXXXXXXXXXXXX,Pública,398.76
Valentina,{BAD},X,Beca,Privada,493.58
Agustina Julian Sanchez,Rodriguez,1,Otro,Privada,406.79
Abraham,Matos,0,Apoyo familiar,Pública,360.95
,,,,,
###CORRUPT###,Vásquez,0,Apoyo familiar,Pública,230.43
César Pacheco,Arellano,0,Apoyo familiar,Pública,146.97
Esteban Elias,Varela,0,Apoyo familiar,Pública,300.55
Carmen Jiménez,Jimínez,0,Apoyo familiar,Pública,483.97
{BAD},Santiago,0,Trabajo,Pública,277.66
Benjamin Olivia Gonzalez,Gonzalez,0,Otro,Privada,363.61
Emerson Ronal Martínez,Vega,1,Beca,áéíóú ñ,644.46
Fabricio Arregui,Bonet,0,Crédito educativo,Pública,284.8
Amado Mesa,Cuéllar,0,???,Pública,377.84
Fausto Alvarez,Campos,1,Trabajo,,229.17
Silvestre del,Seco,0,###CORRUPT###,Privada,451.3
611636,Fernandez,<NULL>,418575,Pública,343.79
Maria Paz Lisandro,Nuñez,0,Trabajo,∞∞∞,222.35
Fortunata Pi,Tamarit,0,Apoyo familiar,Pública,313.07
Alma Gonzalez,Vega,0,Crédito educativo,Pública,226.28
INVALID,,,,,BAD
María Moreno,Díaz,0,Trabajo,Pública,250.63
Salvador Mateo,Mesa,1,Beca,,398.81
$$$,Carballo,1,Trabajo,Privada,340.57
Lorenzo Sergio Ardila,XXXXXXXXXXXXXXXXXXXXXXXXXXXXXXXXXXXXXXXXXXXXXXXXXXXXXXXX,0,,Pública,220.3
Gil del,844587,0,Trabajo,Pública,345.64
Anacleto del,Escamilla,0,Apoyo familiar,Pública,357.71
Ariel Juan,Rojas,1,Beca,Privada,406.07
Glauco Valenzuela,Martin,0,$$$,Pública,304.63
Julio Daniela Velásquez de la,Torre,∞∞∞,Apoyo familiar,Privada,379.98
Mtro. Gonzalo,Mondragón,0,Trabajo,Pública,290.37
Orlando,Torres,0,Apoyo familiar,Pública,368.54
Cornelio,Linares,1,Otro,Privada,210.94
Claudio Becerra,842792,{BAD},Crédito educativo,Pública,200.6
Purificación Viviana Casanova,Mendizábal,0,Otro,Privada,476.22
Juana,XXXXXXXXXXXXXXXXXXXXXXXXXXXXXXXXXXXXXXXXXXXXXXXXXXXXXXXXXXXXXXXXXXXXXXXXXXXXXXXXXXXXXXXXXXXXXXXXXXXXXXXXXXXXX,0,Apoyo familiar,Pública,213.16
José Emilio Virginia de la Torre,Soto,0,Apoyo familiar,@@@,436.92
Maxi Carranza,Fuertes,0,Trabajo,Pública,276.64
Diego Diego,Gaviria,0,Crédito educativo,Pública,{BAD}
Antonia Roman,INVALID,0,Trabajo,Privada,152.91
Bianca Zoe Valentina,Acosta,1,Apoyo familiar,Privada,404.71
Genaro Gracia,Vaca,0,Apoyo familiar,Pública,461.0
Humberto Palomino,Ferrández,0,Apoyo familiar,[DAMAGED],{BAD}
Victoria Santiago Vera,Gonzalez,0,Apoyo familiar,<NULL>,379.34
Evita Julián,Mir,0,Apoyo familiar,Pública,0.0
,Marrero,0,Trabajo,837869,INVALID
Abraham,Jurado,0,Otro,Pública,421.49
Samuel Campo,Herrero,0,Apoyo familiar,XX,497.58
María Muñoz,Sánchez,0,Apoyo familiar,XX,360.83
Benito Gloria,∞∞∞,0,Apoyo familiar,Privada,669.24
Edinson Mario Mejía,Acevedo,1,C0RRUPT3D,Privada,727.48
Angelino,XXXXXXXXXXXXXXXXXXXXXXXXXXXXXXXXXXXXXXXXXXXXXXXXXXXXXXXXXXXXXXXXXXXXXXX,0,Apoyo familiar,<NULL>,312.28
∞∞∞,Laboy,0,Apoyo familiar,Pública,397.14
Victorino Aguilera,Pelayo,0,Apoyo familiar,Pública,0.0
Paulina Falcó,Chaves,0,Trabajo,Pública,207.27
Ariel Blanca,Aguirre,0,Apoyo familiar,Pública,464.45
Luz Hernández,Ramírez,0,Apoyo familiar,Pública,416.0
,Escamilla,0,Apoyo familiar,Pública,328.66
Sr(a). Agustina,Acuña,0,Trabajo,Pública,296.88
[DAMAGED],Morales,0,Trabajo,Pública,242.3
Miguel Ángel,Tejada,0,###CORRUPT###,Pública,309.22
Mtro. Paulina,Matos,0,Apoyo familiar,Pública,233.09
Juan Ignacio Flores,Flores,1,Apoyo familiar,Privada,535.19
Benicio,Gimenez,0,Trabajo,Pública,0.0
Marisela Berta,Benavídez,0,Apoyo familiar,Pública,387.68
Dr. Jorge,Zelaya,0,Apoyo familiar,XX,547.8
Carolina Toledo,Lucio,1,Apoyo familiar,Privada,{BAD}
Joaquin,Carrizo,0,Apoyo familiar,Pública,343.69
Shirley Suárez,Mejía,0,Apoyo familiar,Pública,339.77
[DAMAGED],,,,,
Guillermo,###CORRUPT###,0,XXXXXXXXXXXXXXXXXXXXXXXXXXXXXXXXXXXXXXXXXXXXXXXXXXXXXXXXXXXXXXXXXXXXXXXXXXXXXXXXXXXXXXXXXXXXXXXXXX,Pública,318.02
Jairo Valencia,Gallego,0,Apoyo familiar,Pública,401.24
,Villalba,0,Apoyo familiar,Pública,317.52
Mario Alvarado,Santiago,0,Apoyo familiar,Privada,452.68
Augusto,Gutiérrez,0,Apoyo familiar,Pública,444.17
Edelmiro,Madrigal-Buendía,0,Otro,Pública,440.79
Camilo Carlos,Rodríguez,0,Apoyo familiar,Pública,305.56
Elena Luciano Lopez,Castillo,0,Crédito educativo,Pública,265.09
,Llorente-Batlle,0,Apoyo familiar,Pública,{BAD}
,,,,,
Genaro,Rodriguez,0,∞∞∞,áéíóú ñ,###CORRUPT###
,,,,,
,,,,,
Ernesto,Esparza,0,Apoyo familiar,Pública,319.22
Celia Benavides,Razo,1,Beca,Privada,292.39
[DAMAGED],Mendoza,0,Apoyo familiar,,399.58
Mónica Paola,Delgado,0,Apoyo familiar,165542,470.79
Mercedes Marcela,Núñez,$$$,Crédito educativo,@@@,219.13
Esther Fonseca,Orozco,0,Apoyo familiar,Pública,484.99
Beatriz Johana Cano,Jiménez,0,Apoyo familiar,Pública,388.55
Edmundo del,Llopis,1,Crédito educativo,Privada,283.48
,,,,,
Lucía,Agudelo,1,Trabajo,Privada,290.84
Celia Elías,Verdú,0,Apoyo familiar,Pública,392.26
Abril del,Valle,1,C0RRUPT3D,Privada,323.33
María Pilar Calderon,Andres,0,Apoyo familiar,Pública,345.35
Carmen Bermúdez,Reyes,0,Apoyo familiar,Pública,447.17
[DAMAGED],Quiroga,0,Apoyo familiar,Pública,388.71
INVALID,,<NULL>,,,
María Claudia,Bonilla,0,Otro,Pública,248.41
Dr(a). Priscila,Quiroga,0,Trabajo,Pública,257.72
Mtro. Ana,Rivero,1,Trabajo,Privada,288.96
Javi Ayala,@@@,0,###CORRUPT###,XXXXXXXXXXXXXXXXXXXXXXXXXXXXXXXXXXX,241.94
Dolores,INVALID,0,{BAD},Pública,326.82
Martín Santino Nicolas Sosa,Soto,0,???,,299.7
Wendolin,C0RRUPT3D,0,Apoyo familiar,Privada,515.04
María Luisa del,Santiago,@@@,Crédito educativo,Pública,229.46
Tatiana,Gargallo,0,,Pública,438.93
Vanesa Rolando Huerta,$$$,1,C0RRUPT3D,Privada,387.83
,,,,,
Federico Santiago de Anda,Miramontes,0,Otro,Privada,359.02
Catalina Thiago Leonel,∞∞∞,0,Trabajo,Pública,185.85
Sr(a). Benjamin,Gomez,0,@@@,Pública,284.17
Pamela Karla,Ramos,∞∞∞,Otro,Pública,275.14
Martín,Segovia,0,Crédito educativo,Pública,479.57
Mtro. Lucas,INVALID,1,Beca,Privada,392.26
Catalina Fernandez,@@@,0,Otro,Pública,226.63
Agustin Gomez,Nuñez,,Beca,Privada,199.11
Adelardo,Rebollo-Carreño,1,Apoyo familiar,Privada,392.31
Aureliano Ureña,Ferrán,0,Apoyo familiar,Pública,299.47
Daniel Muñoz,Mora,0,Apoyo familiar,Privada,570.1
Nancy Margoth,Escobar,0,Apoyo familiar,Pública,355.92
Sr(a). Mateo Valentin,Suarez,0,Trabajo,Pública,241.74
Andrea Ribera,Piñeiro,0,Crédito educativo,∞∞∞,<NULL>
Marcela Camila,Campo,0,Apoyo familiar,Pública,347.57
Bryan Antonio Velásquez,Campo,0,Apoyo familiar,[DAMAGED],911.6
Dr(a). Maximiliano,Gomez,1,Beca,Privada,340.26
Sr(a). Martina,Toledo,0,Otro,Pública,275.97
Silvestre Urrutia,Fabregat,0,Trabajo,###CORRUPT###,318.28
Dr(a). Francisca,Ponce,0,C0RRUPT3D,Pública,412.01
Santino,Chavez,0,∞∞∞,Pública,[DAMAGED]
Olga Montemayor,Sanches,1,Apoyo familiar,Privada,468.8
{BAD},,0,Trabajo,Pública,307.13
Margarita Catalá,Buendía,0,Apoyo familiar,Pública,∞∞∞
Bianca,Rodriguez,0,Crédito educativo,Privada,238.11
<NULL>,Fernandez,0,Crédito educativo,,244.92
Uriel Amanda Lugo,Valladares,0,Apoyo familiar,Pública,294.1
Sr(a). Felipe,Fernandez,1,∞∞∞,Privada,548.76
Lola Carmela,Mendoza,0,Apoyo familiar,Pública,390.04
Jordana Aliaga,Garzón,0,Trabajo,C0RRUPT3D,263.88
Anacleto Parra,Flor,0,INVALID,Pública,259.95
Danilo,Cabello-Carrasco,1,C0RRUPT3D,Privada,∞∞∞
Goyo Manrique,Hoz,1,Apoyo familiar,XX,540.13
Pascuala Girona,Cid,X,Apoyo familiar,$$$,298.72
###CORRUPT###,Casals,1,@@@,###CORRUPT###,372.16
José Carlos Batista,Ocasio,0,Apoyo familiar,Pública,381.08
Valerio Santiago Cerro,Montenegro,0,$$$,∞∞∞,218.09
Mateo Valentin,Farias,0,Apoyo familiar,Pública,406.86
$$$,Guzmán,0,Crédito educativo,INVALID,279.41
León,,0,Apoyo familiar,Pública,469.25
XXXXXXXXXXXXXXXXXXXXXXXXXXXXXXXXXXXXXXXXXXXXXXXXXXXXXXXXXXXXXXXXXXXXX,Fuentes,0,Apoyo familiar,C0RRUPT3D,335.81
Elodia Santos,Zamora,1,Beca,Privada,441.1
[DAMAGED],López,0,Apoyo familiar,Pública,462.21
,Diaz,0,Apoyo familiar,Pública,279.72
Gladys Leidy,Beltrán,0,Apoyo familiar,Pública,347.25
Haroldo Tudela,Corral,1,Beca,Privada,488.19
Cornelio del,Costa,0,Apoyo familiar,XX,323.51
Nina Mansilla,Sanchez,[DAMAGED],Crédito educativo,Privada,268.04
Arley Andrés,Murillo,0,Apoyo familiar,Privada,583.76
Ingrid María,Ramírez,0,Apoyo familiar,Pública,240.77
Lucio Barceló,Blazquez,0,,,310.78
,,,,,0.0
Alfredo Nelly Rael,Candelaria,0,Apoyo familiar,XX,321.9
Juan Francisco Julieta,Vega,1,Beca,Privada,472.09
Ing. Marco Antonio,Santiago,0,Apoyo familiar,Pública,INVALID
,,,,,
Coral,Guerrero,[DAMAGED],Apoyo familiar,$$$,325.98
María Belén Atienza,Hierro,,Apoyo familiar,Pública,368.05
Dr(a). Tomas,[DAMAGED],0,Apoyo familiar,Pública,375.24
Agustin Coronel,Rodriguez,0,Apoyo familiar,Pública,452.24
Fabián Márquez,Alvarado,0,Crédito educativo,Privada,261.41
Almudena Gelabert,Luna,X,Apoyo familiar,Pública,528.64
María Teresa,Alfaro,0,Trabajo,Pública,251.97
Elena,Trejo,0,Trabajo,∞∞∞,{BAD}
Lorenzo Aragón,Bermúdez,0,ERR!!,###CORRUPT###,277.42
Sessa Melgar,Durán,0,∞∞∞,Pública,250.93
C0RRUPT3D,Rosario,0,Otro,###CORRUPT###,278.97
XXXXXXXXXXXXXXXXXXXXXXXXXXXXXXXXXXXXXXXXXXXXXXXXXXXXXXXXXXXXXXXXXXXXXXXXXXXXXXXXXXXXXXXXXXXXXXXXXXXXXXXXX,Iglesias,0,Apoyo familiar,Pública,436.89
###CORRUPT###,Perales,0,Trabajo,Pública,245.08
Rodrigo Barrientos,Mora,0,Apoyo familiar,Pública,308.18
María,###CORRUPT###,0,Apoyo familiar,Pública,502.34
,,,,<NULL>,[DAMAGED]
Marcela Emilce,Méndez,1,Crédito educativo,<NULL>,260.91
Anselmo,Costa-Amigó,1,Beca,Privada,368.32
Itzel Urrutia,Perea,0,∞∞∞,,401.64
Mateo Ojeda,∞∞∞,0,Apoyo familiar,Pública,367.9
###,∞∞∞,,Beca,∞∞∞,491.62
Lucas Ezequiel Camila,Fernandez,0,Apoyo familiar,Pública,346.52
Alfonso Arango,Mosquera,0,Apoyo familiar,Pública,C0RRUPT3D
Guillermo Willian,Barrera,0,$$$,Pública,309.53
Luz Cruz,Sánchez,0,Otro,Pública,252.46
Óscar Gargallo,Varela,0,Apoyo familiar,Pública,495.04
Adalberto,Nieto,0,Apoyo familiar,Pública,360.36
Ing. Norma,Guerra,0,Apoyo familiar,Pública,105.97
Cándida Clemente,Sierra,0,???,áéíóú ñ,251.16
Visitación,Hurtado-Pallarès,@@@,Apoyo familiar,Pública,317.7
###CORRUPT###,Puerta,0,Apoyo familiar,Pública,337.39
,,C0RRUPT3D,,,
XXXXXXXXXXXXXXXXXXXXXXXXXXXXXXXXXXXXXXXXXXXXXXXXXXXXXXXXXX,,0,Apoyo familiar,Pública,@@@
,Romero,0,Trabajo,∞∞∞,[DAMAGED]
Facundo Castillo,Vega,0,Apoyo familiar,Pública,381.73
José,{BAD},0,Apoyo familiar,Pública,260.43
Rafaél,Fajardo,0,Apoyo familiar,Pública,403.33
,Serrano,0,Crédito educativo,Pública,357.8
INVALID,Pineda,0,???,Privada,458.19
Dorotea Escobar,Ferrández,0,∞∞∞,Pública,258.78
Jeferson Michael Espinosa,Salazar,0,Apoyo familiar,Pública,0.0
Marco Antonio Ana Luisa Granados,Gómez,0,Apoyo familiar,Pública,377.69
Mayte Aragón,Palau,0,Apoyo familiar,Pública,451.15
Fabiana Baños,Ugarte,[DAMAGED],Crédito educativo,Pública,357.32
,C0RRUPT3D,{BAD},,,
Martina Morales,Diaz,1,Apoyo familiar,Privada,667.75
Carmen Eliana,Ospina,1,Apoyo familiar,Privada,569.73
Amaro León,Campo,0,Apoyo familiar,Pública,303.48
Dr. Alvaro,Cavazos,0,@@@,Pública,333.02
Magdalena Nevado,Díez,1,Beca,[DAMAGED],309.73
###CORRUPT###,Rojas,$$$,Apoyo familiar,Privada,600.12
∞∞∞,Figuerola,###CORRUPT###,Otro,XX,204.32
Joaquin,Alvarez,0,Apoyo familiar,∞∞∞,419.41
Reyes Casanovas,Sanchez,0,Apoyo familiar,Pública,445.8
,,,,XX,
Álvaro Junior Arrieta,Amaya,0,Otro,Pública,414.42
Sonia Lemus,Castro,0,Apoyo familiar,Privada,551.49
Marisol Delgadillo de la,Fuente,1,Apoyo familiar,Privada,329.68
Marisol Yolanda Acuña,Cuellar,0,Trabajo,Pública,242.91
{BAD},Mesa,0,Apoyo familiar,Pública,346.76
,<NULL>,,$$$,,
María Teresa Concepción Guajardo,Corona,0,Trabajo,Pública,296.21
Duilio Ávila,Mayol,1,Apoyo familiar,Privada,###CORRUPT###
,,,,INVALID,
Luisa María,C0RRUPT3D,C0RRUPT3D,Apoyo familiar,Pública,342.76
Sr(a). Benjamin,Gomez,0,Crédito educativo,Pública,287.44
José Emilio,Bravo,0,Apoyo familiar,Pública,389.31
José,López,0,Apoyo familiar,Pública,{BAD}
Lucas Jos Carbajal,Correa,0,Apoyo familiar,Pública,291.98
Abraham Lucas,Alva,X,Apoyo familiar,Privada,403.0
Alberto Miguel,Narváez,1,Beca,XX,384.13
Dr(a). Oriana,Romero,0,Apoyo familiar,Pública,295.77
Richard José Bermúdez,###CORRUPT###,∞∞∞,Apoyo familiar,Pública,375.39
Bertha,Pinto,[DAMAGED],Apoyo familiar,Privada,646.37
Jeremías Casado,@@@,0,Otro,Pública,216.37
Gabriela Karol,Moreno,0,[DAMAGED],Pública,277.65
Ana María Otero,Santillán,0,Trabajo,Pública,296.23
Alberto Acevedo,{BAD},0,Apoyo familiar,Privada,612.71
Duilio Ramos,###CORRUPT###,0,Apoyo familiar,∞∞∞,384.77
Tomás Comas,{BAD},0,Apoyo familiar,Pública,399.68
Sergio Margarita Concepción,Quintana,0,Apoyo familiar,Pública,408.5
,Perales,0,Apoyo familiar,Pública,357.64
Inés,Quintero,1,Crédito educativo,Privada,174.04
Tiziano Maidana,<NULL>,,∞∞∞,Privada,407.65
Clotilde del,Lara,0,Trabajo,XXXXXXXXXXXXXXXXXXXXXXXXXXXXXXXXXXXXXXXXXXXXXXXXXXXXXXXXXXXXXXXXXXXXXXXXXXXXXXXXXXXXX,200.1
Reyna,Giménez-Tapia,0,Trabajo,Pública,161.84
María,Fuentes,0,ERR!!,Pública,308.54
,,,[DAMAGED],,
Carmen,Ortega,1,Beca,Privada,{BAD}
Yolanda Castro,Parra,0,???,Pública,398.31
Tiziano,Vazquez,0,Apoyo familiar,Privada,490.61
597648,Ulloa,1,Beca,@@@,365.53
Clemente,Duarte,1,459605,Privada,ERR
Fernando Rodrigo,Muñoz,0,Trabajo,Pública,259.74
,Arriaga,0,Apoyo familiar,Pública,323.47
Cecilia,Soto,0,Apoyo familiar,Pública,$$$
Constanza,Barbosa,X,Trabajo,###CORRUPT###,309.38
@@@,Fernandez,0,Apoyo familiar,Privada,401.85
Olivia Grande,Márquez,0,Apoyo familiar,Pública,278.52
INVALID,Orta,0,Trabajo,Pública,224.64
Abraham Vélez,Solorzano,0,<NULL>,Pública,229.96
Catalina Vera,Aguado,0,Apoyo familiar,Pública,999999.0
Eduardo Garriga,Conde,0,Apoyo familiar,{BAD},345.56
Adela Gabino Gallegos de,León,0,Apoyo familiar,Privada,549.8
Miguel Augusto,Torres,1,Beca,Privada,541.05
XXXXXXXXXXXXXXXXXXXXXXXXXXXXXXXXXXXXXXXXXXXXXXXXXXXXXXXXXXXXXXXXXXXXXXXXXXXXXXXXXX,Casanova,,Crédito educativo,Pública,295.81
áéíóú ñ,Cabeza,0,Apoyo familiar,###,337.56
Armida Carmen Mariscal,Casanova,<NULL>,Crédito educativo,C0RRUPT3D,362.15
Dr(a). Juliana,Diaz,X,Beca,XX,576.19
Olivia Garcia,Morales,0,Otro,,259.43
Felipe Juarez,Rios,0,???,Pública,295.19
Timoteo,Véliz,0,Apoyo familiar,Pública,C0RRUPT3D
Leticia,Alemán,X,Crédito educativo,Pública,354.14
Alexandra Martha,Muñoz,1,Crédito educativo,Privada,272.71
Sr(a). Ramón,Pabón,0,Apoyo familiar,Pública,352.21
Quique Alegria,Llabrés,0,Trabajo,Pública,$$$
,,,,,$$$
William Rincón,Saavedra,0,[DAMAGED],Privada,918.06
Thiago Benjamin,Barrios,1,Apoyo familiar,Privada,572.4
Caridad María Eugenia,Bahena,0,Apoyo familiar,Pública,277.2
Sr(a). Agustin,Alvarez,0,Apoyo familiar,Pública,423.18
,,,,,
Margarita Baca,Madera,0,Crédito educativo,Pública,307.52
Juan,Oquendo,0,$$$,Pública,342.36
Clara Sofia Sosa,Gomez,[DAMAGED],Apoyo familiar,Pública,438.73
$$$,Godoy,@@@,Beca,Privada,487.76
Reina,Cardona,0,Apoyo familiar,Pública,{BAD}
Thiago Nicolas Sanchez,Toledo,1,Apoyo familiar,Privada,445.89
Ana Leonor Salazar,Torres,0,Apoyo familiar,Pública,356.68
Carlos Segundo Castillo,Rodríguez,0,Apoyo familiar,Pública,354.16
Alexander,Contreras,1,Crédito educativo,Privada,-888.0
Abigail Bustos,Garcia,0,Apoyo familiar,Pública,406.4
Rafael Juan Amaya,Silva,0,Apoyo familiar,Pública,595.81
Luz María,Quintero,0,Apoyo familiar,Pública,365.05
Oriana Gimenez,Perez,$$$,Crédito educativo,Pública,376.31
∞∞∞,Peña,0,Crédito educativo,Pública,267.86
Clemente Alta Gracia Matos,Pedraza,0,∞∞∞,Pública,373.31
@@@,Arteaga,0,Apoyo familiar,Pública,224.17
Bruno René Acevedo,Gaitán,0,Apoyo familiar,Pública,221.48
Dr(a). Luisana,Garcia,0,Apoyo familiar,,553.49
Sr(a). Milagros,Molina,0,Apoyo familiar,Pública,281.77
Inmaculada Amigó,Cases,0,Crédito educativo,Pública,204.13
José,{BAD},0,Apoyo familiar,Pública,433.25
Valero Olmo,Morcillo,0,Apoyo familiar,Pública,478.07
Claudia Reyna,Negrón,0,Apoyo familiar,Pública,225.45
Óliver Niño,Sandoval,0,Apoyo familiar,Pública,335.71
,,,,∞∞∞,
Andrea Alba,Contreras,0,Otro,Pública,380.16
Juan Martin,Morales,0,Trabajo,Pública,∞∞∞
Luciano Benjamin Paulina Gonzalez,Morales,0,Apoyo familiar,Pública,381.89
Eduardo,Curiel,###CORRUPT###,Apoyo familiar,INVALID,381.36
Chita,Villalobos-Tomé,0,Crédito educativo,Pública,307.48
Mora Peralta,Castro,1,Beca,Privada,474.04
Pedro Gámez,Blanca,0,Crédito educativo,Pública,315.75
Sandra Dary Serrano,Díaz,0,Apoyo familiar,###CORRUPT###,285.91
Alexander Pulido,Agudelo,1,Beca,Privada,296.13
Violeta,INVALID,0,Apoyo familiar,Pública,350.66
<NULL>,Marqués,0,Apoyo familiar,Pública,461.45
Luz,Morales,0,Apoyo familiar,Pública,282.2
Venceslás,Arnaiz,0,Apoyo familiar,Pública,340.6
Felicidad Roda,Reig,1,Apoyo familiar,Privada,637.57
Juan Ignacio Valentino Diaz,Lopez,0,Trabajo,Pública,235.57
Zoe Jazmin Franco,Herrera,0,Apoyo familiar,Pública,489.53
,,,,,
Mercedes,Rodríguez,C0RRUPT3D,###CORRUPT###,Privada,359.65
Vicente Tiziano Valentin Medina,Garcia,0,Trabajo,Pública,288.53
Dr(a). Julieta,Toledo,0,Apoyo familiar,Pública,394.79
Iván,Bustos,1,Apoyo familiar,Privada,415.38
Eduardo García,Rosero,0,Apoyo familiar,Pública,356.34
Esteban Elsa,Aguirre,1,Beca,Privada,344.56
Régulo Llorente,Carretero,1,Beca,Privada,463.44
José Luis,Duarte,0,ERR!!,Pública,281.76
[DAMAGED],Montes,0,Apoyo familiar,{BAD},382.27
Josefa Coloma,Salom,1,Apoyo familiar,Privada,366.64
Lucía Lola,Gonzalez,1,Beca,Privada,398.76
Ing. Darío,Amaya,INVALID,,Pública,242.48
Aurelio Vanesa Muro,Henríquez,1,Trabajo,Privada,312.46
Estela Hilda Alcala,Aranda,0,Apoyo familiar,Pública,360.47
María Teresa Muro,Meza,1,,Privada,441.28
INVALID,Arias,0,Apoyo familiar,Privada,415.2
Helena Patricia Santacruz,Esquivel,0,Apoyo familiar,###CORRUPT###,386.52
Mora Peralta,Castro,1,Apoyo familiar,Privada,441.45
Consuelo Laura Fuentes,Barrera,X,Apoyo familiar,Pública,364.67
,,,,,
$$$,$$$,0,Otro,Pública,457.83
Diego Diego,Gaviria,0,Trabajo,Pública,281.3
,,,,,
Alvaro Jaimes,Urrutia,0,Apoyo familiar,Pública,380.34
,,,,,
Maristela Maricela Andres,Arco,0,XXXXXXXXXXXXXXXXXXXXXXXXXXXXXXXXXXXXXXXXXXXXXXXXXXXXXXXXXXXXXXXXXXXXXXXXXXXXXXXXXXXXXXXXXXXXXXXXXXX,Pública,420.86
Mary,Corredor,###CORRUPT###,Apoyo familiar,Pública,447.62
Patricia,Mantilla,1,Trabajo,Privada,211.52
Pilar,###CORRUPT###,0,Otro,Pública,408.64
Demetrio,Vazquez,0,Apoyo familiar,Pública,339.81
[DAMAGED],,,,,
Evelio Alcántar,Rendón,0,Apoyo familiar,Pública,391.55
<NULL>,López,0,Trabajo,Pública,250.2
Tania Solano,Oliva,0,INVALID,Pública,203.31
INVALID,Echevarría,0,Apoyo familiar,Pública,370.26
Martha Sofía García,Martínez,1,Apoyo familiar,Privada,454.27
,,,,,0.0
Pastora de,∞∞∞,$$$,Apoyo familiar,Pública,382.57
Clara,Suárez,10000000000.0,Apoyo familiar,Pública,390.98
,XXXXXXXXXXXXXXXXXXXXXXXXXXXXXXXXXXXXXXXXXXXXXXXXXXXXXXXXXXXXXXXXXXXXXXXXXXXXX,,@@@,,
Esther,Murillo,0,Apoyo familiar,Pública,301.81
,Perera-Baños,0,INVALID,Privada,205.28
Lucas Benjamin,Soria,0,###CORRUPT###,Pública,217.89
Morena Jazmin Agustina Campos,Pereyra,0,Apoyo familiar,Pública,357.73
Violeta,Rendón,1,Beca,Privada,371.54
Felix Moya,Ortiz,1,Beca,Privada,481.15
Yolanda Portillo,González,0,Apoyo familiar,Pública,426.12
Salomé Lorenzo,Mur,∞∞∞,Otro,Pública,293.95
María Ruth,Rivera,0,Otro,Pública,394.59
ERR!!,Navarro,0,Crédito educativo,,293.17
Esteban Mayte Ibarra,Aparicio,[DAMAGED],Crédito educativo,Pública,381.75
Iris del,Verdugo,0,Apoyo familiar,Pública,334.27
Edelmira Talavera,Clavero,0,Apoyo familiar,###CORRUPT###,398.66
Lope Cabrero,∞∞∞,X,###,<NULL>,###
Timoteo Iván,Pérez,0,Trabajo,Privada,183.34
Marianela Polo,Lumbreras,0,Otro,Pública,INVALID
María Diana,Perdomo,$$$,Otro,Pública,401.08
Thiago Ezequiel,Sanchez,0,Apoyo familiar,,397.33
Ing. Estefanía,Melgar,0,Apoyo familiar,Pública,297.03
José Manuél Emilia,###CORRUPT###,1,Beca,Privada,0.0
Beatriz Rivera,Muñoz,1,Apoyo familiar,918947,405.31
###CORRUPT###,Perez,0,Crédito educativo,Pública,331.29
Jos Beatriz,Lomeli,1,???,Privada,211.66
Manuel Aurelio Mojica,Olivo,0,Apoyo familiar,###CORRUPT###,282.21
Lucila Benítez,Garzón,,Crédito educativo,Pública,276.38
Vicenta Arias,,{BAD},Apoyo familiar,Pública,358.0
Lorena Martha,,0,Apoyo familiar,Privada,609.47
INVALID,Zelaya,###,Apoyo familiar,[DAMAGED],333.35
Alberto Álvarez,Castaño,0,Apoyo familiar,Privada,434.65
Nelson Carlos,León,0,Trabajo,Pública,249.54
Lucía Lucas Ruiz,Moyano,0,Apoyo familiar,Pública,282.2
Marisol Aurora,$$$,{BAD},Apoyo familiar,Pública,###
Albert Ferrández,Pinilla,0,Trabajo,Pública,221.75
Alfonso Camilo Delgado,Padilla,0,Apoyo familiar,Privada,{BAD}
Eliana Morcillo,Lluch,X,[DAMAGED],Pública,370.17
,,,###CORRUPT###,,
Mateo Thiago Ezequiel,Miranda,0,Apoyo familiar,Pública,[DAMAGED]
Sr(a). Renato,Contreras,∞∞∞,INVALID,Pública,291.69
Víctor Carla,Carrasco,∞∞∞,Trabajo,Privada,298.27
Emma Pineda,Armas,0,Apoyo familiar,Pública,391.02
Isabella Ignacio,Bravo,0,Apoyo familiar,Pública,232.51
Olivia Garcia,Morales,0,Trabajo,Pública,289.71
,,,,,<NULL>
Julia Mateo,Alvarez,C0RRUPT3D,Apoyo familiar,Pública,267.37
Alexandra Luisa,Triana,0,Apoyo familiar,Privada,287.72
{BAD},Alemán,1,Trabajo,Privada,260.84
María Pilar Romeu,Juan,0,Apoyo familiar,Pública,387.35
<NULL>,Vera,0,???,Pública,312.14
Dr(a). Emma,Fernandez,1,,Privada,244.15
$$$,Cabello,$$$,ERR!!,Privada,VAL6987
Sr(a). Olivia,Vega,0,Trabajo,Pública,254.48
Gloria Madrigal,Linares,1,$$$,Privada,500.59
Elías Gomez,Crespo,0,Otro,Pública,246.9
Juan Cruz Juan Cruz Lopez,Fernandez,0,Apoyo familiar,Pública,237.11
Dulce María Ana Caballero,Porras,0,Apoyo familiar,Pública,343.09
Nubia Vanessa Gómez,Gómez,0,Otro,Pública,350.73
C0RRUPT3D,Carpio-Gómez,1,Beca,Privada,430.33
$$$,Serrato,0,Apoyo familiar,Pública,526.44
José Camila,Gamboa,0,∞∞∞,XX,383.89
Sofia,Vazquez,1,Trabajo,{BAD},172.84
Natalio Vizcaíno,Ugarte,0,,Pública,354.22
Liliana Lilia Anguiano,Ramón,0,Apoyo familiar,Pública,387.99
Clemente Font,Barco,0,Trabajo,Privada,272.02
Úrsula,Almaraz,{BAD},Crédito educativo,Pública,241.59
Benjamin Martina,Vargas,0,Apoyo familiar,Pública,299.23
Clara Matilde,González,0,$$$,Pública,390.47
Martina Navarro,,0,Apoyo familiar,Pública,407.23
Dalia,Villarreal,0,Apoyo familiar,Pública,429.58
Antonio Escobar,Peña,0,Apoyo familiar,[DAMAGED],403.76
Marina Milena,Caballero,0,Apoyo familiar,Pública,388.09
Ana Luisa,Venegas,0,Trabajo,Pública,143.37
Emilia del,Fernandez,1,Crédito educativo,Privada,348.99
INVALID,Castrillón,0,$$$,XXXXXXXXXXXXXXXXXXXXXXXXXXXXXXXXXXXXXXXXXXXXXXXXXXXXXXXXXXXXXXXXXXXXXXXXXXXXXX,227.31
Macaria,Arnaiz,0,Trabajo,Pública,234.52
Emma Juana,Moreno,0,Apoyo familiar,<NULL>,516.6
Antonia,Valle,0,Crédito educativo,Pública,298.62
Valentino Benitez,Sanchez,0,Trabajo,Pública,269.58
Joaquín Irma Segovia,Saavedra,0,Otro,Pública,494.39
Magaly Constanza Ariza,Quiroz,0,Apoyo familiar,Pública,374.15
Juan Antonio Cortés,Checa,0,Apoyo familiar,Pública,487.47
Felipe,Gomez,X,Apoyo familiar,Pública,
Débora de,Marcos,C0RRUPT3D,Trabajo,Pública,360.21
Sonia Pedrero,Cardona,0,ERR!!,632870,1103.0
@@@,Ledesma,1,Beca,Privada,393.03
Anastasia,Prieto,0,Apoyo familiar,Pública,<NULL>
,,,,,
Desiderio Leonel Cobo,Guzmán,$$$,Apoyo familiar,Pública,343.14
Julieta Valentino Navarro,Acosta,0,Apoyo familiar,Privada,599.14
Jonatan Salom,Corral,0,Crédito educativo,Pública,166.18
Ligia,Lara,BAD,Apoyo familiar,Pública,
Agustina,Mate-Pintor,0,ERR!!,Pública,360.83
{BAD},Querol,0,Crédito educativo,Pública,300.86
Cecilia,Montes,0,Crédito educativo,Pública,262.55
Ligia González,Ruiz,1,Beca,Privada,374.2
María Pilar Merche Mayo,[DAMAGED],0,Trabajo,Pública,275.39
María Diana,Perdomo,0,Apoyo familiar,Pública,###CORRUPT###
@@@,Ávila,1,Beca,Privada,446.98
Nathalia Carrillo,Sánchez,0,Otro,Pública,420.08
Lucía María Rodríguez,<NULL>,1,Otro,Privada,351.51
Gloria Nathalia,Zapata,0,Crédito educativo,Pública,308.2
Yago Balduino Rodríguez,Benavente,0,Trabajo,∞∞∞,161.34
Néstor Ciro,Jiménez,$$$,Trabajo,Privada,264.66
Casandra Nebot,Galván,0,Trabajo,@@@,228.66
INVALID,C0RRUPT3D,0,769647,Pública,273.58
Perla,Zepeda,0,Trabajo,###,264.96
Bernardo,Castañeda,INVALID,Crédito educativo,Pública,271.6
Franco Micaela Gomez,Peralta,$$$,Crédito educativo,Pública,334.11
<NULL>,Cifuentes,0,Apoyo familiar,Pública,329.16
Thiago Benjamin Pedro Dominguez,Vazquez,0,Apoyo familiar,Pública,232.46
Goyo Manrique,$$$,1,Trabajo,###CORRUPT###,<NULL>
María Eugenia,Botello,0,Apoyo familiar,Pública,450.82
Maia Sofia,C0RRUPT3D,0,###CORRUPT###,Pública,311.5
Paca,Casado,1,[DAMAGED],Privada,447.67
María Ana,{BAD},0,Crédito educativo,Pública,257.04
Consuela Bartolomé,[DAMAGED],0,Trabajo,Pública,265.93
Rafael,Villamil,0,Trabajo,Pública,229.63
Jordán Ballester,Costa,0,Crédito educativo,Pública,278.38
,,,,,
Victoria Gonzalez,Fernandez,1,Beca,Privada,290.6
Valentina Juana Martinez,Juarez,0,Apoyo familiar,Pública,311.64
Ian,,0,Crédito educativo,Pública,$$$
Hernando Pujadas,Abad,0,Apoyo familiar,Pública,369.52
Eugenia Velasco,Torres,0,Trabajo,Pública,248.39
Jorge,,0,Apoyo familiar,Pública,390.85
Ariel Zapata,Calleja,0,Trabajo,Pública,201.42
ERR!!,Benito,1,Otro,@@@,235.74
William Quintero,Ruiz,0,Crédito educativo,Privada,237.61
$$$,Fernandez,###CORRUPT###,Crédito educativo,Pública,187.62
Francisco,Negrete,0,Apoyo familiar,Pública,402.78
José Emilio Collado,###CORRUPT###,0,Apoyo familiar,@@@,INVALID
Sr(a). Thiago,Gomez,0,Apoyo familiar,Pública,364.87
Mtro. Aldonza,García,0,Apoyo familiar,Pública,499.76
Petrona Sevillano,Benavent,0,Crédito educativo,Pública,434.97
Luisina Romero,Pellicer,0,Apoyo familiar,Pública,288.46
Luz Diana Silva,Díaz,0,XXXXXXXXXXXXXXXXXXXXXXXXXXXXXXXXXXXXXXXXXXXXXXXXXXXXXXXXXXXXXXXXXXXXXX,Pública,273.53
Jeremias,Navarro,0,Apoyo familiar,Pública,296.82
###,Herrera,0,Apoyo familiar,XX,437.35
Sr(a). Adán,Zelaya,0,Otro,Pública,229.98
Jesús Mauricio,Mercado,0,Otro,Pública,352.34
Juana Ruiz,Paz,0,Apoyo familiar,Pública,315.01
Renata,Molina,0,Apoyo familiar,Pública,423.11
Dr(a). Antonella,Garcia,0,Apoyo familiar,Pública,289.3
Lucía,Morales,0,Otro,Pública,350.46
Jazmin Francisco,Gomez,VAL6786,Crédito educativo,Privada,333.88
Jose Angel,Torre,1,Apoyo familiar,Privada,565.64
Abel Marisela Toro,Mejía,0,Crédito educativo,Pública,313.58
Lucía,Correa,0,Trabajo,Pública,330.94
Sergio Diego,Hernández,0,Trabajo,Pública,
,,,,,
Encarnacion,Valle,1,Apoyo familiar,Privada,552.12
Trinidad Soriano,Arranz,0,Crédito educativo,Pública,334.24
Enrique Carrillo,Herrera,0,Trabajo,Pública,238.17
Porfirio Amanda,Almanza,X,Apoyo familiar,Pública,360.11
Andrés Olaya,{BAD},$$$,Trabajo,Pública,279.28
Porfirio Apodaca,Tamez,0,Apoyo familiar,Pública,396.18
Delfina Flores,Paz,0,Trabajo,Pública,224.99
José Díaz,Ruiz,0,Apoyo familiar,Pública,273.71
Porfirio,{BAD},0,Apoyo familiar,Pública,455.72
Anastasia Fernández,Azorin,0,Apoyo familiar,Privada,-888.0
Anselmo,Costa-Amigó,1,Apoyo familiar,Privada,332.75
Martina,Sosa,0,Apoyo familiar,Pública,545.76
Martina Emiliano Diaz,Gutierrez,X,Apoyo familiar,Pública,245.05
Roberta Romero,∞∞∞,0,Apoyo familiar,Pública,466.84
Ligia Herrera,Rivera,0,XXXXXXXXXXXXXXXXXXXXXXXXXXXXXXXXXXXXXXXXXXXXXXXXXXXXXXXXXXXXXXXXXXXXXXXXXXXXXXXXXXXXXXXXXXXXXXXXXXXX,Pública,424.22
,@@@,,$$$,XX,
Lucas Jos Carbajal,Correa,0,Crédito educativo,Pública,310.87
Cynthia Ángel Lemus,Velázquez,0,Otro,Pública,217.11
@@@,Aponte,0,Apoyo familiar,$$$,305.78
Clemente,Duarte,1,Beca,Privada,524.95
Marisela Amanda Meléndez,$$$,0,Apoyo familiar,Privada,447.02
Dulce María del,Valle,0,Apoyo familiar,Pública,469.21
@@@,###CORRUPT###,1,Beca,Privada,484.71
Tomàs Maria Guadalupe Gimenez,Gomez,0,Crédito educativo,Pública,307.1
Wilfredo Cano,Uribe,0,Trabajo,Pública,∞∞∞
Horacio Ana,∞∞∞,∞∞∞,Otro,Pública,380.17
Ing. Eloy,Chavarría,0,Apoyo familiar,Pública,222.24
Ariadna Rincón,Rosado,0,Apoyo familiar,Pública,372.86
Loida Bermúdez,,0,Apoyo familiar,{BAD},312.98
XXXXXXXXXXXXXXXXXXXXXXXXXXXXXXXXXXXXXXXXXXXXXXXXXXXXXXXXXXXXXXXXXXXXXXXXXXX,Morillo,0,Trabajo,Pública,185.53
Carlos Jairo,Benavides,,Apoyo familiar,Pública,349.79
Yago Balduino Rodríguez,Benavente,0,Apoyo familiar,Pública,300.63
Amado Carreras,Seco,0,Otro,Pública,301.32
<NULL>,Soliz,0,XXXXXXXXXXXXXXXXXXXXXXXXXXXXXXXXXXXXXXXXXXXXXXXXXXXXXXXXXXXXXXXXXXXXXXXXXXXXXXXX,Pública,@@@
∞∞∞,Lerma,0,Apoyo familiar,Pública,422.37
Rodrigo Martínez,Moraleda,0,Apoyo familiar,Pública,305.47
[DAMAGED],Gimenez,0,Apoyo familiar,Pública,406.52
Abril Gomez,Mendoza,@@@,Apoyo familiar,Privada,510.9
Albano Herberto Giménez,Salmerón,0,Trabajo,Pública,158.21
∞∞∞,,,,,
Jovita,INVALID,0,Apoyo familiar,Pública,462.91
Sr(a). Juana,###CORRUPT###,0,Otro,Pública,472.95
Tatiana Nubia Castro,$$$,0,Apoyo familiar,Pública,@@@
Bianca María del Carmen Ocasio,Cepeda,0,Apoyo familiar,,434.45
Cosme Heras,Guzmán,0,Crédito educativo,Pública,283.03
Juan Carlos,Aguilar,0,Trabajo,Privada,202.55
Cloe Machado,Suarez,0,Apoyo familiar,Pública,400.6
Erasmo Alsina,Prat,0,Apoyo familiar,<NULL>,318.87
Nahuel Thiago Benjamin Sanchez,Vargas,INVALID,Trabajo,Pública,188.95
Ángel Marin,Herrera,0,Trabajo,Pública,202.27
,$$$,,,,
Yeimy Correa,Ángel,1,Beca,Privada,410.04
Dolores Sofía de,Jesús,0,Trabajo,Pública,217.67
Jackeline Gómez,Muñoz,@@@,Apoyo familiar,Pública,288.27
Chus Cordero,Busquets,1,<NULL>,Privada,334.81
,,,,,
Guadalupe Hermelinda Quintero,C0RRUPT3D,0,Otro,áéíóú ñ,435.74
Catalina,###CORRUPT###,1,Beca,857106,543.45
Juan,C0RRUPT3D,0,Apoyo familiar,Pública,323.98
Delfina Hernandez,Carrizo,0,Apoyo familiar,Pública,443.44
Daniel,Contreras,<NULL>,Apoyo familiar,Pública,314.06
Haroldo Tudela,Corral,1,Apoyo familiar,Privada,548.94
Eduardo Figueroa,Durán,0,Apoyo familiar,Pública,331.03
Armando Fabio,Guzmán,1,Beca,Privada,201.64
Telmo del,Mármol,0,Apoyo familiar,Pública,250.7
Demetrio,{BAD},0,Apoyo familiar,Pública,339.81
Ruperto Perelló,###CORRUPT###,0,Trabajo,Pública,265.86
Eric David,Burgos,0,Otro,Pública,479.47
Alejandro María Luisa,714727,0,[DAMAGED],<NULL>,{BAD}
Dulce Alma de la Garza,Llamas,0,Apoyo familiar,Privada,551.05
Lilia Yolanda Guzmán,633704,1,{BAD},Privada,325.53
Ana Andrea,García,1,Beca,Privada,295.47
Jaime Jorge Viera,Toledo,###CORRUPT###,Apoyo familiar,Pública,354.34
Dr(a). Bautista,Rodriguez,0,Crédito educativo,Pública,142.51
,Castillo,0,Otro,660516,256.56
Amelia Boix,Roldan,0,∞∞∞,Pública,<NULL>
Eusebio Collado,Jaume,0,Trabajo,Pública,287.09
,∞∞∞,0,Trabajo,Pública,319.62
Mtro. Conchita,Menchaca,0,Apoyo familiar,[DAMAGED],388.4
Irene,Mínguez,0,Apoyo familiar,Pública,385.08
Santino Farias,{BAD},0,Apoyo familiar,Privada,343.61
Manuela,Garay-Diez,0,Apoyo familiar,C0RRUPT3D,516.56
Lautaro Benjamin,Gutierrez,ERR,Trabajo,Privada,277.77
Fernando,Martínez,1,Beca,Privada,611.34
Pablo,Mendoza,0,Otro,Pública,242.26
Macaria Montoya,Ros,1,Beca,Privada,388.06
María Luisa Claudio Ureña,Pérez,0,Crédito educativo,Pública,313.89
Abril Galan,Pardo,0,Trabajo,Pública,285.47
,,,,,
Lucía,Perales,0,Trabajo,Pública,256.35
Dante,Perez,C0RRUPT3D,Apoyo familiar,Privada,352.33
Valentin Sosa,Rojas,0,Apoyo familiar,Privada,344.81
,,,,,
Modesto María Luisa Vargas,Alcala,0,∞∞∞,Pública,332.81
,,,,,
Sergio,Quintero,0,Trabajo,Pública,###CORRUPT###
Lucy Amparo,Barrios,0,Crédito educativo,Pública,236.03
,,,,,
Maribel Naranjo,Carvajal,0,áéíóú ñ,Pública,287.21
∞∞∞,Espada,0,Apoyo familiar,Pública,217.38
Ivan Maria Paz,Figueroa,INVALID,Apoyo familiar,Pública,436.08
Marina,XXXXXXXXXXXXXXXXXXXXXXXXXXXXXXXXXXXXXXXXXXXXXXXXXXXXXXXXXXXXXXXXXXXXXXXXXXXX,0,Trabajo,Pública,238.53
Francisca,Ávalos,0,Crédito educativo,Privada,350.66
Jos,Arce,0,Apoyo familiar,Pública,<NULL>
Dulce,Sandoval,0,Trabajo,Pública,210.03
Clemencia Carrillo,,,C0RRUPT3D,Pública,106.39
Amalia,Santillán,0,Otro,Pública,[DAMAGED]
Hernán Adela Galarza,Espinal,0,[DAMAGED],Pública,161.86
Amelia José Luis Baeza,Quiñones,0,Apoyo familiar,Privada,352.41
Alonso Gerardo Garza,Terrazas,<NULL>,,Pública,222.24
Ariadna,Perea,0,Trabajo,Pública,246.66
Milagros Fausto,Torres,0,Apoyo familiar,Privada,327.53
Tania,Hernández,0,Otro,Privada,466.74
Débora Hermelinda,Maldonado,1,Apoyo familiar,Privada,533.62
Rufina Escobar,León,∞∞∞,Crédito educativo,Pública,254.25
Marisol Aurora,Reyna,0,Trabajo,INVALID,248.4
Andrés Hernando,Caicedo,0,Trabajo,Pública,271.87
Yolanda,Guzmán,0,Crédito educativo,Pública,356.47
Trinidad Zorrilla,Madrid,$$$,???,Pública,368.34
Fernanda Gómez,Morales,-888.0,Apoyo familiar,Privada,439.84
Renata,Rodriguez,0,Apoyo familiar,Pública,303.57
Daniela Ortega,Rodríguez,0,Apoyo familiar,Pública,{BAD}
Ulises Aguiló,Mancebo,0,Apoyo familiar,Pública,514.79
Omar,Abad-Bas,0,Apoyo familiar,Pública,467.44
###CORRUPT###,Peñas,0,Apoyo familiar,Pública,{BAD}
Minerva,Madrid,0,<NULL>,810154,471.47
Fernando,Valencia,0,Trabajo,Pública,225.05
Jazmín Candela Rodriguez,Luna,0,Otro,Pública,437.08
Maximiliano Romero,Roldan,1,Beca,Privada,10000000000.0
Petrona,###CORRUPT###,1,Beca,Privada,439.63
Rodrigo,<NULL>,INVALID,Apoyo familiar,ERR!!,291.28
Ciriaco Dani Nieto,Uriarte,0,Apoyo familiar,Pública,294.49
Uriel,,$$$,Apoyo familiar,Pública,311.59
Judith Hernández,Sánchez,1,Trabajo,Privada,@@@
Ángela,Rojas,0,???,Pública,381.31
Luis Mauricio,Bermúdez,VAL5895,Otro,Pública,406.44
Mery Ana Cabrera,Rincón,0,Trabajo,Pública,265.13
Santiago Dario,Pinzón,0,Apoyo familiar,Pública,262.87
,,,,,
Angélica Azorin,Cerro,1,Otro,Privada,287.57
Jessica Yaneth,Meza,C0RRUPT3D,Otro,Pública,272.07
Nazario Adelardo Bárcena,Casals,0,Crédito educativo,Pública,353.56
Jaime de,[DAMAGED],0,Otro,Pública,237.94
Milagros Fausto,Torres,0,,Privada,248.17
Dorotea Morcillo,Cerdán,0,Crédito educativo,Pública,0.0
Santos Maestre,Paniagua,0,Trabajo,Pública,298.33
Yolanda Estrada,Mayorga,0,Trabajo,Privada,{BAD}
Jazmin,Luna,0,Apoyo familiar,Pública,456.15
Vanessa Cecilia Rojas,Bustos,0,Apoyo familiar,###CORRUPT###,371.14
Arturo Sebastián,Salcedo,0,Apoyo familiar,Pública,393.96
Jovita Cristina Ríos,[DAMAGED],0,Apoyo familiar,Pública,$$$
Ing. Caridad,Galindo,0,Apoyo familiar,Privada,###CORRUPT###
@@@,733486,0,Trabajo,Pública,271.85
Thiago Benjamin Miguel Angel Garcia,Martinez,0,Trabajo,Pública,231.47
Rubén Múgica,Hervia,0,Apoyo familiar,Pública,453.03
,áéíóú ñ,,,,
Angélica de,Vilanova,1,Beca,###CORRUPT###,520.16
Victorino Carranza,Ponce,0,???,Pública,406.09
$$$,Vásquez,###CORRUPT###,Beca,Privada,505.56
Alicia Marcos,Fortuny,0,Otro,Pública,359.78
Eugenia María,Palacio,0,Apoyo familiar,Pública,444.3
Camilo Anderson,Salazar,1,Beca,Privada,468.56
Lucila Benítez,Garzón,0,Apoyo familiar,Pública,377.47
Olga Marcela Caro,Prada,0,INVALID,$$$,336.49
Wendy Mantilla,C0RRUPT3D,VAL3754,Beca,Privada,388.02
INVALID,Valle,0,Otro,Pública,380.95
Tatiana Consuelo Pinzón,Cruz,0,Otro,Privada,363.87
,Rincón,0,Otro,Pública,∞∞∞
Celso Aguilera,Bastida,0,Apoyo familiar,Pública,302.57
Emilia Martinez,Ramirez,{BAD},Apoyo familiar,Pública,252.43
Alfonso Asunción Narváez,Gaitán,0,Trabajo,Pública,$$$
Mateo Isabella Moyano,Martinez,0,Apoyo familiar,Pública,354.27
Felipe Sebastián,Salazar,0,Apoyo familiar,Pública,579.33
$$$,Galvez,0,Otro,Pública,408.81
Estela Germán Toledo,Jiménez,@@@,@@@,Pública,235.46
Ismael,Paniagua,1,Crédito educativo,Privada,@@@
Omar Alberto Ruiz,Torres,0,∞∞∞,Pública,284.77
Soledad Cáceres,Gonzalez,0,Trabajo,{BAD},232.09
Ing. Sessa,Gallegos,1,Beca,Privada,393.53
Delfina Vega,Maldonado,0,Trabajo,Pública,314.2
Juan Ignacio Genaro Martinez,Garcia,0,Trabajo,Pública,262.41
,,,,,
,$$$,0,Apoyo familiar,Privada,469.96
Adora de,<NULL>,1,Beca,XX,[DAMAGED]
Vilma Sandra Mosquera,Hernández,0,Apoyo familiar,XX,446.28
Laura,Ruiz,0,[DAMAGED],Pública,295.88
Emiliano Homero,Durán,0,Trabajo,Privada,###CORRUPT###
Thiago Daniel,Gomez,0,Apoyo familiar,Pública,192.2
Loida Navarrete,Rojas,0,Otro,475296,215.6
Cornelio Castejón,Roldán,0,Apoyo familiar,Pública,430.17
Rubén Ortega,Andrade,0,Apoyo familiar,XXXXXXXXXXXXXXXXXXXXXXXXXXXXXXXXXXXXXXXXXXXXXXXXXXXXXXXXXXXXXXXXXX,391.89
[DAMAGED],,,,$$$,
Valentino,Romero,0,{BAD},Pública,∞∞∞
Hilda Puig,Belmonte,0,Apoyo familiar,###CORRUPT###,259.81
Yolanda Mercedes Saiz,Orosco,@@@,Apoyo familiar,Pública,266.98
Hernando García,Bohórquez,0,Apoyo familiar,,360.62
Cecilia Torres,Cáceres,0,Apoyo familiar,,336.64
Íngrid Palacios,Franco,INVALID,Otro,Pública,232.24
,,,,,
Saturnina Rincón,Silva,0,Crédito educativo,Pública,235.84
Hector,Jáuregui,0,,Pública,344.17
{BAD},Tafoya,0,Apoyo familiar,Pública,322.25
Fabio Castillo,$$$,0,Trabajo,Pública,237.53
Brayan Freddy Gallego,Romero,0,Apoyo familiar,Pública,292.76
David,Alvarado,1,Otro,Privada,379.7
C0RRUPT3D,Fernandez,VAL8784,Apoyo familiar,XXXXXXXXXXXXXXXXXXXXXXXXXXXXXXXXXXXXXX,250.03
Zeferino Tejada,Gálvez,0,Apoyo familiar,Privada,313.58
Rosa María Guijarro,Gallo,0,Crédito educativo,Pública,272.78
Teresa Isabel Meneses,Díaz,VAL3494,Crédito educativo,Pública,301.71
áéíóú ñ,Palau,0,Crédito educativo,Pública,198.46
Juliana Catalina Luna,Alvarez,0,Apoyo familiar,,C0RRUPT3D
Rubén José Núñez,Buitrago,0,Trabajo,Pública,198.57
Olivia Mateo,Lopez,0,Trabajo,Pública,280.18
Jeremías Casado,Campo,0,Apoyo familiar,Pública,458.8
Yenifer Vanessa Sánchez,Marín,0,Apoyo familiar,Pública,322.98
Antonio Alfonso Moreno,Fonseca,0,Crédito educativo,Pública,265.29
,,,,,VAL4657
Yenifer Alexandra,Hernández,0,Apoyo familiar,Pública,349.18
Horacio Teruel,Menendez,0,Apoyo familiar,Pública,377.3
Salvador,Franco,X,Apoyo familiar,Pública,
Vicente,Gálvez,VAL6271,Apoyo familiar,Pública,374.78
María Pilar Calderon,Andres,0,Trabajo,Pública,245.43
Lucas Benjamin,Soria,X,Apoyo familiar,Pública,378.15
Dante,Torres,0,Apoyo familiar,Pública,254.5
Mia Medina,Castro,0,Crédito educativo,Pública,338.28
Vasco Lobato,Cañas,1,Beca,,575.94
INVALID,Gutierrez,0,Trabajo,Pública,214.25
Esperanza Ortega,Rangel,1,Beca,###,361.98
Juan Correa,Chacón,1,Crédito educativo,áéíóú ñ,334.95
Camila,Barrios,0,???,Pública,175.14
Joaquin Valentino Diaz,Castro,1,???,Privada,499.36
Francisca Rodriguez,INVALID,0,Otro,Pública,353.92
Dulce María,Nevárez,0,Trabajo,Pública,-9999.0
Mora Peralta,Castro,,Crédito educativo,###,144.54
Dr. Rodolfo,Quintero,0,Apoyo familiar,Pública,445.02
Susana,Mateo,0,Apoyo familiar,XX,323.6
Manuel Hernando Pérez,Chávez,0,Apoyo familiar,C0RRUPT3D,251.39
Dr(a). Alma Valentina,Gonzalez,0,Apoyo familiar,Privada,646.02
Caridad Jaqueline,Limón,VAL3811,Apoyo familiar,Pública,440.01
Eusebia Montesinos,Blasco,0,INVALID,Pública,401.95
Gilberto Ojeda,Santamaria,1,???,Privada,421.07
Andrés Dávila,Archuleta,0,Otro,Pública,494.0
Irene Molina,Rosales,0,Apoyo familiar,Pública,420.82
Juan Cruz Isabella,Gonzalez,0,Apoyo familiar,###CORRUPT###,393.64
Arcelia,Carpio-Gómez,1,Apoyo familiar,Privada,459.72
Julieta Pineda,,0,Otro,Pública,ERR
Luz,Erazo,0,Apoyo familiar,Pública,260.96
Fausto Romero,Sosa,0,Apoyo familiar,Pública,ERR
Mora Julieta,Molina,0,Apoyo familiar,Pública,447.91
Faustino Pedrero,Martínez,0,Apoyo familiar,Pública,INVALID
Matilde,Henao,1,∞∞∞,Privada,VAL8008
Carlos Ramiro,Jaramillo,1,Beca,Privada,644.52
,Gonzalez,X,Apoyo familiar,{BAD},426.79
Bautista Benjamin Bautista Benjamin Luna,Navarro,0,Trabajo,Pública,196.45
,,,,,
Dr. Blanca,Ulloa,1,Apoyo familiar,<NULL>,390.0
Valentina Benitez,Fernandez,X,Trabajo,,260.69
Agustin Gomez,Nuñez,1,Apoyo familiar,Privada,341.64
,,,,,
Bruno Reina,Sanches,0,Apoyo familiar,Privada,584.55
Violeta Josefina Vera,###CORRUPT###,0,Otro,Pública,278.5
Myriam,Medina,0,Apoyo familiar,,292.38
Andrea María,Moreno,0,@@@,Pública,400.64
Mtro. María del Carmen,Trujillo,1,Apoyo familiar,Privada,429.36
Nelly Silvia Rivera,Ardila,INVALID,∞∞∞,<NULL>,368.03
Rodrigo David,Arias,0,Apoyo familiar,Pública,371.94
$$$,Lara,0,Apoyo familiar,Pública,324.14
María,Martínez,0,Trabajo,Pública,350.67
Vilma,Albero,0,Apoyo familiar,XX,344.98
Eva María Reyna Guzmán,###,0,Apoyo familiar,Pública,349.86
Cristina Florencia Candelaria,,0,Apoyo familiar,@@@,394.53
Uma Alvarez,Coronel,0,Trabajo,INVALID,@@@
Tomàs Vazquez,Gonzalez,0,<NULL>,Privada,604.71
Casandra,Puga,1,Trabajo,Privada,226.77
,[DAMAGED],,,,
Andrés Nelson,Rojas,0,Apoyo familiar,Pública,338.88
Gabriel Óscar Solano,Vergara,1,Beca,Privada,389.37
Sr(a). Juana,Tamayo,0,Otro,Pública,240.93
Santiago,Hernández,1,Crédito educativo,@@@,286.24
Asunción,Maya,1,Apoyo familiar,,456.6
<NULL>,Juarez,0,Crédito educativo,Pública,$$$
Ángel Porfirio Tejada,Casanova,1,Beca,Privada,436.58
@@@,<NULL>,0,Apoyo familiar,Pública,256.62
636945,ERR!!,0,Trabajo,Pública,316.45
,,,???,,
Sr(a). Lautaro,Gonzalez,0,Apoyo familiar,Pública,408.02
Paola Jonás Bermúdez,Cervantes,0,Apoyo familiar,Pública,444.31
Eliana de,Ibarra,0,C0RRUPT3D,Pública,100.0
@@@,Fernandez,0,Apoyo familiar,Pública,295.69
Mario Fernando,Caicedo,0,{BAD},Privada,403.89
Perla Graciela Benavides,Olvera,0,@@@,Pública,252.79
Delia Pilar,Correa,1,{BAD},Privada,414.5
Martina,Torres,0,Crédito educativo,Pública,293.58
Luisina,Juarez,0,Apoyo familiar,Pública,406.1
Jerónimo,Gallardo,∞∞∞,Apoyo familiar,Pública,321.8
Camilo Estrada,Vallejo,0,Apoyo familiar,Pública,[DAMAGED]
Ramiro Juliana Muñoz,Lucero,0,Apoyo familiar,Pública,0.0
Casandra,Puga,1,###CORRUPT###,Privada,###CORRUPT###
,Sánchez,0,Crédito educativo,Pública,307.38
Marco Antonio Ana Luisa Granados,Gómez,0,Trabajo,Pública,213.6
Francesca Benitez,Castillo,0,Apoyo familiar,Pública,320.81
Miguel Willian Carmona,Pinzón,{BAD},{BAD},Pública,410.23
@@@,C0RRUPT3D,0,@@@,Privada,288.95
Juan Gabriel Felipe,Martinez,0,Crédito educativo,@@@,238.24
Isabel Renata Ruiz,Torres,0,Apoyo familiar,Pública,<NULL>
Lizeth,Rivera,0,Crédito educativo,Privada,364.72
Nicolas,Ojeda,0,Apoyo familiar,Pública,423.28
Ramiro Aldo,Mateo,1,Beca,Privada,377.81
María José José Carlos,Grijalva,X,Apoyo familiar,Privada,482.51
Gerónimo Pedroza,<NULL>,0,Apoyo familiar,Pública,325.59
Olga Daniel Casares,Altamirano,ERR,Apoyo familiar,XX,344.68
Juan Ignacio,###,1,Beca,Privada,449.83
Reynaldo Armendáriz,Barajas,0,XXXXXXXXXXXXXXXXXXXXXXXXXXXXXXXX,Pública,323.2
Antonio Guillermo Ruiz,Alfonso,0,Crédito educativo,Pública,388.18
Camilo,Pérez,0,Otro,Pública,478.45
Álvaro Adrián Sánchez,Giraldo,X,Crédito educativo,Pública,362.43
Ing. Jaime,Cazares,0,972791,Pública,INVALID
Cecilia Angie,Ramírez,0,Apoyo familiar,Privada,505.78
Mia Jazmin,Medina,0,Apoyo familiar,Pública,305.9
Caridad del,Quintero,0,Trabajo,Pública,244.45
Mtro. Genaro,Contreras,0,Apoyo familiar,Pública,265.96
Nayeli Nancy Verdugo,Montañez,0,Apoyo familiar,Pública,209.26
Carlos Segundo Castillo,INVALID,0,Crédito educativo,Pública,278.18
,,,,{BAD},
Noemí Quintanilla,Rubio,1,Beca,@@@,522.73
Fanny Bermúdez,<NULL>,0,Apoyo familiar,Privada,427.97
Rosa Fanny Gutiérrez,Alarcón,1,Apoyo familiar,Privada,524.02
Luisa Ofelia García,Forero,0,Crédito educativo,Privada,327.12
Marcio Borrell,,0,Apoyo familiar,Pública,349.15
∞∞∞,Olivera,1,Beca,Privada,530.41
Valentina Maia,Perez,1,Beca,Privada,384.49
Dr(a). Catalina,Cardozo,1,Beca,Privada,370.8
Isabella Benjamin,Molina,INVALID,Otro,Pública,0.0
Dr(a). Gonzalo,Sanchez,{BAD},Trabajo,Pública,<NULL>
Sofia Belen Agustin Muñoz,Juarez,0,Crédito educativo,###CORRUPT###,320.3
Mateo Joaquin Gomez,Chavez,0,Otro,Pública,384.6
Dr. Pascual,Covarrubias,1,Trabajo,Privada,261.45
Cayetano Sabater,Ricart,1,Beca,331026,553.9
Denis,Villamizar,0,Apoyo familiar,Privada,583.88
Sr(a). Mia Morena,Molina,,Apoyo familiar,Privada,459.35
Benjamin Francisco,áéíóú ñ,0,Trabajo,Pública,296.28
Yenifer Vanessa Sánchez,Marín,0,Crédito educativo,Pública,351.52
Charo,Pedraza-Olmo,0,Apoyo familiar,Privada,478.91
Ariadna Paola,Alva,,###,Pública,312.92
María Ruth,Rivera,0,Apoyo familiar,Pública,298.82
<NULL>,Espinosa,0,[DAMAGED],Pública,397.38
Magdalena Roda,Taboada,0,Apoyo familiar,Pública,443.21
Santiago Rodriguez,Soto,C0RRUPT3D,XXXXXXXXXXXXXXXXXXXXXXXXXXXXXXXXXXXXXXXXXXXXXXXXXXXXXXXXXXXXXXXXXXXXXXXXXXXXXXX,<NULL>,266.6
Benicio Gonzalez,Coronel,,###,C0RRUPT3D,465.29
Zoe Valentina Sofia Rodriguez,Aguirre,0,Crédito educativo,Pública,255.93
Dr(a). Thiago Nahuel,Fernandez,0,Apoyo familiar,Pública,380.34
Juan Antonio Velásquez,Torres,0,Apoyo familiar,Pública,457.64
Felipe Sebastián Figueroa,<NULL>,0,Apoyo familiar,Pública,294.68
Mateo Benjamin,Garcia,0,[DAMAGED],<NULL>,367.88
Leydi Diana,Cárdenas,1,Apoyo familiar,Privada,418.45
Agustin,Nuñez,0,Trabajo,Pública,194.84
David Díaz,Correa,1,Apoyo familiar,Privada,652.86
,,,,,
XXXXXXXXXXXXXXXXXXXXXXXXXXXXXXXXXXXXXXXXXXXXXXXXXX,Nevárez,0,Otro,Pública,286.22
Gustavo David,Jaimes,1,Beca,Privada,576.1
Eduardo Bustos,Bustos,0,Otro,Pública,326.81
Alvaro Juana,Lopez,X,Apoyo familiar,Pública,267.49
Alberto Miguel,Narváez,1,Trabajo,Privada,264.29
Pedro,Martin,0,$$$,Pública,426.37
Antonio Linda,Santillán,C0RRUPT3D,Apoyo familiar,Pública,366.23
Isabel Jessica,Vásquez,0,Apoyo familiar,[DAMAGED],483.29
Judith Millán,Quirós,1,Trabajo,Privada,248.42
,,,,,@@@
Ilse Alvaro,∞∞∞,0,Apoyo familiar,Pública,405.74
Bernabé Cepeda,Escribano,0,Apoyo familiar,Pública,247.1
Sr(a). Pedro,Rios,,Otro,Privada,###CORRUPT###
Antonio,Rodriguez,0,Apoyo familiar,Pública,###CORRUPT###
Agostina Victoria,Ramirez,0,Apoyo familiar,Privada,472.96
Dr(a). Paulina,Cabrera,0,Trabajo,Pública,293.21
Yaneth Díaz,Flórez,0,Trabajo,Pública,223.23
Juan Bautista Sofía,Vera,X,Trabajo,Pública,257.17
Sr(a). Sofia,Mendez,1,Apoyo familiar,Privada,557.25
Ian Benjamin Martín,Arias,0,Trabajo,Pública,316.54
Francesca Josefina Garcia,Herrera,1,Beca,Privada,324.28
,Vásquez,1,Beca,Privada,551.29
,,,,,
Efrain Juan,Rengifo,0,Otro,Pública,360.6
Bautista Thiago Benjamin Toledo,Sanchez,0,Apoyo familiar,Pública,506.46
Lucio del,Pacheco,0,Apoyo familiar,Pública,358.79
,,,,,
Fausto Ayala,Romero,0,Apoyo familiar,<NULL>,360.33
Sofía Joaquin,Mendoza,0,Apoyo familiar,Pública,∞∞∞
{BAD},Cavazos,0,Apoyo familiar,Pública,487.95
Ignacio María del Carmen,###CORRUPT###,0,Apoyo familiar,Pública,316.66
Dr. Omar,Palacios,0,Trabajo,Pública,164.21
María Luisa del,Santiago,0,Apoyo familiar,Pública,315.23
Dr. Hernán,Casanova,0,Otro,Pública,324.77
Eloy,Márquez,0,$$$,Pública,405.81
Maricela Marin,Agudo,0,$$$,Pública,224.92
###,C0RRUPT3D,0,Apoyo familiar,Pública,410.12
Zoe Jazmin Olivia Fernandez,Caceres,INVALID,Trabajo,Pública,315.69
Lic. Jesús,Montaño,∞∞∞,Trabajo,Pública,217.43
Agustín Valdez,Girón,,Apoyo familiar,XX,<NULL>
Aurora Bustamante,Lamas,0,Trabajo,Pública,221.29
Epifanio Mata,Amador,1,Beca,Privada,<NULL>
Montserrat Vila,Company,0,C0RRUPT3D,Pública,338.22
Edelmiro,Madrigal-Buendía,0,Apoyo familiar,Pública,379.0
Sandra Yolanda Durán,Mendoza,0,Trabajo,Pública,225.04
Heriberto Germán,###,0,Apoyo familiar,Pública,411.93
{BAD},,,,,
Juana Pedraza,Velasco,X,Apoyo familiar,Pública,280.79
Manuel Gaya,Carro,1,∞∞∞,,465.93
Bianca,Colón,0,Apoyo familiar,Pública,[DAMAGED]
XXXXXXXXXXXXXXXXXXXXXXXXXXXXXXXXXXXXXXXXXXXXXXXXXXXXXXXXXXXXXXXXXXXXXXXXXXXXXXXXXXXXXXXX,,0,Otro,Privada,248.81
Celia Cortina,INVALID,1,626105,Privada,466.45
Andrea María José Maestas,Ortega,0,Apoyo familiar,Pública,329.63
{BAD},Lladó,1,Apoyo familiar,Privada,527.06
Sr(a). Emma,Correa,1,Crédito educativo,Privada,347.12
Sebastián Wilmer Cardona,Barragán,0,Apoyo familiar,INVALID,445.97
{BAD},Tamarit,0,Crédito educativo,Pública,262.15
Fulgencio de,Miralles,@@@,Apoyo familiar,Pública,368.58
Fortunata Pi,Tamarit,0,Trabajo,Pública,311.16
,Buitrago,1,Apoyo familiar,Privada,514.89
Celestino Llorente,Caparrós,0,Crédito educativo,###CORRUPT###,225.65
,,@@@,,,
Oriana Perez,Moreno,0,Apoyo familiar,Pública,264.32
XXXXXXXXXXXXXXXXXXXXXXXXXXXXXXXXXXXXXXXXXXXXX,Agustín,0,Apoyo familiar,Pública,281.79
Sr(a). Valentin,Rojas,0,∞∞∞,Pública,285.77
,,,,,$$$
Lucas Ezequiel Perez,Vargas,0,Apoyo familiar,Pública,376.38
Lorena,Riascos,0,,,160.16
Maximiano del,Gordillo,0,Otro,Pública,296.01
Blanca Contreras,Gómez,1,Beca,Privada,324.82
Julieta,Vazquez,0,Otro,Pública,355.82
Nelly Palacios,Prada,0,Apoyo familiar,Pública,494.06
Antonio Peña,Correa,0,Apoyo familiar,Pública,350.49
Constanza Maria Luz Barrios,Gomez,0,Apoyo familiar,XX,374.8
Haroldo Villalba,Ferrándiz,0,Apoyo familiar,Pública,VAL9514
Eva Jacobo,Perales,0,Apoyo familiar,854858,310.16
Armando Cebrián Busquets,,0,Apoyo familiar,Pública,530.64
,,,,,
Lucía,Meraz,0,Apoyo familiar,Privada,537.54
,Salvà,0,Trabajo,Pública,189.13
Victoria,Ferreyra,0,XXXXXXXXXXXXXXXXXXXXXXXXXXXXXXXXXXXXXXXXXXX,Pública,214.67
Mireia Cayetana Tormo,Hoz,@@@,Apoyo familiar,Pública,360.53
Sr(a). Catalina,Rodriguez,1,Beca,Privada,393.89
Sr(a). Milagros,Mansilla,0,Trabajo,Pública,273.81
Juan Carlos Alberto Carbajal,Bueno,0,Apoyo familiar,Pública,215.72
Fredy Agudelo,Arboleda,0,Crédito educativo,Pública,234.73
Dr(a). Maia,C0RRUPT3D,0,Crédito educativo,Pública,258.68
Lucía Tomás,Morales,1,Trabajo,Privada,BAD
Gaspar Correa,Campo,0,Trabajo,273431,196.88
Angie Fernanda,C0RRUPT3D,0,Trabajo,Pública,257.05
[DAMAGED],[DAMAGED],0,Trabajo,Pública,223.3
Martín,Sosa,0,∞∞∞,Pública,357.7
Lupita de,Agudo,-9999.0,Apoyo familiar,Pública,327.62
Sofía Pereyra,<NULL>,0,Apoyo familiar,Pública,361.78
∞∞∞,@@@,1,Apoyo familiar,∞∞∞,564.6
Teo Becerra,Lobato,0,Apoyo familiar,Pública,0.0
Francesca Valentino,Ferreyra,VAL1803,Apoyo familiar,XX,332.48
Dr(a). Juliana,,0,Apoyo familiar,Pública,364.49
Angélica Alemán,[DAMAGED],0,Otro,Pública,260.39
,,,,,
Matilda Alma,Ledesma,0,Crédito educativo,Pública,234.34
C0RRUPT3D,Medina,0,Trabajo,Pública,274.84
Delfina,Lopez,1,Apoyo familiar,Privada,587.13
Omar,Solsona-Duran,INVALID,Beca,Privada,###
Benito Concepción,Valenzuela,0,Apoyo familiar,Pública,520.11
Luis Jorge Carvajal,Álvarez,0,Trabajo,Pública,231.96
Ildefonso Cañete,Lamas,0,Apoyo familiar,Pública,285.66
Albina de,Mateo,∞∞∞,Apoyo familiar,Pública,397.48
Itzel,Leyva,0,Apoyo familiar,Privada,<NULL>
Julio Eduar,Muñoz,0,Apoyo familiar,Privada,433.94
Elias Jos Torres,Uribe,BAD,???,Pública,351.72
Thiago Emanuel Federico,Moreno,0,Apoyo familiar,Pública,271.67
Dr. Abelardo,,0,Apoyo familiar,Pública,360.7
Luana Correa,Moreno,0,Crédito educativo,Pública,270.51
Ing. Eva,Haro,1,Apoyo familiar,Privada,
Daniel Sergio,Mora,0,Apoyo familiar,Pública,362.8
Diego Esteban Arias,Ramírez,0,Apoyo familiar,Pública,290.7
Thiago Ramiro,Medina,∞∞∞,Beca,Privada,375.43
Santiago Gómez,Andrade,0,Trabajo,Privada,278.62
Carolina Andrea,Delgado,0,Apoyo familiar,Pública,374.63
Dulce María Sandoval,Preciado,1,Apoyo familiar,Privada,488.95
$$$,Zelaya,0,Crédito educativo,Pública,256.7
Clemente Valls,Coloma,0,<NULL>,Pública,263.52
Sr(a). Fausto,Lopez,0,Crédito educativo,Pública,330.16
Enrique Duván Londoño,Angulo,0,Trabajo,Pública,242.76
Natalia,Galindo,0,Apoyo familiar,Pública,0.0
Luciano Jazmin,Martinez,0,Otro,{BAD},∞∞∞
Camila,,0,Otro,Pública,260.5
Hernando Perdomo,Ramos,1,Trabajo,Privada,243.81
INVALID,Razo,1,Apoyo familiar,XXXXXXXXXXXXXXXXXXXXXXXXXXXXXXXXXXXXXXXXXXXXXXXXXXXXXXXXXXXXXXXXXXXXXXXXXXXXXX,481.45
Ing. Sandra,Solorzano,0,Apoyo familiar,XXXXXXXXXXXXXXXXXXXXXXXXXXXXXXXXXXXXXXXXXXXXXXXXXXXXXXXXXXXXXXXXXXX,228.78
Débora,Lucio,0,Otro,Pública,239.78
757182,Naranjo,0,Apoyo familiar,Pública,411.49
,,X,,,@@@
Mtro. Tomás,Cabán,0,Apoyo familiar,Pública,###CORRUPT###
Armando Fabio,Guzmán,1,Beca,Privada,201.64
Sr(a). Geronimo,Gomez,-9999.0,Apoyo familiar,Privada,546.86
Andrés Juan Vargas,Cano,0,Trabajo,Pública,213.52
Dayana Beatriz,Salcedo,0,Apoyo familiar,Pública,363.51
Benjamin,,0,Apoyo familiar,Pública,525.26
Karla Serafín,Badillo,0,Apoyo familiar,Pública,334.89
C0RRUPT3D,,,,,
Abel Paola,Estévez,0,Apoyo familiar,Pública,449.0
Sebastian Josefina Juarez,Gutierrez,1,Beca,Privada,503.38
David Hernán,Delgado,0,Trabajo,Pública,243.0
Abril Gomez,INVALID,1,Beca,Privada,488.55
517246,Ugarte,0,Trabajo,Pública,307.84
Wilmer José Mejía,Mora,1,Beca,Privada,581.81
Goyo Manrique,Hoz,1,Beca,Privada,439.19
C0RRUPT3D,Toro,0,Otro,Pública,424.99
,,,,C0RRUPT3D,0.0
Jordi,∞∞∞,[DAMAGED],Crédito educativo,Pública,368.29
Beatriz Parra,Cano,0,$$$,Pública,210.15
Nazaret Bruno Jordá,Pino,{BAD},308710,Pública,272.68
Maite Alma,Fernandez,0,Apoyo familiar,Pública,462.17
María del Carmen Ozuna,Leal,0,Crédito educativo,Pública,306.93
Yenny Arango,Vargas,1,Trabajo,Privada,###CORRUPT###
Liceth Elizabeth,Rivera,1,Apoyo familiar,Privada,369.93
Efrain Juan,Rengifo,0,Trabajo,Pública,186.05
Purificación Torrent,Rosselló,0,Crédito educativo,Pública,406.95
Pilar Olivia,Carrizo,X,Crédito educativo,INVALID,247.15
Nelson,{BAD},0,Otro,Pública,277.95
Esther Paola Osorio,Ávila,0,Crédito educativo,Pública,300.96
Raquel Benjamín,Corona,,Apoyo familiar,Pública,403.78
Mariela Ivonne,Pardo,1,Beca,Privada,504.83
Julie,,0,Apoyo familiar,Privada,500.78
Nicolás Manuel Gil,Puentes,0,Apoyo familiar,Pública,426.35
Begoña Abigaíl Salgado,Carbó,0,Apoyo familiar,XXXXXXXXXXXXXXXXXXXXXXXXXXXXXXXXXXXXXXXXXXXXXXXXXXXXXXXXXXXXXXXXXXXXXXXXXXXXXXXXXXXXXXXXXXXXXXXXXXXXXXXXXXXXXXXXXXXXXXX,330.23
Mia,Silva,1,###,Privada,522.51
Angélica Córdoba,Meneses,0,Apoyo familiar,Pública,286.1
,,,,,
Horacio Ivonne Montoya,Aguayo,0,Otro,Pública,356.05
,,,$$$,,
Paula María Acosta,Suárez,0,Trabajo,Pública,306.27
Jeremias Bautista,Moreno,0,Crédito educativo,Pública,280.77
,,,,,
Santiago Timoteo,Palomino,$$$,Apoyo familiar,Pública,466.06
Alfredo Barranco,Carrasco,0,Trabajo,Pública,276.13
Liliana Azucena Padilla,Angarita,0,Crédito educativo,XX,$$$
Verónica,Padrón,,Apoyo familiar,415700,300.12
,,,,,
Angélica Arana,Calvo,0,Trabajo,Pública,VAL1810
Ana Luisa Israel,Nevárez,0,Otro,Pública,468.52
Manuel Catalina,Diaz,0,Otro,Pública,441.54
Clara Ariño,Barreda,0,Crédito educativo,Pública,250.59
Candelario Ballesteros,Oller,0,Crédito educativo,{BAD},167.45
Mario Manuel,Bernal,0,@@@,Privada,168.23
Rita Dueñas,Arnal,0,Trabajo,Pública,284.9
Lilia,Uribe,0,Apoyo familiar,Pública,
Cristian Río,Niño,0,Apoyo familiar,Privada,@@@
Mar Tenorio,Rincón,0,Apoyo familiar,Pública,@@@
Elvira Zambrano,Pinto,0,Trabajo,[DAMAGED],173.44
Plinio Zaragoza,Rozas,0,Apoyo familiar,###CORRUPT###,VAL9247
Fidel,Pino-Lerma,0,Trabajo,Pública,265.96
620074,Magaña,0,Trabajo,Pública,253.84
Santiago,Vazquez,0,553310,<NULL>,0.0
Benjamin Joaquin,Diaz,0,Crédito educativo,XX,382.21
Santiago Nicolas Sosa,Flores,0,Crédito educativo,Pública,373.8
Adalberto Estela,Alonzo,1,Beca,Privada,301.75
Adalberto Daza,Mejía,0,Apoyo familiar,Privada,610.32
$$$,Rodriguez,0,Apoyo familiar,Pública,433.99
Sr(a). Virginia,Duarte,0,Crédito educativo,Pública,0.0
José Miguel,Sepúlveda,0,Apoyo familiar,Pública,$$$
Javier Felipe Salamanca,Restrepo,0,Apoyo familiar,Privada,-9999.0
Sr(a). Valentin,,∞∞∞,Crédito educativo,Pública,343.09
Thiago Benjamin Luciano,Rivero,0,Apoyo familiar,Pública,272.24
José Monroy,Zapata,∞∞∞,Apoyo familiar,Privada,526.57
Consuelo Milena,,1,Otro,Privada,445.17
$$$,Velásquez,0,Crédito educativo,Pública,261.34
###,Rojas,1,Beca,Privada,504.32
Dr(a). Paula,Herrera,,Apoyo familiar,Pública,{BAD}
INVALID,Covarrubias,0,Apoyo familiar,∞∞∞,375.65
<NULL>,Bartolomé,0,Apoyo familiar,Pública,308.63
Constanza Nogués,Redondo,0,Apoyo familiar,Pública,421.04
Juliana Ortiz,Carrizo,0,Trabajo,Pública,[DAMAGED]
Juan Pablo Perez,Cruz,0,Trabajo,Pública,185.47
Camilo Anderson,Salazar,1,Apoyo familiar,Privada,538.82
Sr(a). Mia,,-9999.0,$$$,Pública,
Gervasio Rey,Nicolás,0,,Pública,435.58
Maria Paz Emilia,Diaz,0,Otro,Pública,351.0
Cecilia Angie,INVALID,0,Trabajo,Privada,234.01
Esther Hernández,Becerra,0,Apoyo familiar,Privada,359.39
INVALID,Carrillo,1,Beca,Privada,289.47
Hermelinda,Soliz,0,Apoyo familiar,XXXXXXXXXXXXXXXXXXXXXXXXXXXXXXXXXXXXXXXXXXXXXXXXXXXXXXXXXXXXXXXXXXXX,418.36
Sr(a). Valentina,Vega,0,XXXXXXXXXXXXXXXXXXXXXXXXXXXXXXXXXXXXXXXXXXXXXXXXXXXXXXXXXXXXXXXXXXXXXXXXXXXXXXXXXXXXXXXXXXXXXXX,Pública,C0RRUPT3D
Juan Manuel Milena Vega,Benitez,0,Crédito educativo,Privada,531.16
Rosa Castaño,Ortega,0,,Pública,
Sr(a). Marcela,Guillen,###CORRUPT###,Beca,Privada,429.8
Elena Graciela,Gómez,0,Otro,Pública,302.37
<NULL>,Perez,1,Beca,Privada,527.16
###CORRUPT###,Prado,C0RRUPT3D,Apoyo familiar,Pública,446.61
Áurea Corominas,Gutiérrez,0,@@@,Pública,363.6
Diego Amelia,Perea,1,Apoyo familiar,Privada,485.59
672818,Vargas,0,Apoyo familiar,Pública,305.31
Macarena de,Pérez,0,Apoyo familiar,Pública,@@@
Barbara Ruby Meléndez,Oquendo,0,Apoyo familiar,Pública,325.33
Francisco Joaquin,Hernandez,0,Trabajo,Pública,251.22
Lautaro Mateo Benjamin,Paz,0,Otro,Pública,457.58
Simon Olivera,Castro,1,INVALID,Privada,{BAD}
Anselmo Company,Araujo,0,Apoyo familiar,Pública,334.87
Custodia Felicia Canales,Berenguer,0,C0RRUPT3D,###CORRUPT###,∞∞∞
Carlota Alfaro,,0,C0RRUPT3D,Pública,349.7
Iván,Longoria,0,Crédito educativo,Pública,276.72
Jenaro Romero,Perea,0,415411,Pública,296.0
Nicolas Santino Nicolas Gonzalez,Molina,0,Trabajo,Pública,161.16
Sofia,Suarez,VAL2259,Apoyo familiar,Privada,507.71
Edgar Alonso Bedoya,Díaz,,Otro,Privada,364.66
XXXXXXXXXXXXXXXXXXXXXXXXXXXXXXXXXXXXXXXXXXXXXXXXXXXXXXXXXXXX,Giraldo,0,∞∞∞,Pública,207.19
Pilar Tirado,,0,Apoyo familiar,{BAD},387.23
Mery Ana Cabrera,∞∞∞,∞∞∞,Otro,Pública,373.52
Julieta Santiago Nicolas Navarro,Garcia,0,Crédito educativo,XXXXXXXXXXXXXXXXXXXXXXXXXXXXXXXXXXXXXXXXXXXXXXXXXXXXXXXXXX,248.23
Jeferson Michael Espinosa,Salazar,0,Trabajo,Pública,219.02
Marisol Delgadillo de la,Fuente,1,Trabajo,Privada,249.0
Norma,Vargas,0,256302,Pública,999999.0
XXXXXXXXXXXXXXXXXXXXXXXXXXXXXXXXXXXXXXXXXXXXXXXXXXXXXXXXXXXXXXXXXXXXXXXXXXXXXXXXXXXXXXXXXXXXXXXXXXXXXXXXXXXXXXXX,Barrera,0,Otro,Pública,328.46
Camilo,Campos,<NULL>,Crédito educativo,Pública,{BAD}
Aida,Corrales,0,Apoyo familiar,Pública,433.55
Milena Ramirez,Sanchez,0,Apoyo familiar,Pública,257.24
Angelina,C0RRUPT3D,VAL2752,Trabajo,Pública,175.4
Gustavo David,Jaimes,1,Otro,Privada,306.59
Benjamin,Roldan,0,Trabajo,Pública,245.87
<NULL>,,,XXXXXXXXXXXXXXXXXXXXXXXXXXXXXXXXXXXXXXXXXXXXXXXXXXXXXXXXXXXXXXXXXXXXXXXXXXXXXXXXXXX,,
Jesús Valencia,Cárdenas,0,XXXXXXXXXXXXXXXXXXXXXXXXXXXXXXXXXXXXXXXXX,Pública,322.04
Gabino Noelia del Río,Marín,[DAMAGED],Apoyo familiar,Pública,369.0
Tomàs Garcia,Guzman,0,Apoyo familiar,Pública,405.73
Gala de,Peláez,0,Crédito educativo,Pública,240.52
Giuliana Felipe Franco,Carrizo,0,Crédito educativo,@@@,353.97
XXXXXXXXXXXXXXXXXXXXXXXXXXXXXXXXXXXXXXXXXXXXXXXXXXXXXXXXXXXXXXXXXXXXXXXXXXXXXXXXXXXXXXXXXXXX,Martin,0,∞∞∞,Pública,300.11
,,X,,,0.0
Maximino Ocaña,,1,Otro,C0RRUPT3D,$$$
Santiago,Vazquez,0,Crédito educativo,Pública,262.73
María Cristina,Acosta,0,Trabajo,{BAD},282.26
Pablo,Perez-Narváez,0,ERR!!,Pública,314.56
Rodolfo María Luisa,Casares,1,Beca,Privada,454.29
,,,,$$$,
###CORRUPT###,Cabrera,0,###CORRUPT###,Pública,
@@@,∞∞∞,0,760193,Pública,308.84
María Fernanda Colomer,Bastida,0,Apoyo familiar,Pública,454.22
Gerardo,Mejía,X,???,Pública,324.25
Carlota Perez,Cuevas,0,Trabajo,<NULL>,267.03
Ovidio Vicente,García,0,Apoyo familiar,Pública,271.83
Francesco,Pereyra,1,Crédito educativo,Privada,291.4
Alfredo,Rentería,0,Trabajo,Pública,266.72
José Esneider Mora,Parada,0,Apoyo familiar,Pública,381.83
Francesca Barrios,Diaz,0,Crédito educativo,Pública,0.0
Guadalupe Bravo,Fernandez,0,Apoyo familiar,Pública,311.9
Saturnina Rincón,Silva,0,XXXXXXXXXXXXXXXXXXXXXXXXXXXXXXXXXXXXXXXXXXXXXXXXXXXXXXXXXXXXXX,∞∞∞,235.84
Gael Sanchez,Nuñez,0,???,Pública,255.67
Gerardo Asunción,Loera,0,Crédito educativo,Pública,<NULL>
Jorge Raquel,INVALID,0,Apoyo familiar,XX,0.0
Evelio Razo,,BAD,???,Pública,0.0
Santiago Benjamin Josefina Castillo,Ponce,0,Apoyo familiar,Pública,327.84
Débora de,Marcos,,[DAMAGED],Pública,367.77
,,,,XX,
Wendy Mantilla,Guerrero,1,Apoyo familiar,Privada,609.24
Martina,Alvarez,0,Apoyo familiar,Pública,284.45
,,,,,
Tatiana,Bru-Planas,0,Apoyo familiar,Pública,246.45
Griselda Vara,Cabrero,1,Beca,Privada,567.29
Rocío,Albero,VAL7132,Apoyo familiar,Pública,278.52
Sr(a). Helena,Rodarte,@@@,@@@,Privada,177.93
C0RRUPT3D,Prado,0,,Pública,257.51
Delfina Renata,{BAD},0,Apoyo familiar,Privada,549.36
Elizabeth Londoño,Alzate,0,Apoyo familiar,Privada,420.66
Ing. Dalia,Torres,0,Trabajo,###,283.82
Emerson Ronal Martínez,Vega,1,Trabajo,C0RRUPT3D,ERR
José Eduardo,Varela,,Crédito educativo,Pública,259.63
Juan Cruz,Ramos,0,@@@,Pública,339.16
Cristina,Molina,0,Apoyo familiar,Pública,341.76
Lic. Adalberto,Mena,C0RRUPT3D,Apoyo familiar,Privada,382.32
Agustina Sanchez,Piñeiro,0,Apoyo familiar,Pública,438.36
Mateo Agustin,,0,Apoyo familiar,Pública,315.49
Horacio Ana,Ojeda,0,Apoyo familiar,Pública,327.01
Dr. Lorenzo,Viera,0,Apoyo familiar,Pública,454.8
Aitana de,<NULL>,0,Apoyo familiar,Pública,283.82
###CORRUPT###,Vega,0,Apoyo familiar,Pública,263.54
,,,,$$$,
Felipe,Garcia,0,Apoyo familiar,Pública,331.52
Sr(a). Genaro,Nuñez,0,Apoyo familiar,Pública,397.31
María,Rodríguez,0,,Pública,401.47
Jazmin Francisco,Gomez,1,Otro,Privada,336.57
Fabiola Barrena,Ropero,0,Apoyo familiar,Pública,411.13
Ivan Luciana Garcia,Garcia,0,Apoyo familiar,[DAMAGED],326.72
Bibiana Bosch,Vicente,∞∞∞,Otro,Pública,0.0
<NULL>,Ortiz,0,Trabajo,Pública,246.71
,Muñoz,0,Otro,Pública,280.57
Morena Aguirre,Sanchez,0,Apoyo familiar,Pública,309.11
Ing. Paola,Romero,###CORRUPT###,,Pública,423.5
Chita,Villalobos-Tomé,C0RRUPT3D,Apoyo familiar,Pública,325.14
Remigio Reina,Barranco,0,Trabajo,Pública,333.01
Adela,INVALID,,Trabajo,Pública,223.97
Gonzalo de,Naranjo,0,Apoyo familiar,364389,331.33
Claudia Arcelia Guevara,Bermúdez,1,<NULL>,$$$,276.34
Esteban Mayte Ibarra,Aparicio,0,Trabajo,Pública,197.52
Venceslás,Hoyos-Pina,$$$,Apoyo familiar,Pública,389.37
<NULL>,Casanovas,<NULL>,Crédito educativo,Pública,355.57
<NULL>,Molina,0,Apoyo familiar,Privada,456.7
Juan Ignacio Cruz,Fernandez,0,Otro,Pública,336.55
Iris Inés,Rodríguez,###,Apoyo familiar,633795,332.62
,,,???,,
Abel Manuel,Moreno,1,Beca,Privada,457.1
{BAD},Ribera,0,Apoyo familiar,Privada,-888.0
Ernesto del,Santiago,0,Apoyo familiar,Pública,439.62
,,,,,
155889,,,,,
Jesús Fabiola,Balderas,1,Apoyo familiar,Privada,530.06
Octavia Arranz,Heras,0,Trabajo,,277.09
,,,,,
XXXXXXXXXXXXXXXXXXXXXXXXXXXXXXXX,Herrera,0,$$$,Pública,319.79
Olivia Agustin,Lopez,0,Crédito educativo,Pública,326.13
Matilda Jeremias,Ponce,0,Trabajo,Pública,163.27
,,,,,
,,,,,
Marina,Aguilar,1,Beca,Privada,397.14
Florencia Maximiliano Aguero,Ramirez,0,Trabajo,Pública,205.68
Bianca,{BAD},0,Apoyo familiar,,440.4
Ignacio Delfina Lopez,Ruiz,0,Apoyo familiar,Privada,345.71
INVALID,,,,,
Severo Girón,Castrillo,0,Apoyo familiar,,533.86
Alfredo Barranco,[DAMAGED],0,Trabajo,Pública,<NULL>
Anunciación Checa,Mate,0,Apoyo familiar,Pública,261.76
Virginia,Mata,0,Trabajo,{BAD},220.53
Cristina Diana Salazar,Marín,0,Crédito educativo,Pública,∞∞∞
Martha Eugenia,Quintero,0,Apoyo familiar,Pública,267.77
Eric David,Burgos,0,Apoyo familiar,515164,369.01
Teodoro,Hernández,1,Crédito educativo,Privada,425.54
Vanesa,Camacho,0,Apoyo familiar,Pública,328.73
Guillermina,Rodriguez,0,Apoyo familiar,Pública,{BAD}
,Castro,0,Trabajo,áéíóú ñ,216.12
Simon,Alvarez,1,Otro,Privada,{BAD}
,Gomez,0,Apoyo familiar,Pública,
Óscar,Ortiz,0,Apoyo familiar,Pública,252.18
Laura Gregorio,Gutiérrez,,Otro,Pública,431.37
Gael Francesca Gonzalez,Blanco,0,Apoyo familiar,{BAD},352.56
David Duván,Rengifo,1,Apoyo familiar,Privada,413.42
Andrés Anel,Jasso,0,Apoyo familiar,Privada,548.42
Aurora,Mireles,1,Apoyo familiar,Privada,593.97
Gabriel,Vargas,0,Apoyo familiar,Privada,555.77
Marcio Borrell,Carmona,@@@,{BAD},Pública,332.72
Rubiela,∞∞∞,0,Apoyo familiar,Pública,281.39
Rosalina Simó,Rey,0,@@@,Pública,295.06
Olga Marcela Caro,Prada,0,Apoyo familiar,Pública,280.75
Alberto Tena,Rosales,1,Beca,Privada,548.5
Pedro,Fernandez,0,Otro,Pública,
Ing. José Eduardo,Arriaga,0,Trabajo,Pública,198.27
Yohana,Torres,0,Apoyo familiar,Pública,333.38
Rebeca Abelardo Posada,Crespo,0,Trabajo,Pública,213.76
Concha Castañeda,@@@,1,{BAD},,378.79
Dr(a). Valentina,Paz,1,Beca,Privada,435.7
Ofelia Débora Arroyo,Solorzano,0,Apoyo familiar,Pública,429.45
Angélica Alemán,Colón,$$$,Apoyo familiar,Pública,319.22
Abel Marisela Toro,Mejía,0,Trabajo,Pública,191.12
Cristian Mata,∞∞∞,0,Apoyo familiar,C0RRUPT3D,321.16
@@@,Rodríguez,1,Apoyo familiar,Privada,450.21
Martina,Sosa,0,Crédito educativo,Pública,261.27
[DAMAGED],,0,,Pública,344.89
Armando,Vera,0,XXXXXXXXXXXXXXXXXXXXXXXXXXXXXXXXXXXXXXXXXXXXXXXXXXXXXXXXXXXXXXXXXXXXXXXXXXXXXXXXXXXXXXXXXXXXXXXXXXXXXXXXXXXXX,Pública,<NULL>
Inés Perla,Romero,0,Apoyo familiar,Pública,394.75
Ángela Francia Ortiz,Martínez,0,Apoyo familiar,Pública,435.92
Valentina Joaquin Fernandez,,1,Apoyo familiar,Privada,698.27
Jennifer Cal,Hoz,0,Otro,XXXXXXXXXXXXXXXXXXXXXXXXXXXXXXXXXXXXXXXXXXXXXXXXXXXXX,282.41
Francisco Mansilla,Gomez,1,Apoyo familiar,Privada,616.41
Sandra Nathalia,$$$,0,Apoyo familiar,Pública,339.66
Alejandro Sánchez,Martínez,0,Apoyo familiar,C0RRUPT3D,404.45
Mtro. José Emilio,Rubio,0,{BAD},###CORRUPT###,882.0
María,Beltrán,1,???,Privada,380.78
Camilo Iván Martínez,Castro,1,Apoyo familiar,Privada,584.22
ERR!!,Armenta,0,Apoyo familiar,Pública,224.06
Sonia,INVALID,0,Apoyo familiar,XX,424.33
Felipe Norberto,Gómez,1,???,Privada,449.98
Artemio del,XXXXXXXXXXXXXXXXXXXXXXXXXXXXXXXXXXXXXXXXXXXXXXXXXXXXXXXXXXXXXXXXXXXXXXXXXXXXXXXXXXXXXX,0,Apoyo familiar,Pública,289.74
Yuridia Badillo,,0,Apoyo familiar,Pública,284.15
Bernabé Delia,Gallegos,0,Apoyo familiar,Pública,{BAD}
Valentina,Gonzalez,0,Apoyo familiar,Pública,382.42
Catalina Samuel Otero,<NULL>,0,Apoyo familiar,Pública,-9999.0
Dr(a). Paloma,Ramirez,0,Apoyo familiar,@@@,289.99
Sr(a). Florencia,Suarez,0,Trabajo,Pública,254.16
Maxi Pozuelo,Benavente,0,Apoyo familiar,Pública,272.78
Roberto Sarmiento,,0,Apoyo familiar,Pública,405.95
,,,,,
,,,INVALID,,
Ana Betancur,Torres,0,Apoyo familiar,Pública,462.87
Carlos Suárez,Polo,0,Apoyo familiar,Pública,316.61
Luana Correa,Moreno,###CORRUPT###,Apoyo familiar,Pública,375.35
Bertha,Pinto,0,Crédito educativo,Privada,378.1
Guillermina,Alvarez,0,Crédito educativo,Pública,206.61
Dary Henao,$$$,0,Trabajo,Pública,∞∞∞
Ángel Porfirio Tejada,Casanova,1,Apoyo familiar,Privada,627.45
Benito Reig,Roma,0,Apoyo familiar,Pública,361.77
Jorge,Arevalo,X,Apoyo familiar,Pública,414.17
Virgilio Balaguer,Gras,0,Apoyo familiar,Pública,298.66
@@@,,,,,
Azahara Isern,Aroca,0,Apoyo familiar,Pública,212.72
Ariel Alejandro Guevara,Calderón,0,Apoyo familiar,Pública,348.02
Alexander,Gonzalez,0,Apoyo familiar,396152,370.21
David Raúl,Palacios,0,Apoyo familiar,Pública,358.96
Gloria Isaac Aponte,Gastélum,1,Beca,Privada,376.86
@@@,Maldonado,0,Apoyo familiar,Pública,419.54
C0RRUPT3D,Suárez,0,651593,Pública,256.61
INVALID,Planas,0,,Pública,273.7
Andrés,Ortega,0,Apoyo familiar,Pública,381.59
Marina,Aguilar,1,Apoyo familiar,∞∞∞,389.59
,,,,,
Guillermina Martina,Gimenez,0,Apoyo familiar,Pública,359.43
Belen,Bas-Castejón,0,Apoyo familiar,Pública,413.97
###CORRUPT###,Peña,0,Apoyo familiar,Pública,410.85
Mercedes Mascareñas,Girón,0,Apoyo familiar,Pública,∞∞∞
Sr(a). Salvador,Ponce,0,Otro,Pública,232.21
,{BAD},,,,
Lic. Camilo,Valencia,0,Crédito educativo,Pública,
Prudencio Guitart,Infante,1,Beca,Privada,487.76
Paulina,Olivares,0,Apoyo familiar,Pública,352.18
Sr(a). Joaquina,∞∞∞,0,Trabajo,Pública,322.56
David,,1,Apoyo familiar,XX,281.09
Olga,Mendoza,0,Trabajo,ERR!!,299.29
Morena Olivera,Martinez,0,Apoyo familiar,Pública,365.42
Mia Valentina,Romero,0,Trabajo,Pública,125.77
Natalio Goñi,Mancebo,0,Otro,Pública,259.9
Sara Indira Curiel,{BAD},0,Otro,Pública,252.92
,,,,,
Mtro. César,Montes,1,∞∞∞,Privada,230.22
Fabián,Bolaños,$$$,Crédito educativo,,281.91
Mtro. Amanda,Cisneros,0,Otro,Pública,486.11
Ing. Eloisa,Roque,0,Apoyo familiar,Pública,350.71
Abraham Javier Alvarez,Sosa,0,Otro,Pública,412.94
María Montenegro,Giraldo,0,Trabajo,Pública,340.58
Maribel Prieto,Tormo,0,Otro,Pública,227.44
Mauricio Arcelia Murillo,[DAMAGED],0,Trabajo,Pública,205.33
Rosalva Berenguer,Sastre,1,Beca,Privada,404.87
Gerónimo Pabón,Morales,0,Apoyo familiar,Pública,283.49
[DAMAGED],Morales,0,Trabajo,Pública,234.03
Eduardo Ramiro Díaz,García,X,Apoyo familiar,Pública,298.42
,,,XXXXXXXXXXXXXXXXXXXXXXXXXXXXXXXXXXXXXXXXXXXXXXXXXXXXXXXXXXXXXXXXXXXXXXXXXXXXXXXXXXXXXXXXXXXXXXXXXXXXXXXXX,,
Matilda Alma,Ledesma,0,,Pública,309.56
Thiago Delfina,Herrera,,Apoyo familiar,Pública,328.52
Dr. Emiliano,Fonseca,,Trabajo,Pública,192.65
Raimundo de,Arregui,0,Apoyo familiar,Privada,610.2
Araceli Nelly,Cabrera,0,Trabajo,Pública,202.79
Hilda Astrid,Sánchez,0,Otro,Pública,285.45
,,,,,
Laura,Ruiz,0,Crédito educativo,Pública,303.19
Cristian,Mata,0,Apoyo familiar,Pública,389.96
Lautaro Benjamin,Gutierrez,1,Beca,Privada,446.78
María Maira,Medina,0,Crédito educativo,Pública,365.97
Inmaculada Peñalver,Belda,1,Apoyo familiar,Privada,408.94
Marcelino Urbano Real,Jiménez,0,###CORRUPT###,,366.71
Cayetano Iborra,Villalonga,0,Otro,Pública,419.81
Tomás Germán Colón,Véliz,0,Apoyo familiar,Pública,428.55
Nadia Marqués,Medina,X,Otro,Pública,372.34
Gael Lucas Ramirez,C0RRUPT3D,0,Apoyo familiar,412678,@@@
C0RRUPT3D,Nadal,0,Trabajo,Pública,245.08
Stiven Diego,Parra,1,Beca,,383.28
@@@,Ferrera,0,Apoyo familiar,Pública,381.82
José Carlos de la Rosa,Valverde,0,Apoyo familiar,Pública,0.0
Dr. Frida,Bermúdez,1,Otro,Privada,INVALID
Abigail Bustos,∞∞∞,0,{BAD},Pública,406.4
Iván Juan Antonio Ortiz,Grau,0,@@@,Pública,288.26
Dr(a). Martina,Ruiz,[DAMAGED],Otro,Pública,354.2
Tomàs Martin,Carrizo,0,Otro,Privada,461.72
@@@,Beltran,0,Trabajo,Privada,0.0
Daniel Vega,Ávila,0,Apoyo familiar,Privada,473.46
Olivia Piña,Romo,###CORRUPT###,Apoyo familiar,Pública,310.52
,Rodríguez,VAL5816,C0RRUPT3D,Privada,
Mercedes Rosero,Hernández,0,###,Pública,∞∞∞
XXXXXXXXXXXXXXXXXXXXXXXXXXXXXXXXXXXX,Rincón,0,Apoyo familiar,Pública,$$$
Francisco Valentino,Rodriguez,1,Beca,Privada,204.23
Dr. Luis Manuel,Páez,0,[DAMAGED],$$$,260.05
Santiago,Nuñez,0,Otro,<NULL>,250.11
XXXXXXXXXXXXXXXXXXXXXXXXXXXXXXXXXXX,Torres,1,Otro,Privada,252.54
Lorenzo,Torres,0,Apoyo familiar,Pública,364.29
José Luis Cynthia,Tirado,,∞∞∞,Pública,312.89
Ian Benjamin Bustos,Cabrera,###CORRUPT###,Apoyo familiar,Pública,312.19
Rosendo Villar,Martí,,Apoyo familiar,Pública,294.31
Santiago,∞∞∞,0,Crédito educativo,Pública,299.16
Mariano Jaimes,Mireles,1,Beca,Privada,462.12
,,,,,
Lic. María del Carmen,Rangel,0,Apoyo familiar,Pública,339.51
Teresa Asunción Magaña,Palomo,0,,∞∞∞,388.13
C0RRUPT3D,Ramírez,1,Apoyo familiar,$$$,
∞∞∞,Madrigal,###CORRUPT###,Apoyo familiar,Pública,455.91
Diego Camilo Medina,Villamizar,0,C0RRUPT3D,Pública,526.26
Dr(a). Delfina,Vazquez,0,Apoyo familiar,@@@,346.02
Yaneth Marina,Romero,0,Apoyo familiar,Privada,464.93
Santiago Martina Benitez,Perez,0,Crédito educativo,Privada,BAD
Bernardita del,Alcázar,1,Beca,Privada,583.55
Hermelinda Rivas,Cordero,0,Apoyo familiar,Pública,335.33
Aníbal Garcés,Flórez,0,Apoyo familiar,Pública,378.0
Virgilio Rovira,Noguera,1,∞∞∞,XXXXXXXXXXXXXXXXXXXXXXXXXXXXXXXXXXXXXXXXXXXXXXXX,402.12
Albano,C0RRUPT3D,0,Otro,Pública,466.6
áéíóú ñ,∞∞∞,1,Beca,Privada,422.59
Amanda Nadia Campoy,Aller,0,@@@,Pública,383.31
∞∞∞,Diaz,0,Crédito educativo,Pública,326.86
Begoña Company,Beltrán,0,Apoyo familiar,Pública,327.93
Soraya Cabello,Cabrero,0,Apoyo familiar,Pública,454.44
,,,,,
,,,,,
Andrea Eliana Rodríguez,Vásquez,1,Otro,Privada,202.99
Nico Anastasio Iglesia,Cabello,0,@@@,Pública,429.9
Isabella,Romero,0,Apoyo familiar,Pública,458.55
Dolores Briones,Blanch,,346132,Privada,482.87
Claudio Aurelio Osorio,Alejandro,1,Apoyo familiar,Privada,460.47
Hugo Belmonte,Porras,0,Apoyo familiar,Pública,411.44
Angélica Arana,Calvo,0,Otro,Pública,441.79
Ing. Raúl del,Río,X,Apoyo familiar,Pública,0.0
Casandra Nebot,,0,Apoyo familiar,Pública,<NULL>
,,,,,
Valentino,Benitez,{BAD},Apoyo familiar,∞∞∞,321.61
Emilia Riojas,Merino,0,Trabajo,Pública,232.7
∞∞∞,Valencia,0,Apoyo familiar,Pública,369.72
Zacarías Cristal,Enríquez,0,Apoyo familiar,Pública,{BAD}
Sr(a). Delfina,[DAMAGED],0,Otro,Privada,363.97
Fernando,Molina,1,Otro,Privada,419.67
Mireia Girón,{BAD},0,Apoyo familiar,Pública,435.91
Agustin,<NULL>,0,Apoyo familiar,Pública,282.73
Mia,Perez,0,???,Pública,
,,,,,
Héctor Rincón,López,0,Apoyo familiar,Privada,0.0
Guiomar Adadia,Bou,0,Apoyo familiar,Pública,429.49
Paula Benjamin Mendez,Fernandez,1,Apoyo familiar,Privada,466.03
Jairo Diego,Gómez,0,Trabajo,Pública,211.27
Dr(a). Luciano,Gonzalez,1,∞∞∞,Privada,263.46
C0RRUPT3D,Aguero,{BAD},Otro,Privada,253.23
###CORRUPT###,Peña,0,Apoyo familiar,Privada,496.55
Sr(a). Gilberto,C0RRUPT3D,0,INVALID,,414.4
Helena Ariadna,Aparicio,0,Apoyo familiar,Pública,355.11
Armando Cervántez,Echeverría,X,###CORRUPT###,XX,265.21
Pío Torre,Bayón,0,Apoyo familiar,Privada,1071.57
Prudencio Guitart,Infante,1,995997,@@@,-888.0
XXXXXXXXXXXXXXXXXXXXXXXXXXXXXXXXXXXXXXXXXXXXXXXX,Castillo,0,Apoyo familiar,Pública,377.86
,,,,,
Johana Andrea,Vargas,0,Apoyo familiar,Pública,387.15
[DAMAGED],<NULL>,,Apoyo familiar,[DAMAGED],342.9
Jeremias Martina Flores,Diaz,0,Apoyo familiar,Pública,245.29
Manuel Alexander Camargo,Caicedo,X,Trabajo,XX,∞∞∞
###CORRUPT###,,,379836,519194,
Luz Mena,Moreno,@@@,###CORRUPT###,Pública,301.05
Patricia Arce,Prieto,0,Apoyo familiar,Pública,307.22
Martha Eva,Mora,0,Apoyo familiar,C0RRUPT3D,0.0
ERR!!,Vera,0,Apoyo familiar,∞∞∞,320.52
Dr(a). Thiago Nicolas,Rios,1,Apoyo familiar,Privada,489.43
Teodosio Humberto Galán,Gisbert,0,Apoyo familiar,Pública,360.43
Francisco,Martinez,1,Beca,Privada,434.45
∞∞∞,Bayo,0,@@@,405723,{BAD}
Roxana,Cuadrado,###CORRUPT###,∞∞∞,Privada,357.29
Edelmira Cardona,Rodriguez,0,∞∞∞,Pública,231.0
@@@,$$$,0,Otro,Pública,412.38
Felipe,Rios,0,???,Pública,245.78
Débora Cordero,Murcia,0,Apoyo familiar,Pública,405.86
áéíóú ñ,Rivera,0,643254,Pública,250.76
Olga,García,BAD,Apoyo familiar,Pública,<NULL>
Candelaria Ruiz,Aguirre,0,Apoyo familiar,Pública,363.78
Gilberto Ojeda,Santamaria,1,Beca,Privada,428.3
Timoteo de,Sánchez,0,Trabajo,Pública,226.69
Malena Milagros,Alvarez,INVALID,Apoyo familiar,Pública,<NULL>
Ana Paula Thiago Lionel,$$$,1,Trabajo,Privada,VAL9578
Sr(a). Joaquin,Sanchez,0,Apoyo familiar,Pública,386.0
<NULL>,Moreno,0,Trabajo,Pública,212.48
Elena Graciela,Gómez,{BAD},Trabajo,Pública,C0RRUPT3D
Felipe,Rios,0,190464,Pública,312.5
Vanesa Rolando Huerta,Quiñónez,1,Crédito educativo,Privada,213.5
Amelia Tomás Rosales,C0RRUPT3D,0,<NULL>,Privada,288.58
Leonardo Marisela,Benítez,0,Apoyo familiar,Pública,388.16
∞∞∞,Diaz,0,Crédito educativo,Pública,126.7
Marisol Arellano,Planas,VAL7897,,XX,273.7
Julieta Valentino Navarro,Acosta,0,Crédito educativo,Privada,286.16
,,,,,
Alma,Rodriguez,0,Crédito educativo,Pública,270.53
Juan Cruz Santino Lopez,Ramirez,0,Crédito educativo,Pública,292.3
Dr. Rodolfo,Quintero,0,Crédito educativo,Pública,271.06
Patricio Timoteo Miranda,Angulo,0,Crédito educativo,Pública,285.0
Isabela Joaquín Mascareñas,Rascón,1,Apoyo familiar,Privada,485.37
Franco,Ortiz,$$$,Crédito educativo,Pública,363.91
Luz Bernardo,Flórez,0,Apoyo familiar,Pública,383.82
Martha Martha,Bohórquez,0,Apoyo familiar,Pública,508.95
Alberto Victoria,Espinoza,0,980404,,437.03
Margarita Esteban,Vallejo,0,Apoyo familiar,Pública,421.92
Macaria Montoya,Ros,C0RRUPT3D,Trabajo,,163.92
Gloria Karen,Guerra,0,Apoyo familiar,XX,328.03
INVALID,Quezada,0,Apoyo familiar,Pública,447.37
Severo del,Colom,0,@@@,Pública,397.35
,,,,,
Uma Thiago Ramirez,Ortiz,0,Apoyo familiar,Pública,465.54
Uma Gonzalez,Cardozo,X,Apoyo familiar,Pública,
Abril Reynaldo Mena,Cervantes,0,Apoyo familiar,Pública,370.63
,Oliva,0,Otro,Pública,200.28
,,,,,
Isaac Rosas,Magaña,1,Beca,Privada,493.57
Teresa Silvano,Samaniego,0,Apoyo familiar,Pública,402.53
Marcos Sánchez,C0RRUPT3D,1,Beca,Privada,455.58
Sr(a). Santino,Blanco,0,[DAMAGED],Pública,215.56
Sr(a). Mia,Garcia,[DAMAGED],Otro,Pública,263.79
@@@,,,Apoyo familiar,Privada,468.57
Macario Acosta,###CORRUPT###,0,Trabajo,$$$,223.54
Felipe Norberto,Gómez,1,Beca,Privada,
Lupita Consuelo Catalán,Belda,0,Crédito educativo,XX,VAL1495
Cristobal,Perea,1,Beca,{BAD},345.6
Juan Juan Romero,INVALID,1,Apoyo familiar,Privada,615.72
Humberto,Ramírez,0,Apoyo familiar,Pública,378.28
Victor Manuel,Seco,0,C0RRUPT3D,Pública,250.98
Germán Jaime,Pérez,1,,XXXXXXXXXXXXXXXXXXXXXXXXXXXXXXXXXXXXXXXXXXXXXXXXXXXXXXXXXXXXXXXXXXXXXXXXXXXXXXXXXXXXXXXXXXXXXXXXXXXXXXXXXX,422.31
###CORRUPT###,Rivas,1,Beca,$$$,364.93
Amanda Catalina,Parra,0,Trabajo,∞∞∞,309.42
Hermelinda Guadalupe,Ceja,0,Apoyo familiar,Pública,333.1
Lucía,Gutiérrez,0,Trabajo,Pública,182.74
Andrés Fernando,Bolaños,X,Otro,Pública,356.93
Fabiana Baños,[DAMAGED],[DAMAGED],Apoyo familiar,Pública,347.87
Ángel Valera,Mata,0,Apoyo familiar,Pública,351.05
Delfina Milagros,Gomez,1,,Privada,437.94
Araceli Ávila,Bosch,0,Otro,Pública,306.17
áéíóú ñ,###CORRUPT###,1,Beca,Privada,467.36
Esteban Jesús,Becerra,0,Apoyo familiar,Privada,511.78
Consuelo Milena,Álvarez,1,Beca,Privada,510.94
Germán Raya,Guerrero,0,Apoyo familiar,Pública,296.33
Calista Sarmiento,Belmonte,1,$$$,Privada,492.57
Manuel Gaya,Carro,1,Apoyo familiar,Privada,439.86
Gustavo,Montañez,0,Trabajo,756553,270.74
Marta Lucía Salazar,Mora,1,Beca,Privada,510.67
Josefina Romero,Nuñez,0,###,{BAD},312.3
Andrés Luis,Arévalo,0,Apoyo familiar,Pública,@@@
Camila Frida Gutiérrez,Portillo,0,$$$,Privada,534.86
Alta Gracia Negrón,@@@,0,INVALID,###CORRUPT###,436.57
Pablo Páez,Marquez,$$$,Apoyo familiar,Pública,441.28
Antonella Camila Coronel,Gonzalez,0,Otro,Pública,387.76
Joaquin Thiago Daniel,Gonzalez,0,Trabajo,Pública,∞∞∞
Juanita Adela Agustí,,1,Beca,Privada,###CORRUPT###
Guillermo Willian,Barrera,0,INVALID,Pública,417.07
Lautaro Ezequiel Gabriel Garcia,Lucero,0,Apoyo familiar,Pública,270.8
###,Esparza,0,Apoyo familiar,Pública,277.22
Miguel Augusto,,1,Apoyo familiar,Privada,356.9
Martina Navarro,C0RRUPT3D,0,∞∞∞,{BAD},205.09
,,,,,
Sr(a). Abel,Montenegro,1,Beca,Privada,###CORRUPT###
Ing. Esteban,Casares,1,Beca,Privada,439.2
José Salas,Ardila,<NULL>,Crédito educativo,Pública,257.18
<NULL>,Pereyra,1,Beca,Privada,289.32
Violeta Josefina Vera,Cabrera,0,Apoyo familiar,Pública,383.15
,,BAD,,,{BAD}
Nayibe Constanza Gómez,Sánchez,0,<NULL>,Privada,495.56
,,,,,
Lorenzo,Rodriguez,0,Apoyo familiar,Pública,###
Carolina Toledo,Lucio,1,Apoyo familiar,Privada,0.0
Carmen Yolanda,Caicedo,1,Apoyo familiar,Privada,480.95
Marcos Sánchez,756938,1,Apoyo familiar,Privada,686.15
Jaqueline Cabán,Figueroa,0,Apoyo familiar,Pública,354.04
[DAMAGED],Ayala,1,Beca,Privada,0.0
Valentino Ojeda,Velazquez,0,###CORRUPT###,Pública,265.4
Nicolas,Ojeda,0,Apoyo familiar,Pública,423.28
Noelia Díaz,Tórrez,0,Apoyo familiar,Pública,342.37
Dolores Molina,Peña,1,Beca,XX,376.76
Eugenio David,Villalpando,VAL5075,Apoyo familiar,,245.28
Alejandra,###CORRUPT###,-888.0,Crédito educativo,INVALID,290.37
@@@,,,INVALID,,
Dr(a). Tiziana,Ferreyra,0,Apoyo familiar,Pública,241.25
Marly Tatiana,Duque,0,Crédito educativo,Pública,446.49
Indira Antonia,,0,Apoyo familiar,Pública,407.66
Eugenia Velasco,Torres,0,Trabajo,XXXXXXXXXXXXXXXXXXXXXXXXXXXXXXXXXXXXXXXXXXXXXXXXX,248.39
Nazario Adelardo Bárcena,Casals,0,Apoyo familiar,Pública,268.99
Lucio Gimenez,Hoyos,0,Apoyo familiar,Pública,273.24
Socorro Cecilia,Torres,0,Apoyo familiar,Pública,191.01
Pedro Pedro,Fernandez,0,ERR!!,Pública,321.85
Mora Julieta,Molina,0,Trabajo,Pública,262.99
Zeferino Timoteo,Correa,0,Crédito educativo,Pública,415.22
$$$,Benitez,0,Apoyo familiar,Pública,402.82
Paula Isabel,Cárdenas,0,Apoyo familiar,Pública,395.9
,,,,,
Pedro,Castro,,Apoyo familiar,Pública,292.64
Silvio Valero,Alegre,0,Trabajo,{BAD},
Lic. Raquel,Chapa,1,$$$,Privada,252.4
,,,{BAD},,
###,Cuenca,0,Trabajo,Pública,{BAD}
Pedro,Valdés,1,Apoyo familiar,Privada,428.43
Dr(a). Isabella,Diaz,X,Apoyo familiar,Pública,308.42
Alta Gracia Dolores,Pedraza,1,Beca,Privada,523.39
Karen Salazar,Rentería,0,,Pública,261.04
Agustin Moyano,Torres,0,Apoyo familiar,Pública,430.6
∞∞∞,López,INVALID,???,{BAD},418.54
,,,,,
Erick Valencia,Acevedo,0,Apoyo familiar,Pública,339.7
Diana Julieth,Torres,0,Apoyo familiar,Privada,417.11
Pilar Cabo,$$$,0,Crédito educativo,Pública,251.03
Dr. Renato,Adame,0,{BAD},Pública,331.53
Antonella Camila Coronel,Gonzalez,0,Apoyo familiar,XXXXXXXXXXXXXXXXXXXXXXXXXXXXXXXXXXXXXXXXXXXXXXXXXXXXXXXXXXXXXXXXXXXXXXXXXXXXXXXXXXXXXX,441.49
Mtro. Reynaldo,Corral,0,Otro,Pública,268.18
Violeta Josefina Vera,Cabrera,0,Trabajo,Pública,236.17
Joaquin Benjamin,∞∞∞,0,Apoyo familiar,Privada,431.54
Ing. Camila,Dávila,0,Otro,Pública,229.15
Milena,,X,{BAD},Privada,280.28
,,,,,
,INVALID,0,Trabajo,Pública,253.23
Sofia Castro,Romero,0,Apoyo familiar,Pública,309.49
@@@,Mendoza,0,Otro,Pública,308.69
Norma,Vargas,0,Apoyo familiar,Pública,337.41
Manuela Córdoba,Rendón,1,197909,Privada,763.27
Rubén Ordóñez,Jiménez,0,∞∞∞,Pública,276.1
Sebastian Josefina Juarez,Gutierrez,1,Apoyo familiar,{BAD},<NULL>
Juan Gabriel Felipe,Martinez,0,Apoyo familiar,Pública,318.63
,,,,,
Mateo Fernandez,Gimenez,1,Apoyo familiar,Privada,###CORRUPT###
Belen Jordán,España,0,Apoyo familiar,Pública,437.39
Gisela Coloma,Roma,0,Crédito educativo,C0RRUPT3D,268.2
Luciana Isabella Cordoba,Correa,0,,Pública,348.56
Lic. Eva,Segura,0,Crédito educativo,Pública,298.14
Camila Lopez,Soto,1,Apoyo familiar,áéíóú ñ,668.39
Juan,Rojas,0,Otro,XXXXXXXXXXXXXXXXXXXXXXXXXXXXXXXXXXXXXXXX,232.15
Lorenzo Ana María Preciado,Arias,$$$,Crédito educativo,Privada,352.12
@@@,Ruiz,0,Apoyo familiar,Pública,383.62
Paco,Jaume,1,Beca,Privada,454.77
Ligia González,Díaz,0,Apoyo familiar,Pública,291.6
Alma Gonzalez,Vega,$$$,Trabajo,Pública,258.12
Marcela Liliana,Domínguez,1,???,Privada,380.5
Ing. Georgina,Vigil,0,Apoyo familiar,Pública,340.59
{BAD},Gonzales,0,Apoyo familiar,XX,291.51
###CORRUPT###,<NULL>,1,∞∞∞,,[DAMAGED]
,Campos,0,Apoyo familiar,Pública,347.16
Francisco Fausto Juarez,Miranda,<NULL>,Apoyo familiar,Pública,511.57
Liliana Paredes,Alfaro,1,Apoyo familiar,Privada,{BAD}
@@@,Toro,1,Apoyo familiar,Privada,497.73
Mateo Ezequiel Dante Diaz,Lopez,0,Apoyo familiar,Pública,331.12
Henry,Martínez,0,Apoyo familiar,Pública,379.06
Agustina Lorenzo Gomez,Figueroa,0,Apoyo familiar,Pública,345.02
María Laura,Castrillón,0,Otro,Pública,333.26
Nidia Tatiana Molina,Sierra,[DAMAGED],Trabajo,@@@,339.11
∞∞∞,Casares,INVALID,Apoyo familiar,Pública,315.43
Adriana Esperanza,Quiñones,-9999.0,Apoyo familiar,Pública,197.23
Andrés Anaya,Lozano,0,Trabajo,Pública,273.04
Catalina Vera,Aguado,0,Otro,Pública,ERR
,,,,XX,
Lorenzo,Abrego,0,Apoyo familiar,Pública,461.47
,,@@@,,,
Gloria Margarita,∞∞∞,0,Apoyo familiar,Pública,261.87
Lara,Figueroa,1,Beca,Privada,266.78
Marciano Corbacho,∞∞∞,0,Trabajo,Pública,347.56
Josep,Meléndez-Tenorio,0,Apoyo familiar,Pública,294.14
Raúl Mario Barajas,Almanza,0,Trabajo,Privada,217.92
Carmela de,Amigó,1,Trabajo,Privada,260.95
Manuel Heriberto Bravo,Blasco,0,Apoyo familiar,Pública,266.24
Francesco,Pereyra,1,Beca,Privada,253.09
Ruth Candelaria,Sánchez,###CORRUPT###,Apoyo familiar,Pública,194.33
Valentino Valentina Campos,@@@,@@@,@@@,Pública,217.14
Lucas Sofia Belen,Benitez,1,Trabajo,Privada,∞∞∞
Pedro Blanco,Pabón,1,Apoyo familiar,Privada,488.24
Dante Santino,Ramos,0,Apoyo familiar,Pública,255.19
Malena,Sainz,0,Trabajo,Pública,269.07
675026,Nuñez,0,Trabajo,Pública,275.9
David Jairo Mena,Alzate,0,Apoyo familiar,Pública,346.29
$$$,Rodrígez,0,Apoyo familiar,{BAD},289.17
Daniel Rico,Alarcón,0,Trabajo,Pública,199.36
,,,,,
Tiziano Benjamin Villalba,Vega,0,Apoyo familiar,Pública,309.07
Valentina Alvarez,805833,0,Apoyo familiar,Pública,238.23
,,,,,
∞∞∞,Vargas,1,Beca,$$$,{BAD}
Daniela,Díaz,0,Apoyo familiar,Pública,357.01
Luz Adriana,Morales,[DAMAGED],Apoyo familiar,,414.37
,,,,INVALID,
###CORRUPT###,Alfonso,0,Otro,Pública,319.07
Mauricio Ronal Salazar,Espitia,0,Apoyo familiar,Pública,265.83
Yurany Luz Hoyos,Ortiz,0,Crédito educativo,###,314.33
850608,Parejo,1,Beca,Privada,438.03
Amparo,Gonzalez,0,Otro,Pública,312.08
Emilia Lopez,áéíóú ñ,1,811029,Privada,493.62
Yuliana Muñoz,Serrano,0,Apoyo familiar,Pública,362.65
Fernando Humberto Beltrán,Camacho,###CORRUPT###,Otro,Pública,
@@@,Portilla,0,XXXXXXXXXXXXXXXXXXXXXXXXXXXXXXXXXXXXXXXXXXXXXXXXXXXXXXXXXXXXXXXXXXXXXXXXXX,XX,287.25
[DAMAGED],,0,Apoyo familiar,Pública,411.36
Dr(a). Lorenzo,Castillo,0,Otro,Pública,362.0
Thiago Benjamin Luciano,Rivero,0,Trabajo,Pública,296.6
$$$,Pabón,0,Crédito educativo,Pública,304.61
Sr(a). Benjamin,Silva,0,Apoyo familiar,Pública,386.91
Camilo Humberto Armendáriz,Cavazos,1,Crédito educativo,Privada,349.78
Sr(a). Sofia,Molina,0,###CORRUPT###,Pública,368.46
Josefina Vicente Benitez,Ruiz,0,Apoyo familiar,Pública,389.67
Sr(a). Agustina,Acuña,0,,∞∞∞,237.92
Luz Rosa,@@@,0,Apoyo familiar,Pública,374.93
Alejandra Nancy Montes,González,0,Apoyo familiar,Pública,318.48
Joaquin Valentino Diaz,<NULL>,@@@,Trabajo,Privada,266.3
764290,Henao,0,XXXXXXXXXXXXXXXXXXXXXXXXXXXXXXXXXXXXXXXXXXXXXXXXXXXXXXXXXXXXXXXXXXX,Privada,386.37
Martina Benitez,###CORRUPT###,0,Apoyo familiar,Pública,292.66
Zoe Valentina Lucas Rodriguez,Suarez,0,Apoyo familiar,Pública,431.76
Daniel Isaac,Márquez,C0RRUPT3D,Apoyo familiar,Pública,404.35
Chita Juárez,Domingo,1,Trabajo,áéíóú ñ,319.36
Fanny Esperanza Díaz,Nieto,0,Apoyo familiar,XXXXXXXXXXXXXXXXXXXXXXXXXXXXXXXXXXXXXXXXXXX,<NULL>
Visitación de,Pomares,0,Apoyo familiar,@@@,199.17
Marisol Pardo,Díaz,0,Apoyo familiar,Pública,392.08
Jacinto,Ledesma,1,Beca,Privada,436.35
Amelia José Luis Baeza,Quiñones,0,Crédito educativo,Privada,188.55
María Sánchez,Jiménez,1,Beca,$$$,539.01
Paola Molina,Velásquez,0,Trabajo,Pública,213.8
Graciela Miguel Ángel Olivas,###CORRUPT###,1,###CORRUPT###,Privada,395.9
Sofia,Gonzalez,,Apoyo familiar,XXXXXXXXXXXXXXXXXXXXXXXXXXXXXXXXXXXXXXXXXXXXXXXXXXXXXXXXXXXXXXX,524.75
Carlos Roger Montoya,Vega,0,Apoyo familiar,@@@,396.02
Amanda Janeth,Sandoval,0,Crédito educativo,Pública,313.58
Francisco,Martinez,1,Beca,<NULL>,434.45
Juan Dario,Suárez,0,Apoyo familiar,Pública,348.75
Jesús Julio Jaramillo,Castillo,0,Trabajo,Pública,254.37
Pilar Albero,Montalbán,1,Beca,Privada,404.18
Lic. María del Carmen,Quintero,1,Apoyo familiar,Privada,486.64
María Elena Berta Contreras,Pizarro,0,Apoyo familiar,Pública,<NULL>
María Luisa Ariadna Gurule,Manzanares,0,[DAMAGED],,321.79
Bautista Lara,Pereyra,0,Trabajo,Pública,305.94
Santino Nicolas Maximo,Cordoba,0,Apoyo familiar,Pública,359.92
@@@,Paez,0,Apoyo familiar,271626,388.41
[DAMAGED],Rosero,0,Apoyo familiar,Pública,359.07
Tiburcio Torrent,Pou,0,Apoyo familiar,Pública,387.35
Perla Graciela Benavides,Olvera,0,Apoyo familiar,Pública,327.05
Juan Cruz Santino Lopez,Ramirez,###CORRUPT###,Trabajo,,316.16
Enrique Wilber,Díaz,0,Apoyo familiar,Privada,651.94
###CORRUPT###,Gonzalez,0,Apoyo familiar,Privada,447.43
Alma Ciro Castillo,Ruiz,0,Crédito educativo,<NULL>,263.24
Gael Herrera,C0RRUPT3D,C0RRUPT3D,Apoyo familiar,Pública,345.8
Agustin Gomez,Nuñez,1,Apoyo familiar,Privada,341.64
Valentina Tiziano Valentin Lopez,Gomez,0,Apoyo familiar,Pública,446.26
Valentino Martin,[DAMAGED],0,Trabajo,Pública,INVALID
Fulgencio de,@@@,0,INVALID,###,220.73
Lic. Esther,Moya,0,Trabajo,Pública,220.13
[DAMAGED],Falcó,0,Apoyo familiar,Pública,247.92
Jorge Barragán,Quintanilla,0,Apoyo familiar,INVALID,256.96
Alba Andrea Pérez,Perea,0,Apoyo familiar,Pública,405.89
Lic. Aurora,Arreola,0,Apoyo familiar,XXXXXXXXXXXXXXXXXXXXXXXXXXXXXXXXXXXXXXXXXXXXXXXXXXXXXXXXXXXXXXXX,528.92
Natividad Royo,Juárez,0,Apoyo familiar,$$$,540.87
665965,Diéguez,0,@@@,Privada,1091.32
Dr(a). Lautaro,Olivera,1,Crédito educativo,Privada,362.03
Carmen Claudia Giraldo,García,0,Crédito educativo,Pública,231.85
,Muro,VAL2453,Apoyo familiar,Pública,240.5
Humberto,Rubio,0,Apoyo familiar,Pública,355.64
,,,,,$$$
INVALID,Segura,0,Apoyo familiar,Pública,401.05
,###CORRUPT###,,,,
Diego Duarte,Cortés,,Apoyo familiar,Privada,694.47
Mateo Benjamin Medina,Fernandez,0,Trabajo,Pública,154.61
###CORRUPT###,Prieto,0,Trabajo,Privada,197.08
Luana Julian Nuñez,Gonzalez,1,725148,C0RRUPT3D,521.63
Abril del,Valle,1,Apoyo familiar,###CORRUPT###,564.62
Mateo Irene,Guzmán,0,Trabajo,Pública,203.13
Ciriaco Gelabert,Andreu,0,Apoyo familiar,Pública,369.1
Maria Victoria Valentino Nuñez,Ortiz,0,<NULL>,Pública,263.55
Cynthia Solís,@@@,1,###,Privada,630.79
Ambrosio,{BAD},0,Apoyo familiar,Pública,430.34
Dr. Nayeli,Escobar,{BAD},Apoyo familiar,Pública,400.04
Eugenia Amalia,Duarte,0,169175,Pública,@@@
,Duarte,0,Crédito educativo,Privada,272.63
Patricia,Vargas,0,Trabajo,Pública,###CORRUPT###
Karina Melo,Álvarez,0,C0RRUPT3D,817522,404.15
Tere Verdú,Carballo,1,???,Privada,228.07
Nicolas Octavio,Alvarez,{BAD},Trabajo,Pública,238.69
Gloria Margarita,Castro,0,Crédito educativo,Pública,250.26
Ana,Benavides,[DAMAGED],Trabajo,Pública,0.0
Demetrio,Vazquez,0,Trabajo,@@@,326.15
Jacinto Lilia Benavídez,{BAD},0,Apoyo familiar,Pública,319.53
,,,,,
Ing. Antonio,Corral,0,Otro,Pública,375.67
Pedro,Martin,0,Trabajo,Pública,329.45
Clara Sofia Sosa,Gomez,INVALID,###,Pública,311.88
Tere Arnal,Rubio,0,Crédito educativo,Pública,323.04
Anastasia Fernández,Azorin,0,###CORRUPT###,Privada,260.77
364174,Alba,0,Trabajo,Pública,299.8
XXXXXXXXXXXXXXXXXXXXXXXXXXXXXX,,,,,
Patricia,Zapata,0,Apoyo familiar,Pública,491.16
Tatiana Consuelo Pinzón,Cruz,0,Apoyo familiar,Privada,384.84
Bautista Thiago Benjamin Toledo,Sanchez,0,???,Pública,$$$
Angélica Calzada,,INVALID,Otro,Pública,361.41
Paola Andrea Yepes,Vargas,0,Otro,XX,$$$
Juliana María,Ortega,0,Otro,Pública,495.91
,,,[DAMAGED],,
Josefa Villar,Ocaña,ERR,Trabajo,INVALID,
[DAMAGED],Erazo,-9999.0,Apoyo familiar,Privada,358.79
,,,,,
Dorotea Uría,<NULL>,0,Apoyo familiar,Pública,271.51
Fanny,Prada,0,Apoyo familiar,Pública,380.88
Ligia Reyes,Barrera,-9999.0,Apoyo familiar,Pública,452.28
Matilda Alma,Ledesma,X,Crédito educativo,Pública,234.34
Fernando Planas,Medina,1,Beca,Privada,419.58
Anabel Estela Aparicio,Mata,0,Apoyo familiar,Pública,420.08
Concepción Alberto,XXXXXXXXXXXXXXXXXXXXXXXXXXXXXXXXXXXXXXXXXXXXXXXXXXXXXXXXXXXXXXXXXXXXXXXXXXXXXXXXXXXXXXX,1,Beca,Privada,317.7
Horacio Néstor Catalán,Sáez,0,Apoyo familiar,Pública,{BAD}
Milagros Valentino,Aguirre,0,Apoyo familiar,Pública,339.35
Mtro. Inés,Candelaria,0,Trabajo,Pública,$$$
Juan Ignacio Mateo Agustin,Ramirez,1,Beca,Privada,389.11
Rosa Alejandra,,0,Apoyo familiar,XX,294.85
Toribio Pou,805821,0,Crédito educativo,Pública,[DAMAGED]
Alonso Lucas,Alejandro,0,Apoyo familiar,Pública,323.12
Manuel,López,X,Apoyo familiar,Pública,389.96
,,,,INVALID,
Caridad Serrato,Mireles,1,,Privada,379.54
Diego Herrera,Valderrama,0,Apoyo familiar,C0RRUPT3D,449.1
Carmen Luna,Ramos,0,Apoyo familiar,Privada,624.53
Emiliano Homero,INVALID,0,Otro,Privada,354.55
Sr(a). Olivia,Vega,0,Apoyo familiar,Pública,337.22
Celia Cortina,Navas,<NULL>,Beca,Privada,
César Paola,Navarrete,1,###,Privada,330.26
Ing. Olivia,Tapia,1,Trabajo,Privada,249.01
Joaquin Lola Ferreyra,Gonzalez,0,Apoyo familiar,Pública,293.42
Maria Emilia,[DAMAGED],0,Apoyo familiar,Privada,0.0
Pablo Héctor López,Murillo,0,Apoyo familiar,Pública,346.86
Mireya Londoño,Rincón,0,###CORRUPT###,Pública,261.21
XXXXXXXXXXXXXXXXXXXXXXXXXXXXXXX,Castañeda,0,INVALID,Pública,396.53
Agustin Ciro,Cabrera,0,Apoyo familiar,Pública,321.42
INVALID,Madrid,0,Crédito educativo,Pública,0.0
Xiomara Baena,Abascal,0,Trabajo,Privada,158.76
Esteban Pomares,Guardia,0,Apoyo familiar,Pública,###CORRUPT###
$$$,Correa,<NULL>,Beca,Privada,10000000000.0
,,,,,
Juan Pablo Milagros Ledesma,Gonzalez,1,Beca,XXXXXXXXXXXXXXXXXXXXXXXXXXXXXXXXXXXXXXXXXXXXXXXXXXXXXXXXXXXXX,330.95
Ovidio Vicente,García,INVALID,Trabajo,Pública,
Luisina,Juarez,0,Trabajo,XX,287.96
Ligia González,XXXXXXXXXXXXXXXXXXXXXXXXXXXXXXXXXXXXXXXXXXXXXXXXXXXXXXXXXXXXXXXXXXXXXXXXXXXXXXXXXXXXXXXXXXXXXX,0,Otro,Pública,346.3
Dr(a). Mateo Ezequiel,Ramos,<NULL>,Apoyo familiar,545797,429.97
Sandra Muñoz,Pérez,1,,,421.09
,,[DAMAGED],,,
Sr(a). Wendolin,Guzmán,0,Crédito educativo,Pública,370.3
Dr(a). Benjamin,Sanchez,$$$,Apoyo familiar,Pública,348.6
Leonel Prieto,Feliciano,0,INVALID,Privada,625.45
Santino Valentin Nuñez,Hernandez,@@@,Apoyo familiar,###CORRUPT###,357.34
Alejandro,Restrepo,0,Apoyo familiar,Pública,347.21
Laura Esperanza,Vera,0,Apoyo familiar,Pública,396.51
Anabel Trujillo,Gallardo,C0RRUPT3D,Apoyo familiar,<NULL>,408.99
Dr(a). Mateo Benjamin,Blanco,$$$,Apoyo familiar,Pública,400.16
Benjamin,,0,Trabajo,Pública,249.7
Martina Emiliano Diaz,[DAMAGED],0,Crédito educativo,Pública,349.62
Violeta Angelina,Gomez,0,Otro,Pública,391.81
Luis Espitia,Narváez,0,Apoyo familiar,Privada,506.05
Mia Valentina Fernandez,Lopez,1,Apoyo familiar,Privada,651.21
Dalia Linda,Casanova,0,Otro,Pública,489.63
Thiago Valentin Fernandez,Medina,0,###,Pública,307.57
María Vilaplana,,X,???,Privada,352.39
Edilberto Mario,<NULL>,∞∞∞,Trabajo,Pública,287.95
Francisco Santino Franco,Juarez,0,Otro,Pública,254.53
Amelia Ramos,Galiano,0,Trabajo,<NULL>,319.63
XXXXXXXXXXXXXXXXXXXXXXXXXXXXXXXXXXXX,Rodriguez,0,Apoyo familiar,Privada,663.5
Dr(a). Thiago Nicolas,Rios,1,Crédito educativo,Privada,298.65
Eutimio Benavent,Garmendia,1,Beca,{BAD},414.74
Martín Santino Nicolas Sosa,Soto,0,Crédito educativo,Pública,287.81
Nelson Carlos,León,0,Crédito educativo,Pública,268.93
,,,,C0RRUPT3D,C0RRUPT3D
Irene Cantero,Luque,0,Crédito educativo,Pública,194.48
C0RRUPT3D,Solano,0,Apoyo familiar,Pública,417.05
Ignacio Guillermo,Castro,0,Otro,Pública,-888.0
Teresa Asunción Magaña,Palomo,0,Otro,@@@,406.41
Dr(a). Dante,Pereyra,1,Otro,Privada,313.99
Gerónimo José Manuel Gallart,Calvo,0,Apoyo familiar,Pública,344.79
Sara,Lozano,0,XXXXXXXXXXXXXXXXXXXXXXXXXXXXXXXXXXXXXXXXXXXXXXXXXXXXXXXXXXXXXXXXXXXXXXXXXXXXXXXXXXXXXXXXXXXXXXXXXX,Pública,392.09
Leidy Liliana Morales,Galindo,0,Apoyo familiar,Pública,358.87
@@@,Barraza,0,Otro,Pública,459.71
Bianca,Colón,0,Trabajo,Pública,241.85
C0RRUPT3D,Sanchez,###CORRUPT###,Apoyo familiar,Pública,416.17
Isabel Raquel,Zavala,0,Apoyo familiar,Pública,323.76
∞∞∞,Gaitán,0,Apoyo familiar,Pública,419.57
Rosalia Arturo Barraza,Magaña,0,Apoyo familiar,,669.52
Juan Manuel Emma,Dominguez,0,Crédito educativo,Pública,451.62
XXXXXXXXXXXXXXXXXXXXXXXXXXXXXXXXXXXXXXXXXXXXXXXXXXXXXXXXXXXXXXXXXXXXX,Suarez,0,Apoyo familiar,Privada,522.02
Esmeralda Vanesa,Aguirre,0,Trabajo,,271.07
Sandra Muñoz,Pérez,1,Otro,Privada,250.21
Clara Karla Castañeda,Vigil,1,Apoyo familiar,Privada,654.52
Samuel Salvador,Santiago,1,Apoyo familiar,Privada,486.28
Ema Lorenzo Villalba,Acosta,0,Crédito educativo,Pública,310.81
Benjamin,Roldan,0,###CORRUPT###,Pública,374.61
Aura,Antúnez-Trujillo,0,Trabajo,Pública,247.08
,,X,,,
Paulina Catalina,Fernandez,0,Crédito educativo,Pública,204.26
Noa Alba,Aparicio,$$$,∞∞∞,Pública,398.92
Jorge Luis Munguía,Mireles,0,,Pública,335.29
Dario Mauricio Vargas,González,0,Crédito educativo,Privada,229.18
Delfina Emilia Lopez,Gonzalez,0,Apoyo familiar,,BAD
∞∞∞,Nogués,0,Apoyo familiar,Pública,397.23
Francisca Marco,Calatayud,1,Crédito educativo,Privada,395.91
Valentina,Lopez,0,???,Pública,###CORRUPT###
,,,,,
,,,,,
Duilio,Llorente-Batlle,0,Trabajo,Pública,219.75
Ángel,Orozco,1,Apoyo familiar,Privada,488.48
Calista Galvez,Gomila,1,???,Privada,287.75
Tania Peralta,Bayón,0,<NULL>,Pública,497.7
Josep Tamayo,Morales,0,Apoyo familiar,Pública,422.51
Esteban Juan,Giraldo,0,Crédito educativo,[DAMAGED],199.99
Joaquin Gonzalez,Lopez,1,<NULL>,Privada,576.98
Guillermo Rafael Andrade,Ángel,1,???,Privada,390.16
Santino Benjamin Ignacio,Pereyra,1,Apoyo familiar,Privada,661.99
Felicidad Roda,Reig,X,???,Privada,463.56
Inés,Quintero,1,Apoyo familiar,XX,
Maximiliano Romero,Roldan,1,Apoyo familiar,Privada,662.68
Ramona Abril,Peñalver,0,Trabajo,Pública,999999.0
Guillermina Josefina,Arias,0,Otro,Pública,316.18
Francisca Muro,Urías,X,Apoyo familiar,Privada,483.98
Maritza Gómez,Aguilar,0,Apoyo familiar,Pública,443.53
###,{BAD},0,XXXXXXXXXXXXXXXXXXXXXXXXXXXXXXXXXXXXX,Pública,352.35
Benicio,Sanchez,0,Apoyo familiar,Pública,@@@
,Carrera,X,Trabajo,Pública,268.33
Isabella Alexander,Vargas,0,Apoyo familiar,Pública,481.83
Claudia Blanca Bermúdez,Bermúdez,0,Apoyo familiar,Pública,251.99
Sr(a). Paulina,Peralta,{BAD},Apoyo familiar,Pública,424.62
Felix Esquivel,Marín,0,Apoyo familiar,Privada,594.31
Lina Graciana Castell,Mariscal,0,<NULL>,Pública,298.07
Alberto Mora,Meneses,0,Apoyo familiar,Pública,361.71
Marino Roura,<NULL>,0,Apoyo familiar,Privada,459.28
XXXXXXXXXXXXXXXXXXXXXXXXXXXXXXXXXXXXXXXXXXXXXXXXXXXXXXXXXXXXXXXXXXXXXXXXXXXXXXXXXXXXXXXXXXXXXXXXXXXXX,Contreras,0,Apoyo familiar,Pública,308.67
Marisol Delgadillo de la,Fuente,1,{BAD},Privada,329.68
Alonso Eloy,Carbajal,0,Trabajo,XX,244.1
Miguela Azorin,Moraleda,0,Apoyo familiar,Pública,393.18
Ciriaco,Alemany,0,Otro,Pública,457.51
Adriana Emilio Villagómez,Colón,0,Trabajo,XX,289.68
Belén Herrera,Peiró,0,,Pública,303.01
Verónica Beatriz Navarro,,0,Trabajo,Pública,293.81
###CORRUPT###,,,,,
Dr. Victoria,Ramón,1,Apoyo familiar,Privada,518.21
Isabela Joaquín Mascareñas,Rascón,1,Beca,Privada,678.46
[DAMAGED],Vega,0,Trabajo,Pública,214.85
,,,,,0.0
Camilo Andrés,Vargas,[DAMAGED],Crédito educativo,Pública,###CORRUPT###
@@@,Gonzalez,1,<NULL>,<NULL>,671.11
Felix Esquivel,Marín,0,@@@,<NULL>,269.27
Fabián Hoyos,Mesa,1,Apoyo familiar,Privada,436.89
Rubén Guzmán,941757,0,Trabajo,Privada,299.47
Morena Aguirre,Sanchez,0,Trabajo,Pública,342.47
Caridad Alta Gracia Meza,Portillo,INVALID,Apoyo familiar,Privada,511.01
Teodosio Humberto Galán,Gisbert,0,Crédito educativo,Pública,351.7
Manuel Castillo,Jaramillo,X,,Pública,292.45
Florinda Pizarro,Rueda,0,Trabajo,561083,198.6
,Barriga,0,Apoyo familiar,Pública,381.63
Bautista Romero,Sanchez,0,Otro,$$$,304.85
Heidy,Castillo,0,Apoyo familiar,Pública,
<NULL>,,,???,XX,
Santiago Nicolas Sosa,Flores,0,Trabajo,Pública,198.68
Catalina,Castillo,1,Apoyo familiar,Privada,669.43
Andrea Rodríguez,Narváez,0,Apoyo familiar,@@@,412.82
Tomas Benjamin Sofia Belen Ruiz,Diaz,0,Apoyo familiar,Pública,359.0
Franco Clara Guzman,Gomez,0,Apoyo familiar,Pública,312.41
Joaquín,Vásquez,0,Apoyo familiar,@@@,206.37
Pascual Alberdi,Céspedes,1,Beca,Privada,573.19
Vicente Alberto,Montes,0,,Pública,209.47
Valentino,Romero,0,834627,Pública,###
Irma,Portillo,0,Otro,Pública,251.83
Rocío Yolanda Guerrero,Rodríguez,0,Apoyo familiar,Pública,297.29
Jairo David,[DAMAGED],{BAD},Apoyo familiar,@@@,449.38
Lola Julia,Juarez,1,[DAMAGED],Privada,197.04
Flor,Castejón-Millán,1,Apoyo familiar,Privada,540.83
Paula Bermúdez,López,0,Apoyo familiar,Pública,220.71
Úrsula de,España,0,Trabajo,Pública,290.36
Sr(a). Enzo,Ojeda,0,Apoyo familiar,Pública,290.97
María Yeny Mosquera,[DAMAGED],0,Apoyo familiar,Pública,327.35
Víctor,Borrego-Roda,0,Apoyo familiar,$$$,284.28
Jaqueline Salma Velasco,Cavazos,,Trabajo,∞∞∞,195.09
Cornelio Briseño,Miramontes,1,XXXXXXXXXXXXXXXXXXXXXXXXXXXXXXXXXXXXXXXXXXXXXXXXXXXXXXXXXXXXXXXXXXXXXXXXXXXXXXXXXXXXXXX,Privada,421.9
Dr(a). Mateo,Acosta,0,Apoyo familiar,Pública,377.59
Sr(a). Tiziano,Medina,0,Apoyo familiar,Pública,999999.0
Nidia Pedraza,Fuentes,0,???,Pública,260.05
Antonia Juana,Fernandez,C0RRUPT3D,Otro,Pública,10000000000.0
Cristian Edgar Fonseca,Mejía,1,Beca,Privada,467.84
Paloma,Romero,0,Apoyo familiar,Pública,432.19
Ligia González,Ruiz,1,<NULL>,Privada,440.27
,,,,,
Marcela Patricia Jaimes,Cruz,1,Apoyo familiar,Privada,517.21
Dylan Ezequiel Morena,Rojas,0,ERR!!,###CORRUPT###,404.69
Begoña,Jordán,,Apoyo familiar,Pública,338.04
Gabriela,Serra,1,Beca,Privada,387.74
Felipe,Diaz,0,@@@,Pública,429.81
Álvaro,Navarro-Alberdi,{BAD},Apoyo familiar,Pública,325.39
Ángela Ángela,Toro,1,Beca,@@@,333.56
,,,$$$,,
Nadia Pedro Jiménez,Bustamante,0,Trabajo,Pública,322.37
[DAMAGED],Ybarra,0,Trabajo,Pública,264.57
Marianela Polo,Lumbreras,0,Crédito educativo,Pública,270.74
Nerea Calzada,814754,0,Otro,Pública,221.35
Claudia Ruth,Roa,0,Trabajo,Pública,212.21
,,,,,
Bernardo Rodrigo Heredia,Mota,1,Beca,Privada,429.18
Alma Jazmin,Fernandez,0,@@@,Pública,434.39
Sr(a). Wendolin,Guzmán,0,Crédito educativo,XX,370.3
Aurelio Vanesa Muro,{BAD},1,Beca,Privada,306.65
Cristina Ulibarri,Vigil,$$$,Otro,Privada,418.91
María,Garcés,1,Otro,Privada,0.0
Benigno,{BAD},0,áéíóú ñ,Pública,208.24
###CORRUPT###,Martínez,1,Otro,Privada,246.48
Charo,Pedraza-Olmo,0,∞∞∞,Privada,232.72
,,,,C0RRUPT3D,
Lola Julia,Juarez,1,Beca,Privada,408.68
Orlando,Pérez,0,Crédito educativo,Pública,297.71
Agustin Moyano,Torres,0,Crédito educativo,Pública,232.73
Stiven Diego,Parra,1,Trabajo,@@@,267.15
Aleida Vásquez,Quintero,0,Apoyo familiar,∞∞∞,464.64
Sandra Riba,Pi,1,Apoyo familiar,Privada,0.0
Lic. Miguel Ángel de,Jesús,1,Apoyo familiar,Privada,468.47
,Perez,0,Apoyo familiar,Pública,298.91
Cynthia Ángel Lemus,Velázquez,0,Apoyo familiar,Pública,365.25
Dorotea Escobar,$$$,0,Trabajo,XX,324.22
Sofía Jazmin,Maidana,0,Otro,Pública,262.18
Mateo Valentin Gomez,Escobar,,Crédito educativo,,$$$
Olivia Nava,Beltrán,999999.0,Otro,Pública,260.56
Mtro. Lucas,Jaime,1,Crédito educativo,{BAD},241.54
Susana,Leal,0,Apoyo familiar,ERR!!,345.37
Ana Betancur,Torres,0,Trabajo,,209.15
Claudia Cecilia,Torres,###CORRUPT###,Otro,Pública,304.09
699554,Sánchez,0,Apoyo familiar,Pública,362.17
Sr(a). Wendolin,Guzmán,0,Otro,Pública,251.21
Orlando Elkin Sandoval,Gutiérrez,0,Apoyo familiar,Pública,314.94
Virginia,[DAMAGED],0,Apoyo familiar,Pública,304.42
Susana Varela,Orta,0,Apoyo familiar,Pública,309.86
Óscar Salvador,Pellicer,###CORRUPT###,,Pública,###CORRUPT###
Feliciana Seco,Duque,0,Apoyo familiar,Pública,338.25
,,,,,
Sofía,Aguero,VAL8083,Trabajo,Pública,[DAMAGED]
Adela Gilberto,Lara,0,Apoyo familiar,XX,423.55
,,,,XX,
Maribel Naranjo,Carvajal,@@@,Apoyo familiar,Pública,337.88
Sebastián Sierra,Ávila,0,Apoyo familiar,{BAD},331.13
Armando José Molano,Sanabria,0,Apoyo familiar,Pública,453.13
,Garcia,0,Apoyo familiar,Privada,624.61
{BAD},Medina,0,Trabajo,Pública,222.58
Dr. Dulce María,Montoya,0,Apoyo familiar,Pública,401.79
Jhon,Restrepo,0,Apoyo familiar,Pública,383.91
Lucas Sofia Belen,<NULL>,ERR,Apoyo familiar,Privada,484.02
Mercedes Palma,[DAMAGED],0,$$$,Pública,255.66
Angel Gabriel Gomez,Lopez,0,Apoyo familiar,881187,460.93
,,,,,0.0
Uma Benitez,Benitez,0,Apoyo familiar,Pública,322.45
Dr(a). Simon,Castro,1,Apoyo familiar,Privada,608.48
∞∞∞,Roca,0,Otro,Pública,364.01
Bautista Ledesma,Cardozo,0,Apoyo familiar,Pública,414.37
Óscar,Ortiz,0,Apoyo familiar,Pública,<NULL>
Jacinto Esparza,Rolón,0,Apoyo familiar,Pública,460.17
Gabriela,Serra,1,{BAD},∞∞∞,390.51
,Negrete,0,Trabajo,Pública,291.66
∞∞∞,Corredor,[DAMAGED],Beca,Privada,515.58
Tomàs Pilar,Romero,0,Apoyo familiar,Pública,
Miriam,Nogueira,0,Trabajo,###CORRUPT###,INVALID
Cipriano Riba,Piñol,0,Apoyo familiar,Pública,###CORRUPT###
Griselda Zapata,Medina,0,Otro,Pública,358.98
Giuliana Felipe Franco,Carrizo,0,Apoyo familiar,Pública,493.71
$$$,,,C0RRUPT3D,{BAD},
Flavio Calixto Blanes,Bustos,0,Trabajo,Pública,247.73
Ing. Gloria,Gallardo,1,Otro,,$$$
,,,,,
Juan Cruz Isabella,Torres,X,Apoyo familiar,Pública,190.5
,XXXXXXXXXXXXXXXXXXXXXXXXXXXXXXXXXXXXXXXXXXXXXXXXXXXXXXXXXXXXXXXXXXXXXXXXXXXXXXXXXXXXXXXXXXXXXXXXXXXXXXXXXXXXXXXX,,,,{BAD}
,,,,,
Isaac,Colom,0,###CORRUPT###,Pública,447.69
,,,,,
Petrona Nadal,$$$,0,Apoyo familiar,Pública,349.4
Juanita Adela Agustí,Durán,∞∞∞,Apoyo familiar,Privada,596.11
Bernarda,Sáenz-Urrutia,0,Apoyo familiar,Pública,{BAD}
Magdalena Nevado,INVALID,1,Apoyo familiar,Privada,501.74
Francisco,Castro,0,Apoyo familiar,Pública,327.29
Yamid Santiago,Vargas,0,740126,Pública,236.13
Dulce Uriel Guevara,∞∞∞,0,Apoyo familiar,XX,399.41
Thiago Valentin Santiago Benjamin Garcia,Carrizo,0,Crédito educativo,Pública,357.72
Aurora Natividad,Murillo,1,Apoyo familiar,Privada,605.14
Alexander,C0RRUPT3D,<NULL>,[DAMAGED],Privada,<NULL>
Valentino Herrera,Peralta,0,Apoyo familiar,Pública,467.28
Ing. Federico,Arenas,0,Apoyo familiar,Pública,402.62
Benito Irene,Mendoza,0,Apoyo familiar,Pública,246.87
Andrea Linda,Pantoja,0,Apoyo familiar,Pública,358.36
Cristian Brayan Sánchez,Bravo,,Apoyo familiar,Pública,395.41
Oriana Almeida,Porcel,0,Apoyo familiar,Privada,###
Patricia Gutiérrez,Salcedo,1,Apoyo familiar,Privada,496.83
Ruby Diego,Durán,0,Apoyo familiar,Pública,433.03
Máxima Rocamora,Villa,C0RRUPT3D,Apoyo familiar,Pública,385.03
Dr(a). Dylan Ezequiel,Garcia,0,[DAMAGED],<NULL>,473.44
[DAMAGED],Ortiz,0,772824,Pública,157.75
ERR!!,Uribe,0,Apoyo familiar,Pública,341.95
Roberta Serafina España,Laguna,[DAMAGED],Apoyo familiar,Pública,432.46
,###CORRUPT###,,,,VAL5580
Germán Peres,Tejada,0,Trabajo,Privada,280.89
Mateo Agustin Ramos,Alvarez,0,???,Pública,489.04
Alicia,Vásquez,0,Crédito educativo,Pública,400.65
Sr(a). Omar,Altamirano,1,Beca,Privada,577.28
ERR!!,Herrera,0,Apoyo familiar,###CORRUPT###,347.47
Socorro Luis Páez,Puga,1,Trabajo,Privada,
C0RRUPT3D,Aguirre,0,Crédito educativo,Pública,0.0
Jesús Nelson,Rodríguez,###CORRUPT###,Crédito educativo,∞∞∞,345.38
Rosalva Berenguer,$$$,1,Apoyo familiar,Privada,∞∞∞
XXXXXXXXXXXXXXXXXXXXXXXXXXXXXXXXXXXXXXXXXXXXXXXXXXXXXXXXXXXXXXXXXXXXXXXXXXXXXXXXXXXXXXXXXXXXXXXXXXXXXXXXXXXXXXXXXXXXXX,Salgado,###CORRUPT###,Apoyo familiar,Pública,242.04
Camila Juan Cruz Miranda,Gonzalez,0,Apoyo familiar,Pública,419.05
Rubén Guzmán,Rodríguez,0,Apoyo familiar,Privada,441.72
Delia Teresa Matías,Rosario,0,Apoyo familiar,Pública,388.11
<NULL>,Campos,1,###,767482,296.21
Jerson Pablo Ariza,Velandia,1,Apoyo familiar,###CORRUPT###,685.5
Maria Victoria,@@@,0,Apoyo familiar,Pública,318.69
José Peña,Patiño,0,Otro,Pública,408.81
Elena Jimena,Fernández,0,Crédito educativo,Pública,384.88
Victoria Armando,Cadena,0,Apoyo familiar,Pública,380.24
,Olivera,[DAMAGED],Apoyo familiar,Privada,635.57
Jose Ramón Bartolomé,Bayo,0,Apoyo familiar,Pública,325.02
Josefina Cepeda,Serrano,0,Apoyo familiar,Pública,368.28
Amparo Carolina Suárez,Luna,0,Apoyo familiar,Pública,280.27
Luis Manuel Lebrón,Rivero,1,Beca,Privada,530.24
Javier Raúl Almanza,Llamas,0,Otro,Pública,448.41
Pablo Barral,Cuervo,0,Apoyo familiar,,386.85
,,,,,
Gabriela,Baena,0,Apoyo familiar,Privada,454.05
Alejandro José Ortiz,,0,Otro,Pública,###CORRUPT###
Leocadia Hernandez,Blanco,0,Apoyo familiar,Privada,{BAD}
Marina,Figueroa,0,Crédito educativo,,285.08
Marcela Patricia Jaimes,Cruz,1,Beca,Privada,424.7
Emigdio Cid,Ribes,0,Apoyo familiar,Pública,303.69
Sr(a). Valentina,###CORRUPT###,0,Apoyo familiar,Pública,385.53
XXXXXXXXXXXXXXXXXXXXXXXXXXXXXXXXXXXXXXXXXXXXXXXXXXXXXXXXXXXXXXXXXXXXXXXXXXXXXXXXXXXXXXXXXXXXXXXXXXXXXXXXXXXXXXXXXXX,Ponce,1,INVALID,Privada,{BAD}
Modesta Amo,Santiago,0,$$$,Pública,433.64
Catalina Juan Gabriel Martinez,[DAMAGED],0,Apoyo familiar,Pública,259.56
Vilma,Albero,0,Otro,Pública,223.57
Paulina,Hernádez,1,Beca,Privada,411.54
,,,,,
Olivia Grande,Márquez,0,Apoyo familiar,Pública,0.0
Rodolfo Falcón,Álvaro,1,Trabajo,∞∞∞,177.17
Patricio Nadia Colunga,Jaramillo,0,Apoyo familiar,Privada,344.57
Ciriaco Madrid,Alcolea,0,Apoyo familiar,Pública,287.41
Jaime Rosario Alva,Magaña,0,Apoyo familiar,Pública,INVALID
,,,,,
Gonzalo Amo,Rodriguez,0,Trabajo,Privada,206.35
César Catalina,[DAMAGED],0,Apoyo familiar,Pública,318.58
Alejandra,Díaz,0,Apoyo familiar,Pública,534.44
Camila Santino,Benitez,0,Trabajo,Pública,207.33
Agustina Milagros,Martin,0,Apoyo familiar,Pública,389.85
Paola Sierra,Ureña,###CORRUPT###,Apoyo familiar,Pública,247.54
$$$,Abella,1,Beca,Privada,301.1
Guillermina,Alvarez,0,Trabajo,Pública,225.31
Henry Enrique Galindo,Jaramillo,0,Trabajo,Pública,{BAD}
@@@,Mireles,1,Apoyo familiar,Privada,488.21
Sr(a). Lautaro Benjamin,Gimenez,0,Trabajo,Privada,191.28
Dr(a). Luisana,Gomez,1,Beca,Privada,###
{BAD},Aznar,0,Trabajo,Pública,218.09
Luis,Zambrano,0,Apoyo familiar,Pública,335.98
Guillermo Linares,Palomino,1,Trabajo,Privada,297.52
INVALID,,[DAMAGED],,,
Maria Paz Guadalupe Gomez,Correa,1,Trabajo,Privada,272.24
Zaida Vaquero,Iglesias,0,,Pública,458.33
Hipólito Édgar Boada,@@@,0,Apoyo familiar,Pública,449.71
Tomàs Sebastian,Benitez,0,Apoyo familiar,Pública,319.22
881722,@@@,0,Crédito educativo,Pública,321.51
Lilia Rubiela Bastidas,[DAMAGED],0,Trabajo,Pública,327.07
Bianca María del Carmen Ocasio,Cepeda,0,Crédito educativo,Pública,282.95
Roldán del,Díaz,0,Apoyo familiar,Pública,$$$
Dr(a). Thiago Valentin,Vega,0,Apoyo familiar,Pública,0.0
Sr(a). Santiago,Blanco,0,Otro,Pública,311.35
Danilo,Cabello-Carrasco,1,Otro,C0RRUPT3D,285.96
,,,,,
Cornelio Briseño,[DAMAGED],1,Beca,<NULL>,394.16
Hernán Dalia,Pineda,1,Beca,Privada,402.87
Vilma Manjón,Matas,0,Crédito educativo,Pública,244.67
Poncio,Peláez-Yuste,0,Trabajo,Pública,257.47
Ligia,Lara,0,Trabajo,Pública,204.1
Esperanza Lilia,López,[DAMAGED],Otro,$$$,10000000000.0
Damián Parra,Pol,0,XXXXXXXXXXXXXXXXXXXXXXXXXXXXXXXXXXXXX,Pública,330.69
Juan Santino Lopez,Rojas,1,904098,Privada,312.37
Ana López,Vásquez,###CORRUPT###,Apoyo familiar,Pública,413.54
$$$,,,,,
Valerio Santiago Cerro,Montenegro,0,Apoyo familiar,Pública,301.21
Adelardo,Rebollo-Carreño,1,Beca,Privada,0.0
Tania Cecilia,Tejada,0,Apoyo familiar,Pública,337.06
Nuria Lladó,Cabo,0,$$$,Pública,297.34
Héctor Andrés Narváez,Pérez,1,Apoyo familiar,Privada,408.98
Sr(a). Alma,Castillo,0,Apoyo familiar,Pública,394.36
Alejandro Luis Rincón,Salazar,0,Apoyo familiar,Pública,272.05
Omar Leonardo,Girón,0,<NULL>,Pública,268.99
Abril del,Valle,1,Beca,Privada,351.86
Ing. Federico,Arenas,0,Trabajo,Pública,296.07
Mayra Piedad,Pedraza,0,[DAMAGED],∞∞∞,247.03
Fidel Maldonado,Nicolás,1,Crédito educativo,,326.65
áéíóú ñ,,,,,0.0
,,,,,
Giovanni,Castillo,∞∞∞,Trabajo,Privada,195.13
Arsenio Alegre,Reina,1,Apoyo familiar,Privada,<NULL>
@@@,,,,,
@@@,Jaume,,Crédito educativo,Pública,443.52
Dr(a). Francisco,Arias,10000000000.0,,Pública,369.04
Eva Amigó,Cerdán,,Apoyo familiar,Pública,-888.0
Pastora,Taboada-Corbacho,0,$$$,Pública,371.7
Duilio Ávila,Mayol,1,Trabajo,Privada,∞∞∞
Mercedes,,0,Apoyo familiar,Pública,315.11
Perlita Palacios,Luque,1,Crédito educativo,###CORRUPT###,271.04
Erasmo,Arjona,0,Crédito educativo,Pública,305.81
Perlita Palacios,Luque,1,Otro,Privada,248.43
María,Fernández,0,Crédito educativo,Pública,291.62
Julio,González,,Apoyo familiar,Pública,483.47
Diego Jaider Fajardo,<NULL>,<NULL>,Crédito educativo,Pública,452.94
Geronimo Isabella Rios,Pereyra,0,∞∞∞,Pública,280.59
María Milena,Ávila,1,Apoyo familiar,Privada,477.66
,Martínez,0,Trabajo,$$$,275.05
Édgar Baena,Muñoz,0,Crédito educativo,Pública,∞∞∞
[DAMAGED],Quintana,0,Trabajo,Pública,233.7
Violeta Romero,Martinez,0,Crédito educativo,Pública,245.28
Patricio Octavio,Holguín,1,Apoyo familiar,Privada,464.78
Ismael,Paniagua,1,Beca,Privada,@@@
Aureliano Peñalver,Cruz,1,Crédito educativo,Privada,309.14
Santino Benjamin Sofia Gonzalez,Acosta,0,Apoyo familiar,Pública,333.0
Vicente Ayala,Godoy,0,Crédito educativo,Pública,330.38
Diego Jhonatan Martínez,,0,Apoyo familiar,Pública,365.58
Julián,Pintor,1,Beca,Privada,299.03
Régulo Llorente,Carretero,1,???,Privada,468.2
,Coronado,1,Beca,Privada,446.57
Judith Lourdes,Alvarado,0,Otro,$$$,0.0
Miguel Yerson Orozco,,0,XXXXXXXXXXXXXXXXXXXXXXXXXXXXXXXXXXXXXXXXXXXXXXXXXXXXXXXXXXXXXXXXXXXXXXXXXXXXXXXXXXXXXXXXXXXXXXXX,@@@,
Eduardo Bustos,Bustos,0,Apoyo familiar,Pública,351.17
Adalberto Gil,Vega,0,Apoyo familiar,Privada,637.44
Lucas,Fernandez,0,Apoyo familiar,Pública,318.33
,,,,,
Fernando Andrés,Rodríguez,1,Beca,Privada,392.66
Adriana Xiomara,Ibarra,1,Beca,Privada,<NULL>
Isaías Guerra,Benitez,0,<NULL>,Pública,277.94
Bastian,Mendoza,0,Apoyo familiar,Pública,432.86
Macaria Montoya,Ros,1,Crédito educativo,Privada,347.9
Dr(a). Dylan,Hernandez,0,Apoyo familiar,Pública,315.76
Milena,Gallego,X,Trabajo,Privada,241.86
Ángel Juan,Ramírez,0,<NULL>,Pública,318.96
Catalina Lucia Ojeda,Bravo,0,???,Pública,0.0
William Quintero,Ruiz,0,359008,Privada,237.61
Samuel,Acosta,0,Apoyo familiar,Pública,298.42
Zoe,Moyano,0,Apoyo familiar,Pública,330.51
Leoncio Segovia,Arroyo,1,Crédito educativo,Privada,349.33
Dr. Carolina,Cano,0,$$$,Pública,230.59
Sandra Sandra Manrique,Bravo,0,Trabajo,Pública,162.66
Hernán Adela Galarza,Espinal,0,Apoyo familiar,@@@,432.09
Delfina Gonzalez,Garcia,0,Trabajo,Pública,<NULL>
,,,,,
Cecilio Carlos Sierra,Bermúdez,0,Apoyo familiar,Pública,452.18
Karina,González,1,Crédito educativo,Privada,372.39
Vasco Lobato,Cañas,1,[DAMAGED],Privada,362.24
Germán Rodríguez,<NULL>,0,Apoyo familiar,Pública,402.78
Walter Hernández,Montes,0,Trabajo,Pública,247.6
Sonia Carlos,Mendez,0,Otro,Privada,363.35
Concepción Merino,Vergara,0,Apoyo familiar,Pública,387.06
Manuela Córdoba,Rendón,1,???,ERR!!,376.47
María Luz Torres,Beltrán,0,Trabajo,[DAMAGED],313.98
Francisco Javier Camilo,INVALID,0,Apoyo familiar,INVALID,366.1
Marisa,Belda-Sureda,0,XXXXXXXXXXXXXXXXXXXXXXXXXXXXXXXXXXXXXXXXXXXXXXXXXXXXXXXXXXXXXXXXXXXXXXXXXXXXXXXXXXXX,Pública,387.57
Graciela Arboleda,Agudelo,0,Trabajo,Pública,194.15
Edmundo,,0,Trabajo,Pública,207.86
Guadalupe Leiva,Muñoz,0,Apoyo familiar,Pública,328.27
Jeremías Frutos,Barriga,0,Trabajo,XXXXXXXXXXXXXXXXXXXXXXXXXXXXXXXXXXXXXXXXXXXXXXXXXXXXXXXXXXXXXXXXXXXXXXXXXXXXXXXXXXXXXXXXXXXXXXXXXXXXXXXXX,212.88
Sandra Elena,Ortiz,0,Crédito educativo,{BAD},246.51
,,,,,
Clementina Iborra,Calderon,0,Crédito educativo,XX,368.57
María Karen Delgado,Moreno,0,Apoyo familiar,Pública,VAL4103
Bautista Isabel Herrera,,0,Crédito educativo,383729,229.8
Valentina Lladó,Armas,0,Otro,Pública,269.86
Casandra,Puga,1,Beca,Privada,306.62
Amparo Castro,Gallego,X,Crédito educativo,Pública,286.32
Giuliana Valentino Ponce,Lucero,0,Apoyo familiar,Pública,392.49
Guillermo Francisca,Mascareñas,1,Beca,Privada,405.12
Lorenzo del,Carrión,0,XXXXXXXXXXXXXXXXXXXXXXXXXXXXXXXXXXXXXXXXXXXXXXXXXXXXXXXXXXXXXXXXXXXXXXXXXXXX,Pública,352.51
Dr. Emiliano,Fonseca,,Trabajo,Pública,192.65
Franco Alma,Rivero,0,Apoyo familiar,Pública,402.58
Viviana,Pedrosa,INVALID,Apoyo familiar,Pública,197.87
Constanza,Paez,0,Apoyo familiar,Pública,400.62
Felipe Antonia Galván,Nieto,0,Crédito educativo,Pública,999999.0
Sr(a). Geronimo,Gomez,1,Beca,Privada,303.88
Sabas del,$$$,0,Apoyo familiar,XX,343.21
Pedro Oswaldo,Duarte,0,Apoyo familiar,Pública,276.58
Clara,Escobedo,0,Apoyo familiar,Pública,534.14
Miguel Yeison Vega,Ruiz,0,Trabajo,###CORRUPT###,299.41
Carla Esteve,Calleja,0,Apoyo familiar,<NULL>,355.44
Lucio Hernando,Bernal,0,Apoyo familiar,Pública,421.1
,{BAD},,,,VAL1872
Dr(a). Abril,Cardozo,0,Apoyo familiar,XX,286.97
Emma Fernandez,Luna,0,Apoyo familiar,INVALID,402.03
$$$,Jordá,ERR,???,Privada,496.46
Benjamin Valentina,Juarez,0,Apoyo familiar,Pública,377.72
Nacho del,Dávila,1,Trabajo,Privada,231.41
Manuel Andrés Martínez,Quintero,0,Otro,Privada,317.95
Tristán Guerra,Vizcaíno,0,Apoyo familiar,Pública,194.75
Sr(a). Juan Ignacio,Sosa,1,Apoyo familiar,Privada,670.49
Gloria Margarita,Castro,0,Trabajo,Pública,245.87
Armando Lourdes,Casares,0,Apoyo familiar,Pública,330.76
Lautaro Ponce,Ferreyra,0,Apoyo familiar,Pública,344.65
Martin Guillermina Aguirre,Blanco,0,Apoyo familiar,Pública,392.42
Clemente Jos Roldán,Nazario,0,@@@,Pública,479.18
Inmaculada Peñalver,Belda,1,???,Privada,487.28
Andrea Ribera,∞∞∞,{BAD},Apoyo familiar,Pública,-888.0
Quique Alegria,Llabrés,$$$,Apoyo familiar,Pública,227.87
Ismael,Paniagua,1,Apoyo familiar,Privada,507.89
Verónica,Salas,<NULL>,###CORRUPT###,Pública,264.75
Sonia,241472,1,Apoyo familiar,Privada,282.16
,,,,,
{BAD},Solano,0,Crédito educativo,Pública,216.17
Elizabeth Londoño,Alzate,0,Crédito educativo,Privada,249.75
Jackeline Alicia,Rodríguez,0,Crédito educativo,@@@,300.62
José Manuél Emilia,Archuleta,$$$,Crédito educativo,Privada,256.03
Amaya,Escamilla-Clemente,0,Trabajo,Pública,276.88
Catalina Posada,Reyes,0,Trabajo,Pública,257.28
Clara Miguel Ángel,Ferrer,0,Otro,Pública,@@@
Diana Salcido,Rivera,<NULL>,Trabajo,Pública,352.75
Lautaro Ponce,Ferreyra,0,Apoyo familiar,Pública,344.65
,,,,,
Juan Pablo Lisandro,Cruz,0,Apoyo familiar,Pública,440.71
Rosario Ramón,Urbina,0,Apoyo familiar,Pública,330.23
Jazmin,@@@,0,Apoyo familiar,áéíóú ñ,361.72
Francisco Ana Paula,Ortiz,0,Apoyo familiar,Pública,324.47
Jesús Raúl Pérez,Rueda,C0RRUPT3D,Apoyo familiar,ERR!!,303.46
,Ramírez,0,Apoyo familiar,Pública,308.47
Alba Andrea Pérez,Perea,{BAD},Apoyo familiar,Pública,405.89
Severiano Abel Ocaña,Ramón,0,Trabajo,Pública,282.23
Cipriano,Plaza-Carvajal,0,Otro,Pública,476.77
,,,,,
Lautaro Lopez,Ayala,0,Apoyo familiar,Pública,361.87
Mtro. Linda,Gonzales,0,Apoyo familiar,Pública,273.03
,,,,,
Bautista Medina,Mendoza,0,Apoyo familiar,Pública,407.67
Wilmer José,Barrios,0,Apoyo familiar,Pública,421.53
Clara Adame,Murillo,0,Apoyo familiar,Pública,211.95
Nidia de,Ferrándiz,0,Apoyo familiar,Pública,<NULL>
Mateo,Arias,0,Apoyo familiar,Pública,274.72
Elvia César,Lucero,0,Crédito educativo,Pública,298.39
Balduino del,Cabeza,0,Apoyo familiar,Pública,285.67
Amado Carreras,Seco,VAL8423,[DAMAGED],Pública,
Georgina Celia,Anaya,0,Crédito educativo,###CORRUPT###,363.49
@@@,Vega,0,Crédito educativo,Pública,285.73
∞∞∞,Méndez,{BAD},Apoyo familiar,Pública,300.86
Juan Carlos,Múgica,∞∞∞,Apoyo familiar,Pública,378.77
Celestino Llorente,Caparrós,0,Apoyo familiar,Pública,248.43
,,,,,
Mauro Montero,Marrero,0,Crédito educativo,Privada,261.15
Danilo,Cabello-Carrasco,1,Beca,Privada,455.3
Agustín Valdez,Girón,1,Beca,Privada,438.74
Amador Salvador,Torralba,1,Beca,Privada,412.39
Dr(a). Catalina,Aguirre,0,Apoyo familiar,Pública,448.16
Lucas Agustín,Quiroga,0,Trabajo,,250.3
Rodrigo Barrientos,Mora,0,Crédito educativo,Pública,321.87
Nicolás Mercedes Griego,INVALID,0,Crédito educativo,Privada,217.81
INVALID,,,,,
Yudy Forero,Giraldo,0,Apoyo familiar,Pública,489.79
Tiziano Benjamin Diaz,Cabrera,[DAMAGED],Apoyo familiar,Pública,298.78
Dani Villalobos,Arteaga,0,Apoyo familiar,Privada,574.77
Cosme de,Mas,0,Trabajo,Pública,297.44
Tania Ana Luisa Acuña,Razo,0,Apoyo familiar,Pública,432.71
$$$,Alvarez,0,Otro,Pública,374.19
María Jesús Ricarda Cal,Arnaiz,<NULL>,Crédito educativo,Privada,{BAD}
Azucena Ortega,Flor,0,Apoyo familiar,Pública,413.22
,,,,646715,
Sr(a). Federico,Martinez,<NULL>,Crédito educativo,INVALID,225.26
Leandro Cardozo,Santos,0,Trabajo,Pública,###CORRUPT###
Francisca,Amaya-Castrillo,0,Trabajo,Pública,318.96
David Hernán,Delgado,0,Trabajo,Pública,243.0
∞∞∞,Bauzà,0,Apoyo familiar,Pública,273.83
Lorenzo Bianca,[DAMAGED],0,Apoyo familiar,Pública,287.73
Kike Nevado,Blázquez,1,Apoyo familiar,Privada,568.41
,,,,,
###CORRUPT###,Arboleda,0,Otro,INVALID,286.38
Paulina Lobato,Borrego,0,482264,Pública,444.92
Sofía Tania Vigil,Ulibarri,0,C0RRUPT3D,Pública,434.39
Valerio Tamayo,Díaz,0,Apoyo familiar,Pública,406.38
Marcela Camila,Arellano,0,Apoyo familiar,Pública,336.8
,Jordán,0,,Pública,263.11
Valentina,Torres,1,Apoyo familiar,Privada,595.03
Valentino Isabella,Perez,0,Apoyo familiar,Privada,533.91
Camila Luisana Silva,Rojas,0,,Pública,258.45
C0RRUPT3D,@@@,0,Crédito educativo,Pública,337.4
Danilo Mora,Avilés,0,Apoyo familiar,Privada,250.23
Lucía,Agudelo,1,Beca,Privada,354.12
Thiago Gonzalez,Soria,1,Trabajo,[DAMAGED],0.0
Catalina Diaz,Ledesma,1,Apoyo familiar,Privada,419.16
Dario Juan Santos,Manrique,1,Apoyo familiar,Privada,605.21
Eric,Coronado,0,Trabajo,Pública,100.0
Francisca Solé,Ángel,0,áéíóú ñ,Pública,
Valero de,Diez,0,Apoyo familiar,Pública,313.23
576022,Alvarez,0,Crédito educativo,Pública,311.49
Marina Ximena,[DAMAGED],0,Otro,Pública,396.13
Graciela Miguel Ángel Olivas,{BAD},1,Crédito educativo,Privada,
Jorge,Ortiz,0,Otro,Pública,282.26
Alma Ciro Castillo,Ruiz,0,Trabajo,Pública,226.86
,Perez,1,Otro,Privada,323.68
@@@,Ortiz,0,Crédito educativo,Pública,244.63
Agustín,Correa,0,Trabajo,Pública,289.89
Andrea,Angulo,,Trabajo,Privada,200.78
Celia Acedo,Plana,1,???,Privada,507.68
Ariadna,Perea,-888.0,C0RRUPT3D,Pública,300.49
Vidal Pagès,Campillo,0,Apoyo familiar,Pública,340.29
312294,Fernandez,0,Apoyo familiar,Pública,$$$
Amado Mesa,Cuéllar,0,Otro,,INVALID
Lautaro Thiago Nicolas,[DAMAGED],0,Apoyo familiar,,344.49
,,,,,
Sr(a). Juan Cruz,Medina,0,Apoyo familiar,Pública,424.24
Karen Adriana,González,INVALID,Apoyo familiar,Pública,329.71
C0RRUPT3D,,,???,C0RRUPT3D,
Gabriel Hermelinda,Jasso,0,,Pública,231.17
Gerardo Alicia Valverde,Peña,0,Crédito educativo,Privada,224.5
Graciela Rincón,Tafoya,0,{BAD},Pública,261.09
Carmela,Duran-Vega,0,Trabajo,Privada,283.33
Abraham,Jurado,0,Apoyo familiar,Pública,433.19
C0RRUPT3D,@@@,1,Beca,Privada,423.65
Abraham Vélez,Solorzano,0,Trabajo,Pública,296.63
Mauricio Jesús Arango,Ruiz,0,Apoyo familiar,Pública,354.39
Jorge Goicoechea,Abella,0,Apoyo familiar,Pública,319.04
Óliver Sierra,Lebrón,0,Apoyo familiar,Pública,458.37
Dr(a). Mateo Benjamin,Aguirre,1,Beca,Privada,<NULL>
César,Torres,0,Apoyo familiar,,<NULL>
Luisina Alvaro,Correa,0,Apoyo familiar,Pública,353.88
Ernesto,Esparza,0,Trabajo,XXXXXXXXXXXXXXXXXXXXXXXXXXXXXXXXXXXXXXXXXXXXXXXXXXXXXXXXXXXXXXXXXXXXXXXXXXXXXXXXXXXXXXXXXX,121.32
Camila Lucero,Ledesma,0,###CORRUPT###,Pública,0.0
Camila Sandra Flórez,@@@,0,Otro,Pública,217.0
,Valdivia,0,Apoyo familiar,Pública,309.44
Julia Mora Rodriguez,Morales,0,Apoyo familiar,Pública,306.25
Valentino,Rojas,0,Apoyo familiar,XX,286.26
Rico de,Benavent,0,Apoyo familiar,Pública,297.52
Marco Antonio Mateo Cervántez,Palacios,0,Apoyo familiar,Pública,368.01
Sr(a). Benjamin,,0,Apoyo familiar,Pública,476.14
∞∞∞,@@@,1,Beca,Privada,511.76
Dr(a). Lola,Ortiz,0,Apoyo familiar,Pública,415.35
$$$,Gómez,0,Apoyo familiar,Pública,297.23
Esmeralda Cecilia Zarate,Urías,@@@,Apoyo familiar,XX,376.33
Lidia Zambrano,Mosquera,0,Trabajo,Pública,225.45
Sr(a). Miriam,Cisneros,1,Apoyo familiar,Privada,510.08
Manuel Andrés Martínez,Quintero,0,###,Privada,254.14
C0RRUPT3D,Garcia,C0RRUPT3D,Apoyo familiar,Pública,406.42
Adora Borja,Montalbán,0,???,Pública,216.04
Isabella Joaquina,Moyano,0,Trabajo,Pública,201.76
Ing. Gloria,Gallardo,1,Beca,Privada,458.5
,Orjuela,0,Crédito educativo,Pública,C0RRUPT3D
Josep Manzanares,Verdú,0,Crédito educativo,[DAMAGED],426.68
Nadia Vela,###CORRUPT###,0,Otro,Privada,[DAMAGED]
Jose Angel,Cabello,0,,Pública,[DAMAGED]
Natalia Cardenas,Saldivar,0,Apoyo familiar,Pública,348.5
,,,,,
Candela Rodriguez,Escobar,{BAD},???,Pública,312.64
Socorro Magaña,[DAMAGED],<NULL>,Beca,Privada,648.34
Federico Santiago de Anda,Miramontes,0,Apoyo familiar,Privada,C0RRUPT3D
Dr(a). Josefina,Maldonado,0,Apoyo familiar,Pública,374.67
Olivia Agustin,Lopez,0,Apoyo familiar,Pública,362.3
Eduardo,Sánchez,0,C0RRUPT3D,Pública,324.45
Uma Mia Martinez,Gonzalez,1,###,Privada,369.72
Alexandra Amparo,Rojas,0,{BAD},Pública,331.46
Geronimo Leiva,Aguirre,0,[DAMAGED],Pública,277.14
Álvaro,Díaz,0,Apoyo familiar,Pública,416.34
,$$$,,,,{BAD}
Hugo Abril,Rocha,0,Apoyo familiar,Pública,245.98
Esteban de,Carro,0,Apoyo familiar,Pública,383.43
$$$,Martínez,0,Apoyo familiar,Pública,315.63
Roque Rodríguez,Gilabert,0,Apoyo familiar,XX,451.9
Ing. Jacinto,Puente,0,Apoyo familiar,Pública,-888.0
Tito Querol,Rodriguez,0,Crédito educativo,Privada,257.6
@@@,Cordoba,1,Apoyo familiar,Privada,478.87
Luis Salas,Flórez,0,Otro,Pública,423.33
Benigno,Ramis-Acedo,0,Apoyo familiar,Pública,271.93
Valentina Fausto Garcia,Rodriguez,0,Otro,Pública,397.56
Esperanza Nubia,,0,XXXXXXXXXXXXXXXXXXXXXXXXXXXXXXXXXXXXXXXXXXXXXXXXXXXXXXXXXXXXXXXXXXXXXXXXXXXXXXXXXXXXXXXX,Pública,0.0
Paco Isaías Gómez,Barco,0,###CORRUPT###,Pública,-9999.0
Isabella,Gomez,0,Apoyo familiar,Pública,425.71
Isabella Campos,Gomez,0,Apoyo familiar,Pública,517.93
Dr(a). Matias,Peralta,0,Otro,Pública,475.18
Ángela Francia Ortiz,Martínez,0,Otro,Pública,{BAD}
Luis Salas,Flórez,0,,Pública,254.1
María Luz Rodríguez,Gómez,0,Apoyo familiar,Pública,327.5
Juan Cruz Martinez,Romero,0,Crédito educativo,Pública,162.36
María Cristina Serafín Roldán,Serrato,0,Apoyo familiar,Privada,307.26
Fernanda Carmen,Castañeda,0,Apoyo familiar,Privada,290.59
Nayibe Constanza Gómez,Sánchez,0,Otro,INVALID,251.51
Isabella Luca Maidana,Bustos,1,C0RRUPT3D,$$$,236.95
Juan Manuel Milena Vega,Benitez,0,Otro,Privada,438.74
C0RRUPT3D,Llano-Bautista,0,Apoyo familiar,Pública,490.94
Raúl Víctor,Pacheco,[DAMAGED],@@@,{BAD},0.0
Lucio Gimenez,Hoyos,0,Otro,Pública,442.9
José María,Valladares,0,Otro,Pública,442.66
Ivonne,Toledo,0,Otro,Pública,[DAMAGED]
María Elena Ojeda,Miranda,0,Apoyo familiar,Pública,349.31
,,,,,
Virgilio Rovira,Noguera,1,Beca,Privada,401.72
Moisés Marciano Peñas,Diego,0,Apoyo familiar,Privada,1280.37
[DAMAGED],Quiroz,@@@,Beca,Privada,187.81
Andrés Miguel,Castañeda,1,Trabajo,490160,240.31
Victoria,Peralta,0,Otro,áéíóú ñ,265.61
Yuli,Salas,@@@,Otro,C0RRUPT3D,496.85
Genaro José Emilio,Grijalva,0,Apoyo familiar,Pública,383.9
,C0RRUPT3D,X,,,
Nelly Salma,,0,Apoyo familiar,Pública,254.57
Aurelio Feliciano,Colunga,0,Trabajo,Pública,269.75
Juan Cruz,Cardozo,0,Apoyo familiar,Pública,###CORRUPT###
Abril Roma,Bonilla,10000000000.0,Apoyo familiar,INVALID,553.83
Dr(a). Lautaro Ezequiel,Sanchez,VAL1593,Apoyo familiar,,390.46
,Castelló,0,Trabajo,Pública,###
,,,,,
Sr(a). Catalina,Rodriguez,1,@@@,Privada,422.4
Fidela Tere Vera,Gimenez,0,Apoyo familiar,Pública,321.92
[DAMAGED],Zabala-Pozuelo,0,Apoyo familiar,Pública,500.63
Guillermina David,Terrazas,0,Otro,Pública,485.14
Alberto José Pérez,Jiménez,C0RRUPT3D,Apoyo familiar,@@@,521.75
Patricio Octavio,Holguín,1,Beca,Privada,
Thiago Lionel Tobias Diaz,{BAD},INVALID,Trabajo,Pública,230.61
Sofía Gonzalo Lopez,Perez,0,Apoyo familiar,Pública,254.31
Benjamin Barrios,Rojas,0,Trabajo,Privada,230.07
Agustin Victoria,Lopez,C0RRUPT3D,Crédito educativo,Pública,$$$
,,,,,
942220,###CORRUPT###,###,Beca,Privada,433.37
Joaquin Sosa,Lopez,0,Crédito educativo,Pública,270.57
Luciana Mancebo,Frías,1,Apoyo familiar,Privada,428.53
Mirian Teresa,Mendoza,0,Apoyo familiar,Pública,303.07
Mtro. Inés,Candelaria,0,Apoyo familiar,Pública,308.17
Tania,Soto,0,Otro,Pública,<NULL>
Maia Valentina Jazmin,Gonzalez,0,{BAD},Pública,279.36
Mtro. Amanda,Arteaga,0,Otro,Pública,382.01
Marcela Isabel,Romero,0,C0RRUPT3D,Pública,267.4
$$$,,,∞∞∞,###CORRUPT###,
Sofía Gregorio,Montaño,0,Apoyo familiar,Pública,
Ángel Guardado,Pulido,0,Trabajo,Pública,197.82
Gervasio,Marí,@@@,Apoyo familiar,Privada,477.19
Maribel,{BAD},0,Apoyo familiar,Privada,721.01
Alexandra Martha,Muñoz,1,Beca,Privada,303.53
Gustavo Guerrero,{BAD},0,Crédito educativo,Privada,245.84
Heliodoro Múñiz,Oliver,0,Apoyo familiar,Pública,148.85
Alberto Tena,{BAD},1,Apoyo familiar,Privada,403.25
,Torres,X,Trabajo,Pública,246.3
Thiago Gabriel,Fernandez,###CORRUPT###,Crédito educativo,C0RRUPT3D,283.97
Valentina Joaquin Fernandez,Perez,C0RRUPT3D,Trabajo,Privada,331.42
Álvaro,Navarro-Alberdi,0,,Pública,264.12
Joaquín Isaías Bernad,Tejedor,0,Apoyo familiar,XX,
Nelcy Nelly Rivera,Martínez,0,Otro,Pública,281.49
Mamen,Miguel,0,Trabajo,Pública,173.64
Sebastian,INVALID,0,Apoyo familiar,Pública,435.17
Mora Peralta,Castro,1,???,Privada,441.45
Adalberto Isaac Corona,Baca,0,Apoyo familiar,Pública,298.81
$$$,Coronel,0,Apoyo familiar,Pública,417.32
Juan Manuel Rincón,Rincón,0,Crédito educativo,Pública,340.93
Luisana Vargas,Gimenez,###CORRUPT###,∞∞∞,Privada,484.04
Carmen Feliciano,[DAMAGED],INVALID,Apoyo familiar,Pública,285.41
Nydia Pastora Gras,Rosselló,0,Apoyo familiar,Pública,333.52
{BAD},Chavez,0,Apoyo familiar,Pública,235.89
Arcelia Navarrete,Tafoya,0,Trabajo,áéíóú ñ,197.99
Herberto Alarcón,$$$,,Apoyo familiar,Pública,249.18
[DAMAGED],Ortiz,0,Trabajo,,310.45
Pascual Alberdi,Céspedes,1,Apoyo familiar,Privada,INVALID
Manuela Córdoba,Rendón,1,Otro,Privada,299.99
∞∞∞,Peralta,0,871480,Pública,343.72
Sr(a). Abelardo,Haro,0,Trabajo,Pública,257.36
José Valencia,Acevedo,-888.0,Apoyo familiar,Pública,347.97
Javier,Sánchez,0,Apoyo familiar,Pública,362.17
Facundo Sofia Belen,###CORRUPT###,0,Otro,Pública,217.45
Lupe Casanovas,Pinedo,0,Trabajo,Pública,297.52
Camilo Lobato,Oliveras,0,{BAD},<NULL>,351.62
Sofía Jazmin,@@@,0,Apoyo familiar,Pública,294.01
Camilo Enrique Ocampo,Vélez,0,Apoyo familiar,Pública,358.45
Alcides Kike Oliveras,Amo,0,∞∞∞,Pública,376.52
Cristian Marisol,Lira,INVALID,Trabajo,Pública,361.57
Rafael Arias,Gutierrez,0,Apoyo familiar,Pública,348.69
Ciro Sofia Romero,Martinez,0,Apoyo familiar,Pública,290.57
Luz Garzón,Martínez,0,Apoyo familiar,Pública,245.49
Calista del,Moraleda,∞∞∞,Apoyo familiar,Pública,308.59
Andrea Cecilia,###CORRUPT###,{BAD},Beca,Privada,488.81
Benjamin Joaquin,Diaz,0,Apoyo familiar,Pública,435.05
Marisela,Flórez,0,???,Pública,
,,,,{BAD},
Gervasio Rey,Nicolás,0,Otro,Pública,291.35
Thiago Valentin Ian Ruiz,Gonzalez,0,{BAD},Pública,353.66
Mateo Santiago Flores,Juarez,0,Apoyo familiar,Pública,370.78
Delfina Ferreyra,Pereyra,0,[DAMAGED],Pública,316.14
Ana Eugenia Duque,Angarita,0,Apoyo familiar,{BAD},356.94
Daniel,Ponce,1,Apoyo familiar,Privada,646.68
,,VAL7771,,,
Diego Jaime,Álvarez,0,Otro,Pública,483.79
,Vega,VAL1309,Trabajo,,153.23
,,,,,
Lautaro Benjamin Flores,Cordoba,0,Otro,Pública,428.23
Pastora,[DAMAGED],0,Otro,Privada,[DAMAGED]
XXXXXXXXXXXXXXXXXXXXXXXXXXXXXXXXXXXXXXXXXXXXXXXXXXXXXXXXXXXXXXXXXXXXXXXXXXXXXXXXXXXXXXXXXXXXXXXXX,Palacios,0,Trabajo,Pública,212.65
Beatriz Giraldo,Fajardo,1,Beca,Privada,376.43
XXXXXXXXXXXXXXXXXXXXXXXXXXXXXXXXXXXXXXXXXXXXXXXXXXXXX,Torres,0,∞∞∞,Pública,210.36
Isaac Estefanía,Zapata,0,Apoyo familiar,Pública,###
Jordán Ballester,,0,Apoyo familiar,Pública,394.24
,,,,,
,,INVALID,,,###CORRUPT###
Amanda Trinidad,Leyva,0,Apoyo familiar,Pública,319.73
Juan Cruz Pedro Ledesma,Ramirez,0,Apoyo familiar,Pública,348.37
$$$,Gomez,0,Trabajo,XX,305.4
Zoe Valentina Valentina Rivero,Ponce,0,[DAMAGED],Privada,140.39
Úrsula José Guevara,Vélez,0,Otro,Pública,424.92
ERR!!,Julián,0,$$$,Pública,237.83
Julian Emilia Rodriguez,Gutierrez,0,Apoyo familiar,Pública,391.49
Henry Alberto,Palacios,1,Apoyo familiar,,334.76
Tere Arnal,Rubio,0,@@@,Pública,247.22
Fernanda Carmen,Rincón,0,Apoyo familiar,Pública,338.71
Cándida,Lopez,0,Otro,Privada,-888.0
C0RRUPT3D,Sanchez,0,Otro,Pública,229.08
Sr(a). Alma,Perez,1,Beca,Privada,470.44
Julian Emilia Rodriguez,Gutierrez,0,Apoyo familiar,Pública,391.49
Sessa Oswaldo Cabán,Sandoval,0,Apoyo familiar,$$$,332.15
Victoria Bautista Ramos,Sosa,@@@,###CORRUPT###,Pública,C0RRUPT3D
Aida Anguiano,Tejeda,0,Apoyo familiar,Pública,353.55
Darío Arellano,Pons,0,{BAD},Pública,{BAD}
Enrique,Padrón,1,áéíóú ñ,Privada,234.78
,Gastélum,INVALID,Apoyo familiar,C0RRUPT3D,333.07
{BAD},Tirado,0,Apoyo familiar,Pública,280.66
Luisa Luz Aguilar,Rodríguez,0,Trabajo,Pública,209.45
Ruth Ana,Castrillón,1,Apoyo familiar,Privada,@@@
Ariadna Rodolfo Cisneros,Montez,0,Otro,Pública,385.48
Aleida Vásquez,Quintero,0,Otro,Privada,308.77
Áurea Fonseca,Pozo,∞∞∞,Trabajo,Privada,211.65
Ángela Ferrera,Salinas,0,Trabajo,Pública,203.34
Lara Valentina Gomez,Ponce,0,Trabajo,Pública,139.59
Dorotea Soriano,Cabrero,0,Apoyo familiar,Pública,361.27
Micaela Ramos,Ruiz,1,Apoyo familiar,Privada,304.45
Clara,Roig,1,Beca,Privada,552.34
Victoria,∞∞∞,X,Crédito educativo,ERR!!,374.11
Toribio de,[DAMAGED],0,Apoyo familiar,INVALID,340.16
Gisela,Toro,0,,Pública,408.57
Federico Zacarías Arnal,Simó,0,[DAMAGED],Pública,367.69
Katerine Margarita Díaz,Díaz,0,Apoyo familiar,Pública,342.87
Sr(a). Paulina,Riojas,0,Apoyo familiar,Pública,390.25
,,,,,
Benjamin Alejandro,Perez,C0RRUPT3D,Apoyo familiar,Pública,364.39
Hernando Perdomo,Ramos,1,$$$,Privada,457.77
Martina Chavez,Ruiz,0,Apoyo familiar,Pública,345.27
Alvaro Jaimes,Urrutia,0,Crédito educativo,Pública,307.36
Mtro. Gilberto,Irizarry,0,Apoyo familiar,Pública,416.87
Agapito,áéíóú ñ,0,Apoyo familiar,Pública,355.33
Luciano Zoe Jazmin,Fernandez,0,Apoyo familiar,Privada,551.43
,Ríos,0,Otro,Pública,264.7
María Belén Tomé,Cózar,0,Apoyo familiar,Pública,371.63
[DAMAGED],Prieto,0,∞∞∞,{BAD},507.14
Nieves,<NULL>,0,Apoyo familiar,INVALID,498.11
∞∞∞,Gutierrez,0,Apoyo familiar,Pública,INVALID
,,,,,<NULL>
Sofia,Vazquez,1,Beca,Privada,INVALID
Viviana de,Neira,0,Apoyo familiar,Pública,455.18
,,,,,
Dr(a). Gonzalo,Vargas,1,,Privada,334.36
Fanny Margarita Pérez,Vanegas,<NULL>,Apoyo familiar,,304.69
,,,,,
Pepita Aguiló,Bosch,0,Crédito educativo,Pública,389.3
Juan Ignacio,{BAD},0,Apoyo familiar,Pública,@@@
Fabiola Ferrán,Fonseca,0,INVALID,Pública,331.63
INVALID,Jesús,INVALID,Apoyo familiar,Pública,405.21
Ing. Paola,Romero,0,Trabajo,Pública,282.95
,,,<NULL>,,
Juana Alma Mia,Garcia,0,Trabajo,,204.14
Carol Esther,Soto,0,C0RRUPT3D,Pública,400.5
Leticia,Posada,0,Apoyo familiar,Pública,217.91
$$$,Valle,0,???,Pública,443.32
131668,Juarez,0,Apoyo familiar,Pública,414.95
Antonia Francisco Diaz,Morales,0,Apoyo familiar,∞∞∞,∞∞∞
Wendolin Ilse Alcaraz,Corona,0,###CORRUPT###,Privada,522.55
Micaela,Río-Sanjuan,X,Apoyo familiar,Pública,458.04
∞∞∞,Salamanca,1,###,Privada,536.78
Sr(a). Luisina,Benitez,0,Apoyo familiar,<NULL>,335.76
@@@,Soria,0,Otro,,397.75
Diego Camilo Medina,∞∞∞,0,Crédito educativo,Pública,0.0
Mónica Isaac Madrid,Uribe,0,Trabajo,###CORRUPT###,222.79
@@@,Arévalo,0,Apoyo familiar,$$$,382.58
Luz,Gonzáles,0,Apoyo familiar,Pública,0.0
David Arrieta,Prieto,0,Apoyo familiar,Privada,769.93
Luz Hernández,Ramírez,0,Otro,$$$,382.37
∞∞∞,Ramos,1,Trabajo,Privada,243.81
Martina,Molina,1,Beca,Privada,392.28
Lidia de,Buendía,0,Crédito educativo,Pública,
Esmeralda Vanesa,Aguirre,0,Otro,,481.62
Ana Sofía Murcia,Busquets,0,Trabajo,Pública,280.71
,,,,,
Custodia de,Mora,0,Apoyo familiar,Pública,350.16
áéíóú ñ,∞∞∞,-888.0,,,
Jonatan Salom,Corral,0,Apoyo familiar,,482.48
Narciso,Carpio,1,Beca,Privada,277.29
Charo,[DAMAGED],0,Trabajo,Pública,154.55
Sr(a). Valentina,Gomez,0,Apoyo familiar,C0RRUPT3D,C0RRUPT3D
Patricia Yolanda Pérez,Parada,0,Apoyo familiar,Pública,274.41
Maritza Álvarez,Parra,1,Apoyo familiar,Privada,592.59
Sandra Franch,$$$,0,Apoyo familiar,Pública,433.72
Juana,Gutierrez,0,Apoyo familiar,Privada,482.16
,,,,$$$,
Hugo Víctor,###CORRUPT###,0,Apoyo familiar,XX,338.86
Paloma Gonzalez,Ponce,0,Apoyo familiar,Privada,423.23
,Arteaga,VAL3645,Apoyo familiar,Pública,256.71
,Llorente-Batlle,0,Apoyo familiar,Pública,∞∞∞
Martina Mir,Alcolea,@@@,Apoyo familiar,Pública,478.97
Sr(a). Mia,Garcia,0,Trabajo,Pública,10000000000.0
Román Fernando Giraldo,Padilla,1,Apoyo familiar,Privada,374.1
Martha Patricia,Parra,1,[DAMAGED],Privada,321.73
Dr(a). Thiago,Gonzalez,0,Apoyo familiar,Pública,{BAD}
Jacobo Suárez,Venegas,0,Apoyo familiar,Pública,485.43
Guillermina Ayala,Godoy,1,Apoyo familiar,XX,470.88
Santino Franco,Miranda,0,[DAMAGED],Pública,201.91
Laura Fabiola Ledesma,Delgado,0,Apoyo familiar,Privada,844.03
Lucía,Agudelo,ERR,Trabajo,@@@,290.84
Gustavo Noriega,Avilés,0,Apoyo familiar,Pública,391.02
Sr(a). Marcela,Guillen,1,Apoyo familiar,Privada,514.16
Mateo Renata,Rios,0,Apoyo familiar,,281.91
Marisela Llorente,Viñas,1,Beca,Privada,[DAMAGED]
Consuela Bartolomé,Maestre,{BAD},Trabajo,Pública,265.93
Guadalupe Oriana Aguirre,Perez,0,Apoyo familiar,Pública,425.25
Alejandra Silvia,Corral,0,Apoyo familiar,Pública,288.17
Federico,Herrera,0,<NULL>,Pública,245.79
Jhon Alonso,Hernández,0,Apoyo familiar,Privada,465.43
Sr(a). Paloma,Fernandez,0,Apoyo familiar,Pública,331.7
Sr(a). Juana,Muñoz,0,Apoyo familiar,Pública,414.96
,,,,,
Esteban Pedraza,Palau,0,Apoyo familiar,Pública,338.93
Dulce Uriel Guevara,Gil,0,INVALID,∞∞∞,399.41
Dr(a). Lautaro,INVALID,0,Apoyo familiar,∞∞∞,342.19
Juan Gabriel Ponce,Lucero,1,Beca,Privada,351.44
Jesús Andrea,Navarrete,0,Trabajo,∞∞∞,225.01
Soledad Martín,{BAD},0,Apoyo familiar,Pública,400.38
Adela Gabino Gallegos de,León,0,Crédito educativo,Privada,200.92
###CORRUPT###,Camacho,0,Apoyo familiar,Pública,296.66
Amelia Olivia Palma,Carretero,0,Apoyo familiar,,625.56
Jesús Montaña,C0RRUPT3D,0,Apoyo familiar,Pública,324.24
Diana,Rueda,0,Apoyo familiar,Pública,322.11
266458,Arias,1,Apoyo familiar,Privada,327.11
Santiago,Nuñez,0,300300,Pública,304.24
Mateo Agustin Fernandez,Soria,0,Apoyo familiar,Pública,393.96
,,,,,
Alonso del,Pascual,0,Apoyo familiar,Pública,560.48
Omar del,Múgica,0,INVALID,Privada,###CORRUPT###
@@@,Figueroa,0,Trabajo,Pública,
,###CORRUPT###,,,,
,,,,,{BAD}
Mateo Emma Flores,Vera,<NULL>,Apoyo familiar,Pública,363.77
Mtro. Blanca,Salcido,0,Otro,Privada,239.28
Fernando Planas,Medina,1,Apoyo familiar,Privada,343.76
Gael Emma,Silva,0,Apoyo familiar,Pública,544.48
Anselma Codina,Correa,0,Apoyo familiar,Pública,372.05
Cecilia,Angarita,0,XXXXXXXXXXXXXXXXXXXXXXXXXXXXXXXXXXXXXXXX,Pública,332.92
María Yaneth,Caicedo,0,Apoyo familiar,,403.82
[DAMAGED],Mármol,0,Crédito educativo,Pública,INVALID
Ramiro,Rivera,0,Apoyo familiar,Pública,336.7
XXXXXXXXXXXXXXXXXXXXXXXXXXXXXXXXXXXXXXXXXXXXXXXXXXXXXXXXXXXXXXXXXXXXXXXXXXXXXXXXXXXXXXXXXXXXXXXXXXXXXXXXX,Palomino,0,Apoyo familiar,Pública,292.38
Óscar,Olivera,,C0RRUPT3D,Privada,600.11
Leonardo David,Cotto,0,###CORRUPT###,Pública,$$$
Arcelia Domingo,Abellán,0,Apoyo familiar,XX,825.13
César,Lozano,0,@@@,Pública,393.82
Mateo,Ledesma,1,Trabajo,Privada,224.86
Camilo,Pérez,0,Trabajo,Pública,326.62
Ing. Gabino de la,Fuente,0,Crédito educativo,Privada,C0RRUPT3D
{BAD},Juarez,0,Apoyo familiar,Pública,0.0
Claudio Salma,Roque,0,Trabajo,Privada,314.96
Alta Gracia Negrón,Caraballo,0,XXXXXXXXXXXXXXXXXXXXXXXXXXXXXXXXXXXXXXXXXXXXXXXXXXXXX,Pública,408.46
Modesto María Luisa Vargas,Alcala,0,Apoyo familiar,Pública,333.55
Danilo Mendoza,Sánchez,0,[DAMAGED],Pública,@@@
∞∞∞,Jesús,1,Trabajo,Privada,224.64
Adrián Uriarte,Gaya,INVALID,Crédito educativo,$$$,VAL3545
Lic. Amador,Valdés,∞∞∞,Apoyo familiar,Pública,285.36
Stella Martha Rodríguez,García,0,Apoyo familiar,Pública,[DAMAGED]
Alma Mateo,Velasco,0,Otro,Pública,222.68
Juan García,Hernández,0,Apoyo familiar,Pública,390.41
Ángela,Mendoza,0,Crédito educativo,Pública,267.51
[DAMAGED],Suarez,1,Apoyo familiar,Privada,449.81
Cynthia Ángel Lemus,Velázquez,0,Apoyo familiar,@@@,365.25
Nidia Tatiana Molina,Sierra,0,Apoyo familiar,Pública,394.8
,,,,,
Mtro. Rosalia,Ocampo,0,@@@,C0RRUPT3D,$$$
,Díaz,0,Trabajo,Pública,211.93
Itzel Manuel,Venegas,0,Apoyo familiar,Pública,271.46
Emigdio Abad,Mateos,0,Crédito educativo,734431,267.91
Jairo Jhonny,Pérez,0,Apoyo familiar,Pública,378.66
Raquel de,León,0,Apoyo familiar,Privada,561.69
Miriam,###CORRUPT###,0,???,Pública,445.62
Alfonso Mauricio,Pacheco,0,Apoyo familiar,Privada,0.0
,@@@,,,,
Reina Alicia Carrera,Pacheco,0,Crédito educativo,Pública,274.5
Amparo Juliana,Ruiz,0,Crédito educativo,Pública,226.78
,Cañizares,∞∞∞,Apoyo familiar,Pública,351.73
<NULL>,Castañeda,∞∞∞,Apoyo familiar,[DAMAGED],257.73
Santiago,Vazquez,0,Otro,Pública,257.46
Facundo Paloma,Vera,0,Apoyo familiar,Pública,327.74
Máximo Valentina Correa,Lopez,0,Apoyo familiar,Pública,395.22
Conrado Jorge Lluch,Vidal,0,Apoyo familiar,Pública,403.49
###CORRUPT###,Cadenas,1,Beca,Privada,498.78
Alexandra Marina Mora,Mendoza,0,Apoyo familiar,Privada,634.56
Jaime,Carrera-Roca,0,Apoyo familiar,@@@,397.27
Etelvina Palacio,Montalbán,0,C0RRUPT3D,Pública,450.93
Cesar,Royo-Cuadrado,0,Apoyo familiar,Privada,546.75
,,,,<NULL>,
Lautaro Nahuel,[DAMAGED],0,Trabajo,Pública,143.82
Luisana Vargas,Gimenez,1,Beca,Privada,419.81
Lorena,Riascos,0,ERR!!,Pública,426.86
Adalberto Pozo,Maestre,0,Crédito educativo,Pública,265.73
Ruperto Perelló,Villena,0,Apoyo familiar,Pública,351.59
Adriana Xiomara,Ibarra,1,Beca,Privada,523.62
178789,Ibarra,0,Apoyo familiar,Pública,358.56
Isabel Jorge Luis Lozada,Gamez,0,Apoyo familiar,Pública,423.79
C0RRUPT3D,Márquez,0,Apoyo familiar,Pública,404.35
María Luisa,Palacios,0,Crédito educativo,Pública,$$$
Daniel,Ponce,@@@,Trabajo,Privada,
Jacinto Lilia Benavídez,Tamez,0,Otro,Pública,418.15
C0RRUPT3D,Ponce,0,Apoyo familiar,Pública,377.77
Bruno,Pelayo,0,ERR!!,Pública,395.31
Israel Evelio,Tirado,{BAD},Apoyo familiar,Pública,337.42
Carlos Wilfrido Lozano,Ospina,0,Trabajo,Pública,229.95
,,,,,
{BAD},Cabrera,0,Apoyo familiar,Pública,320.4
Marisol,Adame,0,Apoyo familiar,Pública,381.98
Lupe del,Castejón,0,C0RRUPT3D,Pública,###CORRUPT###
Victoria,Alvarez,0,###CORRUPT###,Pública,275.19
Yolanda Portillo,González,[DAMAGED],Trabajo,Pública,280.59
Aurelio Sandra Villarreal,INVALID,0,Apoyo familiar,Pública,417.96
@@@,Alvarez,0,Apoyo familiar,Pública,345.52
@@@,Bartolomé,0,Apoyo familiar,Pública,544.84
Delfina Olivia,Rodriguez,1,Apoyo familiar,Privada,553.89
Lorenzo,Farias,0,Apoyo familiar,∞∞∞,298.42
Alberto,Prada,0,978321,Pública,332.04
Antonio Ibáñez,Fuster,0,Trabajo,Pública,293.62
Dr(a). Delfina,Sosa,0,Apoyo familiar,{BAD},###CORRUPT###
[DAMAGED],Laureano,0,Trabajo,###,302.68
Gerardo Puentes,Vargas,∞∞∞,<NULL>,Pública,371.6
INVALID,Palacios,1,???,,385.69
Andrés Alta Gracia Fonseca,Vélez,1,Crédito educativo,Privada,309.71
Eugenia Mata,Villena,0,Otro,Pública,373.16
Dr(a). Victoria,Diaz,0,Apoyo familiar,Pública,360.43
ERR!!,Burgos,0,Otro,Pública,482.3
Gloria Madrigal,Linares,1,???,Privada,382.79
Carmen,Ortega,1,,Privada,308.21
$$$,XXXXXXXXXXXXXXXXXXXXXXXXXXXXXXX,0,Apoyo familiar,Pública,386.03
Benjamín Octavio,Dávila,1,Apoyo familiar,Privada,###CORRUPT###
Noemí Mario Yáñez,Peña,###CORRUPT###,Trabajo,Pública,241.97
Amílcar,Nogués-Andreu,0,Apoyo familiar,Pública,325.3
Jhon Carlos Romero,[DAMAGED],0,Apoyo familiar,Pública,458.85
Sandra Elena,Ortiz,@@@,Trabajo,∞∞∞,323.26
Joaquina,Medina,0,Trabajo,Pública,<NULL>
Abril Navarro,∞∞∞,0,Apoyo familiar,Pública,227.62
Sr(a). Benjamin,,X,Apoyo familiar,Pública,∞∞∞
###CORRUPT###,Romero,,???,Privada,221.03
Gilma Muñoz,Duarte,0,Apoyo familiar,Pública,411.13
Bautista Benjamin Giovanni,Nuñez,0,Apoyo familiar,Pública,348.35
Dr(a). Emma,Ponce,0,<NULL>,Pública,325.44
Dr(a). Matias,Cabrera,0,Apoyo familiar,Pública,391.12
###,Castillo,0,$$$,Pública,459.8
Iván Luis,Roque,0,Apoyo familiar,C0RRUPT3D,240.27
@@@,Ramón,1,∞∞∞,Privada,201.26
César Salma,Valladares,0,Apoyo familiar,Pública,432.65
Vidal del,Perales,0,Apoyo familiar,Pública,407.81
,Jaramillo,0,Apoyo familiar,Pública,231.59
Thiago Valentin Tiziano Valentin,Martinez,X,Apoyo familiar,Pública,364.42
Benicio Emilia,Ayala,0,,Pública,274.65
Antonella Ortiz,Rodriguez,0,???,Pública,BAD
$$$,Padrón,1,Beca,Privada,{BAD}
Sr(a). Fausto,Lopez,0,Apoyo familiar,Pública,326.71
Victoria Martina,Gonzalez,0,Apoyo familiar,Pública,429.6
Emilia María del Carmen,Sotelo,$$$,Trabajo,Pública,218.11
,,,,,
Genaro Eric Llamas,C0RRUPT3D,1,Crédito educativo,Privada,236.97
Antonia Mateo Godoy,Maidana,,Trabajo,Pública,215.74
Anastasio de,Murillo,0,Otro,Pública,391.27
Lizeth,Rivera,0,XXXXXXXXXXXXXXXXXXXXXXXXXXXXXXXXXXXXXXXXXXXXXXXXXXXXXXXXXXXXXXXXXXXXXXXXXXXXXXXXXXXXXXXX,Privada,487.34
XXXXXXXXXXXXXXXXXXXXXXXXXXXXXXXXXXXXXXXXXXXXXXXXXXXXXX,Rodriguez,1,Apoyo familiar,Privada,572.18
Hipólito Édgar Boada,Carmona,0,Crédito educativo,Pública,330.44
Tulia,Ramírez,BAD,Apoyo familiar,Pública,315.75
Tamara,###CORRUPT###,INVALID,[DAMAGED],Pública,244.79
{BAD},Alcalá-Juárez,0,Apoyo familiar,Pública,449.27
Bernardo Delia,Olivo,VAL1781,Apoyo familiar,C0RRUPT3D,423.11
Patricia Inés,Álvarez,0,Trabajo,XXXXXXXXXXXXXXXXXXXXXXXXXXXXXXXXXXXXXXXXXXXXXXXXXXXXXXXXXXXXXXXXXXXXXXXXXXXXXXXXXXXXX,{BAD}
Charo Céspedes,Amaya,0,Apoyo familiar,[DAMAGED],355.6
Camilo Isaac León,Gómez,0,Apoyo familiar,Pública,[DAMAGED]
Bianca Valdez,Herrera,<NULL>,Apoyo familiar,Pública,498.93
Ángela,Ordóñez,0,Apoyo familiar,Pública,367.15
<NULL>,Paz,INVALID,Trabajo,Pública,226.46
Esther Esmeralda Vallés,Casal,0,Trabajo,Pública,344.38
Matias Jeronimo,Garcia,1,Beca,Privada,601.33
Manuel Moreno,Bustos,0,Apoyo familiar,Privada,467.75
Ing. Juan de la,O,0,Apoyo familiar,Pública,
,Negrete,0,Trabajo,Pública,291.66
José Eduardo Virginia Arroyo,$$$,0,Apoyo familiar,Pública,229.87
Salvador Mateo,Mesa,1,Otro,Privada,433.36
Marcela,Padilla,0,###CORRUPT###,Privada,538.48
Sr(a). Ciro,,0,Trabajo,Pública,114.84
Miguel Angel Thiago Molina,Muñoz,0,???,Pública,
Juana Aragonés,Lorenzo,0,Trabajo,Pública,223.53
C0RRUPT3D,{BAD},0,Apoyo familiar,Pública,354.01
Aroa Vilma Guillen,Cabo,0,Trabajo,Privada,239.65
Abilio Mendez,Sales,0,Apoyo familiar,Pública,356.0
Ing. Sonia,Macías,0,Crédito educativo,Pública,184.08
Victorino Carranza,Ponce,C0RRUPT3D,Trabajo,Pública,247.94
Franco Mora,∞∞∞,1,Apoyo familiar,Privada,587.85
,,,,,
C0RRUPT3D,López,0,Apoyo familiar,Pública,328.89
Eustaquio,Taboada,,Otro,Pública,417.47
Francisco Edgar,Acosta,0,Trabajo,XXXXXXXXXXXXXXXXXXXXXXXXXXXXXXXXXXXXXXXXXXXXXXXXXXXXXXXXXXXXXXXXXXXXXXXXXXXXXXXXXXXXX,282.93
<NULL>,Herrera,0,∞∞∞,Pública,285.36
Yasmín Quintero,Rojas,0,Trabajo,[DAMAGED],234.48
Dr. Omar,,0,Otro,∞∞∞,{BAD}
Alexander Diego,Vanegas,0,Apoyo familiar,Pública,426.17
Homero,Jaramillo,0,Apoyo familiar,Pública,344.15
Paulina Correa,Medina,0,Crédito educativo,Pública,276.87
Humberto,Carreras-Casanova,0,Trabajo,Pública,300.67
Sr(a). Ciro Benjamin,Gonzalez,0,Apoyo familiar,Pública,326.3
Mercedes,Archuleta,0,Trabajo,Pública,188.82
$$$,Perdomo,0,Apoyo familiar,Pública,267.52
{BAD},,,,,
Aurora,Henríquez,1,C0RRUPT3D,Privada,369.11
Jesús Sara,Lozano,0,Apoyo familiar,∞∞∞,467.81
Martha Sofía García,Martínez,1,∞∞∞,Privada,406.74
Luis Óscar,Cárdenas,0,Otro,Pública,316.6
Claudio,Garay,0,###,Pública,266.81
Ignacio Lopez,Alvarez,10000000000.0,503000,Pública,299.18
Antonella Moreno,Luna,0,Apoyo familiar,Pública,355.66
Victoria de la Torre,Dueñas,0,Apoyo familiar,Pública,311.88
Dr(a). Malena,C0RRUPT3D,0,Trabajo,Pública,241.02
Jhon Lozano,Amaya,0,Apoyo familiar,Pública,438.64
Mateo César,@@@,1,Beca,Privada,469.22
Régulo Llorente,Carretero,1,Trabajo,Privada,222.67
Mariano Horacio,Zavala,0,Apoyo familiar,[DAMAGED],424.13
$$$,Barragán,0,Trabajo,Pública,222.61
Ricardo Luis Arias,Ocampo,0,[DAMAGED],Pública,242.3
María Luisa Leiva,Soria,###CORRUPT###,Crédito educativo,Pública,417.4
Benjamin Francisco,Suarez,0,Apoyo familiar,Pública,331.89
Azahar Feliu,Julián,0,$$$,XXXXXXXXXXXXXXXXXXXXXXXXXXXXXXXXXXXXXXXXXXXXXXXXX,387.73
Elsa Zavala,C0RRUPT3D,0,Apoyo familiar,Pública,384.44
Francesca Malena,Gonzalez,0,Apoyo familiar,@@@,@@@
Dr(a). Paulina,Rojas,0,Apoyo familiar,Pública,281.45
Juan Nieto,Suárez,0,Apoyo familiar,{BAD},410.37
Valentino Mateo,Fernandez,1,Otro,Privada,211.58
Franco,Ortiz,0,C0RRUPT3D,Pública,238.86
Santiago Martina,Cordoba,0,Apoyo familiar,Pública,[DAMAGED]
Anacleto Parra,Flor,0,Crédito educativo,XX,BAD
Héctor Díaz,Castro,0,Apoyo familiar,Privada,494.87
Sr(a). Thiago,Hernandez,1,Beca,Privada,532.59
Purificación,Miguel-Gallego,0,Apoyo familiar,Pública,320.52
Valentina Benitez,Fernandez,0,Apoyo familiar,Pública,472.35
Irene,Gómez,0,Crédito educativo,,340.76
Jovita Mónica Zamorano,Viña,1,∞∞∞,Privada,423.86
Florencia Juan Martin Sosa,Gomez,0,Trabajo,Pública,278.4
Felipe Romero,XXXXXXXXXXXXXXXXXXXXXXXXXXXXXXXXXXXXXXXXXXXXXXXXXXXXXXXXXXXXXXXXXXXXXXXXXXXXXXXXXXXXXXXXXXXXXXXXXXXXXXXXXXXXXXXX,0,Apoyo familiar,INVALID,277.12
Fernando Luis Sánchez,Duque,0,Apoyo familiar,Pública,367.52
Catalina Rodriguez,Benitez,0,Apoyo familiar,Pública,0.0
,Vélez,$$$,Apoyo familiar,Pública,411.84
Nazario Flor,Tello,0,,Pública,246.28
Carmelita Barroso,Sebastián,0,Crédito educativo,Pública,395.94
Cristian Río,Niño,<NULL>,Trabajo,Privada,179.65
Thiago Benjamin Gutierrez,Fernandez,1,Beca,Privada,561.9
Dr(a). Josefina,Lopez,0,Otro,Pública,261.54
Catalina Benicio Torres,Ramos,0,Apoyo familiar,∞∞∞,376.15
Uriel Mesa,Olvera,0,Apoyo familiar,Pública,490.07
León Felipe,Bohórquez,1,Trabajo,Privada,271.83
Dolly Salgado,Martínez,0,Trabajo,Pública,211.9
Gustavo César,Martínez,0,Apoyo familiar,Pública,355.67
<NULL>,Olivo,INVALID,Beca,Privada,570.87
Angélica de,Vilanova,1,INVALID,Privada,520.16
Judith Millán,Quirós,1,Beca,Privada,508.53
Fabio Castillo,Vega,0,???,Pública,269.25
Milagros Abigail,Soria,0,Trabajo,C0RRUPT3D,215.98
José Emilio Lucio,∞∞∞,0,Otro,Pública,268.05
Julio,González,@@@,Trabajo,Pública,259.32
Martha Patricia,Parra,1,Apoyo familiar,Privada,{BAD}
Anita Agudo,@@@,C0RRUPT3D,Apoyo familiar,Pública,331.39
Daniel,Godínez,$$$,Crédito educativo,Privada,329.67
Dayana,Buitrago,1,Beca,Privada,396.98
Mónica Carvajal,Saavedra,0,Apoyo familiar,[DAMAGED],641.93
Nelson Quiroz,Narváez,1,Beca,Privada,474.29
,Fernandez,1,Apoyo familiar,,344.23
Sandra Trillo,Camacho,,###,<NULL>,354.31
Ing. Esteban,Roque,0,Apoyo familiar,Pública,416.8
[DAMAGED],Pardo,0,Otro,Pública,435.46
Melisa Manzanares,Sanjuan,0,Apoyo familiar,Pública,343.75
Eutimio de,$$$,1,Apoyo familiar,Privada,511.31
Benjamin,Diaz,0,Otro,$$$,488.9
Adriana Valencia,Rivera,0,Crédito educativo,Pública,262.94
Zoraida Izaguirre,Valverde,0,Apoyo familiar,Pública,415.72
@@@,[DAMAGED],0,292511,Pública,266.59
María,Garcés,1,Trabajo,Privada,255.15
Brunilda,Silva,C0RRUPT3D,Apoyo familiar,Pública,217.93
Olga,Ramírez,0,Apoyo familiar,Pública,377.35
Artemio Cuevas,Peláez,0,Apoyo familiar,Pública,338.65
Clara,Suárez,0,[DAMAGED],Pública,354.34
Yeimy Correa,<NULL>,1,Apoyo familiar,XXXXXXXXXXXXXXXXXXXXXXXXXXXXXXXXXXXXXXXXXXXXXXXXXXXXXXXXXXXXXXXXXXXXXXXXXXXXXXXXXXXXXXXXXXXXXXXX,402.78
Raimundo Llopis,Hierro,∞∞∞,Apoyo familiar,Pública,400.32
Francisco Valentino,Rodriguez,1,Apoyo familiar,Privada,640.43
Irene Molina,Rosales,0,Crédito educativo,Pública,277.29
Mercedes María del Carmen Méndez,Malave,C0RRUPT3D,Trabajo,Pública,287.29
[DAMAGED],Abreu,0,808891,Pública,233.48
,Chavez,0,Apoyo familiar,Pública,328.27
Ing. Olivia,Tapia,1,Beca,Privada,411.73
María Ana,González,0,<NULL>,XX,275.08
Juan Cruz,Lopez,0,Apoyo familiar,Pública,297.81
Alexander Olivia Sanchez,Escobar,1,Apoyo familiar,Privada,416.02
Bertha,Beltrán,0,Trabajo,Pública,366.96
Alexandra Marina Mora,Mendoza,0,???,Privada,634.56
Olivia Bautista,∞∞∞,<NULL>,???,Pública,224.82
###CORRUPT###,Rosales,1,Apoyo familiar,Privada,218.84
Macaria,Arnaiz,0,Otro,Pública,338.2
Carmen,Ortega,1,,Privada,308.21
Mónica Martinez,Bonet,0,Trabajo,Privada,161.67
Luciana Fernandez,Aguero,0,XXXXXXXXXXXXXXXXXXXXXXXXXXXXXXXXXXXXXXXX,Pública,C0RRUPT3D
INVALID,Luna,0,Trabajo,Pública,238.83
Isabella Figueroa,Aguero,0,Apoyo familiar,Pública,369.59
Jacobo Santillán,Colunga,1,Beca,Privada,446.04
Iván Pedro,Cortez,0,Apoyo familiar,,341.93
María Martínez,González,0,Apoyo familiar,<NULL>,248.52
Ramiro Rosario,Polanco,,{BAD},Pública,282.79
,,,,,
,,,,,
,XXXXXXXXXXXXXXXXXXXXXXXXXXXXXXXXXXXXXXXXXXXXXXXXXXXXXXXXXXXXXXXXXXXXXXXXXXXXXXXXXXX,,,,
Ibán Berenguer,Peña,0,Trabajo,Pública,269.06
Dr(a). Thiago Leonel,Perez,0,Apoyo familiar,,399.41
Margoth Fernanda Garzón,López,0,Trabajo,Pública,231.26
Albeiro Torres,Ibarra,0,Trabajo,INVALID,231.74
Fabiola Dueñas,Lorenzo,1,Beca,Privada,577.54
Felipe Tiziana Gonzalez,Blanco,0,Apoyo familiar,Pública,342.48
{BAD},Ángel,1,Trabajo,Privada,322.63
Esmeralda Maximiliano,Lebrón,0,Trabajo,Pública,250.76
Rocío Roberto,Romero,,Apoyo familiar,Pública,469.6
Óliver Luis Manuel,Santana,∞∞∞,Apoyo familiar,Privada,737.58
Claudia Mosquera,Correa,$$$,Trabajo,Pública,195.24
Luisana Francesca,Ojeda,0,Otro,Pública,435.04
José Manuel Pons,Verdú,0,Apoyo familiar,,291.54
Yaiza Mulet,Abellán,0,???,Pública,384.69
Luciano Jacobo Lastra,Miró,@@@,Crédito educativo,Pública,439.06
Victoria,Ferreyra,0,Apoyo familiar,∞∞∞,INVALID
Marisol,Quintana,0,Crédito educativo,Pública,323.42
,,,,,
Candelaria Roda,Villalonga,1,Beca,,417.41
<NULL>,Muñoz,0,{BAD},Pública,336.06
Andrea Gladys,Díaz,∞∞∞,Trabajo,Pública,193.07
Dora Isabel Muñoz,{BAD},0,$$$,Pública,371.27
,Diaz,0,Trabajo,Pública,244.63
XXXXXXXXXXXXXXXXXXXXXXXXXXXXXXXXXXXXXXXXXXXXXXXXXXXXXXXXXXXXXXXXXXXXXXXXXXXXXXXXXXXXXXXXXXXXXX,Rodriguez,0,Apoyo familiar,Pública,447.22
Angélica de,Vilanova,1,Apoyo familiar,Privada,531.19
Valentina Tiziano Valentin Lopez,Gomez,@@@,Otro,Pública,335.49
Sr(a). Thiago Valentin,Herrera,0,Apoyo familiar,Pública,382.68
Lara Luz Milagros,Soria,0,Apoyo familiar,XXXXXXXXXXXXXXXXXXXXXXXXXXXXXXXXXXXXXXXXXXXXXXXXXXXXXXXXXXXXXXXXXXXXXXXXXXXXXXXXXXXXXXXXXXXXXXXXXXXXXX,300.9
Sr(a). Bianca,Castillo,0,Trabajo,Pública,255.37
Rocío Lucía Rojas,Díaz,1,Trabajo,XX,100.0
Rafaél,Fajardo,0,Crédito educativo,Pública,273.89
Aura,Ramírez,0,Apoyo familiar,Pública,295.2
Lic. Elena,Villalpando,0,Otro,Pública,279.46
,,,,,
,,,@@@,,
Sandalio Cañete,Amorós,0,Apoyo familiar,Pública,275.72
Wilmer José Mejía,Mora,1,Apoyo familiar,Privada,631.56
,,,,,
Hilario Cervantes,Guardia,1,Beca,Privada,418.08
Felipe Cárdenas,Gómez,1,Apoyo familiar,Privada,592.7
Karen Delia Sepúlveda,XXXXXXXXXXXXXXXXXXXXXXXXXXXXXXXXXXXXXXXXXXXXXXXXXXXXXXXXXXXXXXXXXXXXXXXXXXXXXXXXXXXXXXXXXXXXXXXXXXXXXXXXX,0,Apoyo familiar,Pública,356.94
Karina,González,1,Trabajo,Privada,257.34
Luciana Blanco,Calleja,0,Apoyo familiar,Pública,378.53
Thiago Paulina Silva,Pereyra,0,Apoyo familiar,Pública,423.51
@@@,Azorin,0,Trabajo,Pública,247.51
Paca,Casado,1,###CORRUPT###,Privada,367.65
Denis,Villamizar,0,Crédito educativo,Privada,303.72
Samuel Carlos Pérez,Ortiz,0,Trabajo,Pública,267.78
Mateo Tobias Soria,Sanchez,0,Apoyo familiar,Pública,423.11
Angélica Gabriela,Posada,0,Apoyo familiar,Pública,
Alejandra,Orta,0,,Privada,604.9
Xiomara Blanca,Mariño,0,Otro,$$$,465.83
Vicente,Gonzalez,0,Trabajo,Pública,200.56
Mercedes,Rodríguez,1,Beca,Privada,525.7
Pedro Pedro,Fernandez,0,Otro,,393.72
Maximo Benjamin Acosta,Miranda,0,Apoyo familiar,Pública,418.73
,Negrón,0,Otro,Pública,258.75
León Sosa,Cordoba,0,Otro,XXXXXXXXXXXXXXXXXXXXXXXXXXXXXXXXXXXXXXXXXXXXXXXXXXXXXXXXXXXXXXXXXXXXXXXXXXXXXXXXXXXXXXXXXXXXXXXXXXXXXXXXXXXXXXXXXXXXX,255.29
Augusto,Sebastián,,Apoyo familiar,,466.59
Francisco Joaquina,Cabrera,0,Apoyo familiar,Pública,359.68
Andrés Olaya,Cruz,0,Apoyo familiar,Pública,407.99
Lucas Escobar,Diaz,0,Trabajo,ERR!!,215.7
,Cases-Pedraza,ERR,Apoyo familiar,Pública,444.27
Angélica Córdoba,∞∞∞,0,[DAMAGED],Pública,286.1
Sr(a). Gilberto,Huerta,0,716410,ERR!!,$$$
Óliver Luis Manuel,Santana,1,{BAD},Privada,286.49
Josep,Meléndez-Tenorio,0,Apoyo familiar,@@@,INVALID
,,,,,
Abraham Javier Alvarez,Sosa,X,Apoyo familiar,Pública,246.92
,∞∞∞,,,,
Timoteo,Carvajal,0,Apoyo familiar,XX,414.83
Cornelio Lucía Tamayo,Balderas,0,Apoyo familiar,ERR!!,273.88
Evelio Elvira Bustos,Alemán,1,Trabajo,Privada,260.84
María del Carmen Ozuna,Leal,0,Trabajo,Pública,264.01
Juan David Ian,XXXXXXXXXXXXXXXXXXXXXXXXXXXXXXXXXXXX,0,Trabajo,Pública,243.3
Luz Milagros Martinez,Romero,1,Apoyo familiar,Privada,436.76
ERR!!,Tello,0,Otro,Pública,200.12
María Jiménez,Cano,0,Apoyo familiar,860101,431.43
{BAD},Romero,[DAMAGED],{BAD},Pública,182.64
María Karen Delgado,Moreno,0,Otro,INVALID,326.37
Jerónimo Pellicer,@@@,0,Trabajo,Pública,199.6
Maia Sofia,Sanchez,0,Apoyo familiar,Pública,333.38
Carmen Eliana,Ospina,1,{BAD},@@@,382.67
Olga Gallego,Ríos,0,Apoyo familiar,Pública,349.78
Hilario de,Leon,X,Apoyo familiar,Pública,437.44
Andrés Anel,Jasso,0,Apoyo familiar,Privada,548.42
Erika Mariana Gutiérrez,C0RRUPT3D,0,<NULL>,Pública,0.0
Genaro Eric Llamas,Partida,1,Beca,{BAD},438.77
Paola Lozano,Salgado,0,INVALID,Pública,246.41
Judith Hernández,Sánchez,1,Trabajo,$$$,262.17
Jazmin Pedro Lucero,Chavez,{BAD},Trabajo,Pública,254.84
José Luis del Río,Cano,0,Apoyo familiar,XX,382.55
Faustino Pallarès,Donoso,0,Apoyo familiar,Pública,328.52
Fausto Alvarez,Campos,1,Apoyo familiar,Privada,541.75
José María Joaquín Carbajal,Rincón,0,###CORRUPT###,Pública,283.3
Augusto,Jiménez,[DAMAGED],???,Pública,386.45
Julio César de,Nicolau,0,Apoyo familiar,Pública,419.65
Doris Fernanda Sierra,García,0,Apoyo familiar,###CORRUPT###,361.81
Matilda Jeremias,,0,Apoyo familiar,C0RRUPT3D,287.86
Jazmín Felicitas,Diaz,0,Trabajo,Pública,268.72
Lola Mateo Benjamin Soto,Diaz,1,Apoyo familiar,Privada,462.32
Débora Ferrándiz,Almazán,0,Apoyo familiar,Pública,197.26
Joaquin Gonzalez,Lopez,1,Beca,Privada,467.37
Henry Alberto,Palacios,1,Beca,Privada,{BAD}
Sr(a). Thiago,Hernandez,1,Apoyo familiar,Privada,514.58
Beatriz Giraldo,Fajardo,1,Apoyo familiar,Privada,494.37
Dr(a). Tomas,Olivera,-888.0,Trabajo,Pública,258.73
<NULL>,Suárez,1,Otro,Privada,230.05
Yasmín Quintero,Rojas,[DAMAGED],Otro,Pública,392.84
Jaime Jorge Viera,Toledo,0,Crédito educativo,Pública,341.46
Víctor Alberto Jiménez,Parada,0,,Pública,277.83
Abigaíl Folch,Sanchez,0,$$$,Pública,<NULL>
Ian Ezequiel Morena,Herrera,0,Apoyo familiar,Pública,391.68
Fernando Contreras,Gómez,,[DAMAGED],Privada,492.75
Vito Barco,Vizcaíno,0,Apoyo familiar,Privada,513.06
Omar,Quiroz,0,áéíóú ñ,Privada,[DAMAGED]
Nidia Marcela,Espitia,0,Crédito educativo,Pública,216.09
Isabel Ospina,Peña,0,Trabajo,Pública,194.89
@@@,Berrocal,###,Apoyo familiar,INVALID,330.34
Agustín Lugo,Rivas,0,Apoyo familiar,Pública,280.25
XXXXXXXXXXXXXXXXXXXXXXXXXXXXXXXXXXXXXXXXXXXXXXXXXXXXXXXXXXXXXXXXXXXXXXXXXXXXXXXXXXXXXXXXXXXXXX,Carrillo,1,Apoyo familiar,Privada,0.0
Virginia Diana,###CORRUPT###,0,Apoyo familiar,Pública,356.36
Camila,Fernandez,0,[DAMAGED],Pública,424.58
Tiziana Ortiz,Aguirre,###,Trabajo,Privada,301.53
Luz de,Santamaria,0,Apoyo familiar,Pública,0.0
Carlos Hernández,Valencia,1,Apoyo familiar,Privada,222.6
Justina Fernandez,Garcia,-9999.0,Apoyo familiar,Pública,335.15
840768,Baca,@@@,Apoyo familiar,Pública,335.73
Margarita Melissa García,,<NULL>,Apoyo familiar,Pública,371.49
María Pilar Romeu,{BAD},0,Apoyo familiar,Pública,[DAMAGED]
###CORRUPT###,Gimenez,1,Otro,Privada,371.27
Sofia Abril,Romero,0,Apoyo familiar,###CORRUPT###,387.06
Adora Borja,Montalbán,0,Apoyo familiar,Pública,146.66
Adalberto Córdoba,Jiménez,∞∞∞,Trabajo,Privada,202.93
Valentino Isabella,Leiva,VAL5470,Apoyo familiar,Pública,338.84
Andrés Enrique,Mosquera,1,Trabajo,Privada,187.25
Francesco,Pereyra,1,ERR!!,Privada,291.4
Jose Angel,Martín-Fiol,0,Trabajo,Pública,228.61
Cristian,Mata,0,Apoyo familiar,Pública,389.96
Débora Hermelinda,Maldonado,1,Beca,Privada,410.69
∞∞∞,Sánchez,@@@,Apoyo familiar,Pública,VAL9998
Óscar Juan,Daza,0,Apoyo familiar,Pública,{BAD}
Dr(a). Bruno,Godoy,0,Apoyo familiar,Pública,358.28
Nury Eugenia,Henao,∞∞∞,Crédito educativo,XXXXXXXXXXXXXXXXXXXXXXXXXXXXXXXXXXXXXXXXXXXXXXXXXXXXXXXXXXXXXXXXXXXXXXXXXXXXXXXXXXXXXXXXXXXXXXXXXXXXXXXXXX,<NULL>
INVALID,@@@,1,Trabajo,Privada,264.0
Mtro. Delia,Carmona,0,XXXXXXXXXXXXXXXXXXXXXXXXXXXXXXXXXXXXXXXXXXXXXXXXXXXXXXXXXXXX,∞∞∞,INVALID
Alma Simon Sosa,Fernandez,@@@,Apoyo familiar,Pública,433.85
Jacinta Carla Zabaleta,Gomila,0,Apoyo familiar,,529.6
INVALID,Lobo,0,Trabajo,Pública,312.76
Silvia Quintero,Esparza,<NULL>,912717,Pública,229.78
Felicitas Velazquez,{BAD},0,Otro,Pública,207.63
Dr(a). Gael,Martinez,0,Apoyo familiar,Pública,391.06
Sr(a). Justina,Morales,0,Trabajo,Pública,276.73
Zoraida Herrera,Fuente,-888.0,XXXXXXXXXXXXXXXXXXXXXXXXXXXXXXXXXXXXXXX,Pública,258.2
Hilario Cervantes,Guardia,1,@@@,Privada,236.17
Pedro José Luis Quintanilla,Cerdá,0,Crédito educativo,Pública,319.19
Jennifer Burgos,Zabaleta,,Apoyo familiar,[DAMAGED],216.41
Mora Isabella Gutierrez,Fernandez,0,Apoyo familiar,Pública,384.63
María Dolores Palomino,Naranjo,0,???,,284.91
Joaquín Ramirez,Ferreyra,0,Crédito educativo,Pública,264.51
Víctor Fabiola de la,Rosa,0,Apoyo familiar,Pública,389.49
Soledad Adela Espinoza,Laureano,1,???,Privada,542.12
Lucía Angelina Suarez,Rojas,0,Otro,Pública,470.77
Yenny Arango,Vargas,1,945230,Privada,@@@
Espartaco Sandra,Corral,0,Crédito educativo,Pública,337.38
Felicidad,[DAMAGED],0,Apoyo familiar,Pública,346.29
Valentino Maria Luz Gonzalez,Martinez,1,Apoyo familiar,Privada,572.32
Etelvina Laura Aliaga,Caparrós,0,Apoyo familiar,Pública,275.04
INVALID,Peláez,0,Apoyo familiar,Pública,{BAD}
Malena Bautista,Maldonado,0,Otro,∞∞∞,367.04
Alberto César Durán,Salas,@@@,Apoyo familiar,Pública,354.81
Dr(a). Mateo Ezequiel,Ramos,0,Otro,Pública,$$$
Úrsula Valderrama,Fuster,0,Apoyo familiar,Pública,295.51
Josefina Sofía Blanco,Figueroa,0,<NULL>,Pública,306.93
Baldomero Porras,Campos,0,Apoyo familiar,Pública,268.47
Dr(a). Martina,Ruiz,0,@@@,Pública,177.65
Jovita Mónica Zamorano,Viña,X,Apoyo familiar,Privada,468.64
Guillermo Linares,<NULL>,X,Beca,Privada,
Mateo Valentin Gomez,Escobar,,Trabajo,Pública,239.25
Raquel Lorenzo Ramírez,C0RRUPT3D,0,Apoyo familiar,Pública,@@@
104536,Tejada,0,Apoyo familiar,@@@,###CORRUPT###
Orlando Pérez,Pérez,1,Beca,<NULL>,565.07
Abril Pizarro,Cruz,X,Apoyo familiar,Pública,297.21
,Ramírez,0,Apoyo familiar,INVALID,258.58
Julia,Melo,0,Otro,[DAMAGED],311.96
Camila Lopez,Soto,1,Beca,Privada,578.03
Maribel,Palacios,1,Otro,Privada,321.5
Alma Adame,Vega,0,Crédito educativo,Pública,-9999.0
Franco,Pereyra,0,Apoyo familiar,Pública,430.68
∞∞∞,Diaz,0,Apoyo familiar,Privada,456.1
Andrés Enrique,Mosquera,1,Beca,Privada,576.18
Fernando Reig,Portillo,0,Crédito educativo,Pública,381.12
María,Jaramillo,0,Apoyo familiar,Pública,@@@
Juan Juan Romero,Ardila,1,Beca,Privada,703.58
Martina Castro,Guzman,∞∞∞,Apoyo familiar,Pública,397.43
Dr(a). Ian Ezequiel,Gomez,1,???,C0RRUPT3D,566.4
Sr(a). Santino,Gutierrez,0,Apoyo familiar,Pública,350.62
Lady Teresa Morales,Giraldo,0,Apoyo familiar,Pública,372.07
Maribel,Palacios,###CORRUPT###,Trabajo,Privada,222.14
,[DAMAGED],1,Apoyo familiar,Privada,544.16
Ana Eugenia,$$$,1,Beca,###,434.0
Carla,Sisneros,0,Crédito educativo,Pública,{BAD}
Ciro Benjamin Rodriguez,Morales,,Apoyo familiar,Pública,342.9
Leticia,Orosco,1,$$$,Privada,
Baldomero Porras,Campos,0,Otro,Pública,345.21
Raúl Víctor,Pacheco,1,Apoyo familiar,Privada,10000000000.0
Johana Andrea,Vargas,0,577862,Pública,387.15
Abilio Cruz,Ramírez,0,Apoyo familiar,Pública,384.99
Sonia Méndez,Camacho,0,INVALID,Pública,480.95
Sandalio Cañete,Amorós,0,Apoyo familiar,Pública,275.72
Lola Paulina Cabrera,Alvarez,0,Apoyo familiar,Pública,367.67
###CORRUPT###,Ramírez,1,Beca,Privada,338.22
Sr(a). Benjamin,Franco,0,Apoyo familiar,Pública,329.9
Hipólito del,Carballo,1,Beca,Privada,@@@
Julián,Pintor,1,Apoyo familiar,Privada,493.51
Dr(a). Maia,Silva,0,Apoyo familiar,Pública,303.86
Benicio Cabrera,<NULL>,0,Apoyo familiar,Pública,0.0
,,,,,
Myriam,Lozano,0,Apoyo familiar,Pública,0.0
Martina Morales,Diaz,1,Otro,Privada,205.41
XXXXXXXXXXXXXXXXXXXXXXXXXXXXXXXXXXXXXXXXXXXXXXXXXXXXXXXXXXXXXXXXXXXXXXXXXXXXXXXXXXXXXXXXXXXXXXXXXXXXX,Cases,0,Trabajo,Pública,###CORRUPT###
Miguel Angel Valentin Cardozo,Rodriguez,0,Apoyo familiar,,423.92
Mtro. Teresa,Aguirre,1,Apoyo familiar,Privada,345.2
Benjamín,Gutiérrez,0,Apoyo familiar,Pública,421.35
Bianca Fernandez,,0,∞∞∞,Pública,331.79
Lic. Germán,Balderas,,Apoyo familiar,Pública,321.52
Lupita Corral,Rozas,0,Apoyo familiar,Pública,226.96
Bernardita,Diéguez,0,Apoyo familiar,Pública,332.48
Sr(a). Franco,Perez,0,Apoyo familiar,Pública,349.72
Oriana Pilar Ortiz,Martinez,0,Apoyo familiar,Pública,VAL2777
Carlos,,0,Apoyo familiar,Pública,INVALID
,,@@@,,###CORRUPT###,
Ever Antonio Ruiz,Salazar,0,Apoyo familiar,873580,404.29
C0RRUPT3D,Pérez,1,C0RRUPT3D,Privada,578.77
Clemente Valls,Coloma,0,Apoyo familiar,Pública,400.39
Hernán Adela Galarza,Espinal,0,Apoyo familiar,Pública,432.09
Ágata,Arnau,###CORRUPT###,Apoyo familiar,Privada,590.93
Benjamin Luca,Acuña,0,Apoyo familiar,Pública,367.09
Leonardo Pla,Hoz,1,Crédito educativo,504238,352.11
Teresa,Navarro,0,Apoyo familiar,∞∞∞,379.29
Dr. Horacio,Rodarte,$$$,∞∞∞,Privada,645.55
Ing. Flavio,Moreno,0,Apoyo familiar,Pública,256.68
Gregorio Murillo,Marroquín,0,Apoyo familiar,Pública,308.28
Wilmar José,Valencia,###,$$$,Pública,355.48
Serafín Nadia,Quiñónez,0,Apoyo familiar,Pública,###
Heriberto Ponce,Ramón,0,XXXXXXXXXXXXXXXXXXXXXXXXXXXXXXX,Pública,211.94
508669,Aguirre,0,Apoyo familiar,Pública,315.67
Mtro. Gonzalo,Mondragón,0,Apoyo familiar,Pública,343.5
Jacinto,Cepeda-Real,0,Trabajo,XX,196.87
,,,,,
@@@,Cáceres,0,Trabajo,Pública,235.48
Álvaro Adrián Sánchez,INVALID,0,Apoyo familiar,Pública,213.61
Consuelo Milena,Álvarez,1,Crédito educativo,Privada,348.81
Arley Mosquera,Díaz,0,Apoyo familiar,<NULL>,306.48
Ricardo Federico Palomo,Laureano,0,Apoyo familiar,Pública,405.51
Jerónimo Verónica Cordero,Gracia,,INVALID,Pública,254.56
Galo Chus Ros,Iniesta,0,Apoyo familiar,882855,369.15
Sara Estrada,Adame,0,Apoyo familiar,$$$,295.77
Susana,Mateo,0,Otro,∞∞∞,401.81
Carlos David Orozco,Delgado,0,Crédito educativo,Pública,219.92
@@@,Gaitán,$$$,Trabajo,Pública,238.94
Arsenio Llorente,Antúnez,1,###,Privada,373.44
Camilo Granados,Alzate,0,Apoyo familiar,Pública,336.64
Alberto César,Sánchez,0,Trabajo,Pública,285.17
Camilo Luis,Saavedra,C0RRUPT3D,Apoyo familiar,Privada,474.16
Elena,Villamil,0,Apoyo familiar,Pública,354.76
Germán Raya,Guerrero,0,Trabajo,Pública,287.95
Marcela Reyes,Villaseñor,0,Apoyo familiar,Privada,@@@
Rodolfo Mitzy,Aguilar,0,Apoyo familiar,Pública,366.97
Bianca Martinez,Romero,0,Apoyo familiar,Pública,225.28
Marina Ortiz,Páez,0,Apoyo familiar,Pública,344.6
Rolando Ornelas,Esquibel,@@@,Apoyo familiar,Pública,367.01
∞∞∞,Gonzalez,0,Apoyo familiar,Pública,332.57
Albeiro Torres,Ibarra,,Apoyo familiar,C0RRUPT3D,436.94
Matilde,Henao,1,Beca,Privada,595.81
Rogelio del,Nebot,1,Beca,Privada,295.44
,Cáceres,INVALID,Crédito educativo,Pública,256.42
Ignacio Liliana,Morales,$$$,Otro,Pública,461.82
XXXXXXXXXXXXXXXXXXXXXXXXXXXXXXXXXXXXXXXXXXXXXXXXXXXXXXXXXXXXXXXXXXXXXXXXXXXXXXXXXXXXXXXXXXXXXXXXXXXXXXXXXXX,Suárez,1,Beca,Privada,336.47
Ing. Mauro de,León,0,Apoyo familiar,Pública,351.5
Eutimio de,Vives,1,Beca,Privada,441.54
Gabino Mariano,Coronado,0,Trabajo,Privada,176.86
@@@,Garcia,∞∞∞,###CORRUPT###,Pública,317.48
Pastora Carreras,Mármol,0,Apoyo familiar,Pública,288.0
Olga Lida Acosta,Londoño,0,@@@,Pública,INVALID
,Torres,<NULL>,{BAD},Pública,231.04
Candela de,Solís,0,Crédito educativo,áéíóú ñ,284.52
Gracia Martín,Tejera,X,,[DAMAGED],
Mora Francesca,Rodriguez,0,Apoyo familiar,Pública,427.39
Nuria Grau,Mármol,0,Trabajo,Pública,212.2
Thiago Ezequiel Moreno,Campos,0,Apoyo familiar,Pública,312.02
Bruno Emilia,Castro,0,Trabajo,Pública,230.09
Lic. Amanda,Magaña,0,Trabajo,Pública,
Perla Daniel Quiñones,Guerrero,0,Apoyo familiar,Pública,314.19
Cipriano,Plaza-Carvajal,0,Otro,Pública,476.77
Flor,Castejón-Millán,1,Beca,Privada,542.99
Alonso Cabrera,Vásquez,0,Trabajo,Pública,302.37
Adriana Emilio Villagómez,Colón,0,Apoyo familiar,Pública,256.49
Remigio Nicolás,Guzmán,X,Apoyo familiar,Pública,288.37
Lorenzo,Torres,0,C0RRUPT3D,Pública,###CORRUPT###
Fernando Américo Cerdá,Marí,<NULL>,Apoyo familiar,Pública,391.45
Alberto Armando Giraldo,Sánchez,0,Apoyo familiar,Pública,349.51
Bautista,Gonzalez,0,Apoyo familiar,Pública,259.8
Liliana Paredes,Alfaro,INVALID,Beca,Privada,390.28
Pascual Donoso,INVALID,0,Apoyo familiar,Pública,315.46
Itzel Moya,<NULL>,0,Trabajo,Pública,323.55
Luca Constanza Barrios,Castillo,1,Trabajo,Privada,263.45
Frida,Saiz,0,Apoyo familiar,Privada,600.32
Alexander,Contreras,1,Trabajo,Privada,219.81
Sr(a). Mora,Cardozo,0,Trabajo,Pública,251.57
Cristian Vélez,Ávila,0,Trabajo,Pública,195.48
Magda Alejandra,Sierra,0,Apoyo familiar,Pública,389.5
Custodio Tapia,Bermejo,0,Apoyo familiar,344268,299.39
,,,,,0.0
Haroldo Tudela,C0RRUPT3D,1,Trabajo,Privada,302.35
Felicitas Maria Emilia Leiva,Flores,0,Apoyo familiar,Pública,403.23
María Valderrama,Báez,$$$,Apoyo familiar,Pública,289.58
Dr(a). Catalina,Carrizo,0,Apoyo familiar,Pública,304.52
Carolina,Tejeda,0,,Pública,489.09
Viviana Constanza,Cárdenas,0,172560,Pública,413.78
María,Bastidas,0,Apoyo familiar,Pública,427.61
,,,,,
Rubén Olegario Mata,Bolaños,$$$,Apoyo familiar,Pública,326.93
Teodoro,Hernández,1,Trabajo,Privada,209.09
Mateo Ojeda,Herrera,,Crédito educativo,Pública,184.82
Alicia Amalia Meléndez,Badillo,0,Crédito educativo,Pública,351.24
Lautaro Nahuel,Maldonado,0,Trabajo,Pública,280.21
,Borrego,0,Trabajo,Pública,0.0
Angelina,INVALID,0,Apoyo familiar,Pública,265.24
Bernardita Gimeno,Blanco,0,Apoyo familiar,Pública,344.56
Severo del,Colom,0,Crédito educativo,Pública,404.38
,,,@@@,,
Mtro. César,Montes,1,Trabajo,Privada,230.22
,,,,{BAD},
Clemente Jos Roldán,Nazario,0,Apoyo familiar,Pública,479.18
Dr(a). Martina,INVALID,0,Apoyo familiar,Pública,425.97
,,X,,,$$$
Tiziano Benjamin Martina,Medina,0,Apoyo familiar,Pública,404.52
Édgar,Pina,1,Beca,Privada,521.81
Anastasia,Prieto,0,Apoyo familiar,###CORRUPT###,358.73
Estrella Hernando,Muro,0,Apoyo familiar,Pública,326.32
Juan Cruz Martinez,Romero,0,Apoyo familiar,Pública,379.04
Alberto Camilo Rodríguez,Hernández,1,???,Privada,557.47
Cintia Catalán,Matas,0,???,Privada,531.38
Aura Navas,Garmendia,0,Trabajo,Pública,313.58
Valero Olmo,Morcillo,0,Apoyo familiar,Pública,478.07
Leonor Pazos,∞∞∞,0,Apoyo familiar,Pública,410.0
Zoe Valentina Sofia Rodriguez,Aguirre,0,Trabajo,Pública,256.33
Bernardita,Albero,0,Crédito educativo,Pública,343.29
León Alexis,Giraldo,0,Apoyo familiar,761330,{BAD}
Paola Lozano,Salgado,0,Crédito educativo,Pública,266.15
Amílcar Fabio Tomas,Aznar,0,Apoyo familiar,Pública,398.98
Leydi Socorro Padilla,Mendoza,0,Apoyo familiar,Pública,$$$
Cleto Gonzalo,Guardiola,0,Apoyo familiar,,370.84
Edelmira Herrera,[DAMAGED],1,Apoyo familiar,Privada,346.06
Victoria Gonzalez,Fernandez,1,Apoyo familiar,Privada,404.33
Ángela Padilla,Curiel,X,Apoyo familiar,INVALID,0.0
Evelio Casares,Reyes,0,Apoyo familiar,Pública,365.72
Marc Pascual Galiano,Clavero,1,Beca,XX,474.92
Lautaro Benjamin Amparo,Miranda,0,C0RRUPT3D,Pública,358.68
Mtro. César,Montes,1,???,<NULL>,398.33
Mateo,Ledesma,1,Crédito educativo,Privada,370.73
Mtro. Rosalia,Ocampo,0,Apoyo familiar,Pública,303.22
Concepción Darío,Corona,VAL7438,Crédito educativo,Privada,<NULL>
Arley Héctor,Suárez,0,Trabajo,Pública,239.63
Ivonne,Toledo,0,Apoyo familiar,596168,294.58
$$$,Apodaca,0,Otro,Pública,378.82
Beatriz Rivera,Muñoz,1,Beca,Privada,582.88
Margarita Méndez,Durán,0,$$$,Pública,228.52
@@@,Uriarte,@@@,Apoyo familiar,Pública,###CORRUPT###
Alexandra,Benavente,0,Trabajo,Pública,284.08
Dr(a). Josefina,Lopez,0,Apoyo familiar,∞∞∞,549.02
Santos Sobrino,Mancebo,1,Apoyo familiar,Privada,532.34
269262,@@@,1,Beca,Privada,387.83
Carolina,Guardiola,0,Crédito educativo,Pública,181.52
Dulce,Leiva,0,INVALID,768647,ERR
Ángel Jerónimo,@@@,0,Apoyo familiar,[DAMAGED],356.25
Febe,Luján,0,Apoyo familiar,Pública,166.73
áéíóú ñ,Cerdá,0,Trabajo,Pública,###CORRUPT###
Cleto de,Gelabert,0,[DAMAGED],@@@,130.75
<NULL>,Valdés,0,Apoyo familiar,Pública,348.93
Beatriz Giraldo,Fajardo,∞∞∞,Crédito educativo,Privada,308.34
Luisa Ramírez,Duque,∞∞∞,Trabajo,Pública,335.21
Dr(a). Alma,Gonzalez,0,Apoyo familiar,Privada,402.56
Ileana,Antón-Andrés,0,???,XX,282.38
Thiago Leonel Lola Diaz,Romero,0,Apoyo familiar,Pública,389.49
Luz,García,0,Apoyo familiar,Pública,366.72
,,,,,
Ciro Juan,Mora,0,Otro,Pública,349.15
Dr(a). Valentina,Paz,[DAMAGED],???,,485.1
ERR!!,,,,,
Juan,Oquendo,0,@@@,C0RRUPT3D,334.52
Liceth Leidy Zuluaga,Suárez,0,Apoyo familiar,Pública,299.35
Lautaro Ezequiel Josefina,Leiva,0,Crédito educativo,Privada,282.98
Valentino Gomez,Gutierrez,0,Apoyo familiar,Pública,349.69
Nuria Mendez,Saldaña,1,Apoyo familiar,Privada,710.4
María Arias,Tovar,0,Apoyo familiar,XX,378.11
$$$,Alonzo,0,Apoyo familiar,Pública,257.91
Clara Ariño,Barreda,0,Otro,Pública,373.57
Andrés Hernando,Caicedo,0,Apoyo familiar,Pública,416.47
Hilario Campo,Noguera,0,Otro,Pública,223.55
Elena,Benitez,0,Trabajo,Pública,227.55
Mateo Agustin Ramos,Alvarez,0,Crédito educativo,Pública,320.99
Juana,Giraldo,0,Apoyo familiar,Pública,213.16
Adriana Bruno Espinal,Verdugo,,Crédito educativo,###CORRUPT###,157.7
Pío de,Pedrosa,1,Trabajo,@@@,258.76
,Velásquez,0,Apoyo familiar,XX,331.44
Isabella,Perez,0,Apoyo familiar,Pública,352.87
Arbey Jesús,Martínez,0,Apoyo familiar,Pública,273.44
Abigaíl Folch,Sanchez,999999.0,Trabajo,C0RRUPT3D,238.73
Alba Andrea Pérez,Perea,0,Otro,772725,332.36
Nicolas Miranda,Pereyra,,Crédito educativo,Pública,400.49
Elias,<NULL>,1,Beca,{BAD},459.86
Rafael Cristian León,Vargas,C0RRUPT3D,Apoyo familiar,Pública,323.97
Cleto de,INVALID,0,Apoyo familiar,Pública,375.86
Santino Faustino,Silva,0,Crédito educativo,Privada,263.75
Frida María Cristina,Guajardo,0,Crédito educativo,Pública,297.64
Dr(a). Joaquin,INVALID,0,Apoyo familiar,,-888.0
Martina,Molina,1,Apoyo familiar,Privada,390.9
Flavio Bueno,Ledesma,0,@@@,Privada,507.87
María,Gómez,0,C0RRUPT3D,Pública,$$$
Ing. Ana,Alba,0,Trabajo,Pública,278.42
Gustavo Julián Hurtado,Castellanos,$$$,Apoyo familiar,,451.18
Alejandro,Gil,1,Trabajo,Privada,{BAD}
{BAD},Doménech,1,Apoyo familiar,Privada,464.39
Diana Julio Gil,Nieto,0,Apoyo familiar,Pública,424.61
León Juarez,Sosa,0,Apoyo familiar,Pública,259.32
Lola Lobo,Peinado,0,Otro,Pública,{BAD}
Sebastian Josefina Juarez,Gutierrez,1,Beca,Privada,503.38
,,,,,
José Luis Paola de la,Garza,0,@@@,áéíóú ñ,299.12
Danilo Antonio,Muñoz,0,Trabajo,Pública,229.9
$$$,Vanegas,0,Apoyo familiar,Pública,401.42
Pedro Gámez,,0,Apoyo familiar,[DAMAGED],296.66
Agustín Moreno,Parra,0,Crédito educativo,Pública,218.41
Thiago Valentin,Ledesma,,???,Privada,351.13
Eutimio Benavent,Garmendia,1,Apoyo familiar,XX,435.75
Alvaro Alonso,Ríos,0,Apoyo familiar,Pública,388.95
Irma Amalia,Miramontes,0,Apoyo familiar,Pública,407.62
Leonardo Jaramillo,Sánchez,0,Apoyo familiar,XX,262.75
Porfirio Peña,Zelaya,0,Apoyo familiar,Pública,333.35
,,,,INVALID,
Armando Guitart,∞∞∞,0,Apoyo familiar,Pública,369.33
,,,,,
@@@,Arias,1,Apoyo familiar,Privada,C0RRUPT3D
Sandra Angie,Ortega,0,Otro,Pública,366.53
Sr(a). Valentina,Rodriguez,0,Trabajo,XXXXXXXXXXXXXXXXXXXXXXXXXXXXXXXXXXXXXXXXXXXXXXXXXXXXXXXXXXXXXXXXXXXXXXXXXXXXXXXXXXXXXXXXXXXXXXXXXXXXXXXXXXXXX,169.68
Rita Dueñas,Arnal,0,Trabajo,Pública,284.9
Vera Leire Gárate,Gaya,0,Apoyo familiar,Pública,311.7
Fausto Jose Angel Cañas,$$$,0,???,Pública,399.1
Santiago Timoteo,Palomino,999999.0,Otro,Pública,@@@
Carolina,Guardiola,0,Trabajo,Pública,999999.0
,,,,,
Adriana Francisca,Uribe,0,Trabajo,Pública,227.31
,,,,###CORRUPT###,
Dora Vera,Pablo,0,C0RRUPT3D,C0RRUPT3D,504.01
###CORRUPT###,Ángel,C0RRUPT3D,Beca,Privada,330.31
Ricardo,Bohórquez,1,XXXXXXXXXXXXXXXXXXXXXXXXXXXXXXXXXXXXXXX,Privada,213.95
Román,Poza-Bellido,0,Apoyo familiar,ERR!!,685.1
Fabio Montesinos,Lamas,0,Apoyo familiar,Pública,380.44
Marc Pascual Galiano,Clavero,1,$$$,{BAD},INVALID
María Luisa Alfredo,Espinal,0,[DAMAGED],Pública,348.05
Marcelino,Velasco-Roma,0,Crédito educativo,Pública,ERR
Concepción Alberto,Arredondo,INVALID,Apoyo familiar,Privada,519.72
Ricardo,Medina,1,Beca,Privada,409.97
Ariel Cabrera,Salcedo,,Apoyo familiar,Pública,334.03
∞∞∞,Sanchez,1,Crédito educativo,Privada,236.69
Lic. Indira,Razo,1,Beca,Privada,366.27
,,,,,
Juan Diego,Ruiz,@@@,Apoyo familiar,###CORRUPT###,302.46
Juan Bautista Sofía,Vera,0,,Pública,388.74
María Teresa Mónica,Carranza,0,{BAD},XX,343.2
Ing. Sessa,[DAMAGED],1,Apoyo familiar,Privada,505.58
Jhan Benítez,Rojas,0,Apoyo familiar,Pública,391.21
Carolina,<NULL>,0,Trabajo,Privada,188.32
Eladio Sebastián Dávila,Anguita,0,Otro,Pública,317.32
Juan Pablo Nieto,Tena,,∞∞∞,Pública,∞∞∞
Santiago Rodriguez,Lopez,0,Apoyo familiar,Pública,243.92
Chita Juárez,Domingo,,Beca,Privada,323.77
Uma Mia Martinez,Gonzalez,1,Apoyo familiar,Privada,568.57
Eulalia Mendizábal,$$$,0,Apoyo familiar,INVALID,382.49
Humberto Ceballos,Cerón,0,@@@,Pública,274.7
María Mabel,Díaz,0,<NULL>,Pública,315.24
Dulce,Sandoval,[DAMAGED],Apoyo familiar,Pública,421.3
Leoncio Larrea,Sanmiguel,X,Crédito educativo,,314.31
Sr(a). Nina,Castro,1,Apoyo familiar,,582.11
Lucía,Alvarez,0,Trabajo,Pública,@@@
Henry Alberto,Palacios,1,Trabajo,Privada,199.39
Geronimo Gomez,Ferreyra,0,Apoyo familiar,Pública,231.05
Josep Tamayo,Morales,0,Trabajo,Pública,259.38
Diana,@@@,0,,{BAD},284.04
Vito Duran,Gual,0,Apoyo familiar,Privada,425.06
###CORRUPT###,Villa,1,Beca,Privada,422.31
Giovanni,Castillo,C0RRUPT3D,Apoyo familiar,Privada,∞∞∞
María Tolosa,Mendoza,0,Apoyo familiar,Pública,323.76
Ariadna Rincón,Rosado,0,Crédito educativo,Pública,###CORRUPT###
Esmeralda Paula Aguilar,,0,Apoyo familiar,Pública,317.08
Luana Valentino,Gutierrez,0,Apoyo familiar,###,619.97
Orlando Elkin Sandoval,Gutiérrez,0,Trabajo,Pública,329.66
Miguel Noriega,Llorente,0,Apoyo familiar,Pública,440.96
INVALID,Vera,###CORRUPT###,Otro,[DAMAGED],463.87
José,López,0,Trabajo,Pública,389.3
Bruno Reina,Sanches,0,Apoyo familiar,Privada,584.55
Andrea,Martínez,0,Apoyo familiar,Pública,216.79
José Sandoval,Granados,0,Apoyo familiar,Pública,VAL3099
Anastasia Fernández,Azorin,0,Apoyo familiar,Privada,428.15
José Ángel del,Pujol,0,Apoyo familiar,Pública,391.83
Luisina Josefina Fernandez,Garcia,0,Otro,Pública,231.48
Eva Almeida,Daza,∞∞∞,Apoyo familiar,Privada,413.57
Fabiola Palomo,Sáenz,0,Apoyo familiar,Pública,452.12
Nancy Rosa,∞∞∞,0,Apoyo familiar,Pública,345.4
XXXXXXXXXXXXXXXXXXXXXXXXXXXXXXXXXXXXXXXXXXXXXXXXXXXXXXXXXXXXXXX,Suárez-Barrena,0,áéíóú ñ,Pública,410.19
Carolina Ana,Gutiérrez,0,Apoyo familiar,Pública,349.97
,,,,áéíóú ñ,
Samuel Olivia Aguero,Barrios,0,Apoyo familiar,Pública,239.28
Mariana Sara Montalvo,,$$$,Apoyo familiar,Pública,411.23
Ing. Yolanda,Moreno,@@@,C0RRUPT3D,Pública,484.86
César Fernando Osorio,Ibarra,0,Apoyo familiar,Pública,417.93
Pedro José Luis Quintanilla,Cerdá,0,Apoyo familiar,C0RRUPT3D,240.32
,Sáenz,0,Trabajo,Pública,169.36
Bautista Benjamin Ponce,Cruz,0,Otro,Pública,BAD
Ing. Ana,Alba,0,Apoyo familiar,Pública,392.56
Conrado Jorge Lluch,Vidal,0,{BAD},Pública,403.49
Hilario Campo,Noguera,0,Otro,Pública,223.55
Roberto Lluch,∞∞∞,0,Apoyo familiar,Pública,306.16
Ignacio Correa,Ruiz,0,Apoyo familiar,Pública,349.5
Mtro. Genaro,Contreras,0,Trabajo,Pública,###CORRUPT###
Andrea Eliana Rodríguez,Vásquez,1,Trabajo,Privada,195.18
Lic. Amador,Valdés,0,Apoyo familiar,Pública,285.36
Mariano Luis Manuel Laureano,Adame,∞∞∞,Apoyo familiar,$$$,579.44
C0RRUPT3D,Tomas,0,Trabajo,Pública,0.0
Esparta Anabel,Chavarría,0,Trabajo,,282.32
Héctor Andrés Narváez,Pérez,1,Apoyo familiar,Privada,408.98
,,,284207,809722,
,<NULL>,,,,###CORRUPT###
Ing. Sonia,Macías,0,Apoyo familiar,123152,@@@
,,,,,
Débora Ferrándiz,Almazán,0,Apoyo familiar,Pública,INVALID
Álvaro Junior Arrieta,Amaya,<NULL>,Crédito educativo,Pública,-9999.0
Emilio Loreto Roselló,Mayo,0,Apoyo familiar,Pública,457.79
Rafael Leal,Parada,0,Apoyo familiar,Pública,431.55
Paulina,Hernádez,1,Apoyo familiar,Privada,347.87
Benjamin Sanchez,Fernandez,0,Otro,Pública,493.24
,C0RRUPT3D,,,,
Pedro Victoria,Moreno,0,INVALID,Pública,10000000000.0
Adelina Fuentes,Córdoba,ERR,Apoyo familiar,Pública,0.0
Aida,Corrales,0,???,Pública,241.47
Milagros Amparo Hierro,Aguiló,0,Otro,Pública,469.38
Lucila Sacristán,Barrio,1,Otro,Privada,340.9
Margarita Baca,Madera,0,Otro,∞∞∞,228.48
José Enrique Parra,Pineda,0,Apoyo familiar,Pública,361.19
Maria Luz Jazmin,Vazquez,1,Apoyo familiar,[DAMAGED],410.22
900562,Guzmán,0,Crédito educativo,Pública,293.75
Macaria Montoya,Ros,1,Trabajo,Privada,{BAD}
Jesús Beltrán,León,0,Apoyo familiar,Pública,{BAD}
Ana,Lozano,0,Trabajo,Pública,206.95
∞∞∞,Pabón,1,208005,Privada,333.2
Lola Juana Fernandez,Flores,0,Crédito educativo,Pública,452.35
Gustavo Escamilla,Maldonado,0,Otro,Pública,279.67
Roberto,Nevárez,,Apoyo familiar,Pública,315.81
Jazmín Candela Rodriguez,Luna,0,Apoyo familiar,Pública,0.0
@@@,###CORRUPT###,0,???,Pública,344.0
Juan Ignacio,Molina,0,Trabajo,Pública,210.14
Guadalupe,Coronel,0,Apoyo familiar,Privada,358.86
,,,,,
Hernando Fernando,Vargas,0,Apoyo familiar,Pública,447.14
,Pérez,0,Apoyo familiar,Pública,0.0
Noé Sainz,Cerdá,0,∞∞∞,Pública,285.98
Mónica,Estrada,0,Apoyo familiar,Pública,465.91
939934,Estévez,0,Apoyo familiar,Pública,388.58
Carlos,Bautista,0,Trabajo,Pública,286.61
Benicio Romero,Perez,0,Crédito educativo,Pública,244.56
Otilia Andres,Cueto,X,Trabajo,Pública,313.62
,,###CORRUPT###,,,
Ciríaco Abella,Cerdá,1,Apoyo familiar,Privada,585.48
Alberto,Hernández,0,Apoyo familiar,,BAD
Isabela María Eugenia,Collado,0,Otro,Pública,{BAD}
Pascual del,Antúnez,0,Apoyo familiar,Pública,374.92
,,,,,
Severiano Abel Ocaña,Ramón,0,Apoyo familiar,Pública,<NULL>
Oswaldo Wilson Cárdenas,Bustos,0,Apoyo familiar,{BAD},351.37
@@@,Diaz,1,Beca,Privada,[DAMAGED]
Luis Hoyos,###CORRUPT###,@@@,Crédito educativo,Pública,315.55
Emma Santos,Uriarte,0,Otro,Pública,223.16
Esteban Elkin Domínguez,González,0,Apoyo familiar,Privada,518.42
Elena,Gonzalez,0,Otro,Pública,491.92
Sonia,Cordero,1,Trabajo,C0RRUPT3D,250.55
Leonardo Marisela,Benítez,0,Crédito educativo,Pública,253.86
Édgar,Pina,1,Apoyo familiar,451604,634.96
Luisana Francesca,Ojeda,0,Apoyo familiar,Pública,{BAD}
Alfonso Jhon Bohórquez,Pacheco,0,Crédito educativo,Pública,VAL4614
Teodoro,Hernández,1,Apoyo familiar,Privada,392.85
,,,,,
Timoteo Víctor,Preciado,0,???,XX,344.78
[DAMAGED],Olivera,0,Apoyo familiar,Pública,282.64
Arturo Santiago,Aragón,0,Otro,Pública,298.27
Ángeles Rodrigo,Huerta,0,Crédito educativo,Pública,344.7
María Laura,Díaz,1,Beca,Privada,494.62
Manuel Juarez,Diaz,X,Apoyo familiar,Privada,433.69
Ing. Victoria,Sotelo,0,Trabajo,Privada,289.29
Agustin Benitez,Fernandez,0,Apoyo familiar,Privada,447.08
Vanesa Salinas,Lucero,0,Crédito educativo,Pública,331.46
Cristina Palacios,Medina,BAD,Crédito educativo,Privada,348.94
Pablo del,Ricart,1,Beca,Privada,C0RRUPT3D
Gonzalo Francisco Ponce,Romero,0,301536,Pública,319.38
Chus Cordero,Busquets,1,Otro,Privada,423.06
C0RRUPT3D,Crúz,0,Trabajo,Pública,352.1
,[DAMAGED],,,,
Sr(a). Mia Morena,Molina,0,Otro,Privada,259.24
África Acero,García,0,Apoyo familiar,Pública,224.56
Lola Paulina Cabrera,Alvarez,0,Trabajo,Pública,273.48
Benjamin,Garcia,0,Apoyo familiar,Pública,347.85
Lic. Amanda,Magaña,0,Apoyo familiar,,273.3
Dorotea Morcillo,Cerdán,0,Apoyo familiar,Pública,338.54
Ignacio Guillermo,###CORRUPT###,0,∞∞∞,Pública,233.92
Lorena Ligia,Mercado,0,Apoyo familiar,XXXXXXXXXXXXXXXXXXXXXXXXXXXXXXXXXXXXXXXXXXXXXXXXXXXXXXXXXXXXXXXXXXXXXXXXXXXXXXXXXXXXXXXXXXXXXXXXXXXXXXXXXX,338.55
Salvador Juan Manuel,Navarro,X,Apoyo familiar,Pública,[DAMAGED]
Tomàs Sebastian,Benitez,0,Trabajo,Pública,230.19
Benjamin,Garcia,0,Trabajo,∞∞∞,231.23
Asunción,Velásquez,0,ERR!!,Pública,214.27
Dante Juan Manuel Ponce,Ortiz,0,Trabajo,Pública,###
Dorotea Morcillo,$$$,0,Trabajo,Pública,362.2
Ernesto Felipe Díaz,Garzón,0,Apoyo familiar,Pública,427.19
Pablo María Elena Chacón,Salas,0,Apoyo familiar,Pública,[DAMAGED]
Marianela Romero,Barral,0,Apoyo familiar,Pública,389.07
###CORRUPT###,Lozano,0,Otro,[DAMAGED],250.96
Abel Pozuelo,Luís,1,Beca,$$$,405.39
,,,,,
Antonio Cifuentes,Orozco,0,###,Pública,@@@
Sr(a). Lara,Sanchez,1,C0RRUPT3D,Privada,492.82
Julián,Barreto,0,Trabajo,Pública,253.06
Lara Sofia,Luna,0,INVALID,Pública,483.21
Jesús,González,0,Trabajo,Pública,312.39
Enrique,Escalona,0,Crédito educativo,Pública,400.14
Julieta Valentino Navarro,Acosta,<NULL>,Apoyo familiar,Privada,599.14
Paz Gallego,Gomis,0,Apoyo familiar,Pública,521.59
Luis Manuel Mateo Madrigal,Gil,1,Apoyo familiar,Privada,578.43
Pío Torre,Bayón,0,Apoyo familiar,Privada,1071.57
Paula,Espitia,0,Apoyo familiar,Privada,504.0
Lino del,Pi,0,Apoyo familiar,Pública,345.68
Antonio Andrés,Pérez,0,XXXXXXXXXXXXXXXXXXXXXXXXXXXXXXXXXXXXXXXXXXXXXXXXXXXXXXXXXX,Pública,0.0
INVALID,,0,Apoyo familiar,Pública,290.7
Carmen Claudia Giraldo,García,,Trabajo,Pública,$$$
Lilia Yolanda Guzmán,Jaramillo,1,Apoyo familiar,Privada,629.06
Sr(a). Alma,Villa,1,Apoyo familiar,Privada,508.87
Franco Aguirre,Castro,0,Apoyo familiar,Pública,447.09
Balduino Córdoba,Sancho,0,Trabajo,Pública,266.19
María Elena Araceli Vargas,Rentería,0,Apoyo familiar,Pública,VAL2478
Horacio Saldaña,Pinto,0,Apoyo familiar,Pública,303.83
Chucho Velázquez,Villalonga,0,Apoyo familiar,Pública,505.44
Carmela,Duran-Vega,0,Crédito educativo,Privada,219.0
###,,0,Otro,Pública,390.69
,,,[DAMAGED],,
[DAMAGED],Urías,<NULL>,Trabajo,Privada,251.88
Marta de,Roldán,1,Beca,Privada,412.19
Amelia Tomás Rosales,Nieto,,Apoyo familiar,XXXXXXXXXXXXXXXXXXXXXXXXXXXXXXXXXXXXXXXXXXXXXXXXXXXXXXXX,406.79
Maricruz del,Martorell,0,Trabajo,INVALID,191.17
Leonardo,Reynoso,0,###CORRUPT###,Pública,{BAD}
Bautista Alma Juarez,Diaz,###CORRUPT###,Apoyo familiar,Pública,C0RRUPT3D
Dary Laura Figueroa,Rodríguez,1,Apoyo familiar,Privada,397.56
Camila Luisana Silva,Rojas,0,Trabajo,Pública,228.53
Alfonsina Chavez,Torres,0,Otro,@@@,353.17
,,,,,
<NULL>,Anda,0,Otro,Pública,442.44
Francisco Eduardo,Rodríguez,0,Apoyo familiar,Pública,-9999.0
C0RRUPT3D,Fernandez,@@@,Apoyo familiar,Pública,C0RRUPT3D
Azucena Macías,###CORRUPT###,,Trabajo,###CORRUPT###,0.0
Liliana Rivera,Fernández,0,Apoyo familiar,Pública,0.0
Rogelio del,Nebot,<NULL>,Apoyo familiar,Privada,419.61
INVALID,Torres,0,Apoyo familiar,Pública,566.81
Camila Sara Arango,Gallego,0,Apoyo familiar,Pública,326.76
Andrey Jhon,Guevara,0,Apoyo familiar,<NULL>,344.95
Mtro. Anel,Franco,0,Apoyo familiar,Pública,393.95
Santiago,Figueroa,0,Trabajo,Pública,
C0RRUPT3D,Perales,0,Trabajo,Pública,245.08
Claudia Adriana Vergara,Paz,0,Apoyo familiar,Pública,
Gil del,Cruz,0,C0RRUPT3D,Pública,344.31
Victoria,Ferreyra,0,Crédito educativo,Pública,316.0
Valentino Mateo,Fernandez,1,[DAMAGED],XX,321.49
Andrea Alba,Contreras,0,Trabajo,Pública,<NULL>
Santiago,Hernández,1,[DAMAGED],Privada,<NULL>
Santino Rodriguez,Rojas,1,Apoyo familiar,Privada,363.62
Jaime,Figueroa,0,Apoyo familiar,Pública,399.81
Cristina Torres,Vicens,0,Apoyo familiar,Pública,
Sergio,Quintero,0,Apoyo familiar,Pública,0.0
Francesca,,0,Apoyo familiar,Pública,386.27
Enrique,Padrón,,###CORRUPT###,Privada,161.49
Luz María Forero,Vega,0,Apoyo familiar,Pública,399.43
Jaime,Gómez,1,Beca,Privada,558.35
<NULL>,Guzman,0,Apoyo familiar,Pública,345.05
Paulina,Márquez-Cañellas,1,Trabajo,Privada,159.76
Dr. Horacio,Rodarte,1,Beca,Privada,{BAD}
@@@,Colom,0,Apoyo familiar,$$$,364.18
Rocío,Albero,,Otro,Pública,246.44
Luz,Suárez,0,###CORRUPT###,Pública,279.91
Roberto Felipe,García,0,Apoyo familiar,Pública,373.69
Matilda Mateo Ezequiel,,0,Trabajo,Pública,186.22
Natividad Arcelia,Polanco,1,Beca,Privada,351.79
Jimena Cózar,Llorente,0,Otro,Pública,366.59
Claudia Margarita Gutiérrez,Pulido,0,Apoyo familiar,Pública,445.2
Omar Leonardo,Girón,0,,Pública,259.01
Patricia Rivera,Rivera,0,Apoyo familiar,<NULL>,433.13
,,,@@@,INVALID,{BAD}
Alcides Kike Oliveras,Amo,0,###CORRUPT###,Pública,###CORRUPT###
Manu Mireia Peiró,Jove,0,Trabajo,Pública,208.02
Dr(a). Thiago Nahuel,Fernandez,C0RRUPT3D,Crédito educativo,Pública,286.69
Juan Cruz Felipe,Martin,0,C0RRUPT3D,Privada,294.16
,{BAD},,,,
Reina Mares,INVALID,BAD,Apoyo familiar,Privada,$$$
@@@,Montoya,0,Apoyo familiar,Pública,380.86
Claudia Arcelia Guevara,Bermúdez,1,Beca,Privada,483.04
Maximo,Rivero,X,Otro,Pública,249.29
@@@,Angulo,0,Apoyo familiar,Pública,549.53
Mayra Miranda,Arteaga,1,Apoyo familiar,Privada,474.34
Juan Bautista,Gutierrez,0,Apoyo familiar,Pública,408.15
,,,,,
William Quintero,Ruiz,0,Otro,Privada,{BAD}
{BAD},Cardona,0,Apoyo familiar,Privada,470.1
Luna Silva,Herrera,0,XXXXXXXXXXXXXXXXXXXXXXXXXXXXXXXXXXXXXXXXXXXXXXXXXXXXXXXXXXXXXXXXXXXXXXXXXXXXXXXXXXXXXXXXXXXXXXXXXXXXXXXXXXXXXXXXX,Pública,322.26
,[DAMAGED],,,,
José Luis Ariadna Vigil,Orosco,X,Apoyo familiar,Pública,354.44
Lic. Gustavo,Varela,0,Otro,Pública,485.45
INVALID,Almaraz,VAL6575,Apoyo familiar,Pública,387.93
José Torres,Espinosa,0,Crédito educativo,Privada,260.9
Dr. Abraham,Rodríquez,0,Apoyo familiar,Pública,400.56
Nancy Jáquez,Otero,0,Apoyo familiar,Pública,371.78
Amalia Casal,Sanjuan,0,Apoyo familiar,Pública,457.66
Wilson Vélez,###CORRUPT###,0,Apoyo familiar,Pública,336.05
,González,0,Apoyo familiar,Pública,<NULL>
Josep Manzanares,Verdú,0,Trabajo,Pública,242.41
Evita Julián,Mir,0,Otro,Pública,381.2
Dulce María Sandoval,Preciado,1,Beca,Privada,382.97
Ciro Juan,Mora,0,Otro,Pública,349.15
Sr(a). Julieta,Cardozo,0,Apoyo familiar,Pública,330.87
Sr(a). Eduardo,,0,Apoyo familiar,Pública,336.22
Nicolás Figueroa,Muro,0,Apoyo familiar,Pública,380.86
Dr(a). Juan Ignacio,Mendez,0,Apoyo familiar,Pública,-9999.0
Teresa Augusto,Sisneros,0,???,Pública,430.92
Ing. Eva,Haro,1,Beca,Privada,440.51
Antonio Cándido Vives,<NULL>,1,304098,Privada,413.6
Cristian Hernán,Perea,0,???,Pública,336.29
Luis Manuel Ocasio,Benítez,0,C0RRUPT3D,Pública,229.55
Yadira Yamile López,Díaz,0,Apoyo familiar,Pública,333.35
Jaime,Delgado,0,Apoyo familiar,Pública,412.41
Elena Camargo,Serna,0,∞∞∞,Pública,437.66
@@@,áéíóú ñ,∞∞∞,Trabajo,Pública,242.41
Clementina Mayol,Sastre,999999.0,Trabajo,Pública,225.73
Primitivo,XXXXXXXXXXXXXXXXXXXXXXXXXXXXXXXXXXXXXXXX,0,Trabajo,<NULL>,316.51
,,,,,
Violeta Josefina Vera,$$$,INVALID,Apoyo familiar,Pública,383.15
Yadira Gladis,Giraldo,0,Apoyo familiar,Pública,253.34
Rufino del,Llanos,1,Beca,Privada,499.78
,,,,,
Fredy Hernández,Galindo,0,{BAD},Pública,331.81
Victoria de,Mesa,[DAMAGED],INVALID,Pública,263.13
Dr. José María,Escobedo,0,Apoyo familiar,Privada,597.23
,,{BAD},,,
Sr(a). Milagros,[DAMAGED],0,Apoyo familiar,Pública,424.26
Candelaria Ruiz,Aguirre,0,Otro,Pública,350.18
XXXXXXXXXXXXXXXXXXXXXXXXXXXXXXXXXXXXXXXXXXXXXXXXXXXXXXXXXXXXXXXXXXXXXXXXXXXXXXXXXXXXXXXXXXXXXXXXXXXXXXX,Dominguez,0,Apoyo familiar,Pública,423.91
Adoración Falcón,Aguilar,0,Apoyo familiar,Pública,328.25
Olivia Sanchez,Torres,0,$$$,Pública,270.05
Abril Galan,Pardo,,Apoyo familiar,Pública,331.56
Alfonso Ricardo,Amaya,0,Apoyo familiar,Privada,599.11
Heriberto Ponce,Ramón,0,Apoyo familiar,Pública,294.88
Nicanor Núñez,Riba,1,Apoyo familiar,Privada,589.96
INVALID,Gallego,,Trabajo,Pública,374.92
Enith,Fonseca,$$$,Trabajo,Pública,[DAMAGED]
Luisa Palacio,Diego,0,Apoyo familiar,Pública,340.0
Esperanza Milena,,0,Otro,Pública,315.17
Francisco Alvarez,Dominguez,0,Apoyo familiar,Pública,388.74
Sandra Sandra Manrique,Bravo,0,Apoyo familiar,XXXXXXXXXXXXXXXXXXXXXXXXXXXXXXXXXXXXXXXXXXXXXXXXXXXXXXXXXXXXXXXXXXXXXXXXXXXXXXXXXXXXXXXXXXXX,437.45
Aida Pilar Caballero,Salazar,ERR,Apoyo familiar,Pública,349.01
Paula Yolanda Restrepo,Bermúdez,1,Beca,Privada,514.57
Gregorio Murillo,Marroquín,0,Otro,Pública,356.29
Sonia,Cordero,,Beca,Privada,410.58
Ruth Laura Cruz,Mendoza,0,Apoyo familiar,Pública,305.88
Antonio Escobedo,Escobar,0,Apoyo familiar,Pública,0.0
Chucho Colom,Toledo,0,Apoyo familiar,Pública,569.55
Andrea,$$$,0,Apoyo familiar,Pública,216.79
Duván Páez,Márquez,0,Apoyo familiar,Pública,304.9
,INVALID,VAL1584,Apoyo familiar,Pública,355.94
,,,[DAMAGED],,<NULL>
Cándida Clemente,Sierra,,Trabajo,Pública,280.75
Enzo Aguero,Ramos,0,Apoyo familiar,XX,333.77
Roberto José,Polo,0,Crédito educativo,Privada,INVALID
Alejandro Santiago,Tamayo,0,Apoyo familiar,Pública,392.72
Violeta Juan Farias,Rios,0,Apoyo familiar,Pública,262.71
Augusto Pablo,Gómez,0,Crédito educativo,Pública,267.75
@@@,[DAMAGED],0,Apoyo familiar,,∞∞∞
Socorro Liliana,Nájera,0,Otro,Pública,259.31
Úrsula de,España,0,Apoyo familiar,Pública,353.89
###CORRUPT###,Piquer,<NULL>,Crédito educativo,Pública,267.2
Juan Manuel Emma,Dominguez,X,Apoyo familiar,Pública,
Marco Carlos,###CORRUPT###,0,XXXXXXXXXXXXXXXXXXXXXXXXXXXXXXXXXXXXXXXXXXXXXXXXXXXXXXXXXXXXXXXXXXXXXXXXXXXXXXXXXXXX,Pública,445.4
Kelly González,∞∞∞,1,Apoyo familiar,Privada,629.18
Isabel Ospina,Peña,0,Crédito educativo,Pública,320.85
Alma Fonseca,Múgica,0,Otro,Pública,0.0
,,,,,###
Eleuterio Girona,Peláez,0,Trabajo,Pública,192.92
Manuel Gaya,Carro,1,Apoyo familiar,Privada,439.86
Carmen Yolanda,Caicedo,1,∞∞∞,Privada,555.82
Jerónimo Campo,Canet,0,Crédito educativo,Pública,208.36
Roberta Serafina España,Laguna,0,Crédito educativo,Pública,288.16
Carmen Alma,Piña,0,Apoyo familiar,Pública,402.23
Harold Camilo,Barrera,0,Trabajo,Pública,299.92
Dr(a). Rafael,Perez,###CORRUPT###,Apoyo familiar,Pública,0.0
Alexandra Luz,Sandoval,0,Otro,Pública,404.07
Andrea María,Moreno,VAL5695,∞∞∞,Pública,400.64
Ricarda Aller,Baquero,0,Apoyo familiar,Pública,357.3
Juliana Martinez,Gonzalez,0,Trabajo,Pública,247.82
Eva Almeida,Daza,0,Trabajo,C0RRUPT3D,126.9
Judith Barriga,{BAD},0,Apoyo familiar,Pública,388.24
Pablo Páez,Marquez,0,Crédito educativo,Pública,283.66
Francisco Ana Paula,Ortiz,0,Trabajo,Pública,303.13
Sr(a). Juan Ignacio,Ruiz,,Apoyo familiar,@@@,168.17
Jhon Gutiérrez,Jaramillo,1,Apoyo familiar,Privada,520.33
222693,Gómez,10000000000.0,Trabajo,Pública,256.94
Tomàs Maria Guadalupe Gimenez,Gomez,0,Apoyo familiar,Pública,313.63
Camilo Carlos,Rodríguez,0,Otro,Pública,
Hernando Fernando,Vargas,∞∞∞,Crédito educativo,Pública,410.6
Tere Verdú,Carballo,1,@@@,Privada,419.49
Alexander,Sánchez,0,Trabajo,Pública,261.71
,,,,,
Benjamin Paula Gomez,[DAMAGED],BAD,Apoyo familiar,Pública,239.12
,,,,,
Petrona Suárez,Piquer,0,Trabajo,Pública,280.52
Martina,###CORRUPT###,[DAMAGED],XXXXXXXXXXXXXXXXXXXXXXXXXXXXXXXXXXXXXXXXXXXXXXXXXXXXXXXXXXXXXXXX,INVALID,331.6
###,Zorrilla,0,Apoyo familiar,Pública,314.59
,Sánchez,0,Apoyo familiar,C0RRUPT3D,345.4
,,,,,∞∞∞
Santiago José Pinto,Palacios,0,Apoyo familiar,Pública,359.26
María,Pedraza,<NULL>,Apoyo familiar,Pública,391.0
Lilia,Roldán,1,Beca,Privada,532.5
Steven Jaime,Gómez,0,Apoyo familiar,Pública,345.59
Santiago Benjamin Santino Coronel,Garcia,0,Apoyo familiar,Pública,335.01
Mauricio Cuesta,Roca,0,Trabajo,Pública,260.44
Emma Santos,Uriarte,0,Crédito educativo,Pública,307.92
Renzo Acuña,Carrizo,0,Trabajo,Pública,221.22
Ligia,Dominguez-Casal,{BAD},Apoyo familiar,Pública,265.77
Mauricio Javier Vásquez,Vergara,0,Trabajo,<NULL>,283.95
$$$,,X,,,
Dr(a). Malena,Ortiz,0,992948,Pública,0.0
Erika María Córdoba,742037,0,Crédito educativo,Pública,326.92
Carlos,,0,Apoyo familiar,###CORRUPT###,∞∞∞
Andrés Bolívar,Jaimes,0,Otro,Pública,296.45
José María Joaquín Carbajal,Rincón,0,Apoyo familiar,Pública,419.23
Mohamed Pascual,López,0,Otro,Privada,348.14
Dolly Isabel,Gómez,0,Crédito educativo,Pública,360.03
Íñigo Robledo,Ferreras,0,Trabajo,Pública,211.22
<NULL>,,0,Apoyo familiar,Pública,409.31
Iris Porta,Roca,0,Apoyo familiar,Pública,217.14
Sandalio Rius,Alcázar,1,Apoyo familiar,Privada,569.87
José Carlos Batista,Ocasio,[DAMAGED],Apoyo familiar,Pública,###
Melchor Requena,[DAMAGED],0,Apoyo familiar,Pública,294.97
Joaquin,,0,∞∞∞,Pública,329.82
Porfirio Amanda,Almanza,0,Trabajo,Pública,198.06
Mario Griego,Molina,0,Apoyo familiar,Pública,432.53
Isabel,Jiménez,∞∞∞,Apoyo familiar,Pública,372.04
C0RRUPT3D,@@@,0,INVALID,Pública,339.13
Ing. Cristian de la,Torre,0,Apoyo familiar,Pública,286.51
Itzel Zeferino Crespo,Briseño,0,Crédito educativo,Pública,194.52
Amador,Lluch,0,Apoyo familiar,@@@,293.88
<NULL>,Cazares,0,Trabajo,Pública,237.2
Aurora,Mireles,<NULL>,???,Privada,593.97
,,,,,
$$$,∞∞∞,0,Apoyo familiar,Pública,490.68
Agustina Lautaro Ezequiel Fernandez,Gonzalez,0,[DAMAGED],Pública,0.0
Dr(a). Catalina,Carrizo,0,Trabajo,Pública,199.65
Yolanda,317998,@@@,Apoyo familiar,Pública,349.68
Lupita Teresita Girona,Cerro,,Beca,Privada,473.62
Micaela,Bastida,1,áéíóú ñ,Privada,204.53
Fausto Victoria Gonzalez,Martinez,0,Apoyo familiar,Pública,312.35
,,,,,
Ángel,Palomo,0,Apoyo familiar,XXXXXXXXXXXXXXXXXXXXXXXXXXXXXXXXXXXXXXXXXXXXXXXXXXXXXXXXXXXXXXXXXXXXXXXXXXXXXXXXXXXXXXXXXXXXXXXXXXXXXXXXXXXXX,0.0
Jesús Arley Oviedo,630837,0,Crédito educativo,Privada,282.23
Fortunata Pi,Tamarit,0,,Pública,311.16
,,,,,
Pilar Campos,Ruiz,1,Beca,Privada,
Cecilia Karen,Velásquez,C0RRUPT3D,Trabajo,Pública,254.28
Javier,Molina,0,Trabajo,Pública,272.24
Lautaro Nahuel,Mendez,0,Apoyo familiar,Pública,353.81
Sr(a). Juan Ignacio,Sosa,1,???,Privada,
,,,,C0RRUPT3D,
Doris Fernanda Sierra,García,0,Apoyo familiar,Pública,361.81
Thiago Benjamin Diaz,Ortiz,VAL6494,Apoyo familiar,Pública,256.87
Aníbal,Zapata-Jara,0,Apoyo familiar,Pública,439.67
Benicio,Lopez,@@@,Apoyo familiar,Pública,369.25
Pilar Mateo Benjamin,Ayala,1,Beca,Privada,436.89
Luciana Isabella Cordoba,Correa,0,Apoyo familiar,Pública,225.9
Eugenia Gómez,Cuesta,0,Apoyo familiar,Pública,0.0
Guadalupe Valentina,@@@,[DAMAGED],Apoyo familiar,Pública,438.61
Caridad del,Quintero,0,Crédito educativo,Pública,253.04
Gala del,Tejada,∞∞∞,Apoyo familiar,Pública,378.3
Loida,@@@,1,Beca,Privada,622.57
Sr(a). Bruno,Moreno,<NULL>,Trabajo,Pública,219.58
Stiven Diego,Parra,1,Crédito educativo,Privada,318.51
Gonzalo Mariano Téllez,Aguilera,0,Otro,XXXXXXXXXXXXXXXXXXXXXXXXXXXXXXXXXXXXXXXXXXXXXXXXXXXXXXXXX,249.41
Juan Francisco Alfonso Montaña,Conde,###,Otro,Pública,INVALID
Lilia Yolanda Guzmán,Jaramillo,1,Beca,Privada,325.53
,,,,$$$,
Delfina Gonzalez,Garcia,0,Apoyo familiar,Pública,379.57
Arturo Benito Cazorla,Segovia,0,Apoyo familiar,Pública,406.73
Asunción,###,X,Apoyo familiar,Pública,309.22
975704,Luna,0,Otro,Pública,215.38
Franklin Escobar,Gómez,0,Apoyo familiar,Pública,427.71
Judith Barriga,Quevedo,0,Otro,Pública,431.37
[DAMAGED],{BAD},0,Apoyo familiar,Pública,446.68
Luna Joaquin,Romero,0,ERR!!,Privada,583.47
Guadalupe Delfina,Ramos,C0RRUPT3D,Apoyo familiar,Pública,372.21
Bianca María del Carmen Ocasio,Cepeda,C0RRUPT3D,Crédito educativo,Pública,282.95
Stiven,∞∞∞,0,[DAMAGED],Pública,356.98
Dr(a). Thiago Gabriel,Cruz,0,Apoyo familiar,Pública,INVALID
Andrea Cecilia,Gómez,1,Apoyo familiar,Privada,536.51
Cristian Vélez,###CORRUPT###,0,Apoyo familiar,Pública,457.36
Cristian Renato Antúnez,Palmer,0,Apoyo familiar,INVALID,311.24
Edwin,Rodríguez,@@@,Apoyo familiar,Privada,339.38
Liliana Patricia,INVALID,0,Apoyo familiar,Pública,309.64
{BAD},Ricart,1,Trabajo,áéíóú ñ,270.67
377047,Mendoza,0,Apoyo familiar,Pública,404.67
Reina,Cardona,0,Apoyo familiar,Pública,358.92
Alejandro Almonte,Soto,1,Apoyo familiar,Privada,<NULL>
[DAMAGED],Dominguez,0,Apoyo familiar,Pública,413.5
Lisandro Gomez,Vargas,0,$$$,Pública,201.65
María Belén Atienza,Hierro,0,Crédito educativo,áéíóú ñ,279.12
Adela Amanda Pi,Franch,VAL4501,Apoyo familiar,Privada,287.02
Zacarías Leonardo,Almonte,INVALID,Trabajo,{BAD},241.28
Joaquina,Medina,0,Apoyo familiar,Pública,334.55
,∞∞∞,,,,INVALID
María Jesús Ricarda Cal,Arnaiz,1,@@@,Privada,237.55
Sr(a). Nina,Castro,1,Beca,Privada,448.01
Carlos,Salamanca,0,Apoyo familiar,[DAMAGED],290.57
Nancy Castrillón,{BAD},0,Apoyo familiar,<NULL>,324.99
∞∞∞,C0RRUPT3D,ERR,C0RRUPT3D,Pública,250.58
Bautista Benjamin Silva,Peralta,0,C0RRUPT3D,C0RRUPT3D,331.92
Evangelina,Carbonell,0,Apoyo familiar,Pública,476.88
,,,,,
Catalina Nancy López,Alarcón,0,Apoyo familiar,Pública,443.9
Sr(a). Mia,Navarro,0,Apoyo familiar,Pública,
Sr(a). Gino,Acosta,X,Apoyo familiar,Pública,307.08
,,,,,
,,,,,
XXXXXXXXXXXXXXXXXXXXXXXXXXXXXXXXXXXXXXXXXXXXXXXXXXXXXXXXXXXXXXXXXXXXXXXXXXXXXXXXXXXXXXXXXXXXXXXXXXXXXXXXXXX,Muñoz,0,Trabajo,Pública,###
Diego Jesús Niño,Restrepo,X,Apoyo familiar,Pública,407.8
$$$,Pineda,0,Apoyo familiar,Privada,599.19
Esther Julián,Cuadrado,0,Apoyo familiar,Pública,359.3
Lautaro Benjamin,Molina,0,Trabajo,Pública,308.04
Isabella,Herrera,0,Apoyo familiar,Privada,366.43
Curro Alba,Mendoza,0,Apoyo familiar,Pública,275.69
Beatriz Yasmín,Vanegas,0,Apoyo familiar,Pública,512.29
Valentina,Torres,1,Beca,317901,374.76
,,,,,
Sofia Mateo Benjamin,Maidana,0,Otro,Pública,393.2
@@@,Navarro,0,Apoyo familiar,Pública,289.15
Juan Correa,Chacón,1,Apoyo familiar,,412.5
Marcela,Aguirre,0,Apoyo familiar,Pública,524.74
Paola Roura,[DAMAGED],0,Crédito educativo,Privada,373.09
Alfonso Dario Valencia,###,0,936856,Pública,404.39
Lina,Gómez,0,Apoyo familiar,Pública,289.78
Cleto Gonzalo,Guardiola,0,Otro,Pública,270.71
Cornelio,Linares,1,Beca,∞∞∞,499.29
Javier,,0,Apoyo familiar,Pública,380.09
Lic. Cristina,INVALID,0,Otro,Privada,[DAMAGED]
Onofre del,Benavente,0,Apoyo familiar,Pública,401.34
Adrián Palma,Gárate,1,Beca,Privada,398.99
Luis Hoyos,Tur,<NULL>,Trabajo,Pública,161.94
,,,,INVALID,
Gabino Mariano,∞∞∞,0,Otro,Privada,407.37
Cecilia,Collazo,0,Apoyo familiar,Pública,302.57
<NULL>,Collazo,0,Crédito educativo,Privada,251.78
Timoteo Ferrer,Lerma,0,Trabajo,Pública,225.72
Jordana Aliaga,Garzón,0,Trabajo,Pública,263.88
Rubén Salma,Casárez,∞∞∞,Crédito educativo,Pública,237.78
,Villalpando,0,Apoyo familiar,Pública,396.9
Pilar Albero,Montalbán,1,Trabajo,Privada,178.8
Jacinto de,∞∞∞,0,XXXXXXXXXXXXXXXXXXXXXXXXXXXXXXXXXXXXXX,Privada,529.0
Antonia Francisco Diaz,Morales,0,Trabajo,XXXXXXXXXXXXXXXXXXXXXXXXXXXXXXXXXXXXXXXXXXXXXXXXXXXXXXXXXXXXXXXXXXXXXXXXX,288.54
,,,,áéíóú ñ,
José Enrique Parra,Pineda,0,Trabajo,Pública,200.32
,Griego,0,Apoyo familiar,###CORRUPT###,398.01
Minerva Minerva,Lara,0,Apoyo familiar,Pública,328.3
INVALID,Sánchez,0,Apoyo familiar,###CORRUPT###,499.79
###CORRUPT###,Cadenas,$$$,Otro,Privada,229.92
XXXXXXXXXXXXXXXXXXXXXXXXXXXXXXXXXXXXXXXXXXXXXXXXXXXXXXXXXXXXXXXXXXXX,,,,,
Manu Mireia Peiró,Jove,0,Trabajo,Pública,208.02
Mora Isabella Gutierrez,Fernandez,C0RRUPT3D,Apoyo familiar,Pública,384.63
Wilfrido Yolanda,Bernal,1,Crédito educativo,Privada,232.39
@@@,Escobar,0,Apoyo familiar,Pública,419.39
Sr(a). Agustín,Córdova,0,Crédito educativo,Pública,304.1
Purificación,Donoso,0,???,Pública,300.95
Florencia Juan Martin Sosa,[DAMAGED],0,Apoyo familiar,Pública,298.25
Ricardo,,0,Apoyo familiar,<NULL>,462.23
Julia del,Cepeda,0,Apoyo familiar,Pública,393.57
Esther López,Moreno,0,<NULL>,INVALID,352.17
Antonella Simon Muñoz,Perez,INVALID,Trabajo,Pública,214.65
Dr(a). Lucas Benjamin,Diaz,0,Apoyo familiar,Pública,374.08
Luciano Benjamin Paulina Gonzalez,Morales,0,Otro,Pública,428.31
INVALID,Guerrero,0,Apoyo familiar,Pública,323.29
Joaquina del,Almeida,0,Trabajo,Pública,182.59
Rosa Montoya,Pérez,0,Apoyo familiar,Pública,287.38
Sr(a). Joaquin,Acosta,INVALID,Apoyo familiar,Pública,451.8
Jazmín Alma Valentina,Gonzalez,{BAD},Apoyo familiar,Privada,390.08
Nico Anastasio Iglesia,XXXXXXXXXXXXXXXXXXXXXXXXXXXXXXXXXXXXXXXXXXXXXX,0,Apoyo familiar,Pública,309.29
Lic. Esmeralda,<NULL>,0,Apoyo familiar,Pública,363.28
<NULL>,Mendoza,0,Crédito educativo,Pública,160.78
Martina,Alvarez,0,Apoyo familiar,Pública,284.45
Ariel Juan,Rojas,10000000000.0,Apoyo familiar,Privada,594.41
Lic. Beatriz,Ceja,0,Crédito educativo,Pública,362.3
,Nadal,0,Apoyo familiar,Pública,327.5
áéíóú ñ,Arellano,0,Otro,Pública,423.17
Santino Farias,[DAMAGED],{BAD},INVALID,Privada,253.61
María,Torres,X,Beca,Privada,310.54
Jerónimo Campo,<NULL>,[DAMAGED],Trabajo,Pública,279.78
Silvio Pazos,Oller,0,Trabajo,XX,322.99
Victoria Benjamin Benitez,Perez,0,Otro,Pública,464.29
Vanesa,Milla-Silva,0,Apoyo familiar,Privada,823.27
Lucila,Leon,0,Apoyo familiar,Pública,359.74
Mateo,Arias,INVALID,Trabajo,Pública,256.69
Narciso,Carpio,X,C0RRUPT3D,Privada,533.71
Sr(a). Martina,,0,Apoyo familiar,Pública,264.8
Enrique,Padrón,1,Apoyo familiar,Privada,331.63
Jose Ramón Bartolomé,Bayo,$$$,Apoyo familiar,Pública,325.02
Frida Marisol Prieto,Miranda,0,Crédito educativo,∞∞∞,406.57
[DAMAGED],Pol,0,Otro,Pública,342.53
Thiago Benjamin Francisco Torres,Diaz,1,Crédito educativo,Privada,242.72
Linda Sepúlveda,Cardenas,###,Apoyo familiar,INVALID,412.94
María Tatiana Sarmiento,Pineda,0,Apoyo familiar,Pública,###
Susanita,Casanovas,0,Crédito educativo,Pública,355.57
,,,,,VAL4542
###CORRUPT###,Vega,1,Beca,Privada,544.92
Lorenzo Malena,Muñoz,0,INVALID,Pública,
Benjamin,Martinez,0,Otro,Privada,244.86
Ruy Almazán,Cases,1,Beca,Privada,440.35
C0RRUPT3D,Aparicio,1,Trabajo,Privada,322.67
Mia Jazmin Juan Ignacio Hernandez,Martinez,0,Apoyo familiar,Pública,441.02
@@@,Jiménez,0,Apoyo familiar,Pública,327.66
Ariadna,Perea,0,Crédito educativo,Pública,387.28
Margarita Méndez,Durán,0,Otro,Pública,228.52
,,,,∞∞∞,0.0
Renzo,,1,Apoyo familiar,Privada,0.0
Ramiro Rosario,Polanco,0,Apoyo familiar,INVALID,369.57
Catalina Lucia Ojeda,Bravo,0,Apoyo familiar,Pública,430.17
Santiago Acosta,Paez,0,Apoyo familiar,Pública,394.34
Luisa,Maya,0,Crédito educativo,Pública,225.49
Fernanda Hoz,Pizarro,0,Trabajo,Pública,333.61
Juan Ignacio,∞∞∞,###CORRUPT###,Apoyo familiar,INVALID,VAL6315
Benjamin Federico Diaz,XXXXXXXXXXXXXXXXXXXXXXXXXXXXXXXXXXXX,0,Trabajo,Pública,299.12
Antonio Andrés,Pérez,0,Apoyo familiar,Pública,0.0
Marisol,Quintana,0,Crédito educativo,Pública,323.42
Dr. Pedro,,0,Apoyo familiar,Pública,392.85
,,@@@,XXXXXXXXXXXXXXXXXXXXXXXXXXXXXXXXXXXXXXXXXXXXXXXXXXXXXXXXXXXXX,,
Milagros Perez,Rodriguez,,Beca,<NULL>,547.12
Soledad Nadia Mascaró,Trujillo,0,Apoyo familiar,C0RRUPT3D,290.86
Jesús Julio Jaramillo,Castillo,0,Apoyo familiar,∞∞∞,405.78
Dr. Débora,Sierra,0,∞∞∞,Pública,337.39
Marisol Delgadillo de la,Fuente,1,Crédito educativo,Privada,216.63
Adriana Abigail Beltrán,Echeverría,0,,460162,376.65
Benicio,Barrios,0,Trabajo,Pública,131.57
INVALID,Caicedo,0,Crédito educativo,XXXXXXXXXXXXXXXXXXXXXXXXXXXXXXXXXXXXXXXXXXXXXXXXXXXXXXXXXXXXXXXXXXXXXXXXXXXXXXXXXXXXXXXXXXXXXXXXXXXXXXXXXXXXXXXXXXX,307.42
Rufina Escobar,León,,Trabajo,Pública,230.33
INVALID,∞∞∞,1,Beca,Privada,457.52
Dulce María,Aguayo,0,Apoyo familiar,,433.22
Camila Lopez,Soto,1,Beca,Privada,578.03
Tecla Granados,Artigas,∞∞∞,Apoyo familiar,Privada,462.92
Juan Martin Salvador,Martinez,,Apoyo familiar,###CORRUPT###,367.54
Sr(a). Juan Ignacio,Sanchez,0,Crédito educativo,Privada,357.96
Santino Benjamin Ignacio,Pereyra,$$$,Beca,###CORRUPT###,<NULL>
Alejandro Molina,Parra,INVALID,<NULL>,Pública,[DAMAGED]
Yasmín Quintero,Rojas,0,Trabajo,Pública,234.48
Edith Blanca Jaimes,Molina,[DAMAGED],Apoyo familiar,Pública,405.67
Néstor Ciro,Jiménez,0,Otro,Privada,264.81
219085,Paniagua,0,Apoyo familiar,Pública,348.9
Lara,INVALID,C0RRUPT3D,Apoyo familiar,Pública,277.84
Lic. Jesús,Montaño,0,Apoyo familiar,Pública,352.66
Arley Héctor,Suárez,,Apoyo familiar,Pública,BAD
Dalia,Villarreal,0,Crédito educativo,Pública,365.39
###CORRUPT###,Maldonado,∞∞∞,Apoyo familiar,Pública,374.67
Ángel,Elizondo,X,Apoyo familiar,∞∞∞,318.64
Régulo Llorente,Carretero,1,Apoyo familiar,Privada,397.24
Brayan Torres,Muñoz,<NULL>,Otro,C0RRUPT3D,203.24
Jacinto,Ledesma,1,Apoyo familiar,Privada,445.4
Fausto,Carreras,0,Apoyo familiar,Pública,409.15
Augusto Cristian Maldonado,Pantoja,0,Trabajo,,280.99
Juan,Jimínez,0,Apoyo familiar,Privada,511.59
,Mariño,0,Apoyo familiar,Pública,364.04
Sr(a). Bautista,Carrizo,0,Crédito educativo,Pública,340.82
Sergio Alexander Padilla,Calderón,0,Apoyo familiar,Pública,308.76
,,,,,
,Urías,1,Beca,Privada,454.63
Santiago Delfina,<NULL>,0,Otro,XX,467.77
Juan Cruz Ciro,Muñoz,BAD,C0RRUPT3D,Pública,203.34
Lorena,Romero,0,Apoyo familiar,Privada,
Eleuterio Girona,$$$,0,Apoyo familiar,Pública,346.92
###CORRUPT###,Sanchez,1,Crédito educativo,Privada,<NULL>
Yuridia Valdés,Gonzales,0,Apoyo familiar,Pública,282.99
{BAD},###CORRUPT###,0,Apoyo familiar,Pública,379.28
Cintia Coloma,Jordá,0,Apoyo familiar,Pública,414.03
Manuel Adán Madera,Casas,0,Trabajo,Pública,[DAMAGED]
Ariadna,Huertas,0,Apoyo familiar,$$$,###CORRUPT###
Minerva Rosalia,Haro,0,Crédito educativo,Pública,287.19
Itzel Zeferino Crespo,Briseño,0,Crédito educativo,575790,194.52
María Luisa Eduardo Navarrete,Báez,0,###CORRUPT###,###CORRUPT###,309.58
Viviana Francy,{BAD},0,Apoyo familiar,Pública,142.53
Andrea Cecilia,Gómez,$$$,???,Privada,278.95
C0RRUPT3D,,,<NULL>,,
Lic. Gabriela,$$$,0,Apoyo familiar,,204.45
,,,,,
Lupe Blanca,Ariza,0,Otro,Pública,497.19
Samuel,Acosta,0,Crédito educativo,Pública,259.17
,Juarez,0,Apoyo familiar,@@@,367.56
Luis,Lugo,0,Apoyo familiar,Pública,408.48
,,,,,0.0
Raimundo Anglada,[DAMAGED],0,,Pública,451.92
Isabella Luca Maidana,Bustos,1,Beca,Privada,530.51
INVALID,Fernandez,0,###CORRUPT###,Pública,417.86
Marcela Óliver Lucero,{BAD},0,Apoyo familiar,Pública,VAL6350
Fabián Saez,Aragonés,0,Apoyo familiar,@@@,389.72
Fernanda Angie Gutiérrez,Vásquez,0,Crédito educativo,Privada,999999.0
Dolores Morales,Carmona,0,Apoyo familiar,Pública,354.72
Dulce,Galvez-Riera,,Apoyo familiar,Pública,382.22
XXXXXXXXXXXXXXXXXXXXXXXXXXXXXXXXXXXXXXXXXXXXXXXXXXXXXXXXXXXXXXXXXXXXXXXXXXXXXXXXXXXXXXXXXXXXXX,Romero,0,Apoyo familiar,Privada,464.93
Benjamin Mateo Benjamin,Sosa,0,Apoyo familiar,Pública,348.17
Sergio Abraham,Lerma,0,Apoyo familiar,Pública,INVALID
Melania Asensio,Figuerola,0,,Pública,316.75
Lola Paulina Cabrera,Alvarez,,Otro,Pública,319.19
Arturo Rebeca Vallejo,Armendáriz,0,Apoyo familiar,áéíóú ñ,611.45
Sr(a). Facundo,Flores,0,∞∞∞,XX,C0RRUPT3D
Harold Camilo,Barrera,0,Crédito educativo,Pública,∞∞∞
Sr(a). Santino,$$$,0,Apoyo familiar,Pública,260.22
Jordi,Peiró-Gilabert,INVALID,Trabajo,Pública,$$$
Ignacio Molina,Farias,0,Trabajo,Pública,0.0
,,,,,
,,[DAMAGED],,,
Flavio Lucas,Rocha,0,Otro,Pública,439.34
Tomás,Sierra,0,Apoyo familiar,Pública,322.8
Juan Ignacio,Diaz,0,Crédito educativo,Pública,373.08
Benjamin Felipe,Flores,0,???,Pública,465.0
Juan Francisco,Ponce,0,Apoyo familiar,Pública,368.62
Juan Ignacio Mateo Agustin,@@@,1,Apoyo familiar,Privada,408.36
Arturo Ramiro,Bastidas,1,Crédito educativo,###,310.24
Josefina Isabella,Lopez,1,Beca,Privada,259.17
Carlos Mauricio Álvarez,Vallejo,0,Trabajo,Pública,232.52
Mercedes Rosero,Hernández,0,{BAD},Pública,482.65
242647,Aguirre,0,Trabajo,∞∞∞,269.7
Jessica Josefa Vergara,Triana,0,Crédito educativo,Pública,@@@
XXXXXXXXXXXXXXXXXXXXXXXXXXXXXXXXXXXXXXXXXXXXXXXXXXXXXXXXXXXXXXXXX,C0RRUPT3D,@@@,Apoyo familiar,Privada,512.02
Salvador,Ramirez,0,Trabajo,Pública,275.42
Lourdes Rebeca,,###CORRUPT###,Trabajo,Pública,274.39
Luciano Benjamin Benjamin Godoy,Garcia,0,Apoyo familiar,###CORRUPT###,408.11
Fortunato Miranda,Querol,0,$$$,Pública,179.97
Indira,Lovato,1,Beca,Privada,351.64
,Blanes,###CORRUPT###,Trabajo,Pública,###CORRUPT###
Nadia Pedro Jiménez,Bustamante,###CORRUPT###,Crédito educativo,Pública,334.09
Ruperto,Domínguez,0,∞∞∞,Pública,364.26
,,,INVALID,,
Claudia Esperanza,Maldonado,0,Apoyo familiar,Pública,450.15
Agustin Renzo Rios,Fernandez,0,Apoyo familiar,Pública,482.1
INVALID,Garcia,0,Trabajo,Pública,248.79
Mayra Piedad,152305,0,Apoyo familiar,Pública,489.55
Dr(a). Lautaro,Diaz,0,Apoyo familiar,Privada,456.1
Javiera Soriano,Manuel,0,Apoyo familiar,Pública,0.0
Lorenzo Sergio Ardila,Vásquez,0,,Pública,###CORRUPT###
Ema,Escalona-Cuenca,0,Crédito educativo,Pública,293.71
Enrique Emilio,León,0,Trabajo,Pública,219.5
Felipe,Rios,0,Otro,Pública,360.21
Virginia Renato Urbina,Muro,0,Trabajo,Pública,340.52
Sr(a). Marcela,Guillen,1,Beca,Privada,429.8
Ing. Camila,,0,{BAD},Pública,254.62
Yeny Mariela,Sarmiento,0,Apoyo familiar,Pública,442.34
Sofía Aura Rojas,García,0,Apoyo familiar,Pública,C0RRUPT3D
Dr(a). Santino Agustin,Perez,X,Apoyo familiar,XXXXXXXXXXXXXXXXXXXXXXXXXXXXXXXXXXXXXXXXXXXXXXXXXXXXXXXXXXXXXXXXXXXXXXXXXXXXXXXXXXXXXXXXXXXXXXX,441.37
Sabina Fortuny,Pol,0,Crédito educativo,Pública,201.06
Felipe Gonzalez,Muñoz,0,Apoyo familiar,Pública,[DAMAGED]
Guadalupe Soler,Chaparro,0,Trabajo,Pública,234.26
José Salas,Ardila,0,Apoyo familiar,Pública,222.96
Jesús,Pabón,$$$,Crédito educativo,Pública,254.62
Amando Frías,@@@,0,Apoyo familiar,Pública,393.16
Jenaro Romero,Perea,0,???,Pública,296.0
Bautista Paulina,Peralta,###CORRUPT###,Apoyo familiar,Pública,449.31
Mohamed Bilbao,Lozano,0,Apoyo familiar,Pública,309.5
Milo,Martinez,0,Apoyo familiar,Pública,350.89
Dr. Miguel,∞∞∞,0,Apoyo familiar,Pública,278.15
Leonardo Manuel Arias,Rojas,0,Apoyo familiar,Privada,785.83
Laura,Rivera,0,Apoyo familiar,Pública,341.74
Gladys Leidy,Beltrán,0,Crédito educativo,Pública,259.06
Dr(a). Juan Manuel,Romero,[DAMAGED],Apoyo familiar,∞∞∞,311.65
Felipe Alma Sosa,Fernandez,0,Apoyo familiar,Pública,
Gustavo,García,0,Apoyo familiar,Pública,408.71
Perla Marisol,Montaño,1,Apoyo familiar,Privada,445.33
Andrea Alba,Contreras,0,Apoyo familiar,Pública,419.97
Lara,Aguero,0,Trabajo,Pública,265.38
Tomas Lautaro Cruz,###CORRUPT###,0,Otro,Pública,418.77
Dr(a). Antonia,Rios,0,∞∞∞,Privada,BAD
Atilio Prada,Perea,1,Apoyo familiar,Privada,608.85
Sr(a). Lucía,Polanco,0,Apoyo familiar,Privada,445.07
Lucía Johana,Valencia,0,Apoyo familiar,Privada,298.73
Dr. Alejandro,Lozada,0,Trabajo,XX,145.71
Rebeca Abelardo Posada,Crespo,0,Apoyo familiar,Pública,∞∞∞
,,,,,
Baltasar,Aparicio,X,Apoyo familiar,,319.89
Carlito Xavier Amigó,Camino,1,???,XX,328.25
Ivonne Joaquín,Ramírez,0,Apoyo familiar,Pública,INVALID
Nubia Vanessa Gómez,Gómez,0,Crédito educativo,<NULL>,268.24
Chucho Colom,Toledo,0,Apoyo familiar,Pública,569.55
María Johana,Narváez,0,Apoyo familiar,Pública,273.35
Mtro. Abril,<NULL>,0,{BAD},Pública,354.02
Felix Terrón,Cabeza,0,Apoyo familiar,Pública,@@@
∞∞∞,Castro,1,Otro,Privada,222.54
Adoración Moya,Ángel,0,Apoyo familiar,Privada,607.65
,,<NULL>,{BAD},,@@@
290954,Alcázar,1,Apoyo familiar,Privada,630.11
Patricia Gutiérrez,Salcedo,1,Beca,Privada,352.99
Pamela Karla,Ramos,0,Trabajo,Pública,212.7
,@@@,,???,,
Martha Luz Torres,Pérez,0,Trabajo,Privada,211.05
Paulino Romero,Molina,@@@,Apoyo familiar,Pública,444.15
Luis,Camacho,0,Apoyo familiar,Pública,294.25
Benicio Luz Maria,INVALID,0,Apoyo familiar,Pública,C0RRUPT3D
Nadia Vela,Garibay,0,Apoyo familiar,Privada,332.02
Mateo Benjamin Vargas,Sanchez,0,Trabajo,Pública,269.07
Juan Cruz Victoria Rodriguez,Diaz,0,Apoyo familiar,Pública,{BAD}
ERR!!,Paredes,0,Crédito educativo,###CORRUPT###,232.36
Santino,Alvarez,0,Apoyo familiar,∞∞∞,C0RRUPT3D
José María Saucedo,Pérez,X,Trabajo,Pública,100.0
,$$$,,,238265,
Rodolfo Alva,Caldera,0,???,Pública,BAD
INVALID,Romero,1,Beca,Privada,531.49
Liliana,###CORRUPT###,X,Apoyo familiar,Pública,433.04
Minerva Rosalia,Haro,0,∞∞∞,,INVALID
Sr(a). Juan Ignacio,Sosa,1,Otro,Privada,276.4
Julio César Patricio,Lucero,0,Apoyo familiar,Pública,401.45
$$$,Lopez,0,Trabajo,@@@,232.08
Bautista Ciro Gonzalez,Vazquez,0,Apoyo familiar,Pública,397.14
Dr(a). Mateo,Acosta,0,Crédito educativo,Pública,@@@
{BAD},Sánchez,0,Trabajo,XXXXXXXXXXXXXXXXXXXXXXXXXXXXXXXXXXXXXXXXXXXXXXXXXXXXXXXXXXXXXXXXXXXXXXXXXXXXXXXXXXXXXXXXXXXXXX,INVALID
Tomas Gomez,Ruiz,0,Apoyo familiar,Pública,327.51
Benjamin Nahuel,Gonzalez,0,Apoyo familiar,Pública,439.07
Laura Ana Quiroz,Guzmán,0,Crédito educativo,Pública,264.29
Dr. Benjamín,Valentín,0,Otro,Pública,
[DAMAGED],Rojas,,Otro,Pública,342.18
Raquel Martín,Juárez,0,Otro,,326.41
Herminio Hidalgo,Osorio,0,Trabajo,Pública,179.15
∞∞∞,Gárate,1,Apoyo familiar,Privada,282.94
Maritza Gómez,,0,@@@,,261.04
Dolores Carlota,Aguilera,0,Apoyo familiar,∞∞∞,
###CORRUPT###,ERR!!,0,Apoyo familiar,Pública,302.62
Paloma de,Aznar,0,Apoyo familiar,,389.28
Jordi Santamaria,Bello,0,Apoyo familiar,Pública,433.68
INVALID,$$$,1,Beca,Privada,538.47
Lina,González,0,Apoyo familiar,Privada,377.27
Tiziano Benjamin Cruz,Acosta,1,Apoyo familiar,Privada,715.44
Faustino Zoe Toledo,Carrizo,1,Trabajo,Privada,199.25
Bruno Lola Gimenez,Gimenez,0,Trabajo,Pública,108.53
Faustino Zoe Toledo,Carrizo,1,Beca,Privada,$$$
Delia,Ariño-Bilbao,0,Apoyo familiar,Pública,325.16
Griselda Vara,$$$,1,Apoyo familiar,Privada,607.88
Federico Uma,Morales,0,Apoyo familiar,[DAMAGED],354.77
,,,,,
468300,Paez,0,Otro,Pública,358.29
Ing. Adán,Gonzales,0,Trabajo,Privada,218.13
Maximiliano Enrique,Jaime,1,Beca,Privada,516.07
Miriam,Blanco,,Apoyo familiar,Pública,151.97
Luis Nelson,Castro,0,Apoyo familiar,∞∞∞,265.67
Lautaro Nicolas Lisandro,Alvarez,0,Trabajo,Pública,{BAD}
Felicia,Lucas-Diéguez,0,###,Pública,244.27
Teodoro,Villegas,0,ERR!!,$$$,289.37
C0RRUPT3D,Cazares,0,Crédito educativo,Pública,246.27
Omar Itzel,Ornelas,0,Otro,Pública,414.23
Águeda Bermejo,Millán,0,Apoyo familiar,XXXXXXXXXXXXXXXXXXXXXXXXXXXXXXXXXXXXXXXXXX,348.32
Ismael,Galván,INVALID,Apoyo familiar,Pública,239.53
Lucía Valentino,Gomez,0,Apoyo familiar,Pública,234.4
Diana Julio Gil,Nieto,0,Apoyo familiar,Pública,424.61
Sofia Belen,Pereyra,1,###,Privada,513.99
Emma Pilar Perez,Ortiz,0,Apoyo familiar,Pública,304.35
Nilson Darwin Martínez,Romero,0,Apoyo familiar,Pública,
{BAD},Morales,999999.0,Apoyo familiar,[DAMAGED],549.47
Sr(a). Juan Ignacio,Sanchez,0,Apoyo familiar,Privada,532.36
Araceli,Negrón,,###,Pública,389.43
Gabriela,Baena,0,Trabajo,Privada,312.17
Iván,Padilla,0,Apoyo familiar,Privada,445.72
Pascual Mariano Piña de la,Fuente,0,???,Pública,259.91
Genaro José Emilio,<NULL>,0,Crédito educativo,Pública,303.3
Violeta Juan Bautista Alvarez,Perez,0,Apoyo familiar,∞∞∞,427.43
Edilma Vanessa Perea,Corredor,0,Trabajo,{BAD},148.19
Julieta,Olivera,0,Trabajo,,241.22
Florencia Maximiliano Aguero,Ramirez,0,Apoyo familiar,Pública,∞∞∞
Alfonso Arango,Mosquera,###,Trabajo,Pública,301.19
Alma,Arroyo,0,Trabajo,Pública,282.09
Azahara Isern,###CORRUPT###,0,Crédito educativo,Pública,347.44
Leonel del,Amor,0,Otro,Pública,385.45
INVALID,Díaz,0,Trabajo,Pública,296.88
Ignacio Lopez,Alvarez,0,Crédito educativo,Pública,305.45
Miriam Montez,Bañuelos,0,Trabajo,Pública,248.46
Felicitas Felicitas Nuñez,Paz,<NULL>,Crédito educativo,Privada,299.73
Felipe Nuñez,Rios,0,Apoyo familiar,Pública,260.49
Augusto,Rodriguez,,Trabajo,Pública,304.29
[DAMAGED],Huerta,0,Crédito educativo,Pública,@@@
Giovanni Luis Hernández,Zambrano,0,Apoyo familiar,Pública,332.6
Estefanía,Orozco,0,Otro,Pública,462.35
Valentino,Soria,0,Trabajo,Pública,301.71
Josefa Coloma,Salom,1,Beca,Privada,278.39
Dolores Ernesto Villagómez,Jimínez,0,Apoyo familiar,Pública,447.99
Heriberto Sáenz,C0RRUPT3D,0,Otro,Pública,364.0
,Sanchez,0,???,Pública,409.54
Raúl Víctor,Pacheco,1,,Privada,545.08
447112,[DAMAGED],0,Crédito educativo,Pública,268.2
Thiago Nahuel,Cardozo,0,Trabajo,Pública,347.85
Benjamin,Sanchez,0,Trabajo,Pública,221.72
Alfonso,Serna,1,Beca,Privada,404.39
,,,,,
Pedro Gámez,,0,Apoyo familiar,Pública,296.66
Consuelo Milena,Álvarez,1,Beca,XXXXXXXXXXXXXXXXXXXXXXXXXXXXXXXXXXXXXXXXXXXXXXXXXXXXXXXXXXXXXXXXXXXXXXXXXXXXXXXXXXXXXXXXXXXXXXXXXXXXXXXXXXXXXXXXXXXXX,510.94
Benjamin Juan Ignacio,Pereyra,0,Trabajo,Pública,0.0
Zoe Jazmin Olivia Fernandez,Caceres,0,Crédito educativo,Pública,299.07
,Urías,1,Beca,Privada,BAD
Dr(a). Catalina,Aguirre,0,Crédito educativo,Pública,349.07
Guillermina,Alvarez,0,Crédito educativo,Pública,206.61
Josefina Martina Gutierrez,Romero,0,Apoyo familiar,Pública,410.14
[DAMAGED],Urrutia,0,Otro,Pública,375.29
<NULL>,INVALID,,Apoyo familiar,INVALID,485.5
<NULL>,Morales,1,Otro,Privada,C0RRUPT3D
David Duván,Rengifo,1,Beca,Privada,357.05
∞∞∞,Monroy,0,Crédito educativo,Pública,379.47
Sebastián Alcalá,Ángel,0,Apoyo familiar,Pública,327.33
,@@@,<NULL>,,,
Efraín Escolano,Villanueva,0,Apoyo familiar,Pública,338.4
Mary Lucía,Moreno,0,Trabajo,Pública,229.77
Pedro,Fernandez,0,C0RRUPT3D,Pública,
Alma Jazmin,Fernandez,0,Otro,Pública,449.72
Bautista Paulina,Peralta,0,Crédito educativo,Pública,283.61
,,INVALID,,,
Franco,Silva,$$$,Apoyo familiar,Privada,564.03
,,,,,
Cristina,Ramírez,X,Beca,Privada,$$$
Agustin Juan Martin Ruiz,Suarez,0,Apoyo familiar,Pública,358.42
,,[DAMAGED],,,
<NULL>,Ojeda,0,Apoyo familiar,XXXXXXXXXXXXXXXXXXXXXXXXXXXXXXXXXXXXXXX,370.58
,,,,,
Graciela Narváez,Rojo,0,Apoyo familiar,@@@,343.18
,,,,,
Norma,Ledesma,0,Otro,Pública,462.77
Miriam Higueras,Tena,0,Trabajo,Pública,244.24
Valentina Mia Jazmin Soto,Juarez,X,Apoyo familiar,$$$,316.09
Kiara Ivan,Suarez,0,Apoyo familiar,Pública,∞∞∞
María Luisa Cáceres,,0,Apoyo familiar,Pública,282.01
102830,Andrés,0,Apoyo familiar,Pública,401.35
Alma Valentina Ponce,Gonzalez,0,Apoyo familiar,Pública,360.95
,,,,,###
Soledad Adela Espinoza,Laureano,###CORRUPT###,Crédito educativo,Privada,383.61
,,,,,
Gonzalo,Oliva,###CORRUPT###,$$$,Pública,320.51
Catherine María Franco,$$$,0,∞∞∞,Pública,393.39
Facundo Gutierrez,Medina,C0RRUPT3D,Apoyo familiar,Pública,238.6
Brayan Torres,Muñoz,0,Crédito educativo,Pública,200.71
Alberto Guadalupe Ayala,Cánovas,0,XXXXXXXXXXXXXXXXXXXXXXXXXXXXXXX,Pública,388.71
Bianca Rosario Gonzalez,Alvarez,1,Beca,Privada,490.86
Antonio Alfonso Moreno,Fonseca,0,Apoyo familiar,Pública,348.19
Cayetana Nebot,Tomas,0,Trabajo,Pública,332.02
Lorenzo Ana María Preciado,Arias,0,Apoyo familiar,Privada,330.84
Lorenza Alemany,Doménech,1,Beca,Privada,493.91
,,,,,
Camilo Emilio,Cotto,0,Apoyo familiar,Pública,$$$
Roberto Cantú,Luna,@@@,Otro,Pública,362.36
Joaquin,Cardozo,1,Apoyo familiar,782726,
Lic. Estela,Villareal,0,Apoyo familiar,Pública,379.19
Celia Acedo,Plana,1,@@@,,424.89
Cristina Linda,Carrión,0,Apoyo familiar,Pública,452.44
Dr(a). Felipe,Rios,0,Apoyo familiar,Pública,307.71
Manuel Carrillo,Rendón,0,Crédito educativo,,365.34
<NULL>,Antúnez-Trujillo,0,Otro,Pública,208.7
Mario Griego,Molina,0,Trabajo,Pública,188.23
Andrea Ribera,Piñeiro,0,Otro,[DAMAGED],288.78
Daniel Franco,Jiménez,1,Apoyo familiar,Privada,$$$
Julio Enrique,Meneses,0,Crédito educativo,Pública,248.8
Micaela Matías,Maldonado,X,,Pública,354.3
Vanesa,Milla-Silva,0,Otro,Privada,466.35
Natividad Arcelia,Polanco,1,Otro,Privada,331.45
Reinaldo,Sedano-Bernat,0,Apoyo familiar,Pública,343.52
Francisco Lautaro Ezequiel,Herrera,0,Trabajo,Pública,172.57
,,,,,0.0
Ing. Darío,Olivares,[DAMAGED],[DAMAGED],Pública,378.0
Amalia,Belmonte-Pallarès,###CORRUPT###,Apoyo familiar,Privada,652.42
Lucas,Fernandez,X,Otro,Pública,445.03
Bautista Benjamin Bautista Benjamin Luna,Navarro,0,Apoyo familiar,Pública,434.2
Dr(a). Luciano,Gonzalez,1,Apoyo familiar,Privada,[DAMAGED]
Ulises Iborra,Barberá,0,Trabajo,Privada,309.64
,,,,,
Guillermo Montes,Ávila,0,C0RRUPT3D,Pública,472.57
Mtro. Rebeca,Salas,0,Apoyo familiar,Pública,409.26
Maxi Pozuelo,Benavente,0,Apoyo familiar,Pública,272.78
Loreto Guzmán,Beltran,0,INVALID,Privada,282.46
Camilo,Pérez,@@@,Apoyo familiar,Pública,252.67
[DAMAGED],Farré,0,Apoyo familiar,Pública,314.92
Odalys Calvo,@@@,0,Apoyo familiar,Pública,274.22
Vilma Manjón,Matas,0,Trabajo,Pública,287.85
###CORRUPT###,,,,,
,,,∞∞∞,,INVALID
Tiziano Valentin Thiago Lionel,Gonzalez,0,Apoyo familiar,Pública,427.27
Orlando Pérez,Pérez,1,Trabajo,Privada,151.23
Soraya Cabello,Cabrero,∞∞∞,Trabajo,Pública,314.54
,,,,C0RRUPT3D,C0RRUPT3D
Reina Chávez,Menchaca,0,Apoyo familiar,Pública,299.33
,Santos,0,Trabajo,Pública,229.26
{BAD},Cano,0,Crédito educativo,Pública,∞∞∞
XXXXXXXXXXXXXXXXXXXXXXXXXXXXXXXXXXXXXXXXXXXXXXXXXXXXXXXXXXXXXXXXXXXXXXXXXXXXXXXXXXXXXXXXXXXXXXXXXXXXXXXXXXXXXXXXXXXX,Vaca,,Otro,Privada,425.2
Martina,Fernandez,0,???,Privada,407.62
{BAD},Dávila,,Beca,Privada,458.76
Fernanda Sanchez,Narváez,0,{BAD},∞∞∞,375.84
Ester,Falcón,0,Apoyo familiar,INVALID,306.29
C0RRUPT3D,Bolaños,1,Trabajo,XXXXXXXXXXXXXXXXXXXXXXXXXXXXXXXXXXXXXXXXXXXXXXXXXXXXXXXXXXXXXXXXXXXXX,172.34
Olga Marcela Caro,C0RRUPT3D,0,Trabajo,Pública,0.0
Pili Colomer,Montoya,0,Apoyo familiar,Pública,411.96
Lic. Luisa,Vigil,0,Apoyo familiar,Pública,292.07
Claudia Cecilia,Torres,[DAMAGED],Apoyo familiar,Pública,271.23
@@@,Calderon,0,Apoyo familiar,Privada,385.94
Clara Parada,Romero,0,Apoyo familiar,Pública,419.45
Francesca Valentino,Muñoz,,ERR!!,Pública,372.23
Juan Ignacio Flores,Flores,1,Beca,Privada,620.87
Lucía Lola,Gonzalez,1,Apoyo familiar,Privada,548.9
Gerónimo Ricardo Raya,Linares,0,Apoyo familiar,Pública,252.81
{BAD},Giménez,0,Trabajo,###CORRUPT###,238.29
Elvira Cecilia,Solís,X,Apoyo familiar,Pública,420.54
,,,C0RRUPT3D,,{BAD}
Sr(a). Rosalia,,0,Otro,Pública,[DAMAGED]
Ana Diana Vallejo,Tovar,###CORRUPT###,Apoyo familiar,Pública,213.68
Chita Juárez,Domingo,,Beca,Privada,323.77
María Sandra Suárez,Orozco,0,Apoyo familiar,Pública,
Alfonso Alfonso,Rincón,1,<NULL>,Privada,226.62
Sr(a). Gerónimo,∞∞∞,0,Apoyo familiar,Pública,426.61
Dr(a). Paloma,Acosta,0,Trabajo,Pública,248.0
Agostina,[DAMAGED],0,Trabajo,Pública,240.25
Jesús Paz,Martínez,0,Trabajo,{BAD},182.77
,,∞∞∞,,XX,{BAD}
María Cristina Martí,Bartolomé,,Otro,Privada,248.91
,,,,[DAMAGED],
Adelina,{BAD},0,Apoyo familiar,Pública,373.8
Patricia Inés,Álvarez,0,Apoyo familiar,∞∞∞,
Dr(a). Isabella,Morales,0,Apoyo familiar,Pública,430.53
,Saldaña,0,Apoyo familiar,Privada,515.83
Mateo César,Salazar,1,Apoyo familiar,,488.82
Jose Ramón Giménez,Barroso,0,Apoyo familiar,Pública,378.34
Itziar,Álvarez,0,Apoyo familiar,Pública,352.65
Angélica Calzada,INVALID,0,Otro,Pública,361.41
Sr(a). Emma,Moreno,0,Apoyo familiar,Privada,540.45
Arturo Santiago,Aragón,0,Apoyo familiar,Pública,347.85
Paula Álvarez,González,0,Apoyo familiar,Pública,357.72
Ignacio Pilar,Garcia,0,∞∞∞,Pública,443.8
Catalina Navarro,Gonzalez,0,Apoyo familiar,Privada,{BAD}
Lilia,∞∞∞,0,Apoyo familiar,INVALID,337.04
,,,[DAMAGED],,
Plinio Guardiola,Benavides,0,Apoyo familiar,ERR!!,336.57
Teodoro,Alemany,0,Apoyo familiar,Pública,290.74
Sr(a). Gino,Acosta,0,Trabajo,Pública,251.76
Lorena Claudia Cuéllar,Castro,0,Apoyo familiar,Privada,567.28
@@@,Ramón,0,Crédito educativo,Pública,232.03
,,,,,
Vilma Manjón,INVALID,0,<NULL>,Pública,411.63
Camila,Alcala,0,Apoyo familiar,Pública,337.8
Raquel Lorena,Montañez,0,Trabajo,Pública,
Sessa,C0RRUPT3D,0,Apoyo familiar,Pública,416.84
Ian Benjamin Martín,Arias,0,Crédito educativo,Pública,350.79
Iván Armando,XXXXXXXXXXXXXXXXXXXXXXXXXXXXXXXXXXXXXXXXXXXXXXXXXXXXXXXXXXXXXXXXXXXXXXXXXXXXXXXXXXXXXXXXXXXXXXXXXX,0,@@@,Pública,314.12
Valentina Rodriguez,Gonzalez,[DAMAGED],Apoyo familiar,Pública,338.05
,Castelló,0,Trabajo,Pública,231.23
Óliver Samuel Piña,Galarza,1,Beca,Privada,440.38
Pedro,Leiva,X,Apoyo familiar,280339,271.77
Claudio,Contreras,0,Crédito educativo,Pública,300.94
Adora de,Pazos,1,Apoyo familiar,Privada,564.99
María Elena,$$$,0,Otro,Pública,448.48
Augusto,Sebastián,0,Otro,Pública,385.49
Dr(a). Franco,Martinez,###,Apoyo familiar,Pública,355.24
Micaela Valentino Luna,Coronel,0,852612,Pública,399.75
Severiano Abel Ocaña,Ramón,,Otro,Pública,482.96
,García,0,Trabajo,Pública,275.47
Cayetano Iborra,Villalonga,0,Trabajo,Pública,173.88
José Eduardo,Romero,,Trabajo,Pública,196.94
Mauricio Nieves,Gómez,0,Apoyo familiar,C0RRUPT3D,309.51
Tiziano Benjamin Villalba,Vega,0,Trabajo,Pública,322.77
,,,,,
Clara Diana Acevedo,Ortiz,0,Apoyo familiar,Pública,<NULL>
Graciela Barbara,Caldera,0,Trabajo,Pública,177.9
Martina Tomas,Molina,0,Apoyo familiar,Pública,C0RRUPT3D
Santiago Maite,INVALID,0,Apoyo familiar,Pública,434.93
Daniel Humberto,$$$,0,Apoyo familiar,Pública,386.82
César Paola,Navarrete,1,XXXXXXXXXXXXXXXXXXXXXXXXXXXXXXXXX,Privada,226.13
Consuelo Amat,Puerta,0,535028,Pública,C0RRUPT3D
Mateo Benjamin Emilia Ortiz,Gomez,1,Apoyo familiar,Privada,INVALID
Santiago Jeremias Diaz,Diaz,C0RRUPT3D,Trabajo,Pública,245.83
Juan José Ortiz,Prada,0,{BAD},Pública,234.7
∞∞∞,,-888.0,Apoyo familiar,Pública,418.85
Lic. María del Carmen,Quintero,1,Beca,Privada,492.32
,Acuña,0,Apoyo familiar,Pública,428.91
Rodolfo Falcón,Álvaro,1,Beca,Privada,277.77
Remedios,Vallejo,1,Trabajo,Privada,252.98
Lic. Eugenia,<NULL>,0,{BAD},Pública,0.0
Custodia Felicia Canales,Berenguer,0,<NULL>,Pública,235.74
María Diana,Perdomo,0,ERR!!,Pública,401.08
@@@,Rivera,1,Beca,Privada,425.74
Carlos Blanco,García,0,Apoyo familiar,110602,306.72
Manuel Abigail Muñoz,Farías,0,Apoyo familiar,Pública,422.12
Lic. Miguel Ángel de,Jesús,1,Beca,Privada,350.97
Mateo Joaquin Gomez,Chavez,0,Apoyo familiar,Pública,341.3
Tania,Hernández,0,Crédito educativo,,318.68
Daniel Hernando,Hurtado,0,Apoyo familiar,Pública,369.67
León Antonia,Aguirre,0,Apoyo familiar,C0RRUPT3D,375.42
Sr(a). Ludmila,Diaz,0,Apoyo familiar,Pública,411.18
{BAD},Buitrago,1,Otro,###CORRUPT###,455.43
Clara Fernando Valentín,Tijerina,0,Otro,Pública,{BAD}
###,Tovar,0,Apoyo familiar,Pública,360.41
Juliana Benitez,Sosa,0,XXXXXXXXXXXXXXXXXXXXXXXXXXXXXXXXXXXXXXXXXXXXXXXXXXXXXXXXXXXXXXXXXXXXXXXXXXXXXXXXXXXXXXXXXXXXXXXXXXXXXX,Pública,225.63
Martín Micaela,Lopez,0,Apoyo familiar,Pública,414.07
Alfonso,INVALID,1,Apoyo familiar,Privada,582.12
$$$,Vega,1,Apoyo familiar,Privada,431.66
Ángela Ferrera,Salinas,0,Apoyo familiar,Pública,280.86
,,,,,
Dulce María Hernandes,Lozano,X,???,Pública,396.21
Jeronimo Vega,Perez,0,Apoyo familiar,Pública,296.55
Pilar,Dominguez,0,???,Pública,186.1
Morena Bustos,Rodriguez,0,Otro,Pública,325.47
Lautaro Benjamin,áéíóú ñ,0,Crédito educativo,Pública,216.67
Jose Ramón Bonet,Mata,0,Trabajo,Pública,295.57
Lara Valentina Gomez,Ponce,0,Apoyo familiar,Pública,384.46
###CORRUPT###,@@@,0,Otro,Pública,269.4
Verónica Perla Garrido,Rivero,0,Trabajo,,206.41
Teodoro Carrero,∞∞∞,0,Apoyo familiar,Pública,310.99
Sr(a). Florencia,Suarez,0,$$$,C0RRUPT3D,318.32
Dayana,Romero,C0RRUPT3D,Apoyo familiar,Pública,342.32
,Verdú,0,Apoyo familiar,888822,391.74
$$$,Godoy,0,∞∞∞,Pública,0.0
Dany Contreras,Cárdenas,0,Apoyo familiar,Pública,318.54
Patricia,,1,Apoyo familiar,Privada,∞∞∞
Martin,<NULL>,0,Apoyo familiar,{BAD},343.65
Aurora Bejarano,###CORRUPT###,0,Apoyo familiar,Pública,303.09
∞∞∞,Ramos,1,@@@,Privada,0.0
Alexandra Martha,Muñoz,1,<NULL>,Privada,221.63
Ing. Yolanda,Moreno,0,Apoyo familiar,Pública,231.31
Luis Miguel,@@@,0,Apoyo familiar,Pública,358.17
Otilia Gual,,,Apoyo familiar,Pública,425.84
INVALID,###CORRUPT###,0,ERR!!,Pública,373.76
<NULL>,Cordoba,{BAD},Otro,Pública,383.93
Julieta Lola,Luna,0,Otro,Pública,277.8
Sr(a). Juana,[DAMAGED],0,Otro,310116,472.95
Valerio Piquer,Suárez,1,Crédito educativo,Privada,319.18
<NULL>,Gonzalez,0,,Privada,354.88
Beatriz Parra,Cano,$$$,Apoyo familiar,Pública,446.07
Victoria Santiago,,0,Trabajo,,###CORRUPT###
Dr(a). Luciano,Gonzalez,1,Beca,Privada,367.65
Dr. Adalberto,Ortiz,0,Apoyo familiar,Pública,476.49
Teresita Vizcaíno,{BAD},###CORRUPT###,Trabajo,Pública,311.74
Fabián Jhon,Meza,0,Apoyo familiar,Pública,346.36
Arsenio Alegre,Reina,1,Apoyo familiar,Privada,314.96
Antonella Martinez,Fernandez,0,∞∞∞,Pública,458.36
Olga,Reyes,0,Trabajo,Pública,222.52
Isabella,Perez,0,[DAMAGED],Pública,352.87
,áéíóú ñ,,,,
Ian Victoria,Rodriguez,0,{BAD},Pública,446.92
Carlos Gómez,Salamanca,1,Beca,Privada,504.73
Andrés Monsalve,Arias,0,Apoyo familiar,∞∞∞,516.38
Lizeth Corredor,Álvarez,0,Apoyo familiar,Pública,297.84
Alma Oquendo,Díaz,0,Apoyo familiar,Privada,587.12
{BAD},974177,0,Trabajo,420633,266.87
@@@,Acosta,0,Crédito educativo,Pública,10000000000.0
Nadia,Almaraz,0,Crédito educativo,Pública,C0RRUPT3D
Ruy,Chamorro,0,Otro,{BAD},387.27
,,,,,
Agustin Simon Quiroga,Sanchez,0,,Pública,319.11
Dr(a). Catalina,###CORRUPT###,1,Apoyo familiar,Privada,556.85
Milena María,Rojas,$$$,???,Pública,432.6
Alfonsina Chavez,Torres,0,[DAMAGED],Pública,325.88
Rebeca Abelardo Posada,Crespo,0,Trabajo,Pública,213.76
Dany Eduardo Corredor,Uribe,0,Apoyo familiar,Pública,VAL2157
,,,,,
Isabela Joaquín Mascareñas,Rascón,1,Otro,Privada,467.34
Patricia,Naranjo,X,Apoyo familiar,Pública,415.7
,Caraballo,0,Otro,Pública,345.82
Juan Pablo Nieto,Tena,0,Apoyo familiar,Pública,###
[DAMAGED],,,,,
@@@,Alfonso,0,Apoyo familiar,@@@,366.09
Juan Ignacio,[DAMAGED],0,507778,Pública,283.91
###CORRUPT###,Arteaga,1,Beca,@@@,###
Victoria Benjamin Benitez,Perez,0,C0RRUPT3D,Pública,407.75
José Emilio Collado,Aranda,0,Apoyo familiar,Pública,0.0
áéíóú ñ,Tapia-Aguado,[DAMAGED],Apoyo familiar,###CORRUPT###,394.79
Marta de,Roldán,1,@@@,[DAMAGED],∞∞∞
Marcela Liliana,Domínguez,1,Apoyo familiar,Privada,522.28
Chucho Cisneros,Ugarte,0,Crédito educativo,Pública,241.21
C0RRUPT3D,Sánchez,0,???,Pública,342.81
Félix Ferrándiz,Cuéllar,0,Crédito educativo,Privada,205.91
Dr(a). Santino Ezequiel,Morales,0,Otro,Pública,212.26
,Jiménez,0,Trabajo,Pública,234.55
,,,,,
Luis Manuel Mateo Madrigal,∞∞∞,1,Beca,,439.93
Nahuel Ignacio Molina,Diaz,0,Apoyo familiar,Pública,305.81
Raimundo Anglada,Bravo,0,Trabajo,Pública,237.55
Benjamin Alejandro,Lucero,0,Crédito educativo,Privada,INVALID
Isabela María Eugenia,Collado,0,Crédito educativo,Pública,142.38
Andrés Rodríguez,Méndez,1,Beca,Privada,419.05
,,,,,
Dr(a). Maia,Silva,$$$,Apoyo familiar,Pública,303.86
Guadalupe Zabaleta,Salom,1,Beca,Privada,500.94
Alonso del,Pascual,0,Apoyo familiar,Pública,560.48
C0RRUPT3D,Bustos,0,Apoyo familiar,Pública,
David,Alvarado,@@@,Beca,Privada,494.4
Martina Benjamin,Luna,0,Apoyo familiar,Privada,859.16
Luz,###CORRUPT###,1,Apoyo familiar,Privada,380.27
,C0RRUPT3D,,XXXXXXXXXXXXXXXXXXXXXXXXXXXXXXXXXXXXXXXXXX,,
Dolores Luz,<NULL>,0,Apoyo familiar,Pública,327.27
465798,Arteaga,0,Apoyo familiar,Pública,306.46
Florentino Lluch,Luís,C0RRUPT3D,Otro,Pública,0.0
Steven Uribe,Benítez,0,Apoyo familiar,Pública,365.6
Xiomara Marina,Silva,0,Apoyo familiar,Privada,617.15
Samuel,Acosta,0,Trabajo,∞∞∞,230.89
Rosa María,Cuenca,0,Apoyo familiar,Pública,257.11
Valentino Benitez,Sanchez,0,Crédito educativo,Pública,319.25
Sandra Dary Serrano,Díaz,0,Crédito educativo,Pública,C0RRUPT3D
,Pombo,0,Apoyo familiar,<NULL>,361.03
<NULL>,Chavez,0,Apoyo familiar,Pública,309.28
Dr(a). Maximo,Gimenez,0,Apoyo familiar,Pública,287.08
[DAMAGED],Ramos,0,Otro,Pública,332.65
{BAD},Blázquez,1,Beca,Privada,385.51
Fabiola Dueñas,Lorenzo,1,Apoyo familiar,Privada,544.22
,,,,,
Sandra Adriana Cruz,Muñoz,1,Apoyo familiar,Privada,447.95
<NULL>,Crespo,0,Apoyo familiar,Pública,365.36
Carmelo Perelló,Muñoz,$$$,Apoyo familiar,Pública,$$$
Santos Sobrino,∞∞∞,1,Beca,∞∞∞,BAD
XXXXXXXXXXXXXXXXXXXXXXXXXXXXXXXXXXXXXXXXXXXXXXXXXXXXXXXXXXXXXXXXXXXXXXXXXXXXXXXXXXXXXXXXXXXXXXXXXXXXXXXXXXXXX,Perez,0,Apoyo familiar,Pública,344.06
Alfredo,Osorio,0,$$$,Pública,292.8
Carlito,Criado-Llanos,0,Apoyo familiar,Pública,347.87
Zaida Catalán,Duran,0,Apoyo familiar,Privada,461.41
Cristina,Ramírez,1,Apoyo familiar,Privada,270.99
Ian Molina,Flores,0,Apoyo familiar,Pública,
Purificación Viviana Casanova,Mendizábal,0,Crédito educativo,Privada,264.92
Pedro,Carbajal,0,Apoyo familiar,,360.24
Tomas Gomez,Ruiz,0,Trabajo,Pública,222.83
Asunción,[DAMAGED],$$$,Beca,Privada,333.05
Violeta Arenas,Rosselló,0,Apoyo familiar,Pública,338.61
@@@,Castro,0,Apoyo familiar,Privada,392.65
,,,,,
Marcos Cruz Cortes,Morante,0,Trabajo,Pública,213.95
José Mancebo,Guillén,0,Apoyo familiar,Privada,548.2
Joaquín,Zelaya,0,XXXXXXXXXXXXXXXXXXXXXXXXXXXXXXXXXXXXXXXXXXXXXXXXXXXXXXXXXXXXXXXX,Pública,253.47
Stella,Ortiz,0,Apoyo familiar,Pública,387.71
Elisabet Débora Perelló,Vicente,0,Crédito educativo,Pública,270.69
Lic. Elena,Villalpando,0,Crédito educativo,XX,245.42
INVALID,Zambrano,0,Apoyo familiar,Pública,360.65
Jaime,Gómez,$$$,Apoyo familiar,XXXXXXXXXXXXXXXXXXXXXXXXXXXXXXXXXXXXXXXXXXXXXXXXXXXXXXXXXXX,473.93
Guillermo Francisca,Mascareñas,VAL6208,Otro,Privada,389.47
Chus Lucas,Cabo,0,###CORRUPT###,Pública,428.48
Ruth Ana,Castrillón,1,Beca,C0RRUPT3D,470.88
Ing. María Elena,Puga,∞∞∞,Apoyo familiar,Pública,273.88
Lidia Zambrano,Mosquera,0,Apoyo familiar,Pública,335.48
Alberto Israel,Muñoz,0,Trabajo,Privada,
Benjamin,Lopez,0,Apoyo familiar,Pública,453.15
,Mínguez,1,Beca,Privada,537.71
C0RRUPT3D,Díaz,0,Trabajo,Pública,294.36
Tomàs Gimenez,Silva,0,Trabajo,Pública,199.37
Jennifer Rincón,Hernández,0,Trabajo,∞∞∞,[DAMAGED]
Dr. Nayeli,Escobar,0,Apoyo familiar,Pública,400.04
Francesca Josefina Garcia,Herrera,1,Trabajo,Privada,$$$
463352,Prada,0,Otro,Pública,389.01
Manuel Andrés Martínez,Quintero,0,Otro,Privada,317.95
∞∞∞,Meléndez,0,Apoyo familiar,Pública,ERR
Mia Rodriguez,Dominguez,0,@@@,Pública,388.34
Eusebio Collado,Jaume,VAL6139,Apoyo familiar,Pública,298.44
Emiliano Villareal,Tello,0,Apoyo familiar,Pública,328.44
Gildardo Ferney Arias,,0,@@@,,291.54
Mario Yolanda,Carrero,0,Trabajo,Pública,224.35
XXXXXXXXXXXXXXXXXXXXXXXXXXXXXXXXXXXXXXXXXXXXXXXXXXXXXXXXXXXXXXXXXXX,Aguilar,0,Apoyo familiar,Privada,664.13
@@@,Morales,$$$,Crédito educativo,XX,264.45
{BAD},Sánchez,0,Apoyo familiar,Pública,VAL6674
Carlos Hernández,Valencia,1,Beca,Privada,507.61
Dr(a). Isabella,Morales,0,Trabajo,{BAD},231.16
Inocencio del,Prado,0,Apoyo familiar,Pública,191.22
Renata Fernandez,[DAMAGED],0,Apoyo familiar,Pública,357.8
{BAD},Barajas,@@@,Apoyo familiar,Privada,555.97
Jos Beatriz,Lomeli,1,Apoyo familiar,Privada,{BAD}
Socorro Magaña,Caballero,1,Apoyo familiar,$$$,0.0
Matias,Perez,0,Crédito educativo,[DAMAGED],263.15
Thiago Maria Victoria Medina,Gomez,0,INVALID,Privada,372.31
Catalina Lucia Ojeda,∞∞∞,0,Crédito educativo,Pública,246.83
Agostina,Soto,###CORRUPT###,Crédito educativo,Pública,368.03
Elizabeth Londoño,Alzate,0,Trabajo,Privada,INVALID
Helena,Laureano,0,Trabajo,Pública,302.68
Jesús Mauricio,Mercado,0,@@@,Pública,333.2
Margarita Garcia,Estevez,0,Apoyo familiar,,318.33
,Cortés,0,Apoyo familiar,$$$,612.63
INVALID,INVALID,0,Apoyo familiar,Pública,327.97
Juan Cruz,Ramos,0,Trabajo,Pública,207.68
$$$,Hernandez,0,Apoyo familiar,Pública,415.14
Marina Ximena,Mora,{BAD},Apoyo familiar,Pública,462.68
Clara,Moyano,0,Trabajo,Pública,222.32
Micaela,Río-Sanjuan,@@@,Otro,Pública,295.02
Mónica Pastor,C0RRUPT3D,0,∞∞∞,,231.44
Luis,Fuentes,0,{BAD},Pública,341.65
@@@,###CORRUPT###,0,Apoyo familiar,Pública,324.68
C0RRUPT3D,Pedraza,0,Apoyo familiar,Pública,INVALID
Ing. Federico,@@@,0,Apoyo familiar,Pública,402.62
Matias Gonzalez,Peralta,∞∞∞,Trabajo,Pública,{BAD}
María Eugenia Arteaga,,0,Apoyo familiar,Pública,366.85
,Moreno,0,Trabajo,###,159.81
Francisco Edgar,Acosta,0,Apoyo familiar,Pública,493.0
Benjamin Valentin Gonzalez,Sanchez,0,Apoyo familiar,Privada,806.37
Augusto Sofía Parra,Ontiveros,0,[DAMAGED],Pública,333.94
Montserrat Jiménez,Fábregas,0,Trabajo,Pública,283.17
Ian Victoria,INVALID,0,Apoyo familiar,Pública,446.92
Victoria Rafael,Duarte,1,Apoyo familiar,Privada,489.11
$$$,Cortina,C0RRUPT3D,Beca,Privada,379.57
Lucía,Hernandez,0,Apoyo familiar,Pública,VAL3953
Mtro. Aldonza,García,0,Otro,Pública,422.71
Isaac Jorge,<NULL>,@@@,Apoyo familiar,,313.8
Rosalinda Sanz,Oliver,0,Apoyo familiar,Pública,332.68
###CORRUPT###,Gonzalez,0,Apoyo familiar,Pública,{BAD}
$$$,Mir,0,Apoyo familiar,Privada,847.58
Juan Julián,Osorio,0,Apoyo familiar,Pública,293.37
Indira Lira,Valdés,0,Trabajo,Pública,∞∞∞
Venceslás Borrás,Torrens,0,Apoyo familiar,Pública,251.91
Yudy Carvajal,Mercado,0,Apoyo familiar,Pública,0.0
,,@@@,???,,
Agostina,Soto,0,Apoyo familiar,Pública,$$$
Juliana Acosta,Dominguez,0,Apoyo familiar,Pública,283.63
Sr(a). Sofia,Mendez,1,Beca,Privada,386.72
Johana,Caicedo,0,Trabajo,Pública,251.41
Enrique Rosales,Colunga,0,Crédito educativo,Pública,318.23
C0RRUPT3D,,,,,
Fortunato Miranda,XXXXXXXXXXXXXXXXXXXXXXXXXXXXXXXXXXXXXXXXXXXXXXXXXX,0,Trabajo,áéíóú ñ,179.97
###CORRUPT###,Romero,0,C0RRUPT3D,Pública,318.02
INVALID,Angulo,0,Trabajo,Pública,274.55
∞∞∞,Casanova,0,Apoyo familiar,Pública,{BAD}
Luis Camilo Villamil,Rodríguez,0,###CORRUPT###,@@@,243.77
Marisol Cristian,Calvillo,0,Otro,C0RRUPT3D,$$$
Tatiana Eliana,Parra,VAL9359,Apoyo familiar,Pública,302.3
Lautaro Nicolas Lisandro,Alvarez,0,Apoyo familiar,Pública,459.22
$$$,Cabrera-Torre,0,Apoyo familiar,Pública,591.94
Ignacio Alejo Paez,Sosa,1,Beca,Privada,576.15
Santos Sobrino,Mancebo,1,Trabajo,Privada,319.83
$$$,Pereyra,0,Apoyo familiar,Pública,399.51
Uma Alvarez,Coronel,0,Otro,Pública,473.67
,,,,,
Yuridia,Burgos,0,Crédito educativo,Pública,329.95
,,,,,
Mercedes Felix,Escobedo,0,Otro,Pública,277.71
Eric Cruz Ropero,Montserrat,0,Apoyo familiar,Pública,306.87
Amanda Rosalia,,ERR,Apoyo familiar,Privada,446.43
Ramiro Aldo,Mateo,-9999.0,Apoyo familiar,Privada,524.44
Verónica Virginia Plaza,Canet,0,Apoyo familiar,Pública,380.11
Abigail Figueroa,,0,Apoyo familiar,Pública,355.97
Dr(a). Martín,Leiva,0,Apoyo familiar,Privada,612.54
Rocío Lucía Rojas,Díaz,1,Beca,Privada,479.99
###CORRUPT###,@@@,###,Otro,Pública,476.56
Cristina Beatriz,Zapata,1,Apoyo familiar,Privada,416.79
Lic. Esther,Moya,VAL1953,Apoyo familiar,Pública,413.1
Francesco Benicio,Valdez,0,Apoyo familiar,Pública,438.96
Juan,Rojas,0,Trabajo,Pública,403.94
Valentina Lautaro Benjamin Lopez,Gonzalez,0,Otro,Pública,332.37
Eustaquio,Taboada,0,INVALID,Pública,252.65
$$$,Miranda,0,@@@,Pública,267.18
Carmina,Juliá-Doménech,0,Apoyo familiar,Pública,467.81
David Jairo Mena,∞∞∞,0,Crédito educativo,Pública,185.26
Judith Millán,Quirós,1,∞∞∞,Privada,597.53
Anselma de,Baena,0,Trabajo,Pública,252.9
Kiara Fernandez,Godoy,1,Trabajo,Privada,234.6
,Parada,0,Trabajo,Pública,309.99
Mtro. Victoria,Chapa,0,Crédito educativo,Pública,274.0
Angie Andrea,Padilla,0,Apoyo familiar,{BAD},529.66
,[DAMAGED],,@@@,,
Ángela,$$$,0,Apoyo familiar,Pública,388.59
Sr(a). Renato,Contreras,0,Crédito educativo,Pública,291.69
[DAMAGED],Parra,1,Beca,Privada,567.29
ERR!!,,0,[DAMAGED],Pública,{BAD}
Salomé Mateo,Mercader,0,Otro,Pública,∞∞∞
###,,,###CORRUPT###,,
Benjamin Felipe,,0,Crédito educativo,Pública,416.0
Juan Ignacio,Moreno,1,Apoyo familiar,,564.6
Norma Octavio Cadena,Prieto,0,Apoyo familiar,Pública,320.65
Sonia Edith Mosquera,Rodríguez,0,Apoyo familiar,Privada,642.01
Gustavo David,Jaimes,1,Beca,Privada,576.1
473974,Portero,0,Trabajo,Privada,236.98
Marcos Sánchez,INVALID,1,???,Privada,323.22
Mercedes Mascareñas,Girón,0,Trabajo,Pública,304.92
###CORRUPT###,Sotelo,0,{BAD},Privada,414.65
C0RRUPT3D,Aguilera,{BAD},Trabajo,Pública,<NULL>
Lic. Eugenia,Partida,0,Crédito educativo,Pública,344.84
Lorenzo Quiroga,Lopez,0,Apoyo familiar,Pública,391.5
ERR!!,Gimenez,0,Apoyo familiar,Pública,274.69
Valentino,Escobar,0,Apoyo familiar,Pública,372.32
XXXXXXXXXXXXXXXXXXXXXXXXXXXXXXXXXXXXXXXXXXXXXXXXXXXXXXXXXXXXXXXXXXXXXXXXXXXXXXXXXXXXXXXXXXXXXXXXXXXXXXXXXXXXXXXXXXXXXXX,Rodriguez,0,Apoyo familiar,Pública,423.84
Juan Pablo Jerónimo Pérez,Reyes,0,Apoyo familiar,Pública,344.57
Elena Luciano Lopez,Castillo,0,Trabajo,Pública,331.46
María Diana,Perdomo,0,<NULL>,Pública,282.91
Mercedes,Echeverría,0,{BAD},Pública,256.35
Duván Fonseca,Bravo,C0RRUPT3D,áéíóú ñ,Pública,449.85
Anselma Codina,Correa,0,Apoyo familiar,Pública,372.05
Benjamín,Sandoval,0,Apoyo familiar,Pública,288.04
Sonia Londoño,Naranjo,∞∞∞,Apoyo familiar,Pública,337.61
Rosalva,Múñiz-Ibáñez,1,Apoyo familiar,XX,525.95
Flavia Díez,Bautista,0,Apoyo familiar,Pública,VAL6742
Mary Lucía,Moreno,0,Apoyo familiar,Pública,325.68
Jazmin Octavio Rojas,Suarez,0,Apoyo familiar,Pública,427.44
Eusebio Collado,Jaume,,Crédito educativo,Pública,443.52
Amílcar Sáenz,Balaguer,0,Apoyo familiar,,370.16
Luz Janneth Gonzáles,Castillo,X,Otro,Pública,329.7
Alfonso Alfonso,Rincón,1,Beca,Privada,483.62
Manuel Alexander Camargo,Caicedo,0,Apoyo familiar,[DAMAGED],376.95
Alexandra Andrea Camacho,Guzmán,0,Apoyo familiar,Pública,394.46
Carlos Guardia,935591,0,Trabajo,Pública,238.02
Benjamin Ignacio Olivera,Maidana,0,Apoyo familiar,Pública,265.54
Thiago Ezequiel,Fernandez,0,Crédito educativo,@@@,242.11
###CORRUPT###,Aguilar,0,Apoyo familiar,Privada,
###CORRUPT###,Lopez,0,Otro,Pública,276.42
Anselmo,Costa-Amigó,1,Trabajo,Privada,277.8
Ana Gutiérrez,García,0,Apoyo familiar,Pública,284.54
Cristobal,Duarte,1,Beca,Privada,452.51
Aldo Georgina,Castañeda,0,Trabajo,Pública,223.77
Renata Peralta,$$$,[DAMAGED],Crédito educativo,Pública,235.11
Nina Mansilla,Sanchez,1,Beca,Privada,510.83
René Montoya,,0,Apoyo familiar,Pública,223.22
Jimena Benito,Carnero,0,Apoyo familiar,Pública,342.48
Jorge Julio Ramos,Quintero,0,Apoyo familiar,Pública,299.59
Josefina Isabella,Lopez,1,Apoyo familiar,@@@,521.6
Bernardo Rodrigo Heredia,Mota,1,C0RRUPT3D,Privada,286.97
León Alegre,Carrillo,0,Crédito educativo,Pública,179.11
Martin,Fernandez,0,Apoyo familiar,Pública,343.65
<NULL>,Benito,1,Beca,Privada,236.41
,,,,,
Uriel Villaseñor,Limón,0,Apoyo familiar,Pública,409.46
∞∞∞,Durán,0,Apoyo familiar,Privada,635.28
Luca Sol Rodriguez,Carrizo,0,Apoyo familiar,Pública,391.83
Hilario Murillo,,###CORRUPT###,Apoyo familiar,@@@,345.75
Enrique Luis,<NULL>,0,Apoyo familiar,Pública,357.57
Teresa Asunción Magaña,Palomo,0,Trabajo,Pública,332.47
Marita Villalonga,Prieto,0,Crédito educativo,Privada,0.0
Isidoro Sebastián,Cantero,0,Trabajo,Pública,∞∞∞
Germán Ocampo,Pérez,0,Apoyo familiar,Pública,318.22
Diego Duarte,Cortés,1,Beca,Privada,0.0
Hilda,Gómez,∞∞∞,Apoyo familiar,ERR!!,228.13
311246,Chaparro,{BAD},∞∞∞,Pública,317.8
Danilo Mora,{BAD},0,Apoyo familiar,áéíóú ñ,250.23
Johana,Caicedo,0,359773,Pública,349.98
José,,0,Otro,Pública,384.47
Cristina Vásquez,Obando,0,Apoyo familiar,Pública,260.76
Amelia,Guillen,0,Otro,Pública,480.02
Luis Manuel Mateo Madrigal,Gil,1,Otro,Privada,-888.0
Joaquina del,Almeida,0,Apoyo familiar,Pública,403.01
Cruz Prada,Coronado,0,Trabajo,Pública,197.19
,,,138897,,
Cecilia,Ramírez,INVALID,Apoyo familiar,,0.0
Felix,Duarte,0,Apoyo familiar,XXXXXXXXXXXXXXXXXXXXXXXXXXXXXXXXXXXXXXXXXXXXXXXXXXXXXXXXXXXXXXXXXXXXXXXXXXXXXXXXXXXXXXXXXXXXXXXXXXXXXXXXXXXXXXXXXXX,374.97
{BAD},Ochoa,0,Apoyo familiar,Pública,454.79
,,,,,
Victoria,Navarro,0,Crédito educativo,Pública,363.51
,Rodríguez,0,Crédito educativo,Pública,388.17
Pilar Olivera,Fernandez,0,Trabajo,Pública,280.48
XXXXXXXXXXXXXXXXXXXXXXXXXXXXXXXXXXXXXXXXXXXXXXXXXXXXXXXXXXXXXXXXXXXXXXXXXXXXXXXXXXXXXXXXXXXXX,Sánchez,0,Apoyo familiar,Pública,412.92
áéíóú ñ,,0,Apoyo familiar,Pública,331.02
Rosa Camargo,Castaño,0,Apoyo familiar,Pública,447.65
Paula López,Monroy,0,Trabajo,Pública,@@@
Felipe Cabrera,Ortiz,0,Trabajo,Pública,193.42
Sr(a). Ciro,Silva,0,Apoyo familiar,Pública,398.19
Jacinto,Narváez,0,Apoyo familiar,Privada,504.7
Socorro,Tijerina,0,???,Pública,286.08
áéíóú ñ,,0,Apoyo familiar,Pública,297.32
Catalina Lucía Luna,∞∞∞,0,Apoyo familiar,Pública,312.31
,,,???,,
,,$$$,,,
INVALID,Amaya,0,Apoyo familiar,Pública,366.66
Aureliano Tenorio,Hervia,0,Apoyo familiar,Pública,279.83
XXXXXXXXXXXXXXXXXXXXXXXXXXXXXXXXXXXXXXXXXXXXXXXXXXXXXXX,Amigó,1,Beca,Privada,320.78
Delfina,∞∞∞,0,Apoyo familiar,{BAD},335.25
Karen Rico,Medina,0,Apoyo familiar,Pública,339.25
Violeta Salvador Sosa,Rodriguez,0,Apoyo familiar,Pública,313.88
∞∞∞,Lopez,0,Crédito educativo,Pública,311.89
∞∞∞,{BAD},0,,Pública,338.34
Mateo Ezequiel Joaquin,Perez,0,Apoyo familiar,Pública,319.66
Doris Fernández,Murillo,0,Apoyo familiar,Pública,232.32
Benjamin Sofia,Sanchez,1,Apoyo familiar,638404,393.47
Olga,García,0,Trabajo,Pública,339.2
Dr(a). Alma,Ortiz,0,Trabajo,Pública,311.13
Andrés Vergara,Valencia,0,Trabajo,Pública,INVALID
Valentino,Nuñez,0,Apoyo familiar,Pública,345.72
Jesús Alberto Corredor,[DAMAGED],-9999.0,Apoyo familiar,Pública,298.54
Dr(a). Bautista,940877,0,Trabajo,Pública,273.97
Richard,Pedraza,0,Trabajo,Pública,
Paulina Justina,Silva,0,???,Pública,368.09
Augusto Camilo Moreno,Henao,0,Apoyo familiar,∞∞∞,320.16
Dr. Hilda,XXXXXXXXXXXXXXXXXXXXXXXXXXXXXXXXXXXXXXXXXXXXXXXXXXXXXXXXXXXXXXXXXXXXXXXXXXXXXXXXXXXXXXXXXXXXXXXXXXXXXXXXX,0,Apoyo familiar,Pública,231.65
Damaris Amparo Hernández,Vergara,0,{BAD},Pública,$$$
995731,Carballo,1,$$$,Privada,403.3
Regina,Zurita,0,XXXXXXXXXXXXXXXXXXXXXXXXXXXXXXXXXXXXXXXXXXXXXXXXXXXXXXXXXXXXXXXXXXXXXXXXXX,Pública,298.19
Sr(a). Tania,Olivas,0,Otro,Pública,399.5
Benjamín,Sandoval,0,Apoyo familiar,XX,<NULL>
Evelio Dalia Ortega,Rincón,0,∞∞∞,Pública,461.42
Perla Marisol,Montaño,1,Trabajo,Privada,267.57
Carla Berríos,Salcedo,0,<NULL>,,429.65
Olga Mosquera,Muñoz,1,Beca,Privada,[DAMAGED]
Silvestre del,Seco,0,Trabajo,Privada,180.97
Ernesto,Esparza,0,Apoyo familiar,Pública,0.0
C0RRUPT3D,Lozano,[DAMAGED],Trabajo,Pública,266.57
Jose Angel,Torre,VAL8930,Beca,Privada,240.71
Adalberto Córdoba,Jiménez,0,Apoyo familiar,∞∞∞,VAL9885
Emigdio Roda,Toledo,$$$,Trabajo,Pública,130.2
Thiago Emma,Godoy,0,Apoyo familiar,,379.91
Sr(a). Maria Victoria,Acuña,0,<NULL>,Pública,342.04
Mtro. José Manuél,Cazares,,Apoyo familiar,Pública,360.52
Hugo Jacobo Reséndez,Fonseca,0,Apoyo familiar,Pública,433.17
Dr. Tomás,Vera,[DAMAGED],Apoyo familiar,Pública,390.14
Fernando,Molina,1,Beca,Privada,486.21
María Laura,Díaz,1,Apoyo familiar,Privada,465.11
Judith Millán,Quirós,$$$,Crédito educativo,Privada,316.48
Santiago,Beltrán,0,,Pública,258.74
Olga Marcela Caro,Prada,0,Otro,Pública,389.01
,,,,,
Arsenio Llorente,Antúnez,1,Beca,Privada,502.71
389125,Morales,0,$$$,Pública,395.79
Estela Adriana,Farías,0,Trabajo,Pública,$$$
Margarita Sierra,Guzmán,###CORRUPT###,Apoyo familiar,Pública,368.89
Alejandro Castillo,Bedoya,0,Apoyo familiar,Pública,354.76
Delfina Milagros,Gomez,1,Trabajo,Privada,259.39
Wilfrido Yolanda,INVALID,1,Beca,Privada,453.01
Ariadna Rodolfo Cisneros,Montez,X,Crédito educativo,Pública,283.5
Victoria Martina,Gonzalez,0,{BAD},{BAD},272.76
Rosario Aponte,###CORRUPT###,0,Crédito educativo,Pública,363.83
Cayetana Roma,Berrocal,C0RRUPT3D,Apoyo familiar,Pública,245.67
Florencia Juan Martin Sosa,Gomez,X,Apoyo familiar,Pública,298.25
Simon,Alvarez,1,Beca,,310.24
Salomé Mateo,Mercader,0,Otro,Pública,361.75
Esmeralda Viviana Olaya,Martínez,0,Apoyo familiar,Pública,315.14
Lorenzo Mercedes,Rosales,0,Otro,Pública,0.0
Gertrudis Gómez,Roura,0,Apoyo familiar,Pública,384.37
Araceli David Aguirre,Villegas,0,Apoyo familiar,@@@,229.06
Damaris Amparo Hernández,C0RRUPT3D,0,Trabajo,Pública,290.99
Rosa Fanny Gutiérrez,Alarcón,1,Beca,251774,504.62
Anselma de,Ariño,0,Trabajo,,207.38
Cecilia Mateo,Corral,0,Apoyo familiar,Pública,384.49
Vicente Arcelia Rascón,Nevárez,0,Apoyo familiar,Pública,388.46
Ángel,,0,Trabajo,Pública,226.22
Oriana Almeida,Porcel,0,Trabajo,Privada,314.17
Gil Andres,Coronado,1,[DAMAGED],Privada,130.48
Graciana Calvo,Castilla,0,Crédito educativo,Pública,303.5
Felicitas Felicitas Nuñez,Paz,0,Trabajo,Privada,234.88
,Rodríguez,0,Crédito educativo,Pública,402.68
,XXXXXXXXXXXXXXXXXXXXXXXXXXXXXXXXXXXXXXXXXXXXXXXXXXXXXXXXXXXXXXXXXXXXXXXXXXX,,,,
Enrique Raúl,Palacios,X,Beca,Privada,336.73
Jairo,Benavides,0,Trabajo,Pública,255.39
Leonel Ana Ulibarri,Escobedo,0,Trabajo,Pública,226.66
Patricia Beatriz,Franco,X,Apoyo familiar,Pública,299.6
Adela Jacobo Carranza,Magaña,0,Apoyo familiar,Pública,335.71
Horacio Teruel,Menendez,0,Trabajo,@@@,0.0
Bautista Benjamin Bautista Benjamin Luna,Navarro,0,Otro,Pública,245.48
Citlali,Peralta,0,Apoyo familiar,,420.44
###CORRUPT###,,,,,
Nadia Isern,Padilla,0,Apoyo familiar,Pública,403.46
Alex Rosero,Monroy,0,Apoyo familiar,Pública,288.59
Malena Gimenez,Ramirez,,Apoyo familiar,Pública,231.43
Manuelita Pedrosa,Mayo,0,Apoyo familiar,Pública,
Alejandro Almonte,Soto,1,827849,Privada,551.34
,###CORRUPT###,,,,
Luisina Romero,Pellicer,0,Otro,Pública,409.1
Silvestre del,Noguera,0,Apoyo familiar,Pública,342.71
Leonardo Luís,[DAMAGED],0,Apoyo familiar,Pública,426.85
###,Batalla,0,Apoyo familiar,Pública,###CORRUPT###
Amelia Olivia Palma,Carretero,{BAD},???,Privada,343.36
Raquel Benjamín,[DAMAGED],0,Crédito educativo,XX,170.78
[DAMAGED],Cabrera,INVALID,XXXXXXXXXXXXXXXXXXXXXXXXXXXXXXXXXXXXXXXXXXXXXXXXXXXXXXXXXXXXXXXXXXXXXXXXXXXXXXXXXXXXXXXXXXXXXXXXXXXXXXXX,Privada,[DAMAGED]
Valentina Diaz,Gomez,0,Crédito educativo,Pública,373.13
Leonardo Pla,Hoz,1,Otro,Privada,366.03
Mtro. María del Carmen,Trujillo,1,Beca,Privada,321.48
{BAD},Hernandez,0,Crédito educativo,Pública,INVALID
Mtro. Isabela,Urbina,0,$$$,,501.93
###CORRUPT###,Sosa,0,Otro,Pública,335.16
Luciano Benjamin Diaz,Nuñez,0,Apoyo familiar,Pública,283.37
INVALID,Sanchez,0,Apoyo familiar,Pública,329.9
Leire,Fuertes,0,Apoyo familiar,[DAMAGED],520.88
Anderson,Vega,0,Apoyo familiar,Pública,419.52
Rubén Salma,Casárez,X,Apoyo familiar,Pública,397.15
,,,,,{BAD}
,Hurtado,0,Apoyo familiar,Pública,332.48
Ángela Garzón,Erazo,VAL3173,Beca,Privada,446.01
Emilia del,Fernandez,1,Beca,Privada,381.87
Fanny del,Guzmán,1,Beca,Privada,556.77
∞∞∞,Maldonado,0,Apoyo familiar,Pública,416.84
Marco Antonio Mateo Cervántez,Palacios,X,Otro,Pública,470.67
Cayetano Mario Peral,Carbonell,0,Crédito educativo,Pública,296.56
Dario Juan Santos,Manrique,1,Beca,Privada,472.29
,Mata,0,Trabajo,Pública,224.23
ERR!!,Coronado,0,Apoyo familiar,Privada,506.81
@@@,Tomé,0,Trabajo,Pública,246.14
Adrián Uriarte,Gaya,0,Apoyo familiar,Pública,
,,,,,{BAD}
{BAD},Vergara,1,Trabajo,Privada,152.22
Lina,Asenjo-Tolosa,0,Apoyo familiar,∞∞∞,267.17
Beatriz Costa,Prieto,0,Trabajo,Pública,150.9
XXXXXXXXXXXXXXXXXXXXXXXXXXXXXXXXXXXXXXXXXXXXXXXX,,,,,
Maximo Nuñez,Vera,0,Crédito educativo,###CORRUPT###,324.2
,,,,,
Felipe Antonia Galván,Nieto,0,Apoyo familiar,Pública,340.3
Emma Maximo,@@@,1,Trabajo,Privada,212.77
Paca,Casado,1,Apoyo familiar,Privada,412.95
Mario Humberto Mora,Serrano,0,Apoyo familiar,Pública,385.66
Miguela Abril,Clavero,0,Apoyo familiar,∞∞∞,476.06
,,,,,
Dr. Jaime,$$$,0,Apoyo familiar,Pública,227.45
Gloria del,Blázquez,1,Crédito educativo,Privada,366.04
Sr(a). Ciro Benjamin,Gonzalez,0,@@@,Pública,236.42
Camilo,Espitia,0,Apoyo familiar,,0.0
Javier Daniel,Restrepo,0,Crédito educativo,Privada,317.83
Yadira Ocampo,Ávila,0,Crédito educativo,Pública,242.76
∞∞∞,,,,XX,
Alicia,Vásquez,C0RRUPT3D,Otro,Pública,
Adela Jacobo Carranza,###CORRUPT###,0,Otro,Pública,362.21
Milagros,Lucas,0,$$$,Pública,380.07
Evelio Elvira Bustos,Alemán,1,Otro,Privada,255.58
Sr(a). Helena,{BAD},[DAMAGED],Apoyo familiar,Privada,447.42
Eutimio Jose Antonio Marin,Landa,0,Otro,Pública,248.91
###CORRUPT###,Fabregat,0,Apoyo familiar,Pública,306.91
$$$,Galvis,0,∞∞∞,Pública,0.0
Jorge Elkin,Monroy,0,Trabajo,Pública,{BAD}
Angélica Azorin,Cerro,1,Beca,Privada,388.81
Inmaculada Amigó,Cases,0,Apoyo familiar,Pública,{BAD}
Clara,Moyano,0,###CORRUPT###,Pública,282.27
Enrique Daniel Fernández,###CORRUPT###,0,Apoyo familiar,,401.98
Ernesto Felipe Díaz,Garzón,0,Apoyo familiar,Pública,427.19
Hugo Mireles,Toledo,0,Apoyo familiar,@@@,590.68
Mateo Joaquin Gomez,$$$,0,Trabajo,INVALID,202.3
Rosa Carolina,González,0,Apoyo familiar,[DAMAGED],375.85
Amelia Santana,Raya,0,Trabajo,Pública,307.0
Benjamin Diaz,Alvarez,0,Apoyo familiar,@@@,408.25
María,,1,Beca,Privada,374.15
Lidia de,Buendía,0,XXXXXXXXXXXXXXXXXXXXXXXXXXXXXXXXXXXXXXXXXXXX,Pública,249.24
Dulce,Leiva,0,Crédito educativo,Pública,286.82
723485,INVALID,1,###CORRUPT###,Privada,535.75
Juan Ignacio,Diaz,0,Apoyo familiar,Pública,314.86
Benjamin Sofia,Sanchez,1,Beca,Privada,324.24
Felix Serafín,,0,Trabajo,,338.61
Lic. Amador,Valdés,0,∞∞∞,Pública,271.17
Bautista,Olivera,0,Crédito educativo,Pública,270.63
Adriana Emilio Villagómez,Colón,0,Trabajo,Pública,289.68
INVALID,Tello,0,Apoyo familiar,Pública,463.16
Adriana Valencia,Rivera,0,Apoyo familiar,Pública,474.8
Cristian Mata,[DAMAGED],0,Trabajo,∞∞∞,285.88
Quique,Bartolomé,@@@,Trabajo,Pública,250.21
Dr. Abril,Chacón,0,Apoyo familiar,Pública,439.55
Ana,Benavides,,Crédito educativo,Pública,398.52
{BAD},INVALID,,,860785,
Marita Villalonga,Prieto,0,Apoyo familiar,Privada,550.08
Mateo Walter Córdoba,Castro,0,Apoyo familiar,Pública,274.01
Rosa María Tolosa,Duran,0,Apoyo familiar,Pública,452.65
Clara Ariño,Barreda,0,áéíóú ñ,Pública,444.64
[DAMAGED],Ramón,0,Trabajo,Pública,284.93
Marcela Cuesta,,0,Otro,XX,314.94
Micaela Borrell,Parejo,1,Crédito educativo,XXXXXXXXXXXXXXXXXXXXXXXXXXXXXXXXXXXXXXXXXXXXXXXXXXXXXXXXXXXXXXX,{BAD}
Catalina Pujol,Clavero,0,Apoyo familiar,Pública,###
$$$,Perez,0,Apoyo familiar,Pública,348.69
Montserrat Jiménez,<NULL>,0,Apoyo familiar,XX,300.56
Candelas Segarra,Jimenez,0,Apoyo familiar,###CORRUPT###,324.53
Noemí Quintanilla,###CORRUPT###,<NULL>,Apoyo familiar,XXXXXXXXXXXXXXXXXXXXXXXXXXXXXXXXXXXXXXXXXXXXXXXXXXXXXXXXXXXX,403.84
,,,,,
Maria Paz Joaquin Torres,Vega,1,Apoyo familiar,Privada,394.2
Laura Benjamín Vergara,Villagómez,0,<NULL>,Privada,520.5
Jorge González,Duque,0,Apoyo familiar,Pública,494.55
Thiago Agustin Juan Ignacio Coronel,Diaz,0,Trabajo,Pública,
Adriana Paola,Villa,$$$,Apoyo familiar,<NULL>,388.62
Valentina Romero,Gutierrez,0,Apoyo familiar,C0RRUPT3D,259.24
Ángel,Orozco,1,Beca,Privada,535.74
Yolanda María,Moreno,0,Apoyo familiar,Pública,272.19
@@@,Andrade,1,Beca,Privada,470.35
Marisol Tatiana,Valencia,[DAMAGED],Trabajo,Pública,241.58
Sr(a). Ciro,Ruiz,0,Trabajo,@@@,270.45
Sr(a). Felipe,Fernandez,1,Apoyo familiar,Privada,495.83
Andrea María,INVALID,0,Apoyo familiar,Pública,344.74
Patricia,Gutiérrez,0,Trabajo,Privada,241.21
Rolando Gómez,Sánchez,0,Apoyo familiar,Pública,C0RRUPT3D
Amelia Duque,Suárez,0,Apoyo familiar,Pública,478.65
Héctor Andrés Narváez,C0RRUPT3D,1,Beca,Privada,539.58
Mitzy Conchita Huerta,Gollum,0,Trabajo,Pública,229.31
∞∞∞,Amaya,1,INVALID,XXXXXXXXXXXXXXXXXXXXXXXXXXXXXXXXXXXXXXXXXXXXXXXXXXXXXXXXXXXXXXXXXXXXXXXXXXXXXXXXXXXXXXXXXXXXXXXXXXX,345.84
Ester,Falcón,0,Trabajo,Pública,INVALID
Jair,Parra,0,Apoyo familiar,Privada,487.61
Dr(a). Benjamin,,0,Otro,Pública,450.67
,,,,,
Sr(a). Bautista,Carrizo,-9999.0,Apoyo familiar,Pública,342.12
Sr(a). Martina,Toledo,0,Apoyo familiar,Pública,306.96
Prudencia Morcillo,,0,Apoyo familiar,Pública,422.99
Abril Irma de la,Torre,0,Apoyo familiar,Pública,391.39
,,,,∞∞∞,
###CORRUPT###,Puga,1,Beca,Privada,577.3
Santino,Muñoz,0,Apoyo familiar,Pública,334.72
∞∞∞,Cárdenas,0,Apoyo familiar,Pública,@@@
Hector Gil,Galván,INVALID,Trabajo,Pública,$$$
@@@,Carrión,0,Apoyo familiar,Pública,318.28
José Alejandro,Flórez,0,Apoyo familiar,Pública,378.46
Matias Gonzalez,Peralta,0,{BAD},Pública,∞∞∞
Frida María Cristina,Guajardo,0,Trabajo,Pública,204.6
Joaquin Valentino Diaz,Castro,1,Beca,,662.16
Leandra Irene Cañellas,Prieto,0,∞∞∞,Privada,478.57
,,,???,,
Óliver,Acosta,0,Apoyo familiar,Pública,333.14
Morena Modesta Mascaró,Cerdán,0,Apoyo familiar,Pública,428.42
Jeremias,Flores,0,Apoyo familiar,Pública,VAL8867
Marina,Figueroa,0,Apoyo familiar,Pública,425.81
Felicitas Antonio Ruiz,Mansilla,1,Apoyo familiar,Privada,485.18
Luz Sofía,Gómez,0,Apoyo familiar,Pública,443.08
Bianca Rosario Gonzalez,Alvarez,1,Trabajo,Privada,ERR
Eufemia Reig,Pinedo,0,Otro,Pública,281.21
Andrés Márquez,Hernández,0,Apoyo familiar,$$$,502.69
Alvaro Jaimes,$$$,0,Trabajo,Pública,195.79
INVALID,Alegre,0,Apoyo familiar,Pública,387.68
Ana Andrea,García,1,Apoyo familiar,Privada,664.52
Santino Fausto Vega,Castro,0,Apoyo familiar,Pública,$$$
Josefina Lisandro Navarro,∞∞∞,0,Apoyo familiar,Pública,{BAD}
Irene Cantero,Luque,0,Apoyo familiar,INVALID,267.93
Gala de,Peláez,0,Apoyo familiar,Pública,211.37
,,C0RRUPT3D,,,[DAMAGED]
Jeremias,Sosa,0,Trabajo,{BAD},334.59
Nicolas Benjamin Perez,Benitez,0,Apoyo familiar,{BAD},C0RRUPT3D
Carlos Wilfrido Lozano,,0,Apoyo familiar,XX,421.77
Lucho Gibert,Agullo,0,Apoyo familiar,<NULL>,414.65
Renata Ludmila Diaz,Romero,0,Trabajo,Pública,332.53
Ing. Adalberto,Rendón,1,Apoyo familiar,Privada,441.5
Luca,Suarez,0,Crédito educativo,Pública,325.3
Simon Lucas Benjamin Escobar,∞∞∞,1,110581,INVALID,397.97
Andrés Miguel,Arias,1,Beca,Privada,503.8
Pili Colomer,Montoya,VAL4673,###CORRUPT###,Pública,286.6
Mtro. José Emilio,Rubio,0,Otro,Privada,418.66
Mateo Valentin Mateo Diaz,Gimenez,0,Apoyo familiar,Privada,408.69
Wilfredo Cano,Uribe,0,∞∞∞,Pública,444.26
Irma Esparta Zarate,[DAMAGED],0,Apoyo familiar,$$$,344.69
Andrea Gloria,###,0,Trabajo,Pública,277.66
###,Bravo,,Apoyo familiar,Privada,524.51
ERR!!,Parra,0,Trabajo,Pública,252.32
Candelaria Ruiz,Aguirre,0,[DAMAGED],Pública,354.48
Claudio Aurelio Osorio,C0RRUPT3D,1,Apoyo familiar,Privada,460.47
Ana Sofía Murcia,Busquets,0,Crédito educativo,Pública,345.45
,,,,###CORRUPT###,
Mtro. Marisol,Ulibarri,0,Apoyo familiar,Pública,363.31
Leonel Jacobo Lozano,,0,Trabajo,Privada,258.03
Calixto Lluch,Solana,0,Apoyo familiar,Pública,328.6
@@@,Salvà,0,Apoyo familiar,Pública,343.21
Nahuel,Martinez,10000000000.0,Apoyo familiar,,379.94
áéíóú ñ,Olivárez,0,Trabajo,Pública,229.83
Lorenzo Godoy,Rivero,0,Trabajo,Pública,310.77
Luciana Mancebo,Frías,1,Beca,Privada,391.58
###CORRUPT###,Abascal,0,INVALID,Privada,519.07
Miguela Abril,Clavero,0,Trabajo,Pública,325.1
Lucas,Nájera,1,Beca,Privada,453.37
Valerio Barceló,Saldaña,0,Apoyo familiar,Pública,367.26
Omar Itzel,Ornelas,0,Apoyo familiar,Pública,C0RRUPT3D
Itzel Cortez,Sarabia,0,Apoyo familiar,Privada,567.21
Dominga Valenciano,Abella,1,Beca,Privada,395.72
Sr(a). Thiago,Quiroga,1,Otro,Privada,264.64
Cristian Edgar Fonseca,Mejía,1,Trabajo,Privada,233.04
Horacio Juan,Rendón,1,Beca,Privada,∞∞∞
Diego Amelia,Perea,1,Beca,Privada,364.65
Mia Jazmin Valentin,Lopez,0,Apoyo familiar,Pública,276.82
,,,XXXXXXXXXXXXXXXXXXXXXXXXXXXXXXXXXXXX,,
Francisco Bautista Sanchez,Garcia,0,@@@,Pública,262.27
Raimundo Vicente,Baena,0,Apoyo familiar,Pública,<NULL>
Juan Cruz Ciro,Muñoz,0,Crédito educativo,Pública,###CORRUPT###
Amaya,Escamilla-Clemente,0,Apoyo familiar,Pública,426.7
Sr(a). Paola,Garibay,$$$,Apoyo familiar,XX,605.2
Roberto Cantú,Luna,0,Trabajo,Pública,210.3
Lic. Augusto,Espinal,0,Apoyo familiar,Pública,0.0
Gerónimo Pedroza,Molina,0,Otro,Pública,409.02
Elias,Zamudio,1,Beca,Privada,459.86
Flavia Díez,Bautista,0,Apoyo familiar,∞∞∞,171.09
Bianca Garcia,Ruiz,0,Apoyo familiar,Pública,494.76
[DAMAGED],,,,,
Quirino Alberto,Castell,@@@,Apoyo familiar,Pública,299.91
Diego Joaquín,Palacios,,Apoyo familiar,Pública,293.04
Alberto Israel,Muñoz,0,Apoyo familiar,Privada,412.83
Cristian Marisol,Lira,0,Apoyo familiar,Pública,258.62
Patricio Minerva,Enríquez,1,Beca,Privada,[DAMAGED]
{BAD},Esparza,0,Crédito educativo,Pública,281.57
Bianca,Colón,0,C0RRUPT3D,XX,255.31
Genaro,Gomez,0,Apoyo familiar,Pública,344.18
ERR!!,Arias,0,Crédito educativo,Pública,342.19
Aurora,Henríquez,1,Apoyo familiar,Privada,506.56
Barbara Rufino de la,Fuente,0,Apoyo familiar,Pública,394.35
Sr(a). Agustín,Córdova,0,Trabajo,Pública,241.59
{BAD},Ulloa,0,C0RRUPT3D,Privada,208.04
Aureliano Peñalver,Cruz,1,@@@,Privada,200.04
Concepción Rocío Pedraza,Ramón,1,Beca,Privada,540.8
$$$,Gonzalez,###CORRUPT###,Otro,Pública,###CORRUPT###
Carmen García,González,0,Apoyo familiar,Pública,326.29
Dr. Alicia,XXXXXXXXXXXXXXXXXXXXXXXXXXXXXXXXXXXXXXXXXXXX,0,Otro,Pública,-9999.0
Mia,Perez,0,[DAMAGED],###CORRUPT###,
Amalia,Galindo,0,Otro,XX,472.88
Micaela Ignacio,Tamez,0,Otro,C0RRUPT3D,395.68
544908,Mosquera,0,Apoyo familiar,Pública,382.64
XXXXXXXXXXXXXXXXXXXXXXXXXXXXXXXXXXXXXXXXXXXXXXXXXXXXXXXXXXX,Oliva,0,Trabajo,Pública,146.11
César Pacheco,Arellano,0,412601,Pública,231.54
Julio,González,0,Crédito educativo,∞∞∞,256.1
Sr(a). Santino,Ramirez,1,$$$,Privada,545.65
Óscar,Ortiz,,Trabajo,Pública,301.58
Gracia Cazorla,Aguilera,1,Beca,@@@,0.0
Catalina Luna Leiva,[DAMAGED],∞∞∞,Apoyo familiar,Pública,480.86
Nelson Quiroz,Narváez,1,Crédito educativo,Privada,0.0
###CORRUPT###,Lopez,0,Apoyo familiar,Pública,260.35
Santino Benjamin Juan Cruz,Gonzalez,0,Apoyo familiar,Pública,408.74
,{BAD},,,XXXXXXXXXXXXXXXXXXXXXXXXXXXXXXXXXXXXXXXXXXXXXXXXXXXXXXXXXXXXXXXXXXXXXXXXXXXXXXXXXXXXXXXXXXXXXXXXXXXXXXXXXXXXXXXXX,
Beatriz Costa,Prieto,0,Trabajo,Pública,150.9
,,,???,,
###CORRUPT###,Mata,X,Otro,Pública,229.3
,,,,,
Lucia Gutierrez,Castro,0,Apoyo familiar,Pública,353.52
Horacio Julio Fuentes,Uribe,X,Apoyo familiar,Privada,522.68
Encarnacion,Valle,1,Beca,,432.48
Ángela Salamanca,Jerez,0,Apoyo familiar,C0RRUPT3D,324.81
Gregorio,Gutiérrez-Salom,1,Beca,XX,373.8
Mauricio Andrés González,Acosta,0,Trabajo,Pública,270.46
Mauro,Longoria,0,Apoyo familiar,Privada,510.51
Mora Sosa,∞∞∞,0,268051,Pública,334.29
Cecilia,Collazo,###CORRUPT###,Apoyo familiar,Pública,302.57
Lucas Escobar,Diaz,0,Crédito educativo,∞∞∞,244.33
Humberto Talavera,Nadal,0,Apoyo familiar,Privada,287.57
,,,,,VAL5895
Cristina Beatriz,Zapata,1,C0RRUPT3D,Privada,495.57
Mtro. Zoé,Dueñas,0,∞∞∞,Pública,240.33
Lourdes Barraza,Carreón,0,Apoyo familiar,Pública,258.18
,Higueras,0,Apoyo familiar,Pública,343.15
Fernanda Jessica Galvis,Contreras,0,Apoyo familiar,Pública,314.1
∞∞∞,Rosselló,0,Trabajo,INVALID,265.63
Mtro. Jacinto,Niño,0,<NULL>,Pública,242.11
Raquel de,León,0,Crédito educativo,Privada,313.97
∞∞∞,Leon,0,@@@,Pública,240.98
Lorena Zapata,Ruiz,$$$,Apoyo familiar,Pública,326.99
Fernando Carlos,C0RRUPT3D,0,Apoyo familiar,Privada,394.94
XXXXXXXXXXXXXXXXXXXXXXXXXXXXXXXXXXXXXXXXXXXXXXXXXXXXXXXXXXXXXXXXXXXXXXXXXXXXXXXXXXXXXXXXXXXXXXXXXXXXXXXXXXXXXXXX,Bueno,0,Apoyo familiar,Pública,318.86
Elizabeth Marcela Zambrano,Orozco,0,Apoyo familiar,Privada,485.03
,Rodriguez,0,Crédito educativo,Pública,328.48
,áéíóú ñ,,,,
Angelina Gonzalez,,0,Apoyo familiar,Pública,344.53
Armando Horacio Berríos,Segura,0,Trabajo,,217.65
Katherin Rojas,Ramírez,0,Crédito educativo,Pública,208.81
[DAMAGED],Rojas,0,???,Pública,232.15
@@@,Cerón,0,Apoyo familiar,Pública,[DAMAGED]
Uriel,Arrieta,0,Trabajo,Pública,268.61
Tomás Anglada,Blanes,0,Apoyo familiar,Pública,<NULL>
Fernando Hoyos,Córdoba,0,Apoyo familiar,Pública,297.74
Javier Marco Mercado,Giraldo,0,<NULL>,Pública,217.09
Luis David,Cuéllar,0,Apoyo familiar,Privada,589.27
Micaela Graciela Barragán,Lozano,INVALID,Otro,Pública,325.73
Hernán Dalia,Pineda,1,Apoyo familiar,Privada,631.69
Cornelio,Flores,@@@,∞∞∞,Pública,309.89
Petrona Fidela Terrón,Rubio,0,Otro,Pública,343.07
Luca Constanza Barrios,Castillo,1,Beca,[DAMAGED],538.47
∞∞∞,Ramírez,1,Crédito educativo,Privada,266.3
Jorge,@@@,0,Crédito educativo,Privada,318.7
Eugenio Llobet,,0,C0RRUPT3D,Pública,357.59
Malena Coronel,Gutierrez,$$$,Trabajo,###CORRUPT###,218.09
,,,,,
<NULL>,Gómez,0,Crédito educativo,[DAMAGED],239.1
,,,XXXXXXXXXXXXXXXXXXXXXXXXXXXXXXXXXXXXXXXXXXXXXXXXXXXXXXXXXXXXXXXXXXXXXXXXXXXXXXXXXXXXXXXXXXXXXXX,,
,,,,,
948358,Naranjo,<NULL>,Apoyo familiar,Pública,415.7
Nancy Pilar,,0,Apoyo familiar,Pública,436.21
José Luis Augusto,Marroquín,0,Apoyo familiar,Pública,202.98
Lic. Pilar,Razo,0,Otro,Pública,429.95
Amelia Espada,Sabater,1,Crédito educativo,Privada,130.02
Abril del,Valle,1,Trabajo,XXXXXXXXXXXXXXXXXXXXXXXXXXXXXXXXXXXXXXXXXXXXXXXXXXXXXXXXX,255.08
Sr(a). Natividad,Coronado,0,Apoyo familiar,Pública,445.53
,,,,,
Fabricio Arregui,Bonet,0,Apoyo familiar,Pública,269.19
Rosalia Delgadillo,Meza,0,[DAMAGED],Pública,∞∞∞
Francesca Josefina Garcia,Herrera,1,Otro,Privada,440.35
Jorge Luis Griego,Abrego,0,Apoyo familiar,Pública,{BAD}
Leandra,Sevillano,0,Apoyo familiar,Pública,368.22
Gerardo,Mejía,0,Trabajo,Pública,204.89
Milena,Gallego,1,Beca,Privada,382.68
,,,,,
Rodrigo Marín,Méndez,X,Apoyo familiar,Privada,650.34
Camilo Iván Martínez,Castro,1,Beca,Privada,348.63
Juliana Alcira,Leal,∞∞∞,Crédito educativo,Privada,208.18
Mireia,Manjón,1,Apoyo familiar,Privada,558.77
Francisco Thiago Leonel,Ramirez,###CORRUPT###,Trabajo,$$$,224.94
Dr. Benjamín,Valentín,0,Apoyo familiar,Pública,326.81
José Manuel Pons,Verdú,0,Trabajo,Pública,274.99
María Cristina,Gil,0,Crédito educativo,Pública,381.23
Malena Bautista,Maldonado,0,Apoyo familiar,Pública,382.91
@@@,,0,Apoyo familiar,Pública,∞∞∞
Concha Cazorla,Palmer,0,@@@,Privada,393.45
Lautaro Juan Pablo Pereyra,Coronel,0,Apoyo familiar,Privada,390.48
Cornelio Lucía Tamayo,Balderas,0,Trabajo,Pública,281.23
,###,,,,
Sofia,Juarez,0,Apoyo familiar,Pública,276.88
Sr(a). Omar,Altamirano,1,Trabajo,386063,303.2
Benicio Romero,Perez,0,Apoyo familiar,Pública,183.45
Fidel,Mesa,0,Apoyo familiar,Privada,721.02
Purificación,Donoso,0,Apoyo familiar,Pública,300.95
Sandra Trillo,###,1,Beca,C0RRUPT3D,522.58
Juan Carlos,Varela,0,Trabajo,Pública,∞∞∞
Paulino Romero,$$$,0,Trabajo,Pública,222.54
José Campoy,Cifuentes,0,650759,Pública,C0RRUPT3D
Lic. Raquel,Chapa,1,Beca,XX,430.54
Cecilia Martha,Luna,INVALID,Crédito educativo,Pública,{BAD}
Santiago Gómez,Andrade,0,Apoyo familiar,Privada,406.6
Juana Guillermina,Gimenez,0,,Pública,[DAMAGED]
Claudio José María,Vanegas,0,Apoyo familiar,Pública,289.99
Inés Susana,Vega,0,Apoyo familiar,Pública,398.01
,,C0RRUPT3D,,,-888.0
César Alonso Herrera,Garzón,0,Apoyo familiar,Pública,247.38
Teresa Cecilia,Rodríguez,0,Crédito educativo,Pública,354.39
[DAMAGED],Collado,0,Trabajo,Pública,157.1
Daniel,[DAMAGED],1,Trabajo,XX,
Aurelio Luján,Leon,0,Apoyo familiar,###,@@@
Giovanni,Castillo,1,584114,Privada,632.17
Nuria Grau,Mármol,X,Otro,Pública,399.11
{BAD},###CORRUPT###,0,Apoyo familiar,Pública,391.36
Lucía,Alvarez,[DAMAGED],Trabajo,@@@,239.82
Dr(a). Juliana,Gomez,0,664610,Pública,206.12
Fanny del,Guzmán,1,Apoyo familiar,Privada,483.38
Yéssica Fabra,Montoya,0,Crédito educativo,Pública,417.88
Thiago Ezequiel Moreno,Campos,0,Apoyo familiar,INVALID,312.02
Ricardo,Bohórquez,1,Beca,Privada,484.17
Gisela Bernat,Villegas,0,Trabajo,Pública,262.61
Corona Saez,Baeza,0,Apoyo familiar,,364.07
Francisco Santino Franco,Juarez,0,Apoyo familiar,Pública,364.91
Emilia,Dominguez,0,Apoyo familiar,Pública,420.7
Mtro. Eloisa,Carrero,0,Apoyo familiar,INVALID,443.84
Vanesa Ramón Mojica,Rico,0,{BAD},Pública,431.23
José María Mitzy Luna,Saucedo,0,Apoyo familiar,Pública,304.98
Paula López,Monroy,0,Apoyo familiar,Pública,283.66
Alba,<NULL>,0,Apoyo familiar,Pública,###CORRUPT###
Bernardino Quevedo,Agustín,0,Otro,Pública,409.13
Camilo Humberto Armendáriz,Cavazos,1,Trabajo,Privada,185.02
Julieta Francisco Diaz,Guzman,0,Otro,Pública,456.32
Sofía Jazmin,$$$,0,∞∞∞,Pública,VAL5371
Mateo César,Salazar,1,Trabajo,Privada,289.23
Ciríaco Abella,Cerdá,1,Beca,Privada,462.69
Camilo,Campos,0,Apoyo familiar,Pública,399.68
Paola,Pérez,0,Otro,Pública,320.81
Andrés Juan Vargas,Cano,0,Otro,Pública,<NULL>
Benito Cintrón,[DAMAGED],0,Apoyo familiar,Pública,388.83
Paulino Querol,$$$,0,Otro,Privada,482.78
Renzo Acuña,Carrizo,0,Apoyo familiar,###CORRUPT###,364.07
Ana Paula,Lopez,0,Trabajo,Pública,297.89
Alberto Stiven Romero,$$$,0,Apoyo familiar,{BAD},175.99
Thiago Ezequiel Dominguez,###CORRUPT###,1,Apoyo familiar,Privada,545.83
{BAD},Crespo,0,Otro,Pública,486.6
Gerardo,Vallejo,0,Apoyo familiar,Pública,279.87
Dr. Ramiro,Saldivar,0,Apoyo familiar,Pública,443.96
Juan Correa,Chacón,1,Beca,INVALID,297.02
{BAD},Alva,0,Apoyo familiar,Pública,375.53
Santiago Ruiz,Martinez,0,???,Pública,227.05
Manuel Heriberto Bravo,Blasco,0,Otro,Pública,226.77
∞∞∞,Hernández,0,Crédito educativo,Pública,0.0
Andrés Flavio,Muro,VAL9989,Apoyo familiar,Privada,
INVALID,Mendoza,0,XXXXXXXXXXXXXXXXXXXXXXXXXXXXXXXXXXXXXXXXXXXXXXXXXXXXXXXXXXXXXXXXXXXXXXXXXXXXXXXXXXXXXXXXXXXXXXXXXXXXXXXXXXXXXXXXXXXXXXX,Pública,
Marcela Sofía,Vera,0,Apoyo familiar,Pública,404.63
áéíóú ñ,Gutierrez,0,Trabajo,Pública,VAL8195
Maximo Sofia Belen Muñoz,###CORRUPT###,0,Apoyo familiar,Privada,662.33
,Gomez,@@@,Apoyo familiar,Pública,{BAD}
588867,Acosta,1,Beca,Privada,477.72
Carmelita Barroso,Sebastián,0,Apoyo familiar,INVALID,453.25
Cristóbal Amor,Revilla,0,Apoyo familiar,Pública,580.18
Alondra del,Pera,0,Apoyo familiar,Pública,375.77
Rafael Leal,Parada,0,Trabajo,∞∞∞,
Joel Pi,Mena,0,Crédito educativo,Pública,0.0
,,,,,
Jaime Jorge Viera,Toledo,0,Trabajo,Pública,162.29
José Amalia,Solorzano,1,,Privada,487.89
Leticia de,Pou,<NULL>,Crédito educativo,Pública,399.2
Silvano Teodoro,Roybal,0,Trabajo,C0RRUPT3D,327.47
Eva María Reyna Guzmán,Portillo,0,Apoyo familiar,Pública,349.86
Araceli José Emilio,Luna,0,ERR!!,Pública,385.96
Thiago Ramiro,Medina,1,Apoyo familiar,Privada,416.82
,,,???,{BAD},
Carmen Alma,Piña,0,Otro,Pública,429.46
Rolando Bayo,Mir,0,Apoyo familiar,884461,371.92
,,,,,
Gabriela,Llamas,0,Apoyo familiar,Pública,313.25
{BAD},Anguiano,0,Apoyo familiar,Pública,313.22
Ciriaco Boix,Estevez,0,[DAMAGED],Pública,288.44
Emperatriz,Moles,@@@,Beca,Privada,555.15
Agustin,INVALID,0,Apoyo familiar,Pública,485.86
Simon Olivera,INVALID,1,Apoyo familiar,Privada,692.66
Carlito Xavier Amigó,Camino,<NULL>,???,Privada,441.06
Dr(a). Josefina,Ferreyra,0,Apoyo familiar,Pública,362.01
,,,,,
Emilio Enrique Morales,Rodríguez,0,Apoyo familiar,Pública,289.88
Alexandra,Jaimes,X,Apoyo familiar,@@@,367.75
Isaías Pinzón,Silva,0,Trabajo,Pública,312.37
Joaquin Thiago Leonel Maldonado,Rojas,0,Apoyo familiar,Pública,281.45
Charo,Gimenez,@@@,Apoyo familiar,Pública,407.52
Eva,Julián-Izaguirre,0,Otro,Pública,350.58
Sr(a). Valentina,Sosa,0,Apoyo familiar,XX,385.53
Marcela Emilce,,{BAD},Beca,Privada,[DAMAGED]
Amado Polo,Ríos,0,Apoyo familiar,Pública,456.84
Ángela,Ordóñez,0,Trabajo,Pública,222.88
∞∞∞,Abad,0,Crédito educativo,Pública,351.84
@@@,Valenciano,0,Trabajo,Pública,276.94
<NULL>,Peralta,0,Apoyo familiar,XXXXXXXXXXXXXXXXXXXXXXXXXXXXXXXXXXXXXXXXXXXXXXXXXX,302.96
Nadia,Prado,0,Apoyo familiar,@@@,470.52
Thiago Gonzalez,Soria,1,Beca,Privada,402.5
Leonel Pons,Madrigal,0,Otro,Pública,233.78
Alfonso Costa,Melero,0,Apoyo familiar,Pública,379.95
Benito Carmen Reynoso,Elizondo,,Otro,Privada,282.36
Dr(a). Thiago Benjamin,Rios,0,Apoyo familiar,Pública,419.18
Delfina Carrizo,Herrera,1,Apoyo familiar,Privada,402.4
Santiago Joaquín,Gomez,$$$,Apoyo familiar,Pública,277.04
Sr(a). Isabel,Vega,0,Otro,Pública,VAL7754
Dr(a). Benjamin,Lopez,0,Trabajo,<NULL>,268.89
Gustavo,Olmos,0,Trabajo,Pública,257.67
Delfina Milagros,Gomez,@@@,Beca,Privada,514.82
,,INVALID,,,
Ciriaco,Alemany,0,Apoyo familiar,Pública,509.45
María Sánchez,C0RRUPT3D,1,Apoyo familiar,Privada,@@@
Augusto,Rodriguez,0,Apoyo familiar,INVALID,349.1
Lic. Laura,Cruz,0,XXXXXXXXXXXXXXXXXXXXXXXXXXXXXXXXXXXXXXXXXXXX,Pública,401.68
Dr(a). Benjamin,XXXXXXXXXXXXXXXXXXXXXXXXXXXXXXXXXXXXXXXXXXXXXXXXXXXXXXXXXXXXXXXXXX,0,Trabajo,INVALID,@@@
Amador Salvador,Torralba,1,Apoyo familiar,Privada,509.92
Florentina,Alegre,[DAMAGED],Apoyo familiar,Pública,0.0
Milena María,Rojas,0,,Pública,340.09
Liceth Elizabeth,Rivera,1,Beca,Privada,437.42
Kevin Jaime Escobar,Valencia,0,Apoyo familiar,Pública,{BAD}
Felipe Cabrera,XXXXXXXXXXXXXXXXXXXXXXXXXXXXXXXXXXXXXXXX,0,Apoyo familiar,Pública,316.29
Antonio Morena,@@@,0,{BAD},Privada,386.17
Elisabet Ariño,,0,Otro,Privada,295.41
Fabián,∞∞∞,1,Crédito educativo,,281.91
David Duván,Rengifo,1,Otro,Privada,306.7
Lic. Isabel,Munguía,0,Otro,Privada,493.99
∞∞∞,Romero,0,Trabajo,,164.76
Santino,Luna,0,Apoyo familiar,208485,$$$
